model,result_exp,partition,control,source_group,dataset,fold,seed,roc_auc,completion,evaluated_samples,split_samples,unique_samples,duplicate_samples,evaluation_coverage_ok,validation_best_epoch,validation_best_auc,valid_endpoints
p3_base_vanilla,p3_base_vanilla_n8aligned_evalfix,shared,dense_base,corrected_core,bbbp,1,42,0.9058033161806747,complete,203,203,203,0,True,15,0.9665570175438596,1
p3_base_vanilla,p3_base_vanilla_n8aligned_evalfix,shared,dense_base,corrected_core,bbbp,2,43,0.9711164493250972,complete,203,203,203,0,True,9,0.9756756756756757,1
p3_base_vanilla,p3_base_vanilla_n8aligned_evalfix,shared,dense_base,corrected_core,bbbp,3,44,0.9180737961225766,complete,203,203,203,0,True,32,0.9701886792452831,1
p3_base_vanilla,p3_base_vanilla_n8aligned_evalfix,shared,dense_base,corrected_core,bbbp,4,45,0.9348837209302326,complete,203,203,203,0,True,30,0.9561236623067776,1
p3_base_vanilla,p3_base_vanilla_n8aligned_evalfix,shared,dense_base,corrected_core,bbbp,5,46,0.958423455900024,complete,203,203,203,0,True,15,0.9393059855521156,1
p3_base_vanilla,p3_base_vanilla_n8aligned_evalfix,shared,dense_base,corrected_core,tox21,1,42,0.7928635194499245,complete,782,782,782,0,True,13,0.8262839653247229,12
p3_base_vanilla,p3_base_vanilla_n8aligned_evalfix,shared,dense_base,corrected_core,tox21,2,43,0.8288067051484097,complete,782,782,782,0,True,12,0.7686087741193831,12
p3_base_vanilla,p3_base_vanilla_n8aligned_evalfix,shared,dense_base,corrected_core,tox21,3,44,0.7931802496299395,complete,782,782,782,0,True,10,0.8216181160548973,12
p3_base_vanilla,p3_base_vanilla_n8aligned_evalfix,shared,dense_base,corrected_core,tox21,4,45,0.8392270281781742,complete,782,782,782,0,True,10,0.7976033972842574,12
p3_base_vanilla,p3_base_vanilla_n8aligned_evalfix,shared,dense_base,corrected_core,tox21,5,46,0.8220769123148877,complete,782,782,782,0,True,10,0.8374345970031292,12
p3_base_vanilla,p3_base_vanilla_n8aligned_evalfix,shared,dense_base,corrected_core,toxcast,1,42,0.6874833320357232,complete,857,857,857,0,True,46,0.7036628129681899,608
p3_base_vanilla,p3_base_vanilla_n8aligned_evalfix,shared,dense_base,corrected_core,toxcast,2,43,0.721716001802777,complete,857,857,857,0,True,30,0.7298545133602552,606
p3_base_vanilla,p3_base_vanilla_n8aligned_evalfix,shared,dense_base,corrected_core,toxcast,3,44,0.6824445908760216,complete,857,857,857,0,True,30,0.7139593774555989,610
p3_base_vanilla,p3_base_vanilla_n8aligned_evalfix,shared,dense_base,corrected_core,toxcast,4,45,0.7028263604487859,complete,857,857,857,0,True,44,0.7271600093620805,614
p3_base_vanilla,p3_base_vanilla_n8aligned_evalfix,shared,dense_base,corrected_core,toxcast,5,46,0.67255991440853,complete,857,857,857,0,True,31,0.7155264013545244,611
p3_base_vanilla,p3_base_vanilla_n8aligned_evalfix,shared,dense_base,corrected_core,sider,1,42,0.5753696920898784,complete,137,137,137,0,True,20,0.636687911424262,27
p3_base_vanilla,p3_base_vanilla_n8aligned_evalfix,shared,dense_base,corrected_core,sider,2,43,0.633951124848937,complete,137,137,137,0,True,11,0.6327702265711556,27
p3_base_vanilla,p3_base_vanilla_n8aligned_evalfix,shared,dense_base,corrected_core,sider,3,44,0.6456566991464526,complete,137,137,137,0,True,11,0.6485892315986497,27
p3_base_vanilla,p3_base_vanilla_n8aligned_evalfix,shared,dense_base,corrected_core,sider,4,45,0.6199400945234048,complete,137,137,137,0,True,8,0.6281514285130169,27
p3_base_vanilla,p3_base_vanilla_n8aligned_evalfix,shared,dense_base,corrected_core,sider,5,46,0.6196907767955586,complete,137,137,137,0,True,29,0.6591426267678563,27
p3_base_vanilla,p3_base_vanilla_n8aligned_evalfix,shared,dense_base,corrected_core,clintox,1,42,0.8536425983436854,complete,146,146,146,0,True,19,0.8681363641595379,2
p3_base_vanilla,p3_base_vanilla_n8aligned_evalfix,shared,dense_base,corrected_core,clintox,2,43,0.9285880785880787,complete,146,146,146,0,True,30,0.9075751651025374,2
p3_base_vanilla,p3_base_vanilla_n8aligned_evalfix,shared,dense_base,corrected_core,clintox,3,44,0.829154071124874,complete,146,146,146,0,True,59,0.8285752070612418,2
p3_base_vanilla,p3_base_vanilla_n8aligned_evalfix,shared,dense_base,corrected_core,clintox,4,45,0.7904333163563328,complete,146,146,146,0,True,26,0.9836478107777098,2
p3_base_vanilla,p3_base_vanilla_n8aligned_evalfix,shared,dense_base,corrected_core,clintox,5,46,0.8068810448971687,complete,146,146,146,0,True,143,0.9716299903799904,2
p3_base_vanilla,p3_base_vanilla_n8aligned_evalfix,shared,dense_base,corrected_core,bace,1,42,0.8729232944503359,complete,151,151,151,0,True,25,0.9384669479606189,1
p3_base_vanilla,p3_base_vanilla_n8aligned_evalfix,shared,dense_base,corrected_core,bace,2,43,0.8865406006674083,complete,151,151,151,0,True,38,0.9326956826956827,1
p3_base_vanilla,p3_base_vanilla_n8aligned_evalfix,shared,dense_base,corrected_core,bace,3,44,0.9163157894736842,complete,151,151,151,0,True,15,0.9022893772893773,1
p3_base_vanilla,p3_base_vanilla_n8aligned_evalfix,shared,dense_base,corrected_core,bace,4,45,0.8452780888391191,complete,151,151,151,0,True,6,0.9000538793103448,1
p3_base_vanilla,p3_base_vanilla_n8aligned_evalfix,shared,dense_base,corrected_core,bace,5,46,0.9305854885057472,complete,151,151,151,0,True,26,0.9389064697609002,1
p3_base_vanilla,p3_base_vanilla_n8aligned_evalfix,shared,dense_base,corrected_core,hiv,1,42,0.788983903420523,complete,4112,4112,4112,0,True,25,0.818706049042532,1
p3_base_vanilla,p3_base_vanilla_n8aligned_evalfix,shared,dense_base,corrected_core,hiv,2,43,0.8381598578800212,complete,4112,4112,4112,0,True,58,0.8198554987702604,1
p3_base_vanilla,p3_base_vanilla_n8aligned_evalfix,shared,dense_base,corrected_core,hiv,3,44,0.7779514301254653,complete,4112,4112,4112,0,True,7,0.8501634197184548,1
p3_base_vanilla,p3_base_vanilla_n8aligned_evalfix,shared,dense_base,corrected_core,hiv,4,45,0.8335202783651299,complete,4112,4112,4112,0,True,31,0.8347575449304849,1
p3_base_vanilla,p3_base_vanilla_n8aligned_evalfix,shared,dense_base,corrected_core,hiv,5,46,0.778392521375102,complete,4112,4112,4112,0,True,16,0.7974441003236918,1
p3_base_vanilla,p3_base_vanilla_n8aligned_evalfix,shared,dense_base,corrected_core,muv,1,42,0.7936011735983062,complete,9308,9308,9308,0,True,12,0.789148873336788,16
p3_base_vanilla,p3_base_vanilla_n8aligned_evalfix,shared,dense_base,corrected_core,muv,2,43,0.7851856855677112,complete,9308,9308,9308,0,True,15,0.8371323487931486,17
p3_base_vanilla,p3_base_vanilla_n8aligned_evalfix,shared,dense_base,corrected_core,muv,3,44,0.7808405940308512,complete,9308,9308,9308,0,True,24,0.8395758995534367,16
p3_base_vanilla,p3_base_vanilla_n8aligned_evalfix,shared,dense_base,corrected_core,muv,4,45,0.8421785216342419,complete,9308,9308,9308,0,True,12,0.7595728007608102,17
p3_base_vanilla,p3_base_vanilla_n8aligned_evalfix,shared,dense_base,corrected_core,muv,5,46,0.7511345471696413,complete,9308,9308,9308,0,True,15,0.7636408728549069,17
p3_tpsa_mofe_last_ffn,p3_tpsa_mofe_last_ffn_n8aligned_evalfix,tpsa,fixed_assignment,corrected_core,bbbp,1,42,0.9343910806174958,complete,203,203,203,0,True,5,0.9358552631578947,1
p3_tpsa_mofe_last_ffn,p3_tpsa_mofe_last_ffn_n8aligned_evalfix,tpsa,fixed_assignment,corrected_core,bbbp,2,43,0.9702013269274765,complete,203,203,203,0,True,24,0.9774774774774775,1
p3_tpsa_mofe_last_ffn,p3_tpsa_mofe_last_ffn_n8aligned_evalfix,tpsa,fixed_assignment,corrected_core,bbbp,3,44,0.9491869918699187,complete,203,203,203,0,True,19,0.969559748427673,1
p3_tpsa_mofe_last_ffn,p3_tpsa_mofe_last_ffn_n8aligned_evalfix,tpsa,fixed_assignment,corrected_core,bbbp,4,45,0.9204941860465117,complete,203,203,203,0,True,23,0.9293697978596908,1
p3_tpsa_mofe_last_ffn,p3_tpsa_mofe_last_ffn_n8aligned_evalfix,tpsa,fixed_assignment,corrected_core,bbbp,5,46,0.961547704878635,complete,203,203,203,0,True,12,0.9340170278637772,1
p3_tpsa_mofe_last_ffn,p3_tpsa_mofe_last_ffn_n8aligned_evalfix,tpsa,fixed_assignment,corrected_core,tox21,1,42,0.7835584100809317,complete,782,782,782,0,True,11,0.81760100146369,12
p3_tpsa_mofe_last_ffn,p3_tpsa_mofe_last_ffn_n8aligned_evalfix,tpsa,fixed_assignment,corrected_core,tox21,2,43,0.8270818971522661,complete,782,782,782,0,True,17,0.7668509868551947,12
p3_tpsa_mofe_last_ffn,p3_tpsa_mofe_last_ffn_n8aligned_evalfix,tpsa,fixed_assignment,corrected_core,tox21,3,44,0.7960266613567035,complete,782,782,782,0,True,12,0.8147028179086965,12
p3_tpsa_mofe_last_ffn,p3_tpsa_mofe_last_ffn_n8aligned_evalfix,tpsa,fixed_assignment,corrected_core,tox21,4,45,0.8239133166302336,complete,782,782,782,0,True,28,0.8049654789933293,12
p3_tpsa_mofe_last_ffn,p3_tpsa_mofe_last_ffn_n8aligned_evalfix,tpsa,fixed_assignment,corrected_core,tox21,5,46,0.796230344463126,complete,782,782,782,0,True,9,0.8295230186599166,12
p3_tpsa_mofe_last_ffn,p3_tpsa_mofe_last_ffn_n8aligned_evalfix,tpsa,fixed_assignment,corrected_core,toxcast,1,42,0.7219358888286272,complete,857,857,857,0,True,36,0.7037343136042334,608
p3_tpsa_mofe_last_ffn,p3_tpsa_mofe_last_ffn_n8aligned_evalfix,tpsa,fixed_assignment,corrected_core,toxcast,2,43,0.7118689537455347,complete,857,857,857,0,True,33,0.7333549392026499,606
p3_tpsa_mofe_last_ffn,p3_tpsa_mofe_last_ffn_n8aligned_evalfix,tpsa,fixed_assignment,corrected_core,toxcast,3,44,0.6791226420744555,complete,857,857,857,0,True,34,0.7104289233385986,610
p3_tpsa_mofe_last_ffn,p3_tpsa_mofe_last_ffn_n8aligned_evalfix,tpsa,fixed_assignment,corrected_core,toxcast,4,45,0.7002495685036262,complete,857,857,857,0,True,28,0.7209446816376952,614
p3_tpsa_mofe_last_ffn,p3_tpsa_mofe_last_ffn_n8aligned_evalfix,tpsa,fixed_assignment,corrected_core,toxcast,5,46,0.6791909659356892,complete,857,857,857,0,True,38,0.6974034176562156,611
p3_tpsa_mofe_last_ffn,p3_tpsa_mofe_last_ffn_n8aligned_evalfix,tpsa,fixed_assignment,corrected_core,sider,1,42,0.6079836669378863,complete,137,137,137,0,True,30,0.6272715847937353,27
p3_tpsa_mofe_last_ffn,p3_tpsa_mofe_last_ffn_n8aligned_evalfix,tpsa,fixed_assignment,corrected_core,sider,2,43,0.6509138227185042,complete,137,137,137,0,True,21,0.6387109539231802,27
p3_tpsa_mofe_last_ffn,p3_tpsa_mofe_last_ffn_n8aligned_evalfix,tpsa,fixed_assignment,corrected_core,sider,3,44,0.6374640863331593,complete,137,137,137,0,True,11,0.6294892839775267,27
p3_tpsa_mofe_last_ffn,p3_tpsa_mofe_last_ffn_n8aligned_evalfix,tpsa,fixed_assignment,corrected_core,sider,4,45,0.6114915956964685,complete,137,137,137,0,True,16,0.6265482479930377,27
p3_tpsa_mofe_last_ffn,p3_tpsa_mofe_last_ffn_n8aligned_evalfix,tpsa,fixed_assignment,corrected_core,sider,5,46,0.6005876283383897,complete,137,137,137,0,True,17,0.6405457456231445,27
p3_tpsa_mofe_last_ffn,p3_tpsa_mofe_last_ffn_n8aligned_evalfix,tpsa,fixed_assignment,corrected_core,clintox,1,42,0.7150427018633541,complete,146,146,146,0,True,23,0.836792756863456,2
p3_tpsa_mofe_last_ffn,p3_tpsa_mofe_last_ffn_n8aligned_evalfix,tpsa,fixed_assignment,corrected_core,clintox,2,43,0.9040938228438228,complete,146,146,146,0,True,16,0.8776047097671185,2
p3_tpsa_mofe_last_ffn,p3_tpsa_mofe_last_ffn_n8aligned_evalfix,tpsa,fixed_assignment,corrected_core,clintox,3,44,0.7974452554744526,complete,146,146,146,0,True,29,0.8289012907321203,2
p3_tpsa_mofe_last_ffn,p3_tpsa_mofe_last_ffn_n8aligned_evalfix,tpsa,fixed_assignment,corrected_core,clintox,4,45,0.8536273231874174,complete,146,146,146,0,True,22,0.9708932945499081,2
p3_tpsa_mofe_last_ffn,p3_tpsa_mofe_last_ffn_n8aligned_evalfix,tpsa,fixed_assignment,corrected_core,clintox,5,46,0.8178238975439106,complete,146,146,146,0,True,14,0.9439724627224627,2
p3_tpsa_mofe_last_ffn,p3_tpsa_mofe_last_ffn_n8aligned_evalfix,tpsa,fixed_assignment,corrected_core,bace,1,42,0.8600212089077413,complete,151,151,151,0,True,42,0.9389943741209564,1
p3_tpsa_mofe_last_ffn,p3_tpsa_mofe_last_ffn_n8aligned_evalfix,tpsa,fixed_assignment,corrected_core,bace,2,43,0.8720800889877641,complete,151,151,151,0,True,55,0.8961916461916462,1
p3_tpsa_mofe_last_ffn,p3_tpsa_mofe_last_ffn_n8aligned_evalfix,tpsa,fixed_assignment,corrected_core,bace,3,44,0.8985964912280702,complete,151,151,151,0,True,20,0.8964285714285715,1
p3_tpsa_mofe_last_ffn,p3_tpsa_mofe_last_ffn_n8aligned_evalfix,tpsa,fixed_assignment,corrected_core,bace,4,45,0.8447181784247854,complete,151,151,151,0,True,33,0.9045438218390804,1
p3_tpsa_mofe_last_ffn,p3_tpsa_mofe_last_ffn_n8aligned_evalfix,tpsa,fixed_assignment,corrected_core,bace,5,46,0.9052622126436782,complete,151,151,151,0,True,20,0.9438291139240507,1
p3_tpsa_mofe_last_ffn,p3_tpsa_mofe_last_ffn_n8aligned_evalfix,tpsa,fixed_assignment,corrected_core,hiv,1,42,0.7748679577464788,complete,4112,4112,4112,0,True,9,0.8336656728353746,1
p3_tpsa_mofe_last_ffn,p3_tpsa_mofe_last_ffn_n8aligned_evalfix,tpsa,fixed_assignment,corrected_core,hiv,2,43,0.8323891973913058,complete,4112,4112,4112,0,True,19,0.8199910713796634,1
p3_tpsa_mofe_last_ffn,p3_tpsa_mofe_last_ffn_n8aligned_evalfix,tpsa,fixed_assignment,corrected_core,hiv,3,44,0.7623901808967113,complete,4112,4112,4112,0,True,5,0.8451209992193598,1
p3_tpsa_mofe_last_ffn,p3_tpsa_mofe_last_ffn_n8aligned_evalfix,tpsa,fixed_assignment,corrected_core,hiv,4,45,0.7728482626840215,complete,4112,4112,4112,0,True,41,0.8354639990957388,1
p3_tpsa_mofe_last_ffn,p3_tpsa_mofe_last_ffn_n8aligned_evalfix,tpsa,fixed_assignment,corrected_core,hiv,5,46,0.7547184872458936,complete,4112,4112,4112,0,True,49,0.8043865632918689,1
p3_tpsa_mofe_last_ffn,p3_tpsa_mofe_last_ffn_n8aligned_evalfix,tpsa,fixed_assignment,corrected_core,muv,1,42,0.7121511449027538,complete,9308,9308,9308,0,True,13,0.7836663692858694,16
p3_tpsa_mofe_last_ffn,p3_tpsa_mofe_last_ffn_n8aligned_evalfix,tpsa,fixed_assignment,corrected_core,muv,2,43,0.759848102579532,complete,9308,9308,9308,0,True,14,0.805356505634957,17
p3_tpsa_mofe_last_ffn,p3_tpsa_mofe_last_ffn_n8aligned_evalfix,tpsa,fixed_assignment,corrected_core,muv,3,44,0.6828937603740144,complete,9308,9308,9308,0,True,24,0.8162073512436465,16
p3_tpsa_mofe_last_ffn,p3_tpsa_mofe_last_ffn_n8aligned_evalfix,tpsa,fixed_assignment,corrected_core,muv,4,45,0.7539498815181515,complete,9308,9308,9308,0,True,35,0.755010594125571,17
p3_tpsa_mofe_last_ffn,p3_tpsa_mofe_last_ffn_n8aligned_evalfix,tpsa,fixed_assignment,corrected_core,muv,5,46,0.7472320524370619,complete,9308,9308,9308,0,True,35,0.761475764963558,17
p3_logp_mofe_last_ffn,p3_logp_mofe_last_ffn_n8aligned_evalfix,logp,fixed_assignment,corrected_core,bbbp,1,42,0.9100914808461978,complete,203,203,203,0,True,28,0.9744152046783625,1
p3_logp_mofe_last_ffn,p3_logp_mofe_last_ffn_n8aligned_evalfix,logp,fixed_assignment,corrected_core,bbbp,2,43,0.9412605811027226,complete,203,203,203,0,True,21,0.9834834834834835,1
p3_logp_mofe_last_ffn,p3_logp_mofe_last_ffn_n8aligned_evalfix,logp,fixed_assignment,corrected_core,bbbp,3,44,0.9221388367729831,complete,203,203,203,0,True,29,0.9671698113207546,1
p3_logp_mofe_last_ffn,p3_logp_mofe_last_ffn_n8aligned_evalfix,logp,fixed_assignment,corrected_core,bbbp,4,45,0.959593023255814,complete,203,203,203,0,True,26,0.9386444708680142,1
p3_logp_mofe_last_ffn,p3_logp_mofe_last_ffn_n8aligned_evalfix,logp,fixed_assignment,corrected_core,bbbp,5,46,0.9610670511896179,complete,203,203,203,0,True,15,0.9375000000000001,1
p3_logp_mofe_last_ffn,p3_logp_mofe_last_ffn_n8aligned_evalfix,logp,fixed_assignment,corrected_core,tox21,1,42,0.7906921509074909,complete,782,782,782,0,True,10,0.8194221369648437,12
p3_logp_mofe_last_ffn,p3_logp_mofe_last_ffn_n8aligned_evalfix,logp,fixed_assignment,corrected_core,tox21,2,43,0.8137331208872114,complete,782,782,782,0,True,10,0.7620354813330791,12
p3_logp_mofe_last_ffn,p3_logp_mofe_last_ffn_n8aligned_evalfix,logp,fixed_assignment,corrected_core,tox21,3,44,0.7806623076948843,complete,782,782,782,0,True,12,0.8222839366696384,12
p3_logp_mofe_last_ffn,p3_logp_mofe_last_ffn_n8aligned_evalfix,logp,fixed_assignment,corrected_core,tox21,4,45,0.8279293443153692,complete,782,782,782,0,True,12,0.7983403023420008,12
p3_logp_mofe_last_ffn,p3_logp_mofe_last_ffn_n8aligned_evalfix,logp,fixed_assignment,corrected_core,tox21,5,46,0.7880231645880659,complete,782,782,782,0,True,10,0.8372311211548387,12
p3_logp_mofe_last_ffn,p3_logp_mofe_last_ffn_n8aligned_evalfix,logp,fixed_assignment,corrected_core,toxcast,1,42,0.7097582711726999,complete,857,857,857,0,True,31,0.7015294421393394,608
p3_logp_mofe_last_ffn,p3_logp_mofe_last_ffn_n8aligned_evalfix,logp,fixed_assignment,corrected_core,toxcast,2,43,0.7042604228557818,complete,857,857,857,0,True,33,0.7368756267408773,606
p3_logp_mofe_last_ffn,p3_logp_mofe_last_ffn_n8aligned_evalfix,logp,fixed_assignment,corrected_core,toxcast,3,44,0.6762743527561479,complete,857,857,857,0,True,26,0.7176141840117907,610
p3_logp_mofe_last_ffn,p3_logp_mofe_last_ffn_n8aligned_evalfix,logp,fixed_assignment,corrected_core,toxcast,4,45,0.7083577798985802,complete,857,857,857,0,True,34,0.7214903026609538,614
p3_logp_mofe_last_ffn,p3_logp_mofe_last_ffn_n8aligned_evalfix,logp,fixed_assignment,corrected_core,toxcast,5,46,0.6782076950647046,complete,857,857,857,0,True,35,0.695514015447209,611
p3_logp_mofe_last_ffn,p3_logp_mofe_last_ffn_n8aligned_evalfix,logp,fixed_assignment,corrected_core,sider,1,42,0.6002483259327612,complete,137,137,137,0,True,37,0.6548490097595626,27
p3_logp_mofe_last_ffn,p3_logp_mofe_last_ffn_n8aligned_evalfix,logp,fixed_assignment,corrected_core,sider,2,43,0.6315012293322453,complete,137,137,137,0,True,8,0.6405917905568846,27
p3_logp_mofe_last_ffn,p3_logp_mofe_last_ffn_n8aligned_evalfix,logp,fixed_assignment,corrected_core,sider,3,44,0.6474011136484117,complete,137,137,137,0,True,11,0.6368483152716818,27
p3_logp_mofe_last_ffn,p3_logp_mofe_last_ffn_n8aligned_evalfix,logp,fixed_assignment,corrected_core,sider,4,45,0.630131171530572,complete,137,137,137,0,True,13,0.6338611049789504,27
p3_logp_mofe_last_ffn,p3_logp_mofe_last_ffn_n8aligned_evalfix,logp,fixed_assignment,corrected_core,sider,5,46,0.6153665491805618,complete,137,137,137,0,True,16,0.6466999568553516,27
p3_logp_mofe_last_ffn,p3_logp_mofe_last_ffn_n8aligned_evalfix,logp,fixed_assignment,corrected_core,clintox,1,42,0.8212150621118013,complete,146,146,146,0,True,39,0.8479060380572557,2
p3_logp_mofe_last_ffn,p3_logp_mofe_last_ffn_n8aligned_evalfix,logp,fixed_assignment,corrected_core,clintox,2,43,0.8616227522477522,complete,146,146,146,0,True,16,0.8416891148186769,2
p3_logp_mofe_last_ffn,p3_logp_mofe_last_ffn_n8aligned_evalfix,logp,fixed_assignment,corrected_core,clintox,3,44,0.8853658236869916,complete,146,146,146,0,True,18,0.8199938788465027,2
p3_logp_mofe_last_ffn,p3_logp_mofe_last_ffn_n8aligned_evalfix,logp,fixed_assignment,corrected_core,clintox,4,45,0.8814852501517859,complete,146,146,146,0,True,27,0.9946417636252296,2
p3_logp_mofe_last_ffn,p3_logp_mofe_last_ffn_n8aligned_evalfix,logp,fixed_assignment,corrected_core,clintox,5,46,0.9010467734321096,complete,146,146,146,0,True,47,0.9617815055315055,2
p3_logp_mofe_last_ffn,p3_logp_mofe_last_ffn_n8aligned_evalfix,logp,fixed_assignment,corrected_core,bace,1,42,0.8427006009190526,complete,151,151,151,0,True,11,0.8978551336146273,1
p3_logp_mofe_last_ffn,p3_logp_mofe_last_ffn_n8aligned_evalfix,logp,fixed_assignment,corrected_core,bace,2,43,0.8477938450129773,complete,151,151,151,0,True,13,0.9009301509301509,1
p3_logp_mofe_last_ffn,p3_logp_mofe_last_ffn_n8aligned_evalfix,logp,fixed_assignment,corrected_core,bace,3,44,0.9145614035087719,complete,151,151,151,0,True,11,0.9097069597069597,1
p3_logp_mofe_last_ffn,p3_logp_mofe_last_ffn_n8aligned_evalfix,logp,fixed_assignment,corrected_core,bace,4,45,0.8678611422172452,complete,151,151,151,0,True,34,0.9083153735632183,1
p3_logp_mofe_last_ffn,p3_logp_mofe_last_ffn_n8aligned_evalfix,logp,fixed_assignment,corrected_core,bace,5,46,0.8817349137931034,complete,151,151,151,0,True,13,0.9320499296765119,1
p3_logp_mofe_last_ffn,p3_logp_mofe_last_ffn_n8aligned_evalfix,logp,fixed_assignment,corrected_core,hiv,1,42,0.7257774588708723,complete,4112,4112,4112,0,True,8,0.8093669323644203,1
p3_logp_mofe_last_ffn,p3_logp_mofe_last_ffn_n8aligned_evalfix,logp,fixed_assignment,corrected_core,hiv,2,43,0.8577005082245672,complete,4112,4112,4112,0,True,14,0.8008657475117631,1
p3_logp_mofe_last_ffn,p3_logp_mofe_last_ffn_n8aligned_evalfix,logp,fixed_assignment,corrected_core,hiv,3,44,0.8094168607372199,complete,4112,4112,4112,0,True,7,0.8580916351408154,1
p3_logp_mofe_last_ffn,p3_logp_mofe_last_ffn_n8aligned_evalfix,logp,fixed_assignment,corrected_core,hiv,4,45,0.7461668313373968,complete,4112,4112,4112,0,True,10,0.8359811235447043,1
p3_logp_mofe_last_ffn,p3_logp_mofe_last_ffn_n8aligned_evalfix,logp,fixed_assignment,corrected_core,hiv,5,46,0.7488505339340832,complete,4112,4112,4112,0,True,16,0.7950820756339202,1
p3_logp_mofe_last_ffn,p3_logp_mofe_last_ffn_n8aligned_evalfix,logp,fixed_assignment,corrected_core,muv,1,42,0.6979751581001701,complete,9308,9308,9308,0,True,9,0.8011800408095975,16
p3_logp_mofe_last_ffn,p3_logp_mofe_last_ffn_n8aligned_evalfix,logp,fixed_assignment,corrected_core,muv,2,43,0.7591700091251522,complete,9308,9308,9308,0,True,22,0.8137689904884802,17
p3_logp_mofe_last_ffn,p3_logp_mofe_last_ffn_n8aligned_evalfix,logp,fixed_assignment,corrected_core,muv,3,44,0.774173922994232,complete,9308,9308,9308,0,True,42,0.8073300033291608,16
p3_logp_mofe_last_ffn,p3_logp_mofe_last_ffn_n8aligned_evalfix,logp,fixed_assignment,corrected_core,muv,4,45,0.7268194787156746,complete,9308,9308,9308,0,True,14,0.7691660089327225,17
p3_logp_mofe_last_ffn,p3_logp_mofe_last_ffn_n8aligned_evalfix,logp,fixed_assignment,corrected_core,muv,5,46,0.690641904686728,complete,9308,9308,9308,0,True,12,0.7823935669964422,17
p3_tpsa_mofe_last_ffn_conloss,p3_tpsa_mofe_last_ffn_conloss_n8aligned_evalfix,tpsa,fixed_assignment_conloss,corrected_core,bbbp,1,42,0.9172384219554031,complete,203,203,203,0,True,10,0.9429824561403508,1
p3_tpsa_mofe_last_ffn_conloss,p3_tpsa_mofe_last_ffn_conloss_n8aligned_evalfix,tpsa,fixed_assignment_conloss,corrected_core,bbbp,2,43,0.9677991306337222,complete,203,203,203,0,True,4,0.9726726726726727,1
p3_tpsa_mofe_last_ffn_conloss,p3_tpsa_mofe_last_ffn_conloss_n8aligned_evalfix,tpsa,fixed_assignment_conloss,corrected_core,bbbp,3,44,0.8957160725453408,complete,203,203,203,0,True,31,0.9656603773584906,1
p3_tpsa_mofe_last_ffn_conloss,p3_tpsa_mofe_last_ffn_conloss_n8aligned_evalfix,tpsa,fixed_assignment_conloss,corrected_core,bbbp,4,45,0.9380813953488373,complete,203,203,203,0,True,27,0.938525564803805,1
p3_tpsa_mofe_last_ffn_conloss,p3_tpsa_mofe_last_ffn_conloss_n8aligned_evalfix,tpsa,fixed_assignment_conloss,corrected_core,bbbp,5,46,0.9559000240326846,complete,203,203,203,0,True,8,0.927438080495356,1
p3_tpsa_mofe_last_ffn_conloss,p3_tpsa_mofe_last_ffn_conloss_n8aligned_evalfix,tpsa,fixed_assignment_conloss,corrected_core,tox21,1,42,0.8006998735273892,complete,782,782,782,0,True,11,0.8188280004927274,12
p3_tpsa_mofe_last_ffn_conloss,p3_tpsa_mofe_last_ffn_conloss_n8aligned_evalfix,tpsa,fixed_assignment_conloss,corrected_core,tox21,2,43,0.8227776923742359,complete,782,782,782,0,True,11,0.7678711075057864,12
p3_tpsa_mofe_last_ffn_conloss,p3_tpsa_mofe_last_ffn_conloss_n8aligned_evalfix,tpsa,fixed_assignment_conloss,corrected_core,tox21,3,44,0.7913703689917658,complete,782,782,782,0,True,11,0.8134094189858102,12
p3_tpsa_mofe_last_ffn_conloss,p3_tpsa_mofe_last_ffn_conloss_n8aligned_evalfix,tpsa,fixed_assignment_conloss,corrected_core,tox21,4,45,0.826459745773592,complete,782,782,782,0,True,13,0.7951096795729421,12
p3_tpsa_mofe_last_ffn_conloss,p3_tpsa_mofe_last_ffn_conloss_n8aligned_evalfix,tpsa,fixed_assignment_conloss,corrected_core,tox21,5,46,0.8158222979118789,complete,782,782,782,0,True,9,0.8365304346153651,12
p3_tpsa_mofe_last_ffn_conloss,p3_tpsa_mofe_last_ffn_conloss_n8aligned_evalfix,tpsa,fixed_assignment_conloss,corrected_core,toxcast,1,42,0.7078852605381395,complete,857,857,857,0,True,34,0.6978565396184199,608
p3_tpsa_mofe_last_ffn_conloss,p3_tpsa_mofe_last_ffn_conloss_n8aligned_evalfix,tpsa,fixed_assignment_conloss,corrected_core,toxcast,2,43,0.7022944948872599,complete,857,857,857,0,True,38,0.7261617183226114,606
p3_tpsa_mofe_last_ffn_conloss,p3_tpsa_mofe_last_ffn_conloss_n8aligned_evalfix,tpsa,fixed_assignment_conloss,corrected_core,toxcast,3,44,0.6800706867520663,complete,857,857,857,0,True,29,0.7210085354594643,610
p3_tpsa_mofe_last_ffn_conloss,p3_tpsa_mofe_last_ffn_conloss_n8aligned_evalfix,tpsa,fixed_assignment_conloss,corrected_core,toxcast,4,45,0.6891396370008406,complete,857,857,857,0,True,33,0.72343458453995,614
p3_tpsa_mofe_last_ffn_conloss,p3_tpsa_mofe_last_ffn_conloss_n8aligned_evalfix,tpsa,fixed_assignment_conloss,corrected_core,toxcast,5,46,0.6810410961326387,complete,857,857,857,0,True,33,0.7075798484000744,611
p3_tpsa_mofe_last_ffn_conloss,p3_tpsa_mofe_last_ffn_conloss_n8aligned_evalfix,tpsa,fixed_assignment_conloss,corrected_core,sider,1,42,0.5929396989581657,complete,137,137,137,0,True,14,0.6086509183893101,27
p3_tpsa_mofe_last_ffn_conloss,p3_tpsa_mofe_last_ffn_conloss_n8aligned_evalfix,tpsa,fixed_assignment_conloss,corrected_core,sider,2,43,0.6366527726728519,complete,137,137,137,0,True,8,0.6275995622324098,27
p3_tpsa_mofe_last_ffn_conloss,p3_tpsa_mofe_last_ffn_conloss_n8aligned_evalfix,tpsa,fixed_assignment_conloss,corrected_core,sider,3,44,0.6631064373488881,complete,137,137,137,0,True,11,0.6673759784538424,27
p3_tpsa_mofe_last_ffn_conloss,p3_tpsa_mofe_last_ffn_conloss_n8aligned_evalfix,tpsa,fixed_assignment_conloss,corrected_core,sider,4,45,0.6437758772913057,complete,137,137,137,0,True,34,0.6367805027859227,27
p3_tpsa_mofe_last_ffn_conloss,p3_tpsa_mofe_last_ffn_conloss_n8aligned_evalfix,tpsa,fixed_assignment_conloss,corrected_core,sider,5,46,0.6079979331298931,complete,137,137,137,0,True,9,0.642770497926156,27
p3_tpsa_mofe_last_ffn_conloss,p3_tpsa_mofe_last_ffn_conloss_n8aligned_evalfix,tpsa,fixed_assignment_conloss,corrected_core,clintox,1,42,0.8017533643892338,complete,146,146,146,0,True,24,0.8785624724843106,2
p3_tpsa_mofe_last_ffn_conloss,p3_tpsa_mofe_last_ffn_conloss_n8aligned_evalfix,tpsa,fixed_assignment_conloss,corrected_core,clintox,2,43,0.8854551698301698,complete,146,146,146,0,True,16,0.8884493395898505,2
p3_tpsa_mofe_last_ffn_conloss,p3_tpsa_mofe_last_ffn_conloss_n8aligned_evalfix,tpsa,fixed_assignment_conloss,corrected_core,clintox,3,44,0.8712317825456513,complete,146,146,146,0,True,12,0.8468491173447796,2
p3_tpsa_mofe_last_ffn_conloss,p3_tpsa_mofe_last_ffn_conloss_n8aligned_evalfix,tpsa,fixed_assignment_conloss,corrected_core,clintox,4,45,0.8010804494013449,complete,146,146,146,0,True,23,0.9620904776484998,2
p3_tpsa_mofe_last_ffn_conloss,p3_tpsa_mofe_last_ffn_conloss_n8aligned_evalfix,tpsa,fixed_assignment_conloss,corrected_core,clintox,5,46,0.8434545641621576,complete,146,146,146,0,True,23,0.9344967532467533,2
p3_tpsa_mofe_last_ffn_conloss,p3_tpsa_mofe_last_ffn_conloss_n8aligned_evalfix,tpsa,fixed_assignment_conloss,corrected_core,bace,1,42,0.8904206433368682,complete,151,151,151,0,True,32,0.9463783403656821,1
p3_tpsa_mofe_last_ffn_conloss,p3_tpsa_mofe_last_ffn_conloss_n8aligned_evalfix,tpsa,fixed_assignment_conloss,corrected_core,bace,2,43,0.8515016685205784,complete,151,151,151,0,True,40,0.9012811512811513,1
p3_tpsa_mofe_last_ffn_conloss,p3_tpsa_mofe_last_ffn_conloss_n8aligned_evalfix,tpsa,fixed_assignment_conloss,corrected_core,bace,3,44,0.9221052631578948,complete,151,151,151,0,True,19,0.8991758241758242,1
p3_tpsa_mofe_last_ffn_conloss,p3_tpsa_mofe_last_ffn_conloss_n8aligned_evalfix,tpsa,fixed_assignment_conloss,corrected_core,bace,4,45,0.8579693915640164,complete,151,151,151,0,True,27,0.9181932471264368,1
p3_tpsa_mofe_last_ffn_conloss,p3_tpsa_mofe_last_ffn_conloss_n8aligned_evalfix,tpsa,fixed_assignment_conloss,corrected_core,bace,5,46,0.911907327586207,complete,151,151,151,0,True,37,0.9382032348804501,1
p3_tpsa_mofe_last_ffn_conloss,p3_tpsa_mofe_last_ffn_conloss_n8aligned_evalfix,tpsa,fixed_assignment_conloss,corrected_core,hiv,1,42,0.7620188040004735,complete,4112,4112,4112,0,True,9,0.8263501473362134,1
p3_tpsa_mofe_last_ffn_conloss,p3_tpsa_mofe_last_ffn_conloss_n8aligned_evalfix,tpsa,fixed_assignment_conloss,corrected_core,hiv,2,43,0.827701541270172,complete,4112,4112,4112,0,True,29,0.8219904250132833,1
p3_tpsa_mofe_last_ffn_conloss,p3_tpsa_mofe_last_ffn_conloss_n8aligned_evalfix,tpsa,fixed_assignment_conloss,corrected_core,hiv,3,44,0.8001113124041652,complete,4112,4112,4112,0,True,7,0.8571857494574122,1
p3_tpsa_mofe_last_ffn_conloss,p3_tpsa_mofe_last_ffn_conloss_n8aligned_evalfix,tpsa,fixed_assignment_conloss,corrected_core,hiv,4,45,0.7816211554953089,complete,4112,4112,4112,0,True,26,0.8304312196224709,1
p3_tpsa_mofe_last_ffn_conloss,p3_tpsa_mofe_last_ffn_conloss_n8aligned_evalfix,tpsa,fixed_assignment_conloss,corrected_core,hiv,5,46,0.7688508887075602,complete,4112,4112,4112,0,True,7,0.7881377230459914,1
p3_tpsa_mofe_last_ffn_conloss,p3_tpsa_mofe_last_ffn_conloss_n8aligned_evalfix,tpsa,fixed_assignment_conloss,corrected_core,muv,1,42,0.6835193163378541,complete,9308,9308,9308,0,True,13,0.7502421972541307,16
p3_tpsa_mofe_last_ffn_conloss,p3_tpsa_mofe_last_ffn_conloss_n8aligned_evalfix,tpsa,fixed_assignment_conloss,corrected_core,muv,2,43,0.7716046614206323,complete,9308,9308,9308,0,True,50,0.8159708719425226,17
p3_tpsa_mofe_last_ffn_conloss,p3_tpsa_mofe_last_ffn_conloss_n8aligned_evalfix,tpsa,fixed_assignment_conloss,corrected_core,muv,3,44,0.7281552853333153,complete,9308,9308,9308,0,True,17,0.8273782555463359,16
p3_tpsa_mofe_last_ffn_conloss,p3_tpsa_mofe_last_ffn_conloss_n8aligned_evalfix,tpsa,fixed_assignment_conloss,corrected_core,muv,4,45,0.7251000307976504,complete,9308,9308,9308,0,True,20,0.7665930659746398,17
p3_tpsa_mofe_last_ffn_conloss,p3_tpsa_mofe_last_ffn_conloss_n8aligned_evalfix,tpsa,fixed_assignment_conloss,corrected_core,muv,5,46,0.7637842290869485,complete,9308,9308,9308,0,True,12,0.7825593301882677,17
p3_logp_mofe_last_ffn_conloss,p3_logp_mofe_last_ffn_conloss_n8aligned_evalfix,logp,fixed_assignment_conloss,corrected_core,bbbp,1,42,0.9285305889079476,complete,203,203,203,0,True,27,0.9751461988304093,1
p3_logp_mofe_last_ffn_conloss,p3_logp_mofe_last_ffn_conloss_n8aligned_evalfix,logp,fixed_assignment_conloss,corrected_core,bbbp,2,43,0.9462937542896362,complete,203,203,203,0,True,14,0.9837837837837837,1
p3_logp_mofe_last_ffn_conloss,p3_logp_mofe_last_ffn_conloss_n8aligned_evalfix,logp,fixed_assignment_conloss,corrected_core,bbbp,3,44,0.9096310193871169,complete,203,203,203,0,True,23,0.9734591194968554,1
p3_logp_mofe_last_ffn_conloss,p3_logp_mofe_last_ffn_conloss_n8aligned_evalfix,logp,fixed_assignment_conloss,corrected_core,bbbp,4,45,0.9123546511627907,complete,203,203,203,0,True,12,0.936385255648038,1
p3_logp_mofe_last_ffn_conloss,p3_logp_mofe_last_ffn_conloss_n8aligned_evalfix,logp,fixed_assignment_conloss,corrected_core,bbbp,5,46,0.9598654169670753,complete,203,203,203,0,True,14,0.9399509803921569,1
p3_logp_mofe_last_ffn_conloss,p3_logp_mofe_last_ffn_conloss_n8aligned_evalfix,logp,fixed_assignment_conloss,corrected_core,tox21,1,42,0.8056958278025984,complete,782,782,782,0,True,11,0.8217775381589837,12
p3_logp_mofe_last_ffn_conloss,p3_logp_mofe_last_ffn_conloss_n8aligned_evalfix,logp,fixed_assignment_conloss,corrected_core,tox21,2,43,0.8109536182820567,complete,782,782,782,0,True,23,0.7687823836581199,12
p3_logp_mofe_last_ffn_conloss,p3_logp_mofe_last_ffn_conloss_n8aligned_evalfix,logp,fixed_assignment_conloss,corrected_core,tox21,3,44,0.8043131884978466,complete,782,782,782,0,True,11,0.8051173315088236,12
p3_logp_mofe_last_ffn_conloss,p3_logp_mofe_last_ffn_conloss_n8aligned_evalfix,logp,fixed_assignment_conloss,corrected_core,tox21,4,45,0.8281508041843503,complete,782,782,782,0,True,11,0.7982068505503704,12
p3_logp_mofe_last_ffn_conloss,p3_logp_mofe_last_ffn_conloss_n8aligned_evalfix,logp,fixed_assignment_conloss,corrected_core,tox21,5,46,0.8002214617308109,complete,782,782,782,0,True,9,0.8307270047961254,12
p3_logp_mofe_last_ffn_conloss,p3_logp_mofe_last_ffn_conloss_n8aligned_evalfix,logp,fixed_assignment_conloss,corrected_core,toxcast,1,42,0.7015841029551687,complete,857,857,857,0,True,39,0.6946514609403847,608
p3_logp_mofe_last_ffn_conloss,p3_logp_mofe_last_ffn_conloss_n8aligned_evalfix,logp,fixed_assignment_conloss,corrected_core,toxcast,2,43,0.7072839694792509,complete,857,857,857,0,True,38,0.7392586857885461,606
p3_logp_mofe_last_ffn_conloss,p3_logp_mofe_last_ffn_conloss_n8aligned_evalfix,logp,fixed_assignment_conloss,corrected_core,toxcast,3,44,0.666073360138244,complete,857,857,857,0,True,30,0.7212968830176248,610
p3_logp_mofe_last_ffn_conloss,p3_logp_mofe_last_ffn_conloss_n8aligned_evalfix,logp,fixed_assignment_conloss,corrected_core,toxcast,4,45,0.6888562826802808,complete,857,857,857,0,True,27,0.7123928542900447,614
p3_logp_mofe_last_ffn_conloss,p3_logp_mofe_last_ffn_conloss_n8aligned_evalfix,logp,fixed_assignment_conloss,corrected_core,toxcast,5,46,0.6770886638815757,complete,857,857,857,0,True,31,0.7014997808842768,611
p3_logp_mofe_last_ffn_conloss,p3_logp_mofe_last_ffn_conloss_n8aligned_evalfix,logp,fixed_assignment_conloss,corrected_core,sider,1,42,0.5629228670551235,complete,137,137,137,0,True,38,0.6292456086674093,27
p3_logp_mofe_last_ffn_conloss,p3_logp_mofe_last_ffn_conloss_n8aligned_evalfix,logp,fixed_assignment_conloss,corrected_core,sider,2,43,0.6307085676644891,complete,137,137,137,0,True,21,0.6458562399076884,27
p3_logp_mofe_last_ffn_conloss,p3_logp_mofe_last_ffn_conloss_n8aligned_evalfix,logp,fixed_assignment_conloss,corrected_core,sider,3,44,0.6490038164554981,complete,137,137,137,0,True,12,0.6342083899415735,27
p3_logp_mofe_last_ffn_conloss,p3_logp_mofe_last_ffn_conloss_n8aligned_evalfix,logp,fixed_assignment_conloss,corrected_core,sider,4,45,0.6077096375284653,complete,137,137,137,0,True,36,0.6397524475340509,27
p3_logp_mofe_last_ffn_conloss,p3_logp_mofe_last_ffn_conloss_n8aligned_evalfix,logp,fixed_assignment_conloss,corrected_core,sider,5,46,0.5881823937758157,complete,137,137,137,0,True,20,0.6482410752690109,27
p3_logp_mofe_last_ffn_conloss,p3_logp_mofe_last_ffn_conloss_n8aligned_evalfix,logp,fixed_assignment_conloss,corrected_core,clintox,1,42,0.8606172360248447,complete,146,146,146,0,True,29,0.8439009766091463,2
p3_logp_mofe_last_ffn_conloss,p3_logp_mofe_last_ffn_conloss_n8aligned_evalfix,logp,fixed_assignment_conloss,corrected_core,clintox,2,43,0.8520365051615051,complete,146,146,146,0,True,12,0.8695986849727726,2
p3_logp_mofe_last_ffn_conloss,p3_logp_mofe_last_ffn_conloss_n8aligned_evalfix,logp,fixed_assignment_conloss,corrected_core,clintox,3,44,0.8356890068568901,complete,146,146,146,0,True,10,0.8483741158333836,2
p3_logp_mofe_last_ffn_conloss,p3_logp_mofe_last_ffn_conloss_n8aligned_evalfix,logp,fixed_assignment_conloss,corrected_core,clintox,4,45,0.8429492574720383,complete,146,146,146,0,True,32,0.9865916513574199,2
p3_logp_mofe_last_ffn_conloss,p3_logp_mofe_last_ffn_conloss_n8aligned_evalfix,logp,fixed_assignment_conloss,corrected_core,clintox,5,46,0.9163761484548063,complete,146,146,146,0,True,39,0.9529611592111592,2
p3_logp_mofe_last_ffn_conloss,p3_logp_mofe_last_ffn_conloss_n8aligned_evalfix,logp,fixed_assignment_conloss,corrected_core,bace,1,42,0.8066454577589255,complete,151,151,151,0,True,34,0.909634317862166,1
p3_logp_mofe_last_ffn_conloss,p3_logp_mofe_last_ffn_conloss_n8aligned_evalfix,logp,fixed_assignment_conloss,corrected_core,bace,2,43,0.8581757508342602,complete,151,151,151,0,True,16,0.8856616356616357,1
p3_logp_mofe_last_ffn_conloss,p3_logp_mofe_last_ffn_conloss_n8aligned_evalfix,logp,fixed_assignment_conloss,corrected_core,bace,3,44,0.9177192982456139,complete,151,151,151,0,True,11,0.8948717948717948,1
p3_logp_mofe_last_ffn_conloss,p3_logp_mofe_last_ffn_conloss_n8aligned_evalfix,logp,fixed_assignment_conloss,corrected_core,bace,4,45,0.8478910041060098,complete,151,151,151,0,True,8,0.9022090517241379,1
p3_logp_mofe_last_ffn_conloss,p3_logp_mofe_last_ffn_conloss_n8aligned_evalfix,logp,fixed_assignment_conloss,corrected_core,bace,5,46,0.9058010057471264,complete,151,151,151,0,True,20,0.9385548523206751,1
p3_logp_mofe_last_ffn_conloss,p3_logp_mofe_last_ffn_conloss_n8aligned_evalfix,logp,fixed_assignment_conloss,corrected_core,hiv,1,42,0.7539279796425612,complete,4112,4112,4112,0,True,9,0.8232295750284675,1
p3_logp_mofe_last_ffn_conloss,p3_logp_mofe_last_ffn_conloss_n8aligned_evalfix,logp,fixed_assignment_conloss,corrected_core,hiv,2,43,0.8131406787956382,complete,4112,4112,4112,0,True,6,0.802470708099847,1
p3_logp_mofe_last_ffn_conloss,p3_logp_mofe_last_ffn_conloss_n8aligned_evalfix,logp,fixed_assignment_conloss,corrected_core,hiv,3,44,0.8070247684153865,complete,4112,4112,4112,0,True,10,0.8422472141441697,1
p3_logp_mofe_last_ffn_conloss,p3_logp_mofe_last_ffn_conloss_n8aligned_evalfix,logp,fixed_assignment_conloss,corrected_core,hiv,4,45,0.7548394897912103,complete,4112,4112,4112,0,True,57,0.839869447270261,1
p3_logp_mofe_last_ffn_conloss,p3_logp_mofe_last_ffn_conloss_n8aligned_evalfix,logp,fixed_assignment_conloss,corrected_core,hiv,5,46,0.7464558129634229,complete,4112,4112,4112,0,True,47,0.8164102137726826,1
p3_logp_mofe_last_ffn_conloss,p3_logp_mofe_last_ffn_conloss_n8aligned_evalfix,logp,fixed_assignment_conloss,corrected_core,muv,1,42,0.7603074256775766,complete,9308,9308,9308,0,True,13,0.795307259638243,16
p3_logp_mofe_last_ffn_conloss,p3_logp_mofe_last_ffn_conloss_n8aligned_evalfix,logp,fixed_assignment_conloss,corrected_core,muv,2,43,0.757716433816527,complete,9308,9308,9308,0,True,19,0.7980351983703851,17
p3_logp_mofe_last_ffn_conloss,p3_logp_mofe_last_ffn_conloss_n8aligned_evalfix,logp,fixed_assignment_conloss,corrected_core,muv,3,44,0.7959191222496294,complete,9308,9308,9308,0,True,30,0.841001717059474,16
p3_logp_mofe_last_ffn_conloss,p3_logp_mofe_last_ffn_conloss_n8aligned_evalfix,logp,fixed_assignment_conloss,corrected_core,muv,4,45,0.7794036415160808,complete,9308,9308,9308,0,True,15,0.8263573404792485,17
p3_logp_mofe_last_ffn_conloss,p3_logp_mofe_last_ffn_conloss_n8aligned_evalfix,logp,fixed_assignment_conloss,corrected_core,muv,5,46,0.7659070540429543,complete,9308,9308,9308,0,True,20,0.756703008403773,17
p6_tpsa_descriptor_concat_last,p6_tpsa_descriptor_concat_last_n8_evalfix,tpsa,descriptor_concatenation,reused_corrected_p6,bbbp,1,42,0.9229559748427673,complete,203,203,203,0,True,17,0.9444444444444444,1
p6_tpsa_descriptor_concat_last,p6_tpsa_descriptor_concat_last_n8_evalfix,tpsa,descriptor_concatenation,reused_corrected_p6,bbbp,2,43,0.9464081445893388,complete,203,203,203,0,True,12,0.9747747747747748,1
p6_tpsa_descriptor_concat_last,p6_tpsa_descriptor_concat_last_n8_evalfix,tpsa,descriptor_concatenation,reused_corrected_p6,bbbp,3,44,0.9283927454659162,complete,203,203,203,0,True,35,0.9728301886792452,1
p6_tpsa_descriptor_concat_last,p6_tpsa_descriptor_concat_last_n8_evalfix,tpsa,descriptor_concatenation,reused_corrected_p6,bbbp,4,45,0.9359011627906977,complete,203,203,203,0,True,25,0.9401902497027348,1
p6_tpsa_descriptor_concat_last,p6_tpsa_descriptor_concat_last_n8_evalfix,tpsa,descriptor_concatenation,reused_corrected_p6,bbbp,5,46,0.9585436193222783,complete,203,203,203,0,True,29,0.9403379772961816,1
p6_tpsa_descriptor_concat_last,p6_tpsa_descriptor_concat_last_n8_evalfix,tpsa,descriptor_concatenation,reused_corrected_p6,tox21,1,42,0.8075410570956475,complete,782,782,782,0,True,8,0.8290596877513797,12
p6_tpsa_descriptor_concat_last,p6_tpsa_descriptor_concat_last_n8_evalfix,tpsa,descriptor_concatenation,reused_corrected_p6,tox21,2,43,0.8272022697734629,complete,782,782,782,0,True,16,0.7720607364337969,12
p6_tpsa_descriptor_concat_last,p6_tpsa_descriptor_concat_last_n8_evalfix,tpsa,descriptor_concatenation,reused_corrected_p6,tox21,3,44,0.8072757158543712,complete,782,782,782,0,True,11,0.8240084739819796,12
p6_tpsa_descriptor_concat_last,p6_tpsa_descriptor_concat_last_n8_evalfix,tpsa,descriptor_concatenation,reused_corrected_p6,tox21,4,45,0.8455357030320317,complete,782,782,782,0,True,11,0.8201352661937413,12
p6_tpsa_descriptor_concat_last,p6_tpsa_descriptor_concat_last_n8_evalfix,tpsa,descriptor_concatenation,reused_corrected_p6,tox21,5,46,0.8089286229897517,complete,782,782,782,0,True,11,0.8382392862647547,12
p6_tpsa_descriptor_concat_last,p6_tpsa_descriptor_concat_last_n8_evalfix,tpsa,descriptor_concatenation,reused_corrected_p6,toxcast,1,42,0.7098674228363758,complete,857,857,857,0,True,36,0.713540451098255,608
p6_tpsa_descriptor_concat_last,p6_tpsa_descriptor_concat_last_n8_evalfix,tpsa,descriptor_concatenation,reused_corrected_p6,toxcast,2,43,0.7091115020734702,complete,857,857,857,0,True,33,0.721706311831506,606
p6_tpsa_descriptor_concat_last,p6_tpsa_descriptor_concat_last_n8_evalfix,tpsa,descriptor_concatenation,reused_corrected_p6,toxcast,3,44,0.6687528128317423,complete,857,857,857,0,True,21,0.6963239590492225,610
p6_tpsa_descriptor_concat_last,p6_tpsa_descriptor_concat_last_n8_evalfix,tpsa,descriptor_concatenation,reused_corrected_p6,toxcast,4,45,0.6923803561283189,complete,857,857,857,0,True,39,0.7198093201461906,614
p6_tpsa_descriptor_concat_last,p6_tpsa_descriptor_concat_last_n8_evalfix,tpsa,descriptor_concatenation,reused_corrected_p6,toxcast,5,46,0.675178048785659,complete,857,857,857,0,True,36,0.7185517898961868,611
p6_tpsa_descriptor_concat_last,p6_tpsa_descriptor_concat_last_n8_evalfix,tpsa,descriptor_concatenation,reused_corrected_p6,sider,1,42,0.6144146704104224,complete,137,137,137,0,True,22,0.6381492080993193,27
p6_tpsa_descriptor_concat_last,p6_tpsa_descriptor_concat_last_n8_evalfix,tpsa,descriptor_concatenation,reused_corrected_p6,sider,2,43,0.6701390118353325,complete,137,137,137,0,True,10,0.6150473921440286,27
p6_tpsa_descriptor_concat_last,p6_tpsa_descriptor_concat_last_n8_evalfix,tpsa,descriptor_concatenation,reused_corrected_p6,sider,3,44,0.6291234505847199,complete,137,137,137,0,True,11,0.6401782716938089,27
p6_tpsa_descriptor_concat_last,p6_tpsa_descriptor_concat_last_n8_evalfix,tpsa,descriptor_concatenation,reused_corrected_p6,sider,4,45,0.640022506073641,complete,137,137,137,0,True,7,0.6332649414685485,27
p6_tpsa_descriptor_concat_last,p6_tpsa_descriptor_concat_last_n8_evalfix,tpsa,descriptor_concatenation,reused_corrected_p6,sider,5,46,0.619024817611206,complete,137,137,137,0,True,9,0.6354922440367976,27
p6_tpsa_descriptor_concat_last,p6_tpsa_descriptor_concat_last_n8_evalfix,tpsa,descriptor_concatenation,reused_corrected_p6,clintox,1,42,0.8253429089026916,complete,146,146,146,0,True,38,0.8368769225014315,2
p6_tpsa_descriptor_concat_last,p6_tpsa_descriptor_concat_last_n8_evalfix,tpsa,descriptor_concatenation,reused_corrected_p6,clintox,2,43,0.9181329087579088,complete,146,146,146,0,True,28,0.886135007530993,2
p6_tpsa_descriptor_concat_last,p6_tpsa_descriptor_concat_last_n8_evalfix,tpsa,descriptor_concatenation,reused_corrected_p6,clintox,3,44,0.8691747155250805,complete,146,146,146,0,True,31,0.8326737349616106,2
p6_tpsa_descriptor_concat_last,p6_tpsa_descriptor_concat_last_n8_evalfix,tpsa,descriptor_concatenation,reused_corrected_p6,clintox,4,45,0.8890475686921091,complete,146,146,146,0,True,35,0.983545749132476,2
p6_tpsa_descriptor_concat_last,p6_tpsa_descriptor_concat_last_n8_evalfix,tpsa,descriptor_concatenation,reused_corrected_p6,clintox,5,46,0.8367159034511142,complete,146,146,146,0,True,70,0.9591540404040404,2
p6_tpsa_descriptor_concat_last,p6_tpsa_descriptor_concat_last_n8_evalfix,tpsa,descriptor_concatenation,reused_corrected_p6,bace,1,42,0.8681512902085542,complete,151,151,151,0,True,29,0.9289732770745429,1
p6_tpsa_descriptor_concat_last,p6_tpsa_descriptor_concat_last_n8_evalfix,tpsa,descriptor_concatenation,reused_corrected_p6,bace,2,43,0.8781979977753057,complete,151,151,151,0,True,13,0.9339241839241839,1
p6_tpsa_descriptor_concat_last,p6_tpsa_descriptor_concat_last_n8_evalfix,tpsa,descriptor_concatenation,reused_corrected_p6,bace,3,44,0.9182456140350876,complete,151,151,151,0,True,21,0.9162087912087913,1
p6_tpsa_descriptor_concat_last,p6_tpsa_descriptor_concat_last_n8_evalfix,tpsa,descriptor_concatenation,reused_corrected_p6,bace,4,45,0.8609555804404629,complete,151,151,151,0,True,10,0.9049030172413793,1
p6_tpsa_descriptor_concat_last,p6_tpsa_descriptor_concat_last_n8_evalfix,tpsa,descriptor_concatenation,reused_corrected_p6,bace,5,46,0.9095725574712643,complete,151,151,151,0,True,15,0.9343354430379747,1
p6_tpsa_descriptor_concat_last,p6_tpsa_descriptor_concat_last_n8_evalfix,tpsa,descriptor_concatenation,reused_corrected_p6,hiv,1,42,0.7629564149603504,complete,4112,4112,4112,0,True,22,0.824569943412463,1
p6_tpsa_descriptor_concat_last,p6_tpsa_descriptor_concat_last_n8_evalfix,tpsa,descriptor_concatenation,reused_corrected_p6,hiv,2,43,0.8353748685407131,complete,4112,4112,4112,0,True,35,0.827313361707722,1
p6_tpsa_descriptor_concat_last,p6_tpsa_descriptor_concat_last_n8_evalfix,tpsa,descriptor_concatenation,reused_corrected_p6,hiv,3,44,0.8033649514905602,complete,4112,4112,4112,0,True,21,0.8724348251280336,1
p6_tpsa_descriptor_concat_last,p6_tpsa_descriptor_concat_last_n8_evalfix,tpsa,descriptor_concatenation,reused_corrected_p6,hiv,4,45,0.7703869523504957,complete,4112,4112,4112,0,True,29,0.8462614445574772,1
p6_tpsa_descriptor_concat_last,p6_tpsa_descriptor_concat_last_n8_evalfix,tpsa,descriptor_concatenation,reused_corrected_p6,hiv,5,46,0.7764749707311881,complete,4112,4112,4112,0,True,10,0.7970775140918394,1
p6_tpsa_descriptor_concat_last,p6_tpsa_descriptor_concat_last_n8_evalfix,tpsa,descriptor_concatenation,reused_corrected_p6,muv,1,42,0.7552220777702225,complete,9308,9308,9308,0,True,13,0.7908048608798582,16
p6_tpsa_descriptor_concat_last,p6_tpsa_descriptor_concat_last_n8_evalfix,tpsa,descriptor_concatenation,reused_corrected_p6,muv,2,43,0.753159744251829,complete,9308,9308,9308,0,True,16,0.8067388915909871,17
p6_tpsa_descriptor_concat_last,p6_tpsa_descriptor_concat_last_n8_evalfix,tpsa,descriptor_concatenation,reused_corrected_p6,muv,3,44,0.7659124201317227,complete,9308,9308,9308,0,True,35,0.8217947501585662,16
p6_tpsa_descriptor_concat_last,p6_tpsa_descriptor_concat_last_n8_evalfix,tpsa,descriptor_concatenation,reused_corrected_p6,muv,4,45,0.8103365682942516,complete,9308,9308,9308,0,True,17,0.8255083955371374,17
p6_tpsa_descriptor_concat_last,p6_tpsa_descriptor_concat_last_n8_evalfix,tpsa,descriptor_concatenation,reused_corrected_p6,muv,5,46,0.7391246499481335,complete,9308,9308,9308,0,True,11,0.7574988768572394,17
p6_tpsa_descriptor_auxiliary,p6_tpsa_descriptor_auxiliary_n8_evalfix,tpsa,auxiliary_descriptor_prediction,reused_corrected_p6,bbbp,1,42,0.9286735277301315,complete,203,203,203,0,True,28,0.9755116959064327,1
p6_tpsa_descriptor_auxiliary,p6_tpsa_descriptor_auxiliary_n8_evalfix,tpsa,auxiliary_descriptor_prediction,reused_corrected_p6,bbbp,2,43,0.9718027911233127,complete,203,203,203,0,True,6,0.9702702702702702,1
p6_tpsa_descriptor_auxiliary,p6_tpsa_descriptor_auxiliary_n8_evalfix,tpsa,auxiliary_descriptor_prediction,reused_corrected_p6,bbbp,3,44,0.9288617886178862,complete,203,203,203,0,True,27,0.9739622641509433,1
p6_tpsa_descriptor_auxiliary,p6_tpsa_descriptor_auxiliary_n8_evalfix,tpsa,auxiliary_descriptor_prediction,reused_corrected_p6,bbbp,4,45,0.926889534883721,complete,203,203,203,0,True,33,0.9432818073721759,1
p6_tpsa_descriptor_auxiliary,p6_tpsa_descriptor_auxiliary_n8_evalfix,tpsa,auxiliary_descriptor_prediction,reused_corrected_p6,bbbp,5,46,0.9644316270127373,complete,203,203,203,0,True,24,0.9389189886480908,1
p6_tpsa_descriptor_auxiliary,p6_tpsa_descriptor_auxiliary_n8_evalfix,tpsa,auxiliary_descriptor_prediction,reused_corrected_p6,tox21,1,42,0.8058375314925241,complete,782,782,782,0,True,12,0.83163779972192,12
p6_tpsa_descriptor_auxiliary,p6_tpsa_descriptor_auxiliary_n8_evalfix,tpsa,auxiliary_descriptor_prediction,reused_corrected_p6,tox21,2,43,0.8327845060798182,complete,782,782,782,0,True,11,0.7731728787056819,12
p6_tpsa_descriptor_auxiliary,p6_tpsa_descriptor_auxiliary_n8_evalfix,tpsa,auxiliary_descriptor_prediction,reused_corrected_p6,tox21,3,44,0.7908730600936864,complete,782,782,782,0,True,11,0.814870554537948,12
p6_tpsa_descriptor_auxiliary,p6_tpsa_descriptor_auxiliary_n8_evalfix,tpsa,auxiliary_descriptor_prediction,reused_corrected_p6,tox21,4,45,0.8283190826053963,complete,782,782,782,0,True,8,0.8133202997743493,12
p6_tpsa_descriptor_auxiliary,p6_tpsa_descriptor_auxiliary_n8_evalfix,tpsa,auxiliary_descriptor_prediction,reused_corrected_p6,tox21,5,46,0.8204128175878167,complete,782,782,782,0,True,9,0.8485365743672296,12
p6_tpsa_descriptor_auxiliary,p6_tpsa_descriptor_auxiliary_n8_evalfix,tpsa,auxiliary_descriptor_prediction,reused_corrected_p6,toxcast,1,42,0.7099951430534985,complete,857,857,857,0,True,46,0.703628170069749,608
p6_tpsa_descriptor_auxiliary,p6_tpsa_descriptor_auxiliary_n8_evalfix,tpsa,auxiliary_descriptor_prediction,reused_corrected_p6,toxcast,2,43,0.7137101407706915,complete,857,857,857,0,True,38,0.7321369647097269,606
p6_tpsa_descriptor_auxiliary,p6_tpsa_descriptor_auxiliary_n8_evalfix,tpsa,auxiliary_descriptor_prediction,reused_corrected_p6,toxcast,3,44,0.6637790982581417,complete,857,857,857,0,True,26,0.7049853024928018,610
p6_tpsa_descriptor_auxiliary,p6_tpsa_descriptor_auxiliary_n8_evalfix,tpsa,auxiliary_descriptor_prediction,reused_corrected_p6,toxcast,4,45,0.699897852472134,complete,857,857,857,0,True,43,0.7237772992309462,614
p6_tpsa_descriptor_auxiliary,p6_tpsa_descriptor_auxiliary_n8_evalfix,tpsa,auxiliary_descriptor_prediction,reused_corrected_p6,toxcast,5,46,0.6734983171110243,complete,857,857,857,0,True,32,0.7183397369248484,611
p6_tpsa_descriptor_auxiliary,p6_tpsa_descriptor_auxiliary_n8_evalfix,tpsa,auxiliary_descriptor_prediction,reused_corrected_p6,sider,1,42,0.5952001179298244,complete,137,137,137,0,True,29,0.6448196877396624,27
p6_tpsa_descriptor_auxiliary,p6_tpsa_descriptor_auxiliary_n8_evalfix,tpsa,auxiliary_descriptor_prediction,reused_corrected_p6,sider,2,43,0.6339689785224302,complete,137,137,137,0,True,9,0.6332895531379713,27
p6_tpsa_descriptor_auxiliary,p6_tpsa_descriptor_auxiliary_n8_evalfix,tpsa,auxiliary_descriptor_prediction,reused_corrected_p6,sider,3,44,0.6264339537461281,complete,137,137,137,0,True,16,0.6719584498651642,27
p6_tpsa_descriptor_auxiliary,p6_tpsa_descriptor_auxiliary_n8_evalfix,tpsa,auxiliary_descriptor_prediction,reused_corrected_p6,sider,4,45,0.6530083618633106,complete,137,137,137,0,True,55,0.6543516270193249,27
p6_tpsa_descriptor_auxiliary,p6_tpsa_descriptor_auxiliary_n8_evalfix,tpsa,auxiliary_descriptor_prediction,reused_corrected_p6,sider,5,46,0.6152921199122665,complete,137,137,137,0,True,16,0.6638201736523549,27
p6_tpsa_descriptor_auxiliary,p6_tpsa_descriptor_auxiliary_n8_evalfix,tpsa,auxiliary_descriptor_prediction,reused_corrected_p6,clintox,1,42,0.8562176501035197,complete,146,146,146,0,True,26,0.8375606783894294,2
p6_tpsa_descriptor_auxiliary,p6_tpsa_descriptor_auxiliary_n8_evalfix,tpsa,auxiliary_descriptor_prediction,reused_corrected_p6,clintox,2,43,0.8950767982017982,complete,146,146,146,0,True,30,0.8963510890974394,2
p6_tpsa_descriptor_auxiliary,p6_tpsa_descriptor_auxiliary_n8_evalfix,tpsa,auxiliary_descriptor_prediction,reused_corrected_p6,clintox,3,44,0.8719813708864803,complete,146,146,146,0,True,8,0.8970916963907866,2
p6_tpsa_descriptor_auxiliary,p6_tpsa_descriptor_auxiliary_n8_evalfix,tpsa,auxiliary_descriptor_prediction,reused_corrected_p6,clintox,4,45,0.8571227149388971,complete,146,146,146,0,True,68,0.9813322872014696,2
p6_tpsa_descriptor_auxiliary,p6_tpsa_descriptor_auxiliary_n8_evalfix,tpsa,auxiliary_descriptor_prediction,reused_corrected_p6,clintox,5,46,0.8083366621878443,complete,146,146,146,0,True,18,0.9353385040885042,2
p6_tpsa_descriptor_auxiliary,p6_tpsa_descriptor_auxiliary_n8_evalfix,tpsa,auxiliary_descriptor_prediction,reused_corrected_p6,bace,1,42,0.8679745493107105,complete,151,151,151,0,True,34,0.9284458509142054,1
p6_tpsa_descriptor_auxiliary,p6_tpsa_descriptor_auxiliary_n8_evalfix,tpsa,auxiliary_descriptor_prediction,reused_corrected_p6,bace,2,43,0.853540971449759,complete,151,151,151,0,True,20,0.9393646893646893,1
p6_tpsa_descriptor_auxiliary,p6_tpsa_descriptor_auxiliary_n8_evalfix,tpsa,auxiliary_descriptor_prediction,reused_corrected_p6,bace,3,44,0.8914035087719298,complete,151,151,151,0,True,33,0.931959706959707,1
p6_tpsa_descriptor_auxiliary,p6_tpsa_descriptor_auxiliary_n8_evalfix,tpsa,auxiliary_descriptor_prediction,reused_corrected_p6,bace,4,45,0.8493840985442329,complete,151,151,151,0,True,53,0.9415409482758621,1
p6_tpsa_descriptor_auxiliary,p6_tpsa_descriptor_auxiliary_n8_evalfix,tpsa,auxiliary_descriptor_prediction,reused_corrected_p6,bace,5,46,0.9361530172413792,complete,151,151,151,0,True,19,0.9517405063291139,1
p6_tpsa_descriptor_auxiliary,p6_tpsa_descriptor_auxiliary_n8_evalfix,tpsa,auxiliary_descriptor_prediction,reused_corrected_p6,hiv,1,42,0.8059487439341935,complete,4112,4112,4112,0,True,10,0.8341315855810436,1
p6_tpsa_descriptor_auxiliary,p6_tpsa_descriptor_auxiliary_n8_evalfix,tpsa,auxiliary_descriptor_prediction,reused_corrected_p6,hiv,2,43,0.8471973134040207,complete,4112,4112,4112,0,True,11,0.8129905948214002,1
p6_tpsa_descriptor_auxiliary,p6_tpsa_descriptor_auxiliary_n8_evalfix,tpsa,auxiliary_descriptor_prediction,reused_corrected_p6,hiv,3,44,0.7911655617411396,complete,4112,4112,4112,0,True,10,0.8623259644336927,1
p6_tpsa_descriptor_auxiliary,p6_tpsa_descriptor_auxiliary_n8_evalfix,tpsa,auxiliary_descriptor_prediction,reused_corrected_p6,hiv,4,45,0.8153555853606927,complete,4112,4112,4112,0,True,21,0.8345173505142987,1
p6_tpsa_descriptor_auxiliary,p6_tpsa_descriptor_auxiliary_n8_evalfix,tpsa,auxiliary_descriptor_prediction,reused_corrected_p6,hiv,5,46,0.7729875474509526,complete,4112,4112,4112,0,True,22,0.8109794466059596,1
p6_tpsa_descriptor_auxiliary,p6_tpsa_descriptor_auxiliary_n8_evalfix,tpsa,auxiliary_descriptor_prediction,reused_corrected_p6,muv,1,42,0.8045560894332557,complete,9308,9308,9308,0,True,13,0.7808406197961681,16
p6_tpsa_descriptor_auxiliary,p6_tpsa_descriptor_auxiliary_n8_evalfix,tpsa,auxiliary_descriptor_prediction,reused_corrected_p6,muv,2,43,0.817128450966845,complete,9308,9308,9308,0,True,13,0.8172367406776029,17
p6_tpsa_descriptor_auxiliary,p6_tpsa_descriptor_auxiliary_n8_evalfix,tpsa,auxiliary_descriptor_prediction,reused_corrected_p6,muv,3,44,0.7965033049222383,complete,9308,9308,9308,0,True,20,0.8078672452964374,16
p6_tpsa_descriptor_auxiliary,p6_tpsa_descriptor_auxiliary_n8_evalfix,tpsa,auxiliary_descriptor_prediction,reused_corrected_p6,muv,4,45,0.7810892078649241,complete,9308,9308,9308,0,True,28,0.7972939862985563,17
p6_tpsa_descriptor_auxiliary,p6_tpsa_descriptor_auxiliary_n8_evalfix,tpsa,auxiliary_descriptor_prediction,reused_corrected_p6,muv,5,46,0.7051942279480891,complete,9308,9308,9308,0,True,32,0.7531162417379236,17
p6_tpsa_quantile_routing_last,p6_tpsa_quantile_routing_last_n8_evalfix,tpsa,quantile_assignment,reused_corrected_p6,bbbp,1,42,0.930674671240709,complete,203,203,203,0,True,24,0.9513888888888888,1
p6_tpsa_quantile_routing_last,p6_tpsa_quantile_routing_last_n8_evalfix,tpsa,quantile_assignment,reused_corrected_p6,bbbp,2,43,0.9554449782658431,complete,203,203,203,0,True,35,0.9885885885885887,1
p6_tpsa_quantile_routing_last,p6_tpsa_quantile_routing_last_n8_evalfix,tpsa,quantile_assignment,reused_corrected_p6,bbbp,3,44,0.9305816135084427,complete,203,203,203,0,True,28,0.9714465408805031,1
p6_tpsa_quantile_routing_last,p6_tpsa_quantile_routing_last_n8_evalfix,tpsa,quantile_assignment,reused_corrected_p6,bbbp,4,45,0.9241279069767442,complete,203,203,203,0,True,11,0.9453032104637336,1
p6_tpsa_quantile_routing_last,p6_tpsa_quantile_routing_last_n8_evalfix,tpsa,quantile_assignment,reused_corrected_p6,bbbp,5,46,0.9549387166546504,complete,203,203,203,0,True,14,0.936468008255934,1
p6_tpsa_quantile_routing_last,p6_tpsa_quantile_routing_last_n8_evalfix,tpsa,quantile_assignment,reused_corrected_p6,tox21,1,42,0.8095000472229571,complete,782,782,782,0,True,11,0.8167108562963631,12
p6_tpsa_quantile_routing_last,p6_tpsa_quantile_routing_last_n8_evalfix,tpsa,quantile_assignment,reused_corrected_p6,tox21,2,43,0.8346469638958717,complete,782,782,782,0,True,10,0.7553356793749572,12
p6_tpsa_quantile_routing_last,p6_tpsa_quantile_routing_last_n8_evalfix,tpsa,quantile_assignment,reused_corrected_p6,tox21,3,44,0.7772616367904317,complete,782,782,782,0,True,16,0.8090851472075832,12
p6_tpsa_quantile_routing_last,p6_tpsa_quantile_routing_last_n8_evalfix,tpsa,quantile_assignment,reused_corrected_p6,tox21,4,45,0.827884048933401,complete,782,782,782,0,True,13,0.7906881765637815,12
p6_tpsa_quantile_routing_last,p6_tpsa_quantile_routing_last_n8_evalfix,tpsa,quantile_assignment,reused_corrected_p6,tox21,5,46,0.7962433064090307,complete,782,782,782,0,True,9,0.8352198166409703,12
p6_tpsa_quantile_routing_last,p6_tpsa_quantile_routing_last_n8_evalfix,tpsa,quantile_assignment,reused_corrected_p6,toxcast,1,42,0.6924370863354711,complete,857,857,857,0,True,31,0.701534636930102,608
p6_tpsa_quantile_routing_last,p6_tpsa_quantile_routing_last_n8_evalfix,tpsa,quantile_assignment,reused_corrected_p6,toxcast,2,43,0.7029156191150535,complete,857,857,857,0,True,35,0.7356589812170313,606
p6_tpsa_quantile_routing_last,p6_tpsa_quantile_routing_last_n8_evalfix,tpsa,quantile_assignment,reused_corrected_p6,toxcast,3,44,0.6765900430668849,complete,857,857,857,0,True,35,0.7160100893183774,610
p6_tpsa_quantile_routing_last,p6_tpsa_quantile_routing_last_n8_evalfix,tpsa,quantile_assignment,reused_corrected_p6,toxcast,4,45,0.70127610968452,complete,857,857,857,0,True,28,0.7201660265850758,614
p6_tpsa_quantile_routing_last,p6_tpsa_quantile_routing_last_n8_evalfix,tpsa,quantile_assignment,reused_corrected_p6,toxcast,5,46,0.6710333915926981,complete,857,857,857,0,True,34,0.708181506531643,611
p6_tpsa_quantile_routing_last,p6_tpsa_quantile_routing_last_n8_evalfix,tpsa,quantile_assignment,reused_corrected_p6,sider,1,42,0.5797974856719096,complete,137,137,137,0,True,43,0.6234935028074889,27
p6_tpsa_quantile_routing_last,p6_tpsa_quantile_routing_last_n8_evalfix,tpsa,quantile_assignment,reused_corrected_p6,sider,2,43,0.6576818285128077,complete,137,137,137,0,True,32,0.6300057937173382,27
p6_tpsa_quantile_routing_last,p6_tpsa_quantile_routing_last_n8_evalfix,tpsa,quantile_assignment,reused_corrected_p6,sider,3,44,0.630341394104801,complete,137,137,137,0,True,11,0.6405166755770964,27
p6_tpsa_quantile_routing_last,p6_tpsa_quantile_routing_last_n8_evalfix,tpsa,quantile_assignment,reused_corrected_p6,sider,4,45,0.6511177060081627,complete,137,137,137,0,True,16,0.6519543212699076,27
p6_tpsa_quantile_routing_last,p6_tpsa_quantile_routing_last_n8_evalfix,tpsa,quantile_assignment,reused_corrected_p6,sider,5,46,0.5917810051257709,complete,137,137,137,0,True,16,0.632896383994123,27
p6_tpsa_quantile_routing_last,p6_tpsa_quantile_routing_last_n8_evalfix,tpsa,quantile_assignment,reused_corrected_p6,clintox,1,42,0.9008216873706004,complete,146,146,146,0,True,41,0.8532293348181015,2
p6_tpsa_quantile_routing_last,p6_tpsa_quantile_routing_last_n8_evalfix,tpsa,quantile_assignment,reused_corrected_p6,clintox,2,43,0.8716013153513154,complete,146,146,146,0,True,16,0.8943423415594949,2
p6_tpsa_quantile_routing_last,p6_tpsa_quantile_routing_last_n8_evalfix,tpsa,quantile_assignment,reused_corrected_p6,clintox,3,44,0.8293605151269385,complete,146,146,146,0,True,31,0.8356232241097878,2
p6_tpsa_quantile_routing_last,p6_tpsa_quantile_routing_last_n8_evalfix,tpsa,quantile_assignment,reused_corrected_p6,clintox,4,45,0.891712634053561,complete,146,146,146,0,True,23,0.9196519697897529,2
p6_tpsa_quantile_routing_last,p6_tpsa_quantile_routing_last_n8_evalfix,tpsa,quantile_assignment,reused_corrected_p6,clintox,5,46,0.793693485129099,complete,146,146,146,0,True,22,0.9424392736892737,2
p6_tpsa_quantile_routing_last,p6_tpsa_quantile_routing_last_n8_evalfix,tpsa,quantile_assignment,reused_corrected_p6,bace,1,42,0.8669141039236479,complete,151,151,151,0,True,32,0.9200070323488044,1
p6_tpsa_quantile_routing_last,p6_tpsa_quantile_routing_last_n8_evalfix,tpsa,quantile_assignment,reused_corrected_p6,bace,2,43,0.871523915461624,complete,151,151,151,0,True,27,0.9181291681291681,1
p6_tpsa_quantile_routing_last,p6_tpsa_quantile_routing_last_n8_evalfix,tpsa,quantile_assignment,reused_corrected_p6,bace,3,44,0.921578947368421,complete,151,151,151,0,True,29,0.898992673992674,1
p6_tpsa_quantile_routing_last,p6_tpsa_quantile_routing_last_n8_evalfix,tpsa,quantile_assignment,reused_corrected_p6,bace,4,45,0.8381858902575589,complete,151,151,151,0,True,33,0.8941271551724137,1
p6_tpsa_quantile_routing_last,p6_tpsa_quantile_routing_last_n8_evalfix,tpsa,quantile_assignment,reused_corrected_p6,bace,5,46,0.9174748563218391,complete,151,151,151,0,True,28,0.9287095639943741,1
p6_tpsa_quantile_routing_last,p6_tpsa_quantile_routing_last_n8_evalfix,tpsa,quantile_assignment,reused_corrected_p6,hiv,1,42,0.7394920996567641,complete,4112,4112,4112,0,True,8,0.7928948306285476,1
p6_tpsa_quantile_routing_last,p6_tpsa_quantile_routing_last_n8_evalfix,tpsa,quantile_assignment,reused_corrected_p6,hiv,2,43,0.8673975887699474,complete,4112,4112,4112,0,True,25,0.8090836387140596,1
p6_tpsa_quantile_routing_last,p6_tpsa_quantile_routing_last_n8_evalfix,tpsa,quantile_assignment,reused_corrected_p6,hiv,3,44,0.7602960460203707,complete,4112,4112,4112,0,True,28,0.8496538590215403,1
p6_tpsa_quantile_routing_last,p6_tpsa_quantile_routing_last_n8_evalfix,tpsa,quantile_assignment,reused_corrected_p6,hiv,4,45,0.793475857043532,complete,4112,4112,4112,0,True,10,0.8232084322369164,1
p6_tpsa_quantile_routing_last,p6_tpsa_quantile_routing_last_n8_evalfix,tpsa,quantile_assignment,reused_corrected_p6,hiv,5,46,0.7252439067655301,complete,4112,4112,4112,0,True,16,0.8202688173058934,1
p6_tpsa_quantile_routing_last,p6_tpsa_quantile_routing_last_n8_evalfix,tpsa,quantile_assignment,reused_corrected_p6,muv,1,42,0.7202583268794669,complete,9308,9308,9308,0,True,26,0.7656199060323563,16
p6_tpsa_quantile_routing_last,p6_tpsa_quantile_routing_last_n8_evalfix,tpsa,quantile_assignment,reused_corrected_p6,muv,2,43,0.8017242021895136,complete,9308,9308,9308,0,True,15,0.7737839433809899,17
p6_tpsa_quantile_routing_last,p6_tpsa_quantile_routing_last_n8_evalfix,tpsa,quantile_assignment,reused_corrected_p6,muv,3,44,0.712981879154596,complete,9308,9308,9308,0,True,33,0.8017406009078549,16
p6_tpsa_quantile_routing_last,p6_tpsa_quantile_routing_last_n8_evalfix,tpsa,quantile_assignment,reused_corrected_p6,muv,4,45,0.796454103930077,complete,9308,9308,9308,0,True,14,0.7526184499395595,17
p6_tpsa_quantile_routing_last,p6_tpsa_quantile_routing_last_n8_evalfix,tpsa,quantile_assignment,reused_corrected_p6,muv,5,46,0.7500134748406095,complete,9308,9308,9308,0,True,12,0.7620354124613123,17
p6_logp_quantile_routing_last,p6_logp_quantile_routing_last_n8_evalfix,logp,quantile_assignment,reused_corrected_p6,bbbp,1,42,0.9281017724413951,complete,203,203,203,0,True,18,0.9610745614035088,1
p6_logp_quantile_routing_last,p6_logp_quantile_routing_last_n8_evalfix,logp,quantile_assignment,reused_corrected_p6,bbbp,2,43,0.9475520475863647,complete,203,203,203,0,True,22,0.9810810810810812,1
p6_logp_quantile_routing_last,p6_logp_quantile_routing_last_n8_evalfix,logp,quantile_assignment,reused_corrected_p6,bbbp,3,44,0.9454346466541588,complete,203,203,203,0,True,5,0.9690566037735848,1
p6_logp_quantile_routing_last,p6_logp_quantile_routing_last_n8_evalfix,logp,quantile_assignment,reused_corrected_p6,bbbp,4,45,0.9489825581395349,complete,203,203,203,0,True,14,0.9346016646848989,1
p6_logp_quantile_routing_last,p6_logp_quantile_routing_last_n8_evalfix,logp,quantile_assignment,reused_corrected_p6,bbbp,5,46,0.9658735880797885,complete,203,203,203,0,True,14,0.947561919504644,1
p6_logp_quantile_routing_last,p6_logp_quantile_routing_last_n8_evalfix,logp,quantile_assignment,reused_corrected_p6,tox21,1,42,0.800119450706649,complete,782,782,782,0,True,13,0.8364170088335993,12
p6_logp_quantile_routing_last,p6_logp_quantile_routing_last_n8_evalfix,logp,quantile_assignment,reused_corrected_p6,tox21,2,43,0.8159761757461895,complete,782,782,782,0,True,17,0.7686884415725915,12
p6_logp_quantile_routing_last,p6_logp_quantile_routing_last_n8_evalfix,logp,quantile_assignment,reused_corrected_p6,tox21,3,44,0.7952401313576042,complete,782,782,782,0,True,11,0.8152948185130088,12
p6_logp_quantile_routing_last,p6_logp_quantile_routing_last_n8_evalfix,logp,quantile_assignment,reused_corrected_p6,tox21,4,45,0.8322811113531746,complete,782,782,782,0,True,15,0.7896366063798318,12
p6_logp_quantile_routing_last,p6_logp_quantile_routing_last_n8_evalfix,logp,quantile_assignment,reused_corrected_p6,tox21,5,46,0.8208043051240809,complete,782,782,782,0,True,12,0.8411362620970896,12
p6_logp_quantile_routing_last,p6_logp_quantile_routing_last_n8_evalfix,logp,quantile_assignment,reused_corrected_p6,toxcast,1,42,0.7078832316565931,complete,857,857,857,0,True,43,0.7014679891033861,608
p6_logp_quantile_routing_last,p6_logp_quantile_routing_last_n8_evalfix,logp,quantile_assignment,reused_corrected_p6,toxcast,2,43,0.6944162729244644,complete,857,857,857,0,True,30,0.7265486706300512,606
p6_logp_quantile_routing_last,p6_logp_quantile_routing_last_n8_evalfix,logp,quantile_assignment,reused_corrected_p6,toxcast,3,44,0.6538740544238403,complete,857,857,857,0,True,20,0.7139815672495647,610
p6_logp_quantile_routing_last,p6_logp_quantile_routing_last_n8_evalfix,logp,quantile_assignment,reused_corrected_p6,toxcast,4,45,0.7073347409970446,complete,857,857,857,0,True,38,0.7196669587938593,614
p6_logp_quantile_routing_last,p6_logp_quantile_routing_last_n8_evalfix,logp,quantile_assignment,reused_corrected_p6,toxcast,5,46,0.665633609670115,complete,857,857,857,0,True,29,0.7113150758338481,611
p6_logp_quantile_routing_last,p6_logp_quantile_routing_last_n8_evalfix,logp,quantile_assignment,reused_corrected_p6,sider,1,42,0.5963970036514881,complete,137,137,137,0,True,33,0.6291106101101315,27
p6_logp_quantile_routing_last,p6_logp_quantile_routing_last_n8_evalfix,logp,quantile_assignment,reused_corrected_p6,sider,2,43,0.6544696628614434,complete,137,137,137,0,True,10,0.6351894942053966,27
p6_logp_quantile_routing_last,p6_logp_quantile_routing_last_n8_evalfix,logp,quantile_assignment,reused_corrected_p6,sider,3,44,0.6265333528951577,complete,137,137,137,0,True,11,0.6481829026685617,27
p6_logp_quantile_routing_last,p6_logp_quantile_routing_last_n8_evalfix,logp,quantile_assignment,reused_corrected_p6,sider,4,45,0.6287657342465287,complete,137,137,137,0,True,33,0.6414594208228552,27
p6_logp_quantile_routing_last,p6_logp_quantile_routing_last_n8_evalfix,logp,quantile_assignment,reused_corrected_p6,sider,5,46,0.6253586934800133,complete,137,137,137,0,True,8,0.6530258050399025,27
p6_logp_quantile_routing_last,p6_logp_quantile_routing_last_n8_evalfix,logp,quantile_assignment,reused_corrected_p6,clintox,1,42,0.7932971014492753,complete,146,146,146,0,True,34,0.8207324065042054,2
p6_logp_quantile_routing_last,p6_logp_quantile_routing_last_n8_evalfix,logp,quantile_assignment,reused_corrected_p6,clintox,2,43,0.9058680902430902,complete,146,146,146,0,True,12,0.926987747653806,2
p6_logp_quantile_routing_last,p6_logp_quantile_routing_last_n8_evalfix,logp,quantile_assignment,reused_corrected_p6,clintox,3,44,0.905580132222468,complete,146,146,146,0,True,8,0.8165138897285533,2
p6_logp_quantile_routing_last,p6_logp_quantile_routing_last_n8_evalfix,logp,quantile_assignment,reused_corrected_p6,clintox,4,45,0.8576575623904767,complete,146,146,146,0,True,22,0.9560975454174321,2
p6_logp_quantile_routing_last,p6_logp_quantile_routing_last_n8_evalfix,logp,quantile_assignment,reused_corrected_p6,clintox,5,46,0.8569946798852452,complete,146,146,146,0,True,33,0.9669161856661856,2
p6_logp_quantile_routing_last,p6_logp_quantile_routing_last_n8_evalfix,logp,quantile_assignment,reused_corrected_p6,bace,1,42,0.8315659243548957,complete,151,151,151,0,True,12,0.9003164556962026,1
p6_logp_quantile_routing_last,p6_logp_quantile_routing_last_n8_evalfix,logp,quantile_assignment,reused_corrected_p6,bace,2,43,0.8529847979236188,complete,151,151,151,0,True,37,0.9184801684801684,1
p6_logp_quantile_routing_last,p6_logp_quantile_routing_last_n8_evalfix,logp,quantile_assignment,reused_corrected_p6,bace,3,44,0.9236842105263159,complete,151,151,151,0,True,24,0.9032967032967033,1
p6_logp_quantile_routing_last,p6_logp_quantile_routing_last_n8_evalfix,logp,quantile_assignment,reused_corrected_p6,bace,4,45,0.8422918999626726,complete,151,151,151,0,True,6,0.9032866379310344,1
p6_logp_quantile_routing_last,p6_logp_quantile_routing_last_n8_evalfix,logp,quantile_assignment,reused_corrected_p6,bace,5,46,0.9151400862068965,complete,151,151,151,0,True,26,0.9311708860759493,1
p6_logp_quantile_routing_last,p6_logp_quantile_routing_last_n8_evalfix,logp,quantile_assignment,reused_corrected_p6,hiv,1,42,0.7749678216356966,complete,4112,4112,4112,0,True,9,0.8161278826178038,1
p6_logp_quantile_routing_last,p6_logp_quantile_routing_last_n8_evalfix,logp,quantile_assignment,reused_corrected_p6,hiv,2,43,0.8568334273235482,complete,4112,4112,4112,0,True,69,0.815047464107494,1
p6_logp_quantile_routing_last,p6_logp_quantile_routing_last_n8_evalfix,logp,quantile_assignment,reused_corrected_p6,hiv,3,44,0.8079284789694046,complete,4112,4112,4112,0,True,7,0.8584828130495576,1
p6_logp_quantile_routing_last,p6_logp_quantile_routing_last_n8_evalfix,logp,quantile_assignment,reused_corrected_p6,hiv,4,45,0.7789323290805327,complete,4112,4112,4112,0,True,10,0.8153272295693456,1
p6_logp_quantile_routing_last,p6_logp_quantile_routing_last_n8_evalfix,logp,quantile_assignment,reused_corrected_p6,hiv,5,46,0.747537872068684,complete,4112,4112,4112,0,True,13,0.7888142069171421,1
p6_logp_quantile_routing_last,p6_logp_quantile_routing_last_n8_evalfix,logp,quantile_assignment,reused_corrected_p6,muv,1,42,0.738656857553729,complete,9308,9308,9308,0,True,10,0.8333697967070316,16
p6_logp_quantile_routing_last,p6_logp_quantile_routing_last_n8_evalfix,logp,quantile_assignment,reused_corrected_p6,muv,2,43,0.7470368648360604,complete,9308,9308,9308,0,True,21,0.8068902700488044,17
p6_logp_quantile_routing_last,p6_logp_quantile_routing_last_n8_evalfix,logp,quantile_assignment,reused_corrected_p6,muv,3,44,0.7979951616277972,complete,9308,9308,9308,0,True,28,0.8581741968898392,16
p6_logp_quantile_routing_last,p6_logp_quantile_routing_last_n8_evalfix,logp,quantile_assignment,reused_corrected_p6,muv,4,45,0.6853662292527029,complete,9308,9308,9308,0,True,38,0.7602887725820597,17
p6_logp_quantile_routing_last,p6_logp_quantile_routing_last_n8_evalfix,logp,quantile_assignment,reused_corrected_p6,muv,5,46,0.7249407937956122,complete,9308,9308,9308,0,True,13,0.7934408365934335,17
p6_logp_descriptor_concat_last,p6_logp_descriptor_concat_last_n8_evalfix,logp,descriptor_concatenation,reused_corrected_p6,bbbp,1,42,0.942967409948542,complete,203,203,203,0,True,24,0.9672880116959064,1
p6_logp_descriptor_concat_last,p6_logp_descriptor_concat_last_n8_evalfix,logp,descriptor_concatenation,reused_corrected_p6,bbbp,2,43,0.9663120567375886,complete,203,203,203,0,True,12,0.9780780780780781,1
p6_logp_descriptor_concat_last,p6_logp_descriptor_concat_last_n8_evalfix,logp,descriptor_concatenation,reused_corrected_p6,bbbp,3,44,0.9151031894934333,complete,203,203,203,0,True,15,0.9738364779874215,1
p6_logp_descriptor_concat_last,p6_logp_descriptor_concat_last_n8_evalfix,logp,descriptor_concatenation,reused_corrected_p6,bbbp,4,45,0.9550872093023256,complete,203,203,203,0,True,31,0.936385255648038,1
p6_logp_descriptor_concat_last,p6_logp_descriptor_concat_last_n8_evalfix,logp,descriptor_concatenation,reused_corrected_p6,bbbp,5,46,0.9490507089641913,complete,203,203,203,0,True,18,0.9510448916408668,1
p6_logp_descriptor_concat_last,p6_logp_descriptor_concat_last_n8_evalfix,logp,descriptor_concatenation,reused_corrected_p6,tox21,1,42,0.7920951751404899,complete,782,782,782,0,True,12,0.8217546553789686,12
p6_logp_descriptor_concat_last,p6_logp_descriptor_concat_last_n8_evalfix,logp,descriptor_concatenation,reused_corrected_p6,tox21,2,43,0.8248961241684282,complete,782,782,782,0,True,17,0.7743235905467564,12
p6_logp_descriptor_concat_last,p6_logp_descriptor_concat_last_n8_evalfix,logp,descriptor_concatenation,reused_corrected_p6,tox21,3,44,0.8117280526600292,complete,782,782,782,0,True,11,0.8179026121210659,12
p6_logp_descriptor_concat_last,p6_logp_descriptor_concat_last_n8_evalfix,logp,descriptor_concatenation,reused_corrected_p6,tox21,4,45,0.8343210359008327,complete,782,782,782,0,True,12,0.7995992550699569,12
p6_logp_descriptor_concat_last,p6_logp_descriptor_concat_last_n8_evalfix,logp,descriptor_concatenation,reused_corrected_p6,tox21,5,46,0.7909555423691227,complete,782,782,782,0,True,11,0.8429525808645398,12
p6_logp_descriptor_concat_last,p6_logp_descriptor_concat_last_n8_evalfix,logp,descriptor_concatenation,reused_corrected_p6,toxcast,1,42,0.709207225523988,complete,857,857,857,0,True,34,0.7103286935710839,608
p6_logp_descriptor_concat_last,p6_logp_descriptor_concat_last_n8_evalfix,logp,descriptor_concatenation,reused_corrected_p6,toxcast,2,43,0.7146353027998125,complete,857,857,857,0,True,33,0.7366938499383001,606
p6_logp_descriptor_concat_last,p6_logp_descriptor_concat_last_n8_evalfix,logp,descriptor_concatenation,reused_corrected_p6,toxcast,3,44,0.6434083265587032,complete,857,857,857,0,True,20,0.7106347299913393,610
p6_logp_descriptor_concat_last,p6_logp_descriptor_concat_last_n8_evalfix,logp,descriptor_concatenation,reused_corrected_p6,toxcast,4,45,0.7089403996080811,complete,857,857,857,0,True,37,0.7258279707904602,614
p6_logp_descriptor_concat_last,p6_logp_descriptor_concat_last_n8_evalfix,logp,descriptor_concatenation,reused_corrected_p6,toxcast,5,46,0.6812425280533851,complete,857,857,857,0,True,31,0.7204827464574335,611
p6_logp_descriptor_concat_last,p6_logp_descriptor_concat_last_n8_evalfix,logp,descriptor_concatenation,reused_corrected_p6,sider,1,42,0.6030563521869093,complete,137,137,137,0,True,19,0.6403325287614015,27
p6_logp_descriptor_concat_last,p6_logp_descriptor_concat_last_n8_evalfix,logp,descriptor_concatenation,reused_corrected_p6,sider,2,43,0.6283092704549955,complete,137,137,137,0,True,7,0.6267552048234383,27
p6_logp_descriptor_concat_last,p6_logp_descriptor_concat_last_n8_evalfix,logp,descriptor_concatenation,reused_corrected_p6,sider,3,44,0.6349245993243214,complete,137,137,137,0,True,11,0.637015683716252,27
p6_logp_descriptor_concat_last,p6_logp_descriptor_concat_last_n8_evalfix,logp,descriptor_concatenation,reused_corrected_p6,sider,4,45,0.6653734724161242,complete,137,137,137,0,True,35,0.6356873939703557,27
p6_logp_descriptor_concat_last,p6_logp_descriptor_concat_last_n8_evalfix,logp,descriptor_concatenation,reused_corrected_p6,sider,5,46,0.5871322545822217,complete,137,137,137,0,True,9,0.6571841948674536,27
p6_logp_descriptor_concat_last,p6_logp_descriptor_concat_last_n8_evalfix,logp,descriptor_concatenation,reused_corrected_p6,clintox,1,42,0.7879981884057972,complete,146,146,146,0,True,37,0.8649799728943484,2
p6_logp_descriptor_concat_last,p6_logp_descriptor_concat_last_n8_evalfix,logp,descriptor_concatenation,reused_corrected_p6,clintox,2,43,0.9199623293373294,complete,146,146,146,0,True,27,0.8776307785888078,2
p6_logp_descriptor_concat_last,p6_logp_descriptor_concat_last_n8_evalfix,logp,descriptor_concatenation,reused_corrected_p6,clintox,3,44,0.8499606773329401,complete,146,146,146,0,True,29,0.8503710476996553,2
p6_logp_descriptor_concat_last,p6_logp_descriptor_concat_last_n8_evalfix,logp,descriptor_concatenation,reused_corrected_p6,clintox,4,45,0.9170080050873453,complete,146,146,146,0,True,36,0.9848789293733415,2
p6_logp_descriptor_concat_last,p6_logp_descriptor_concat_last_n8_evalfix,logp,descriptor_concatenation,reused_corrected_p6,clintox,5,46,0.8346981636828025,complete,146,146,146,0,True,43,0.9669883357383358,2
p6_logp_descriptor_concat_last,p6_logp_descriptor_concat_last_n8_evalfix,logp,descriptor_concatenation,reused_corrected_p6,bace,1,42,0.8349240014139272,complete,151,151,151,0,True,22,0.9317862165963432,1
p6_logp_descriptor_concat_last,p6_logp_descriptor_concat_last_n8_evalfix,logp,descriptor_concatenation,reused_corrected_p6,bace,2,43,0.8624397478680014,complete,151,151,151,0,True,42,0.9449806949806949,1
p6_logp_descriptor_concat_last,p6_logp_descriptor_concat_last_n8_evalfix,logp,descriptor_concatenation,reused_corrected_p6,bace,3,44,0.9040350877192982,complete,151,151,151,0,True,35,0.9165750915750916,1
p6_logp_descriptor_concat_last,p6_logp_descriptor_concat_last_n8_evalfix,logp,descriptor_concatenation,reused_corrected_p6,bace,4,45,0.8443449048152295,complete,151,151,151,0,True,13,0.9318426724137931,1
p6_logp_descriptor_concat_last,p6_logp_descriptor_concat_last_n8_evalfix,logp,descriptor_concatenation,reused_corrected_p6,bace,5,46,0.9383081896551724,complete,151,151,151,0,True,43,0.9454113924050633,1
p6_logp_descriptor_concat_last,p6_logp_descriptor_concat_last_n8_evalfix,logp,descriptor_concatenation,reused_corrected_p6,hiv,1,42,0.7909941265238489,complete,4112,4112,4112,0,True,9,0.8219778691445807,1
p6_logp_descriptor_concat_last,p6_logp_descriptor_concat_last_n8_evalfix,logp,descriptor_concatenation,reused_corrected_p6,hiv,2,43,0.8575768814554765,complete,4112,4112,4112,0,True,14,0.8123784639486412,1
p6_logp_descriptor_concat_last,p6_logp_descriptor_concat_last_n8_evalfix,logp,descriptor_concatenation,reused_corrected_p6,hiv,3,44,0.8079088025343248,complete,4112,4112,4112,0,True,8,0.8573727599488724,1
p6_logp_descriptor_concat_last,p6_logp_descriptor_concat_last_n8_evalfix,logp,descriptor_concatenation,reused_corrected_p6,hiv,4,45,0.7774256316753299,complete,4112,4112,4112,0,True,9,0.8311503899626993,1
p6_logp_descriptor_concat_last,p6_logp_descriptor_concat_last_n8_evalfix,logp,descriptor_concatenation,reused_corrected_p6,hiv,5,46,0.7518075708660019,complete,4112,4112,4112,0,True,43,0.8127878127084487,1
p6_logp_descriptor_concat_last,p6_logp_descriptor_concat_last_n8_evalfix,logp,descriptor_concatenation,reused_corrected_p6,muv,1,42,0.7572671483828366,complete,9308,9308,9308,0,True,14,0.7685352497393547,16
p6_logp_descriptor_concat_last,p6_logp_descriptor_concat_last_n8_evalfix,logp,descriptor_concatenation,reused_corrected_p6,muv,2,43,0.7808841862177452,complete,9308,9308,9308,0,True,15,0.8526887636421493,17
p6_logp_descriptor_concat_last,p6_logp_descriptor_concat_last_n8_evalfix,logp,descriptor_concatenation,reused_corrected_p6,muv,3,44,0.7370818486089248,complete,9308,9308,9308,0,True,25,0.8190362077707012,16
p6_logp_descriptor_concat_last,p6_logp_descriptor_concat_last_n8_evalfix,logp,descriptor_concatenation,reused_corrected_p6,muv,4,45,0.7999003536559015,complete,9308,9308,9308,0,True,22,0.8134391616657933,17
p6_logp_descriptor_concat_last,p6_logp_descriptor_concat_last_n8_evalfix,logp,descriptor_concatenation,reused_corrected_p6,muv,5,46,0.6941200500472826,complete,9308,9308,9308,0,True,17,0.7554963246426388,17
p6_logp_descriptor_auxiliary,p6_logp_descriptor_auxiliary_n8_evalfix,logp,auxiliary_descriptor_prediction,reused_corrected_p6,bbbp,1,42,0.9292452830188679,complete,203,203,203,0,True,30,0.9638157894736842,1
p6_logp_descriptor_auxiliary,p6_logp_descriptor_auxiliary_n8_evalfix,logp,auxiliary_descriptor_prediction,reused_corrected_p6,bbbp,2,43,0.9540722946694121,complete,203,203,203,0,True,21,0.9825825825825827,1
p6_logp_descriptor_auxiliary,p6_logp_descriptor_auxiliary_n8_evalfix,logp,auxiliary_descriptor_prediction,reused_corrected_p6,bbbp,3,44,0.9319887429643527,complete,203,203,203,0,True,29,0.9755974842767295,1
p6_logp_descriptor_auxiliary,p6_logp_descriptor_auxiliary_n8_evalfix,logp,auxiliary_descriptor_prediction,reused_corrected_p6,bbbp,4,45,0.932703488372093,complete,203,203,203,0,True,33,0.9478002378121284,1
p6_logp_descriptor_auxiliary,p6_logp_descriptor_auxiliary_n8_evalfix,logp,auxiliary_descriptor_prediction,reused_corrected_p6,bbbp,5,46,0.9484498918529201,complete,203,203,203,0,True,18,0.9393059855521156,1
p6_logp_descriptor_auxiliary,p6_logp_descriptor_auxiliary_n8_evalfix,logp,auxiliary_descriptor_prediction,reused_corrected_p6,tox21,1,42,0.7952994483599746,complete,782,782,782,0,True,12,0.824865574321984,12
p6_logp_descriptor_auxiliary,p6_logp_descriptor_auxiliary_n8_evalfix,logp,auxiliary_descriptor_prediction,reused_corrected_p6,tox21,2,43,0.8225995613803933,complete,782,782,782,0,True,19,0.7583050613107126,12
p6_logp_descriptor_auxiliary,p6_logp_descriptor_auxiliary_n8_evalfix,logp,auxiliary_descriptor_prediction,reused_corrected_p6,tox21,3,44,0.8021234561984881,complete,782,782,782,0,True,11,0.8205450733426236,12
p6_logp_descriptor_auxiliary,p6_logp_descriptor_auxiliary_n8_evalfix,logp,auxiliary_descriptor_prediction,reused_corrected_p6,tox21,4,45,0.8460362900547719,complete,782,782,782,0,True,11,0.827978372908737,12
p6_logp_descriptor_auxiliary,p6_logp_descriptor_auxiliary_n8_evalfix,logp,auxiliary_descriptor_prediction,reused_corrected_p6,tox21,5,46,0.8096611985137584,complete,782,782,782,0,True,12,0.8457170099061582,12
p6_logp_descriptor_auxiliary,p6_logp_descriptor_auxiliary_n8_evalfix,logp,auxiliary_descriptor_prediction,reused_corrected_p6,toxcast,1,42,0.7023985691118328,complete,857,857,857,0,True,41,0.7057624968760916,608
p6_logp_descriptor_auxiliary,p6_logp_descriptor_auxiliary_n8_evalfix,logp,auxiliary_descriptor_prediction,reused_corrected_p6,toxcast,2,43,0.704264320845108,complete,857,857,857,0,True,37,0.732365552071235,606
p6_logp_descriptor_auxiliary,p6_logp_descriptor_auxiliary_n8_evalfix,logp,auxiliary_descriptor_prediction,reused_corrected_p6,toxcast,3,44,0.6649956422709369,complete,857,857,857,0,True,23,0.7062292547537713,610
p6_logp_descriptor_auxiliary,p6_logp_descriptor_auxiliary_n8_evalfix,logp,auxiliary_descriptor_prediction,reused_corrected_p6,toxcast,4,45,0.6905085370941197,complete,857,857,857,0,True,38,0.7218748121789874,614
p6_logp_descriptor_auxiliary,p6_logp_descriptor_auxiliary_n8_evalfix,logp,auxiliary_descriptor_prediction,reused_corrected_p6,toxcast,5,46,0.664790071943619,complete,857,857,857,0,True,32,0.7185684646490667,611
p6_logp_descriptor_auxiliary,p6_logp_descriptor_auxiliary_n8_evalfix,logp,auxiliary_descriptor_prediction,reused_corrected_p6,sider,1,42,0.5934680131291494,complete,137,137,137,0,True,16,0.6362704247422833,27
p6_logp_descriptor_auxiliary,p6_logp_descriptor_auxiliary_n8_evalfix,logp,auxiliary_descriptor_prediction,reused_corrected_p6,sider,2,43,0.659683474204982,complete,137,137,137,0,True,9,0.6324368702706565,27
p6_logp_descriptor_auxiliary,p6_logp_descriptor_auxiliary_n8_evalfix,logp,auxiliary_descriptor_prediction,reused_corrected_p6,sider,3,44,0.6253247653465352,complete,137,137,137,0,True,23,0.6568245905075559,27
p6_logp_descriptor_auxiliary,p6_logp_descriptor_auxiliary_n8_evalfix,logp,auxiliary_descriptor_prediction,reused_corrected_p6,sider,4,45,0.651696333804726,complete,137,137,137,0,True,18,0.6509816684720079,27
p6_logp_descriptor_auxiliary,p6_logp_descriptor_auxiliary_n8_evalfix,logp,auxiliary_descriptor_prediction,reused_corrected_p6,sider,5,46,0.6044391066812776,complete,137,137,137,0,True,11,0.6492213573651516,27
p6_logp_descriptor_auxiliary,p6_logp_descriptor_auxiliary_n8_evalfix,logp,auxiliary_descriptor_prediction,reused_corrected_p6,clintox,1,42,0.907718685300207,complete,146,146,146,0,True,31,0.865959747244115,2
p6_logp_descriptor_auxiliary,p6_logp_descriptor_auxiliary_n8_evalfix,logp,auxiliary_descriptor_prediction,reused_corrected_p6,clintox,2,43,0.9067692723942724,complete,146,146,146,0,True,14,0.9144949889931642,2
p6_logp_descriptor_auxiliary,p6_logp_descriptor_auxiliary_n8_evalfix,logp,auxiliary_descriptor_prediction,reused_corrected_p6,clintox,3,44,0.8401054339010543,complete,146,146,146,0,True,11,0.8491385043225923,2
p6_logp_descriptor_auxiliary,p6_logp_descriptor_auxiliary_n8_evalfix,logp,auxiliary_descriptor_prediction,reused_corrected_p6,clintox,4,45,0.8443642473002253,complete,146,146,146,0,True,51,0.9799735915492958,2
p6_logp_descriptor_auxiliary,p6_logp_descriptor_auxiliary_n8_evalfix,logp,auxiliary_descriptor_prediction,reused_corrected_p6,clintox,5,46,0.7992292188691579,complete,146,146,146,0,True,37,0.967643698893699,2
p6_logp_descriptor_auxiliary,p6_logp_descriptor_auxiliary_n8_evalfix,logp,auxiliary_descriptor_prediction,reused_corrected_p6,bace,1,42,0.8506539413220219,complete,151,151,151,0,True,33,0.9221167369901547,1
p6_logp_descriptor_auxiliary,p6_logp_descriptor_auxiliary_n8_evalfix,logp,auxiliary_descriptor_prediction,reused_corrected_p6,bace,2,43,0.8806080830552465,complete,151,151,151,0,True,58,0.9304141804141804,1
p6_logp_descriptor_auxiliary,p6_logp_descriptor_auxiliary_n8_evalfix,logp,auxiliary_descriptor_prediction,reused_corrected_p6,bace,3,44,0.9154385964912279,complete,151,151,151,0,True,20,0.920054945054945,1
p6_logp_descriptor_auxiliary,p6_logp_descriptor_auxiliary_n8_evalfix,logp,auxiliary_descriptor_prediction,reused_corrected_p6,bace,4,45,0.8463979096677864,complete,151,151,151,0,True,16,0.9187320402298851,1
p6_logp_descriptor_auxiliary,p6_logp_descriptor_auxiliary_n8_evalfix,logp,auxiliary_descriptor_prediction,reused_corrected_p6,bace,5,46,0.9095725574712644,complete,151,151,151,0,True,19,0.9369725738396626,1
p6_logp_descriptor_auxiliary,p6_logp_descriptor_auxiliary_n8_evalfix,logp,auxiliary_descriptor_prediction,reused_corrected_p6,hiv,1,42,0.7662852112676055,complete,4112,4112,4112,0,True,7,0.8062515754978574,1
p6_logp_descriptor_auxiliary,p6_logp_descriptor_auxiliary_n8_evalfix,logp,auxiliary_descriptor_prediction,reused_corrected_p6,hiv,2,43,0.8587792787986865,complete,4112,4112,4112,0,True,27,0.8167441758554769,1
p6_logp_descriptor_auxiliary,p6_logp_descriptor_auxiliary_n8_evalfix,logp,auxiliary_descriptor_prediction,reused_corrected_p6,hiv,3,44,0.8057514219737995,complete,4112,4112,4112,0,True,30,0.8581551157663571,1
p6_logp_descriptor_auxiliary,p6_logp_descriptor_auxiliary_n8_evalfix,logp,auxiliary_descriptor_prediction,reused_corrected_p6,hiv,4,45,0.795054150418359,complete,4112,4112,4112,0,True,26,0.8501172713914322,1
p6_logp_descriptor_auxiliary,p6_logp_descriptor_auxiliary_n8_evalfix,logp,auxiliary_descriptor_prediction,reused_corrected_p6,hiv,5,46,0.7551247028772128,complete,4112,4112,4112,0,True,9,0.8070074658876394,1
p6_logp_descriptor_auxiliary,p6_logp_descriptor_auxiliary_n8_evalfix,logp,auxiliary_descriptor_prediction,reused_corrected_p6,muv,1,42,0.783902968873264,complete,9308,9308,9308,0,True,13,0.7694367796476062,16
p6_logp_descriptor_auxiliary,p6_logp_descriptor_auxiliary_n8_evalfix,logp,auxiliary_descriptor_prediction,reused_corrected_p6,muv,2,43,0.8236165939354145,complete,9308,9308,9308,0,True,15,0.8335850178852591,17
p6_logp_descriptor_auxiliary,p6_logp_descriptor_auxiliary_n8_evalfix,logp,auxiliary_descriptor_prediction,reused_corrected_p6,muv,3,44,0.8164541404041712,complete,9308,9308,9308,0,True,14,0.7943967936501652,16
p6_logp_descriptor_auxiliary,p6_logp_descriptor_auxiliary_n8_evalfix,logp,auxiliary_descriptor_prediction,reused_corrected_p6,muv,4,45,0.7398348868383275,complete,9308,9308,9308,0,True,13,0.7690152787178167,17
p6_logp_descriptor_auxiliary,p6_logp_descriptor_auxiliary_n8_evalfix,logp,auxiliary_descriptor_prediction,reused_corrected_p6,muv,5,46,0.7321145532294672,complete,9308,9308,9308,0,True,13,0.782276726710041,17
p8_tpsa_stable_random_last,p8_tpsa_stable_random_last_n8_evalfix,tpsa,stable_random_assignment,corrected_p8,bbbp,1,42,0.9308176100628932,complete,203,203,203,0,True,15,0.9521198830409356,1
p8_tpsa_stable_random_last,p8_tpsa_stable_random_last_n8_evalfix,tpsa,stable_random_assignment,corrected_p8,bbbp,2,43,0.9469229009380005,complete,203,203,203,0,True,28,0.9747747747747748,1
p8_tpsa_stable_random_last,p8_tpsa_stable_random_last_n8_evalfix,tpsa,stable_random_assignment,corrected_p8,bbbp,3,44,0.9487179487179487,complete,203,203,203,0,True,5,0.9615094339622641,1
p8_tpsa_stable_random_last,p8_tpsa_stable_random_last_n8_evalfix,tpsa,stable_random_assignment,corrected_p8,bbbp,4,45,0.897093023255814,complete,203,203,203,0,True,11,0.9140309155766945,1
p8_tpsa_stable_random_last,p8_tpsa_stable_random_last_n8_evalfix,tpsa,stable_random_assignment,corrected_p8,bbbp,5,46,0.9641913001682288,complete,203,203,203,0,True,16,0.9383384932920537,1
p8_tpsa_stable_random_last,p8_tpsa_stable_random_last_n8_evalfix,tpsa,stable_random_assignment,corrected_p8,tox21,1,42,0.7731147830347815,complete,782,782,782,0,True,27,0.8207573540199963,12
p8_tpsa_stable_random_last,p8_tpsa_stable_random_last_n8_evalfix,tpsa,stable_random_assignment,corrected_p8,tox21,2,43,0.8188457885917608,complete,782,782,782,0,True,10,0.7559508194023475,12
p8_tpsa_stable_random_last,p8_tpsa_stable_random_last_n8_evalfix,tpsa,stable_random_assignment,corrected_p8,tox21,3,44,0.8033474355192594,complete,782,782,782,0,True,11,0.818720551749378,12
p8_tpsa_stable_random_last,p8_tpsa_stable_random_last_n8_evalfix,tpsa,stable_random_assignment,corrected_p8,tox21,4,45,0.8230680336783543,complete,782,782,782,0,True,17,0.8049350832297679,12
p8_tpsa_stable_random_last,p8_tpsa_stable_random_last_n8_evalfix,tpsa,stable_random_assignment,corrected_p8,tox21,5,46,0.8129106157098639,complete,782,782,782,0,True,9,0.8265639881938672,12
p8_tpsa_stable_random_last,p8_tpsa_stable_random_last_n8_evalfix,tpsa,stable_random_assignment,corrected_p8,toxcast,1,42,0.7061552097955093,complete,857,857,857,0,True,34,0.6924743005771196,608
p8_tpsa_stable_random_last,p8_tpsa_stable_random_last_n8_evalfix,tpsa,stable_random_assignment,corrected_p8,toxcast,2,43,0.7038913828214908,complete,857,857,857,0,True,33,0.7134734866584079,606
p8_tpsa_stable_random_last,p8_tpsa_stable_random_last_n8_evalfix,tpsa,stable_random_assignment,corrected_p8,toxcast,3,44,0.667644985335171,complete,857,857,857,0,True,30,0.7122444312560909,610
p8_tpsa_stable_random_last,p8_tpsa_stable_random_last_n8_evalfix,tpsa,stable_random_assignment,corrected_p8,toxcast,4,45,0.6957449714030731,complete,857,857,857,0,True,23,0.707029461397171,614
p8_tpsa_stable_random_last,p8_tpsa_stable_random_last_n8_evalfix,tpsa,stable_random_assignment,corrected_p8,toxcast,5,46,0.676008455137063,complete,857,857,857,0,True,40,0.7043308884114738,611
p8_tpsa_stable_random_last,p8_tpsa_stable_random_last_n8_evalfix,tpsa,stable_random_assignment,corrected_p8,sider,1,42,0.6120804654873686,complete,137,137,137,0,True,7,0.5916404593642712,27
p8_tpsa_stable_random_last,p8_tpsa_stable_random_last_n8_evalfix,tpsa,stable_random_assignment,corrected_p8,sider,2,43,0.6227140610328232,complete,137,137,137,0,True,7,0.6482494280503793,27
p8_tpsa_stable_random_last,p8_tpsa_stable_random_last_n8_evalfix,tpsa,stable_random_assignment,corrected_p8,sider,3,44,0.6178126353658183,complete,137,137,137,0,True,12,0.6229363185044335,27
p8_tpsa_stable_random_last,p8_tpsa_stable_random_last_n8_evalfix,tpsa,stable_random_assignment,corrected_p8,sider,4,45,0.6161872538512719,complete,137,137,137,0,True,31,0.6190525996649521,27
p8_tpsa_stable_random_last,p8_tpsa_stable_random_last_n8_evalfix,tpsa,stable_random_assignment,corrected_p8,sider,5,46,0.5906634044757727,complete,137,137,137,0,True,14,0.6689574449414146,27
p8_tpsa_stable_random_last,p8_tpsa_stable_random_last_n8_evalfix,tpsa,stable_random_assignment,corrected_p8,clintox,1,42,0.8443452380952381,complete,146,146,146,0,True,25,0.8207198176267304,2
p8_tpsa_stable_random_last,p8_tpsa_stable_random_last_n8_evalfix,tpsa,stable_random_assignment,corrected_p8,clintox,2,43,0.8605706793206793,complete,146,146,146,0,True,12,0.9004395492990382,2
p8_tpsa_stable_random_last,p8_tpsa_stable_random_last_n8_evalfix,tpsa,stable_random_assignment,corrected_p8,clintox,3,44,0.8824694634913612,complete,146,146,146,0,True,29,0.7983990538661508,2
p8_tpsa_stable_random_last,p8_tpsa_stable_random_last_n8_evalfix,tpsa,stable_random_assignment,corrected_p8,clintox,4,45,0.8681020145081417,complete,146,146,146,0,True,22,0.9198943661971831,2
p8_tpsa_stable_random_last,p8_tpsa_stable_random_last_n8_evalfix,tpsa,stable_random_assignment,corrected_p8,clintox,5,46,0.7882455120988731,complete,146,146,146,0,True,19,0.9353655603655604,2
p8_tpsa_stable_random_last,p8_tpsa_stable_random_last_n8_evalfix,tpsa,stable_random_assignment,corrected_p8,bace,1,42,0.8301519971721456,complete,151,151,151,0,True,6,0.90014064697609,1
p8_tpsa_stable_random_last,p8_tpsa_stable_random_last_n8_evalfix,tpsa,stable_random_assignment,corrected_p8,bace,2,43,0.8568780126065999,complete,151,151,151,0,True,11,0.9101439101439102,1
p8_tpsa_stable_random_last,p8_tpsa_stable_random_last_n8_evalfix,tpsa,stable_random_assignment,corrected_p8,bace,3,44,0.8936842105263157,complete,151,151,151,0,True,39,0.8807692307692307,1
p8_tpsa_stable_random_last,p8_tpsa_stable_random_last_n8_evalfix,tpsa,stable_random_assignment,corrected_p8,bace,4,45,0.8044046285927585,complete,151,151,151,0,True,16,0.8956537356321839,1
p8_tpsa_stable_random_last,p8_tpsa_stable_random_last_n8_evalfix,tpsa,stable_random_assignment,corrected_p8,bace,5,46,0.8746408045977012,complete,151,151,151,0,True,16,0.9193037974683544,1
p8_tpsa_stable_random_last,p8_tpsa_stable_random_last_n8_evalfix,tpsa,stable_random_assignment,corrected_p8,hiv,1,42,0.7533731802580187,complete,4112,4112,4112,0,True,10,0.8251836269916465,1
p8_tpsa_stable_random_last,p8_tpsa_stable_random_last_n8_evalfix,tpsa,stable_random_assignment,corrected_p8,hiv,2,43,0.829315463337889,complete,4112,4112,4112,0,True,32,0.8020557737498561,1
p8_tpsa_stable_random_last,p8_tpsa_stable_random_last_n8_evalfix,tpsa,stable_random_assignment,corrected_p8,hiv,3,44,0.8020789559121363,complete,4112,4112,4112,0,True,7,0.8353449828859665,1
p8_tpsa_stable_random_last,p8_tpsa_stable_random_last_n8_evalfix,tpsa,stable_random_assignment,corrected_p8,hiv,4,45,0.8068961237942046,complete,4112,4112,4112,0,True,9,0.82424833276817,1
p8_tpsa_stable_random_last,p8_tpsa_stable_random_last_n8_evalfix,tpsa,stable_random_assignment,corrected_p8,hiv,5,46,0.7412193564409125,complete,4112,4112,4112,0,True,16,0.7841676319474231,1
p8_tpsa_stable_random_last,p8_tpsa_stable_random_last_n8_evalfix,tpsa,stable_random_assignment,corrected_p8,muv,1,42,0.7208893792339799,complete,9308,9308,9308,0,True,13,0.8130940656449023,16
p8_tpsa_stable_random_last,p8_tpsa_stable_random_last_n8_evalfix,tpsa,stable_random_assignment,corrected_p8,muv,2,43,0.7392112650566844,complete,9308,9308,9308,0,True,14,0.8278673367337808,17
p8_tpsa_stable_random_last,p8_tpsa_stable_random_last_n8_evalfix,tpsa,stable_random_assignment,corrected_p8,muv,3,44,0.7570603654462841,complete,9308,9308,9308,0,True,25,0.7971792161120121,16
p8_tpsa_stable_random_last,p8_tpsa_stable_random_last_n8_evalfix,tpsa,stable_random_assignment,corrected_p8,muv,4,45,0.7952274869092112,complete,9308,9308,9308,0,True,41,0.7368955276202519,17
p8_tpsa_stable_random_last,p8_tpsa_stable_random_last_n8_evalfix,tpsa,stable_random_assignment,corrected_p8,muv,5,46,0.6867968933663351,complete,9308,9308,9308,0,True,43,0.7589395264291201,17
p8_tpsa_stable_random_conloss_last,p8_tpsa_stable_random_conloss_last_n8_evalfix,tpsa,stable_random_assignment_conloss,corrected_p8,bbbp,1,42,0.9445397369925672,complete,203,203,203,0,True,12,0.9608918128654971,1
p8_tpsa_stable_random_conloss_last,p8_tpsa_stable_random_conloss_last_n8_evalfix,tpsa,stable_random_assignment_conloss,corrected_p8,bbbp,2,43,0.9461221688400823,complete,203,203,203,0,True,28,0.9819819819819819,1
p8_tpsa_stable_random_conloss_last,p8_tpsa_stable_random_conloss_last_n8_evalfix,tpsa,stable_random_assignment_conloss,corrected_p8,bbbp,3,44,0.9055659787367104,complete,203,203,203,0,True,14,0.9657861635220126,1
p8_tpsa_stable_random_conloss_last,p8_tpsa_stable_random_conloss_last_n8_evalfix,tpsa,stable_random_assignment_conloss,corrected_p8,bbbp,4,45,0.9372093023255814,complete,203,203,203,0,True,36,0.938049940546968,1
p8_tpsa_stable_random_conloss_last,p8_tpsa_stable_random_conloss_last_n8_evalfix,tpsa,stable_random_assignment_conloss,corrected_p8,bbbp,5,46,0.9572218216774814,complete,203,203,203,0,True,20,0.938983488132095,1
p8_tpsa_stable_random_conloss_last,p8_tpsa_stable_random_conloss_last_n8_evalfix,tpsa,stable_random_assignment_conloss,corrected_p8,tox21,1,42,0.7799035441312778,complete,782,782,782,0,True,14,0.8170978912950829,12
p8_tpsa_stable_random_conloss_last,p8_tpsa_stable_random_conloss_last_n8_evalfix,tpsa,stable_random_assignment_conloss,corrected_p8,tox21,2,43,0.7939723962515695,complete,782,782,782,0,True,10,0.7455170279890492,12
p8_tpsa_stable_random_conloss_last,p8_tpsa_stable_random_conloss_last_n8_evalfix,tpsa,stable_random_assignment_conloss,corrected_p8,tox21,3,44,0.7918636805508107,complete,782,782,782,0,True,12,0.8074108709126352,12
p8_tpsa_stable_random_conloss_last,p8_tpsa_stable_random_conloss_last_n8_evalfix,tpsa,stable_random_assignment_conloss,corrected_p8,tox21,4,45,0.8118381524846173,complete,782,782,782,0,True,21,0.7931926547458855,12
p8_tpsa_stable_random_conloss_last,p8_tpsa_stable_random_conloss_last_n8_evalfix,tpsa,stable_random_assignment_conloss,corrected_p8,tox21,5,46,0.7861333686773797,complete,782,782,782,0,True,9,0.822173082605595,12
p8_tpsa_stable_random_conloss_last,p8_tpsa_stable_random_conloss_last_n8_evalfix,tpsa,stable_random_assignment_conloss,corrected_p8,toxcast,1,42,0.696890583670854,complete,857,857,857,0,True,42,0.6959157892388624,608
p8_tpsa_stable_random_conloss_last,p8_tpsa_stable_random_conloss_last_n8_evalfix,tpsa,stable_random_assignment_conloss,corrected_p8,toxcast,2,43,0.6873570392345628,complete,857,857,857,0,True,29,0.722930464496339,606
p8_tpsa_stable_random_conloss_last,p8_tpsa_stable_random_conloss_last_n8_evalfix,tpsa,stable_random_assignment_conloss,corrected_p8,toxcast,3,44,0.6558252963537351,complete,857,857,857,0,True,27,0.7126236159901543,610
p8_tpsa_stable_random_conloss_last,p8_tpsa_stable_random_conloss_last_n8_evalfix,tpsa,stable_random_assignment_conloss,corrected_p8,toxcast,4,45,0.6926014623538918,complete,857,857,857,0,True,39,0.7077534555663384,614
p8_tpsa_stable_random_conloss_last,p8_tpsa_stable_random_conloss_last_n8_evalfix,tpsa,stable_random_assignment_conloss,corrected_p8,toxcast,5,46,0.6655623581921559,complete,857,857,857,0,True,40,0.7065508881554229,611
p8_tpsa_stable_random_conloss_last,p8_tpsa_stable_random_conloss_last_n8_evalfix,tpsa,stable_random_assignment_conloss,corrected_p8,sider,1,42,0.5937655203992125,complete,137,137,137,0,True,8,0.610510925751722,27
p8_tpsa_stable_random_conloss_last,p8_tpsa_stable_random_conloss_last_n8_evalfix,tpsa,stable_random_assignment_conloss,corrected_p8,sider,2,43,0.6547307853018632,complete,137,137,137,0,True,15,0.6259663864088457,27
p8_tpsa_stable_random_conloss_last,p8_tpsa_stable_random_conloss_last_n8_evalfix,tpsa,stable_random_assignment_conloss,corrected_p8,sider,3,44,0.6112782617858173,complete,137,137,137,0,True,12,0.633636836909853,27
p8_tpsa_stable_random_conloss_last,p8_tpsa_stable_random_conloss_last_n8_evalfix,tpsa,stable_random_assignment_conloss,corrected_p8,sider,4,45,0.6259393598908831,complete,137,137,137,0,True,12,0.6345218055584768,27
p8_tpsa_stable_random_conloss_last,p8_tpsa_stable_random_conloss_last_n8_evalfix,tpsa,stable_random_assignment_conloss,corrected_p8,sider,5,46,0.5993100096188771,complete,137,137,137,0,True,9,0.6391009545156927,27
p8_tpsa_stable_random_conloss_last,p8_tpsa_stable_random_conloss_last_n8_evalfix,tpsa,stable_random_assignment_conloss,corrected_p8,clintox,1,42,0.7996376811594204,complete,146,146,146,0,True,24,0.8371037021370878,2
p8_tpsa_stable_random_conloss_last,p8_tpsa_stable_random_conloss_last_n8_evalfix,tpsa,stable_random_assignment_conloss,corrected_p8,clintox,2,43,0.9343604312354312,complete,146,146,146,0,True,30,0.9279363631097208,2
p8_tpsa_stable_random_conloss_last,p8_tpsa_stable_random_conloss_last_n8_evalfix,tpsa,stable_random_assignment_conloss,corrected_p8,clintox,3,44,0.81703900317039,complete,146,146,146,0,True,31,0.8353727102351731,2
p8_tpsa_stable_random_conloss_last,p8_tpsa_stable_random_conloss_last_n8_evalfix,tpsa,stable_random_assignment_conloss,corrected_p8,clintox,4,45,0.7392670827470513,complete,146,146,146,0,True,12,0.898480557256583,2
p8_tpsa_stable_random_conloss_last,p8_tpsa_stable_random_conloss_last_n8_evalfix,tpsa,stable_random_assignment_conloss,corrected_p8,clintox,5,46,0.8477389512292552,complete,146,146,146,0,True,30,0.9201479076479077,2
p8_tpsa_stable_random_conloss_last,p8_tpsa_stable_random_conloss_last_n8_evalfix,tpsa,stable_random_assignment_conloss,corrected_p8,bace,1,42,0.8559561682573348,complete,151,151,151,0,True,18,0.9112165963431786,1
p8_tpsa_stable_random_conloss_last,p8_tpsa_stable_random_conloss_last_n8_evalfix,tpsa,stable_random_assignment_conloss,corrected_p8,bace,2,43,0.8188728216536894,complete,151,151,151,0,True,13,0.9043524043524043,1
p8_tpsa_stable_random_conloss_last,p8_tpsa_stable_random_conloss_last_n8_evalfix,tpsa,stable_random_assignment_conloss,corrected_p8,bace,3,44,0.8756140350877193,complete,151,151,151,0,True,17,0.8866300366300366,1
p8_tpsa_stable_random_conloss_last,p8_tpsa_stable_random_conloss_last_n8_evalfix,tpsa,stable_random_assignment_conloss,corrected_p8,bace,4,45,0.8096304591265397,complete,151,151,151,0,True,6,0.8994252873563219,1
p8_tpsa_stable_random_conloss_last,p8_tpsa_stable_random_conloss_last_n8_evalfix,tpsa,stable_random_assignment_conloss,corrected_p8,bace,5,46,0.9078663793103448,complete,151,151,151,0,True,25,0.9217651195499297,1
p8_tpsa_stable_random_conloss_last,p8_tpsa_stable_random_conloss_last_n8_evalfix,tpsa,stable_random_assignment_conloss,corrected_p8,hiv,1,42,0.7480582021541011,complete,4112,4112,4112,0,True,9,0.8130942343297723,1
p8_tpsa_stable_random_conloss_last,p8_tpsa_stable_random_conloss_last_n8_evalfix,tpsa,stable_random_assignment_conloss,corrected_p8,hiv,2,43,0.8276795255441695,complete,4112,4112,4112,0,True,19,0.8220027497959563,1
p8_tpsa_stable_random_conloss_last,p8_tpsa_stable_random_conloss_last_n8_evalfix,tpsa,stable_random_assignment_conloss,corrected_p8,hiv,3,44,0.7921634380916107,complete,4112,4112,4112,0,True,48,0.8548198093865541,1
p8_tpsa_stable_random_conloss_last,p8_tpsa_stable_random_conloss_last_n8_evalfix,tpsa,stable_random_assignment_conloss,corrected_p8,hiv,4,45,0.787043356928183,complete,4112,4112,4112,0,True,29,0.8274485701367696,1
p8_tpsa_stable_random_conloss_last,p8_tpsa_stable_random_conloss_last_n8_evalfix,tpsa,stable_random_assignment_conloss,corrected_p8,hiv,5,46,0.7514953702061236,complete,4112,4112,4112,0,True,14,0.812256829558188,1
p8_tpsa_stable_random_conloss_last,p8_tpsa_stable_random_conloss_last_n8_evalfix,tpsa,stable_random_assignment_conloss,corrected_p8,muv,1,42,0.7363847048441831,complete,9308,9308,9308,0,True,11,0.7377003775521809,16
p8_tpsa_stable_random_conloss_last,p8_tpsa_stable_random_conloss_last_n8_evalfix,tpsa,stable_random_assignment_conloss,corrected_p8,muv,2,43,0.7064729055460397,complete,9308,9308,9308,0,True,25,0.8049317756603773,17
p8_tpsa_stable_random_conloss_last,p8_tpsa_stable_random_conloss_last_n8_evalfix,tpsa,stable_random_assignment_conloss,corrected_p8,muv,3,44,0.6930029273887591,complete,9308,9308,9308,0,True,25,0.7487693172935745,16
p8_tpsa_stable_random_conloss_last,p8_tpsa_stable_random_conloss_last_n8_evalfix,tpsa,stable_random_assignment_conloss,corrected_p8,muv,4,45,0.7511997130923869,complete,9308,9308,9308,0,True,14,0.786085621244287,17
p8_tpsa_stable_random_conloss_last,p8_tpsa_stable_random_conloss_last_n8_evalfix,tpsa,stable_random_assignment_conloss,corrected_p8,muv,5,46,0.6768046604473981,complete,9308,9308,9308,0,True,30,0.7743108097518616,17
p8_logp_stable_random_last,p8_logp_stable_random_last_n8_evalfix,logp,stable_random_assignment,corrected_p8,bbbp,1,42,0.9416809605488851,complete,203,203,203,0,True,24,0.9411549707602338,1
p8_logp_stable_random_last,p8_logp_stable_random_last_n8_evalfix,logp,stable_random_assignment,corrected_p8,bbbp,2,43,0.9659116906886296,complete,203,203,203,0,True,11,0.9741741741741742,1
p8_logp_stable_random_last,p8_logp_stable_random_last_n8_evalfix,logp,stable_random_assignment,corrected_p8,bbbp,3,44,0.9409005628517824,complete,203,203,203,0,True,5,0.9659119496855346,1
p8_logp_stable_random_last,p8_logp_stable_random_last_n8_evalfix,logp,stable_random_assignment,corrected_p8,bbbp,4,45,0.9138081395348837,complete,203,203,203,0,True,11,0.9449464922711058,1
p8_logp_stable_random_last,p8_logp_stable_random_last_n8_evalfix,logp,stable_random_assignment,corrected_p8,bbbp,5,46,0.9431627012737323,complete,203,203,203,0,True,35,0.9378224974200206,1
p8_logp_stable_random_last,p8_logp_stable_random_last_n8_evalfix,logp,stable_random_assignment,corrected_p8,tox21,1,42,0.7988471028789097,complete,782,782,782,0,True,13,0.8182027641415613,12
p8_logp_stable_random_last,p8_logp_stable_random_last_n8_evalfix,logp,stable_random_assignment,corrected_p8,tox21,2,43,0.8119065128095072,complete,782,782,782,0,True,11,0.7597405292085949,12
p8_logp_stable_random_last,p8_logp_stable_random_last_n8_evalfix,logp,stable_random_assignment,corrected_p8,tox21,3,44,0.812017124513836,complete,782,782,782,0,True,11,0.8224184789013416,12
p8_logp_stable_random_last,p8_logp_stable_random_last_n8_evalfix,logp,stable_random_assignment,corrected_p8,tox21,4,45,0.8173241019246306,complete,782,782,782,0,True,11,0.7702274362395554,12
p8_logp_stable_random_last,p8_logp_stable_random_last_n8_evalfix,logp,stable_random_assignment,corrected_p8,tox21,5,46,0.808198819700047,complete,782,782,782,0,True,9,0.8241718183755844,12
p8_logp_stable_random_last,p8_logp_stable_random_last_n8_evalfix,logp,stable_random_assignment,corrected_p8,toxcast,1,42,0.7003316128816911,complete,857,857,857,0,True,35,0.6952318667354942,608
p8_logp_stable_random_last,p8_logp_stable_random_last_n8_evalfix,logp,stable_random_assignment,corrected_p8,toxcast,2,43,0.6881480045617545,complete,857,857,857,0,True,35,0.7321888971111147,606
p8_logp_stable_random_last,p8_logp_stable_random_last_n8_evalfix,logp,stable_random_assignment,corrected_p8,toxcast,3,44,0.6680095286093605,complete,857,857,857,0,True,33,0.6968394260665454,610
p8_logp_stable_random_last,p8_logp_stable_random_last_n8_evalfix,logp,stable_random_assignment,corrected_p8,toxcast,4,45,0.6983821520441444,complete,857,857,857,0,True,36,0.7243383065819136,614
p8_logp_stable_random_last,p8_logp_stable_random_last_n8_evalfix,logp,stable_random_assignment,corrected_p8,toxcast,5,46,0.6864235869005173,complete,857,857,857,0,True,35,0.7083763558621481,611
p8_logp_stable_random_last,p8_logp_stable_random_last_n8_evalfix,logp,stable_random_assignment,corrected_p8,sider,1,42,0.5667033486304066,complete,137,137,137,0,True,9,0.6248610951026236,27
p8_logp_stable_random_last,p8_logp_stable_random_last_n8_evalfix,logp,stable_random_assignment,corrected_p8,sider,2,43,0.6462925397841148,complete,137,137,137,0,True,21,0.6238718172448142,27
p8_logp_stable_random_last,p8_logp_stable_random_last_n8_evalfix,logp,stable_random_assignment,corrected_p8,sider,3,44,0.5930458567716895,complete,137,137,137,0,True,9,0.6320304376632436,27
p8_logp_stable_random_last,p8_logp_stable_random_last_n8_evalfix,logp,stable_random_assignment,corrected_p8,sider,4,45,0.6147374292357767,complete,137,137,137,0,True,34,0.6016124558398087,27
p8_logp_stable_random_last,p8_logp_stable_random_last_n8_evalfix,logp,stable_random_assignment,corrected_p8,sider,5,46,0.5834286844014762,complete,137,137,137,0,True,15,0.631906956632291,27
p8_logp_stable_random_last,p8_logp_stable_random_last_n8_evalfix,logp,stable_random_assignment,corrected_p8,clintox,1,42,0.8927277432712215,complete,146,146,146,0,True,24,0.8323461854981886,2
p8_logp_stable_random_last,p8_logp_stable_random_last_n8_evalfix,logp,stable_random_assignment,corrected_p8,clintox,2,43,0.8572698135198136,complete,146,146,146,0,True,27,0.8573810972077396,2
p8_logp_stable_random_last,p8_logp_stable_random_last_n8_evalfix,logp,stable_random_assignment,corrected_p8,clintox,3,44,0.8595910442625772,complete,146,146,146,0,True,39,0.7424116589081676,2
p8_logp_stable_random_last,p8_logp_stable_random_last_n8_evalfix,logp,stable_random_assignment,corrected_p8,clintox,4,45,0.9160814637051872,complete,146,146,146,0,True,27,0.9258841090018372,2
p8_logp_stable_random_last,p8_logp_stable_random_last_n8_evalfix,logp,stable_random_assignment,corrected_p8,clintox,5,46,0.803242758228323,complete,146,146,146,0,True,36,0.9474086099086099,2
p8_logp_stable_random_last,p8_logp_stable_random_last_n8_evalfix,logp,stable_random_assignment,corrected_p8,bace,1,42,0.8407564510427713,complete,151,151,151,0,True,37,0.9335443037974684,1
p8_logp_stable_random_last,p8_logp_stable_random_last_n8_evalfix,logp,stable_random_assignment,corrected_p8,bace,2,43,0.8498331479421579,complete,151,151,151,0,True,13,0.8952263952263952,1
p8_logp_stable_random_last,p8_logp_stable_random_last_n8_evalfix,logp,stable_random_assignment,corrected_p8,bace,3,44,0.8812280701754386,complete,151,151,151,0,True,25,0.8886446886446886,1
p8_logp_stable_random_last,p8_logp_stable_random_last_n8_evalfix,logp,stable_random_assignment,corrected_p8,bace,4,45,0.8426651735722285,complete,151,151,151,0,True,6,0.9141522988505747,1
p8_logp_stable_random_last,p8_logp_stable_random_last_n8_evalfix,logp,stable_random_assignment,corrected_p8,bace,5,46,0.8899066091954022,complete,151,151,151,0,True,13,0.9178973277074542,1
p8_logp_stable_random_last,p8_logp_stable_random_last_n8_evalfix,logp,stable_random_assignment,corrected_p8,hiv,1,42,0.7493841726831577,complete,4112,4112,4112,0,True,28,0.8223638117921126,1
p8_logp_stable_random_last,p8_logp_stable_random_last_n8_evalfix,logp,stable_random_assignment,corrected_p8,hiv,2,43,0.8453412183502771,complete,4112,4112,4112,0,True,9,0.803820956512689,1
p8_logp_stable_random_last,p8_logp_stable_random_last_n8_evalfix,logp,stable_random_assignment,corrected_p8,hiv,3,44,0.8028828788311073,complete,4112,4112,4112,0,True,7,0.8577193298504773,1
p8_logp_stable_random_last,p8_logp_stable_random_last_n8_evalfix,logp,stable_random_assignment,corrected_p8,hiv,4,45,0.7829305662286584,complete,4112,4112,4112,0,True,32,0.8391319091217363,1
p8_logp_stable_random_last,p8_logp_stable_random_last_n8_evalfix,logp,stable_random_assignment,corrected_p8,hiv,5,46,0.7411661404193421,complete,4112,4112,4112,0,True,18,0.798734710614183,1
p8_logp_stable_random_last,p8_logp_stable_random_last_n8_evalfix,logp,stable_random_assignment,corrected_p8,muv,1,42,0.7502228406119595,complete,9308,9308,9308,0,True,13,0.7866494494012587,16
p8_logp_stable_random_last,p8_logp_stable_random_last_n8_evalfix,logp,stable_random_assignment,corrected_p8,muv,2,43,0.7446340041431528,complete,9308,9308,9308,0,True,29,0.7926296962039028,17
p8_logp_stable_random_last,p8_logp_stable_random_last_n8_evalfix,logp,stable_random_assignment,corrected_p8,muv,3,44,0.6955673321398175,complete,9308,9308,9308,0,True,38,0.8121387055412502,16
p8_logp_stable_random_last,p8_logp_stable_random_last_n8_evalfix,logp,stable_random_assignment,corrected_p8,muv,4,45,0.7612833243146294,complete,9308,9308,9308,0,True,15,0.7971802312271065,17
p8_logp_stable_random_last,p8_logp_stable_random_last_n8_evalfix,logp,stable_random_assignment,corrected_p8,muv,5,46,0.6971975351527968,complete,9308,9308,9308,0,True,29,0.7512572351856956,17
p8_logp_stable_random_conloss_last,p8_logp_stable_random_conloss_last_n8_evalfix,logp,stable_random_assignment_conloss,corrected_p8,bbbp,1,42,0.9233847913093195,complete,203,203,203,0,True,22,0.9565058479532164,1
p8_logp_stable_random_conloss_last,p8_logp_stable_random_conloss_last_n8_evalfix,logp,stable_random_assignment_conloss,corrected_p8,bbbp,2,43,0.9623655913978495,complete,203,203,203,0,True,36,0.9561561561561562,1
p8_logp_stable_random_conloss_last,p8_logp_stable_random_conloss_last_n8_evalfix,logp,stable_random_assignment_conloss,corrected_p8,bbbp,3,44,0.9296435272045028,complete,203,203,203,0,True,8,0.9642767295597485,1
p8_logp_stable_random_conloss_last,p8_logp_stable_random_conloss_last_n8_evalfix,logp,stable_random_assignment_conloss,corrected_p8,bbbp,4,45,0.9436046511627907,complete,203,203,203,0,True,35,0.9325802615933412,1
p8_logp_stable_random_conloss_last,p8_logp_stable_random_conloss_last_n8_evalfix,logp,stable_random_assignment_conloss,corrected_p8,bbbp,5,46,0.9608267243451093,complete,203,203,203,0,True,16,0.9373065015479876,1
p8_logp_stable_random_conloss_last,p8_logp_stable_random_conloss_last_n8_evalfix,logp,stable_random_assignment_conloss,corrected_p8,tox21,1,42,0.7884628734385332,complete,782,782,782,0,True,11,0.8230569626705769,12
p8_logp_stable_random_conloss_last,p8_logp_stable_random_conloss_last_n8_evalfix,logp,stable_random_assignment_conloss,corrected_p8,tox21,2,43,0.8138984829023839,complete,782,782,782,0,True,10,0.7629623757313054,12
p8_logp_stable_random_conloss_last,p8_logp_stable_random_conloss_last_n8_evalfix,logp,stable_random_assignment_conloss,corrected_p8,tox21,3,44,0.7855559822924859,complete,782,782,782,0,True,12,0.8078394442743985,12
p8_logp_stable_random_conloss_last,p8_logp_stable_random_conloss_last_n8_evalfix,logp,stable_random_assignment_conloss,corrected_p8,tox21,4,45,0.829057082176894,complete,782,782,782,0,True,11,0.78905839419731,12
p8_logp_stable_random_conloss_last,p8_logp_stable_random_conloss_last_n8_evalfix,logp,stable_random_assignment_conloss,corrected_p8,tox21,5,46,0.7972131941912283,complete,782,782,782,0,True,9,0.8244071064413818,12
p8_logp_stable_random_conloss_last,p8_logp_stable_random_conloss_last_n8_evalfix,logp,stable_random_assignment_conloss,corrected_p8,toxcast,1,42,0.7035962281997343,complete,857,857,857,0,True,23,0.6824510403794076,608
p8_logp_stable_random_conloss_last,p8_logp_stable_random_conloss_last_n8_evalfix,logp,stable_random_assignment_conloss,corrected_p8,toxcast,2,43,0.6968426901171397,complete,857,857,857,0,True,37,0.715866311077854,606
p8_logp_stable_random_conloss_last,p8_logp_stable_random_conloss_last_n8_evalfix,logp,stable_random_assignment_conloss,corrected_p8,toxcast,3,44,0.6680521425018574,complete,857,857,857,0,True,29,0.6988900096584013,610
p8_logp_stable_random_conloss_last,p8_logp_stable_random_conloss_last_n8_evalfix,logp,stable_random_assignment_conloss,corrected_p8,toxcast,4,45,0.6947400802462357,complete,857,857,857,0,True,34,0.7258331271813865,614
p8_logp_stable_random_conloss_last,p8_logp_stable_random_conloss_last_n8_evalfix,logp,stable_random_assignment_conloss,corrected_p8,toxcast,5,46,0.6711357934943634,complete,857,857,857,0,True,34,0.6980622803185081,611
p8_logp_stable_random_conloss_last,p8_logp_stable_random_conloss_last_n8_evalfix,logp,stable_random_assignment_conloss,corrected_p8,sider,1,42,0.5830102004140111,complete,137,137,137,0,True,13,0.6350078147481599,27
p8_logp_stable_random_conloss_last,p8_logp_stable_random_conloss_last_n8_evalfix,logp,stable_random_assignment_conloss,corrected_p8,sider,2,43,0.608506897061083,complete,137,137,137,0,True,8,0.6158385997983631,27
p8_logp_stable_random_conloss_last,p8_logp_stable_random_conloss_last_n8_evalfix,logp,stable_random_assignment_conloss,corrected_p8,sider,3,44,0.5769355834039211,complete,137,137,137,0,True,15,0.6301279691981393,27
p8_logp_stable_random_conloss_last,p8_logp_stable_random_conloss_last_n8_evalfix,logp,stable_random_assignment_conloss,corrected_p8,sider,4,45,0.6121173494362621,complete,137,137,137,0,True,11,0.61324104153521,27
p8_logp_stable_random_conloss_last,p8_logp_stable_random_conloss_last_n8_evalfix,logp,stable_random_assignment_conloss,corrected_p8,sider,5,46,0.6142459652468139,complete,137,137,137,0,True,28,0.6211922570731815,27
p8_logp_stable_random_conloss_last,p8_logp_stable_random_conloss_last_n8_evalfix,logp,stable_random_assignment_conloss,corrected_p8,clintox,1,42,0.7224120082815735,complete,146,146,146,0,True,31,0.8112889499869076,2
p8_logp_stable_random_conloss_last,p8_logp_stable_random_conloss_last_n8_evalfix,logp,stable_random_assignment_conloss,corrected_p8,clintox,2,43,0.8839514652014653,complete,146,146,146,0,True,30,0.8982034237052485,2
p8_logp_stable_random_conloss_last,p8_logp_stable_random_conloss_last_n8_evalfix,logp,stable_random_assignment_conloss,corrected_p8,clintox,3,44,0.8521787215217873,complete,146,146,146,0,True,13,0.7894039810168672,2
p8_logp_stable_random_conloss_last,p8_logp_stable_random_conloss_last_n8_evalfix,logp,stable_random_assignment_conloss,corrected_p8,clintox,4,45,0.8932639434406913,complete,146,146,146,0,True,22,0.9095542457644417,2
p8_logp_stable_random_conloss_last,p8_logp_stable_random_conloss_last_n8_evalfix,logp,stable_random_assignment_conloss,corrected_p8,clintox,5,46,0.816491599181707,complete,146,146,146,0,True,33,0.9284511784511784,2
p8_logp_stable_random_conloss_last,p8_logp_stable_random_conloss_last_n8_evalfix,logp,stable_random_assignment_conloss,corrected_p8,bace,1,42,0.8292682926829268,complete,151,151,151,0,True,10,0.9129746835443039,1
p8_logp_stable_random_conloss_last,p8_logp_stable_random_conloss_last_n8_evalfix,logp,stable_random_assignment_conloss,corrected_p8,bace,2,43,0.8290693362995922,complete,151,151,151,0,True,9,0.8794313794313795,1
p8_logp_stable_random_conloss_last,p8_logp_stable_random_conloss_last_n8_evalfix,logp,stable_random_assignment_conloss,corrected_p8,bace,3,44,0.8785964912280702,complete,151,151,151,0,True,15,0.8778388278388278,1
p8_logp_stable_random_conloss_last,p8_logp_stable_random_conloss_last_n8_evalfix,logp,stable_random_assignment_conloss,corrected_p8,bace,4,45,0.8374393430384472,complete,151,151,151,0,True,8,0.9100215517241379,1
p8_logp_stable_random_conloss_last,p8_logp_stable_random_conloss_last_n8_evalfix,logp,stable_random_assignment_conloss,corrected_p8,bace,5,46,0.8563218390804598,complete,151,151,151,0,True,7,0.8989099859353024,1
p8_logp_stable_random_conloss_last,p8_logp_stable_random_conloss_last_n8_evalfix,logp,stable_random_assignment_conloss,corrected_p8,hiv,1,42,0.7848839359687538,complete,4112,4112,4112,0,True,21,0.8139426127621846,1
p8_logp_stable_random_conloss_last,p8_logp_stable_random_conloss_last_n8_evalfix,logp,stable_random_assignment_conloss,corrected_p8,hiv,2,43,0.8409008157673241,complete,4112,4112,4112,0,True,11,0.8211578174727074,1
p8_logp_stable_random_conloss_last,p8_logp_stable_random_conloss_last_n8_evalfix,logp,stable_random_assignment_conloss,corrected_p8,hiv,3,44,0.8048266295250529,complete,4112,4112,4112,0,True,7,0.8310488886601298,1
p8_logp_stable_random_conloss_last,p8_logp_stable_random_conloss_last_n8_evalfix,logp,stable_random_assignment_conloss,corrected_p8,hiv,4,45,0.8058301393575774,complete,4112,4112,4112,0,True,10,0.8396476206623713,1
p8_logp_stable_random_conloss_last,p8_logp_stable_random_conloss_last_n8_evalfix,logp,stable_random_assignment_conloss,corrected_p8,hiv,5,46,0.7583176641714265,complete,4112,4112,4112,0,True,16,0.8044923819979706,1
p8_logp_stable_random_conloss_last,p8_logp_stable_random_conloss_last_n8_evalfix,logp,stable_random_assignment_conloss,corrected_p8,muv,1,42,0.6917605439436236,complete,9308,9308,9308,0,True,10,0.788467743792725,16
p8_logp_stable_random_conloss_last,p8_logp_stable_random_conloss_last_n8_evalfix,logp,stable_random_assignment_conloss,corrected_p8,muv,2,43,0.751426384574376,complete,9308,9308,9308,0,True,40,0.7880792932628164,17
p8_logp_stable_random_conloss_last,p8_logp_stable_random_conloss_last_n8_evalfix,logp,stable_random_assignment_conloss,corrected_p8,muv,3,44,0.7339424896942288,complete,9308,9308,9308,0,True,16,0.7979112012577687,16
p8_logp_stable_random_conloss_last,p8_logp_stable_random_conloss_last_n8_evalfix,logp,stable_random_assignment_conloss,corrected_p8,muv,4,45,0.7182238229472763,complete,9308,9308,9308,0,True,17,0.7837757540841706,17
p8_logp_stable_random_conloss_last,p8_logp_stable_random_conloss_last_n8_evalfix,logp,stable_random_assignment_conloss,corrected_p8,muv,5,46,0.6859850590854579,complete,9308,9308,9308,0,True,12,0.7328569209403454,17
p8_learned_molecule_top1_last,p8_learned_molecule_top1_last_n8_evalfix,shared,learned_molecule_top1,corrected_p8,bbbp,1,42,0.9311034877072614,complete,203,203,203,0,True,80,0.9767909356725146,1
p8_learned_molecule_top1_last,p8_learned_molecule_top1_last_n8_evalfix,shared,learned_molecule_top1,corrected_p8,bbbp,2,43,0.9584191260581102,complete,203,203,203,0,True,29,0.9771771771771771,1
p8_learned_molecule_top1_last,p8_learned_molecule_top1_last_n8_evalfix,shared,learned_molecule_top1,corrected_p8,bbbp,3,44,0.8758599124452784,complete,203,203,203,0,True,17,0.9672955974842767,1
p8_learned_molecule_top1_last,p8_learned_molecule_top1_last_n8_evalfix,shared,learned_molecule_top1,corrected_p8,bbbp,4,45,0.9226744186046512,complete,203,203,203,0,True,21,0.9479191438763377,1
p8_learned_molecule_top1_last,p8_learned_molecule_top1_last_n8_evalfix,shared,learned_molecule_top1,corrected_p8,bbbp,5,46,0.9673155491468398,complete,203,203,203,0,True,23,0.9424019607843137,1
p8_learned_molecule_top1_last,p8_learned_molecule_top1_last_n8_evalfix,shared,learned_molecule_top1,corrected_p8,tox21,1,42,0.7964339760749466,complete,782,782,782,0,True,11,0.8275179690658718,12
p8_learned_molecule_top1_last,p8_learned_molecule_top1_last_n8_evalfix,shared,learned_molecule_top1,corrected_p8,tox21,2,43,0.824753481960575,complete,782,782,782,0,True,13,0.7635768250615328,12
p8_learned_molecule_top1_last,p8_learned_molecule_top1_last_n8_evalfix,shared,learned_molecule_top1,corrected_p8,tox21,3,44,0.7847000548198612,complete,782,782,782,0,True,13,0.8295043127785227,12
p8_learned_molecule_top1_last,p8_learned_molecule_top1_last_n8_evalfix,shared,learned_molecule_top1,corrected_p8,tox21,4,45,0.8339530314719625,complete,782,782,782,0,True,9,0.8117827239246983,12
p8_learned_molecule_top1_last,p8_learned_molecule_top1_last_n8_evalfix,shared,learned_molecule_top1,corrected_p8,tox21,5,46,0.7922342023197847,complete,782,782,782,0,True,19,0.8393530803433729,12
p8_learned_molecule_top1_last,p8_learned_molecule_top1_last_n8_evalfix,shared,learned_molecule_top1,corrected_p8,toxcast,1,42,0.7000897244025083,complete,857,857,857,0,True,44,0.6993953554004217,608
p8_learned_molecule_top1_last,p8_learned_molecule_top1_last_n8_evalfix,shared,learned_molecule_top1,corrected_p8,toxcast,2,43,0.7037829021756036,complete,857,857,857,0,True,35,0.7250737891771603,606
p8_learned_molecule_top1_last,p8_learned_molecule_top1_last_n8_evalfix,shared,learned_molecule_top1,corrected_p8,toxcast,3,44,0.6710766652088743,complete,857,857,857,0,True,29,0.7164908626818428,610
p8_learned_molecule_top1_last,p8_learned_molecule_top1_last_n8_evalfix,shared,learned_molecule_top1,corrected_p8,toxcast,4,45,0.7078338065662592,complete,857,857,857,0,True,35,0.7187480323904707,614
p8_learned_molecule_top1_last,p8_learned_molecule_top1_last_n8_evalfix,shared,learned_molecule_top1,corrected_p8,toxcast,5,46,0.6880362907298943,complete,857,857,857,0,True,33,0.7275264473007257,611
p8_learned_molecule_top1_last,p8_learned_molecule_top1_last_n8_evalfix,shared,learned_molecule_top1,corrected_p8,sider,1,42,0.6036687525011942,complete,137,137,137,0,True,24,0.6357099236295412,27
p8_learned_molecule_top1_last,p8_learned_molecule_top1_last_n8_evalfix,shared,learned_molecule_top1,corrected_p8,sider,2,43,0.666311409522198,complete,137,137,137,0,True,14,0.6335323874597835,27
p8_learned_molecule_top1_last,p8_learned_molecule_top1_last_n8_evalfix,shared,learned_molecule_top1,corrected_p8,sider,3,44,0.6586992627240554,complete,137,137,137,0,True,10,0.6596422799915311,27
p8_learned_molecule_top1_last,p8_learned_molecule_top1_last_n8_evalfix,shared,learned_molecule_top1,corrected_p8,sider,4,45,0.6599205245850774,complete,137,137,137,0,True,30,0.6483518004949813,27
p8_learned_molecule_top1_last,p8_learned_molecule_top1_last_n8_evalfix,shared,learned_molecule_top1,corrected_p8,sider,5,46,0.6506422513278743,complete,137,137,137,0,True,20,0.6435086359218162,27
p8_learned_molecule_top1_last,p8_learned_molecule_top1_last_n8_evalfix,shared,learned_molecule_top1,corrected_p8,clintox,1,42,0.7410455486542442,complete,146,146,146,0,True,27,0.8715876948398551,2
p8_learned_molecule_top1_last,p8_learned_molecule_top1_last_n8_evalfix,shared,learned_molecule_top1,corrected_p8,clintox,2,43,0.885877664002664,complete,146,146,146,0,True,14,0.9304360734561465,2
p8_learned_molecule_top1_last,p8_learned_molecule_top1_last_n8_evalfix,shared,learned_molecule_top1,corrected_p8,clintox,3,44,0.8533203076998697,complete,146,146,146,0,True,35,0.8608155492412792,2
p8_learned_molecule_top1_last,p8_learned_molecule_top1_last_n8_evalfix,shared,learned_molecule_top1,corrected_p8,clintox,4,45,0.877486483142414,complete,146,146,146,0,True,67,0.9766533986527863,2
p8_learned_molecule_top1_last,p8_learned_molecule_top1_last_n8_evalfix,shared,learned_molecule_top1,corrected_p8,clintox,5,46,0.8060268910919853,complete,146,146,146,0,True,38,0.9396554834054833,2
p8_learned_molecule_top1_last,p8_learned_molecule_top1_last_n8_evalfix,shared,learned_molecule_top1,corrected_p8,bace,1,42,0.864616472251679,complete,151,151,151,0,True,53,0.9342475386779185,1
p8_learned_molecule_top1_last,p8_learned_molecule_top1_last_n8_evalfix,shared,learned_molecule_top1,corrected_p8,bace,2,43,0.8409343715239155,complete,151,151,151,0,True,28,0.9337486837486837,1
p8_learned_molecule_top1_last,p8_learned_molecule_top1_last_n8_evalfix,shared,learned_molecule_top1,corrected_p8,bace,3,44,0.8919298245614035,complete,151,151,151,0,True,23,0.9149267399267398,1
p8_learned_molecule_top1_last,p8_learned_molecule_top1_last_n8_evalfix,shared,learned_molecule_top1,corrected_p8,bace,4,45,0.8581560283687945,complete,151,151,151,0,True,49,0.919989224137931,1
p8_learned_molecule_top1_last,p8_learned_molecule_top1_last_n8_evalfix,shared,learned_molecule_top1,corrected_p8,bace,5,46,0.921246408045977,complete,151,151,151,0,True,22,0.9309950773558369,1
p8_learned_molecule_top1_last,p8_learned_molecule_top1_last_n8_evalfix,shared,learned_molecule_top1,corrected_p8,hiv,1,42,0.781801100721979,complete,4112,4112,4112,0,True,11,0.8266891510130995,1
p8_learned_molecule_top1_last,p8_learned_molecule_top1_last_n8_evalfix,shared,learned_molecule_top1,corrected_p8,hiv,2,43,0.814807099902284,complete,4112,4112,4112,0,True,55,0.8143381043936481,1
p8_learned_molecule_top1_last,p8_learned_molecule_top1_last_n8_evalfix,shared,learned_molecule_top1,corrected_p8,hiv,3,44,0.7933833770665527,complete,4112,4112,4112,0,True,7,0.8505906271714234,1
p8_learned_molecule_top1_last,p8_learned_molecule_top1_last_n8_evalfix,shared,learned_molecule_top1,corrected_p8,hiv,4,45,0.7978288919966844,complete,4112,4112,4112,0,True,14,0.846397083757206,1
p8_learned_molecule_top1_last,p8_learned_molecule_top1_last_n8_evalfix,shared,learned_molecule_top1,corrected_p8,hiv,5,46,0.7564125305992124,complete,4112,4112,4112,0,True,21,0.8112194283144402,1
p8_learned_molecule_top1_last,p8_learned_molecule_top1_last_n8_evalfix,shared,learned_molecule_top1,corrected_p8,muv,1,42,0.7702913734455024,complete,9308,9308,9308,0,True,14,0.7595770524685403,16
p8_learned_molecule_top1_last,p8_learned_molecule_top1_last_n8_evalfix,shared,learned_molecule_top1,corrected_p8,muv,2,43,0.7607428351823363,complete,9308,9308,9308,0,True,18,0.8300792558006863,17
p8_learned_molecule_top1_last,p8_learned_molecule_top1_last_n8_evalfix,shared,learned_molecule_top1,corrected_p8,muv,3,44,0.6731359156886403,complete,9308,9308,9308,0,True,55,0.7997729459792535,16
p8_learned_molecule_top1_last,p8_learned_molecule_top1_last_n8_evalfix,shared,learned_molecule_top1,corrected_p8,muv,4,45,0.7178950143494345,complete,9308,9308,9308,0,True,28,0.8015287318731867,17
p8_learned_molecule_top1_last,p8_learned_molecule_top1_last_n8_evalfix,shared,learned_molecule_top1,corrected_p8,muv,5,46,0.7554155625723721,complete,9308,9308,9308,0,True,32,0.7518863991204119,17
