model,epoch,learning_rate,train_total_loss,loss_semantics,seconds_per_epoch,reported_segment_total_seconds,source_log,job_id
p2_mofe_ffn_logp_even,1,0.000001,3.7562,logged_terminal_batch_composite_loss,1053.7,1053.7,paper_101/ablation/results/36956.out,36956
p2_mofe_ffn_logp_even,2,0.000002,2.2855,logged_terminal_batch_composite_loss,1056.2,2109.9,paper_101/ablation/results/36956.out,36956
p2_mofe_ffn_logp_even,3,0.000003,1.9612,logged_terminal_batch_composite_loss,1057.7,3167.7,paper_101/ablation/results/36956.out,36956
p2_mofe_ffn_logp_even,4,0.000003,1.9508,logged_terminal_batch_composite_loss,1058.5,4226.3,paper_101/ablation/results/36956.out,36956
p2_mofe_ffn_logp_even,5,0.000004,1.7624,logged_terminal_batch_composite_loss,1058.1,5284.5,paper_101/ablation/results/36956.out,36956
p2_mofe_ffn_logp_even,6,0.000005,1.6268,logged_terminal_batch_composite_loss,1059.2,6343.8,paper_101/ablation/results/36956.out,36956
p2_mofe_ffn_logp_even,7,0.000006,1.4755,logged_terminal_batch_composite_loss,1059.8,7403.7,paper_101/ablation/results/36956.out,36956
p2_mofe_ffn_logp_even,8,0.000007,1.2137,logged_terminal_batch_composite_loss,1059.7,8463.5,paper_101/ablation/results/36956.out,36956
p2_mofe_ffn_logp_even,9,0.000008,0.7968,logged_terminal_batch_composite_loss,1059.8,9523.4,paper_101/ablation/results/36956.out,36956
p2_mofe_ffn_logp_even,10,0.000009,0.5510,logged_terminal_batch_composite_loss,1060.6,10584.0,paper_101/ablation/results/36956.out,36956
p2_mofe_ffn_logp_even,11,0.000009,0.7936,logged_terminal_batch_composite_loss,1058.8,11642.9,paper_101/ablation/results/36956.out,36956
p2_mofe_ffn_logp_even,12,0.000010,0.4223,logged_terminal_batch_composite_loss,1059.0,12701.9,paper_101/ablation/results/36956.out,36956
p2_mofe_ffn_logp_even,13,0.000011,0.4066,logged_terminal_batch_composite_loss,1060.3,13762.3,paper_101/ablation/results/36956.out,36956
p2_mofe_ffn_logp_even,14,0.000012,0.3997,logged_terminal_batch_composite_loss,1058.6,14821.0,paper_101/ablation/results/36956.out,36956
p2_mofe_ffn_logp_even,15,0.000013,0.3551,logged_terminal_batch_composite_loss,1059.5,15880.6,paper_101/ablation/results/36956.out,36956
p2_mofe_ffn_logp_even,16,0.000014,0.2830,logged_terminal_batch_composite_loss,1060.5,16941.2,paper_101/ablation/results/36956.out,36956
p2_mofe_ffn_logp_even,17,0.000015,0.3480,logged_terminal_batch_composite_loss,1059.6,18000.8,paper_101/ablation/results/36956.out,36956
p2_mofe_ffn_logp_even,18,0.000015,0.1636,logged_terminal_batch_composite_loss,1059.0,19059.8,paper_101/ablation/results/36956.out,36956
p2_mofe_ffn_logp_even,19,0.000016,0.2402,logged_terminal_batch_composite_loss,1059.7,20119.6,paper_101/ablation/results/36956.out,36956
p2_mofe_ffn_logp_even,20,0.000017,0.2270,logged_terminal_batch_composite_loss,1059.3,21178.9,paper_101/ablation/results/36956.out,36956
p2_mofe_ffn_logp_even,21,0.000018,0.1962,logged_terminal_batch_composite_loss,1059.9,22238.8,paper_101/ablation/results/36956.out,36956
p2_mofe_ffn_logp_even,22,0.000019,0.1408,logged_terminal_batch_composite_loss,1060.4,23299.2,paper_101/ablation/results/36956.out,36956
p2_mofe_ffn_logp_even,23,0.000020,0.1966,logged_terminal_batch_composite_loss,1059.4,24358.6,paper_101/ablation/results/36956.out,36956
p2_mofe_ffn_logp_even,24,0.000021,0.1766,logged_terminal_batch_composite_loss,1059.8,25418.4,paper_101/ablation/results/36956.out,36956
p2_mofe_ffn_logp_even,25,0.000022,0.2157,logged_terminal_batch_composite_loss,1057.8,26476.2,paper_101/ablation/results/36956.out,36956
p2_mofe_ffn_logp_even,26,0.000022,0.0875,logged_terminal_batch_composite_loss,1061.8,27538.0,paper_101/ablation/results/36956.out,36956
p2_mofe_ffn_logp_even,27,0.000023,0.0927,logged_terminal_batch_composite_loss,1065.0,28603.2,paper_101/ablation/results/36956.out,36956
p2_mofe_ffn_logp_even,28,0.000024,0.1102,logged_terminal_batch_composite_loss,1062.8,29665.9,paper_101/ablation/results/36956.out,36956
p2_mofe_ffn_logp_even,29,0.000025,0.0706,logged_terminal_batch_composite_loss,1063.0,30728.9,paper_101/ablation/results/36956.out,36956
p2_mofe_ffn_logp_even,30,0.000026,0.1257,logged_terminal_batch_composite_loss,1065.1,31794.1,paper_101/ablation/results/36956.out,36956
p2_mofe_ffn_logp_even,31,0.000025,0.0858,logged_terminal_batch_composite_loss,1063.6,32857.7,paper_101/ablation/results/36956.out,36956
p2_mofe_ffn_logp_even,32,0.000025,0.0532,logged_terminal_batch_composite_loss,1064.9,33922.6,paper_101/ablation/results/36956.out,36956
p2_mofe_ffn_logp_even,33,0.000025,0.0660,logged_terminal_batch_composite_loss,1063.6,34986.3,paper_101/ablation/results/36956.out,36956
p2_mofe_ffn_logp_even,34,0.000024,0.0753,logged_terminal_batch_composite_loss,1063.3,36049.6,paper_101/ablation/results/36956.out,36956
p2_mofe_ffn_logp_even,35,0.000024,0.1048,logged_terminal_batch_composite_loss,1064.5,37114.1,paper_101/ablation/results/36956.out,36956
p2_mofe_ffn_logp_even,36,0.000024,0.1547,logged_terminal_batch_composite_loss,1063.9,38177.9,paper_101/ablation/results/36956.out,36956
p2_mofe_ffn_logp_even,37,0.000023,0.0195,logged_terminal_batch_composite_loss,1064.5,39242.4,paper_101/ablation/results/36956.out,36956
p2_mofe_ffn_logp_even,38,0.000023,0.0513,logged_terminal_batch_composite_loss,1064.2,40306.7,paper_101/ablation/results/36956.out,36956
p2_mofe_ffn_logp_even,39,0.000023,0.0851,logged_terminal_batch_composite_loss,1064.2,41370.8,paper_101/ablation/results/36956.out,36956
p2_mofe_ffn_logp_even,40,0.000022,0.0773,logged_terminal_batch_composite_loss,1064.5,42435.3,paper_101/ablation/results/36956.out,36956
p2_mofe_ffn_logp_even,41,0.000022,0.0997,logged_terminal_batch_composite_loss,1063.7,43499.1,paper_101/ablation/results/36956.out,36956
p2_mofe_ffn_logp_even,42,0.000022,0.0336,logged_terminal_batch_composite_loss,1063.3,44562.3,paper_101/ablation/results/36956.out,36956
p2_mofe_ffn_logp_even,43,0.000022,0.0777,logged_terminal_batch_composite_loss,1062.7,45625.0,paper_101/ablation/results/36956.out,36956
p2_mofe_ffn_logp_even,44,0.000021,0.0599,logged_terminal_batch_composite_loss,1064.7,46689.7,paper_101/ablation/results/36956.out,36956
p2_mofe_ffn_logp_even,45,0.000021,0.0632,logged_terminal_batch_composite_loss,1064.7,47754.4,paper_101/ablation/results/36956.out,36956
p2_mofe_ffn_logp_even,46,0.000021,0.0200,logged_terminal_batch_composite_loss,1065.3,48819.8,paper_101/ablation/results/36956.out,36956
p2_mofe_ffn_logp_even,47,0.000021,0.0298,logged_terminal_batch_composite_loss,1064.7,49884.4,paper_101/ablation/results/36956.out,36956
p2_mofe_ffn_logp_even,48,0.000020,0.0244,logged_terminal_batch_composite_loss,1063.4,50947.9,paper_101/ablation/results/36956.out,36956
p2_mofe_ffn_logp_even,49,0.000020,0.0262,logged_terminal_batch_composite_loss,1064.2,52012.1,paper_101/ablation/results/36956.out,36956
p2_mofe_ffn_logp_even,50,0.000020,0.0250,logged_terminal_batch_composite_loss,1062.3,53074.5,paper_101/ablation/results/36956.out,36956
p2_mofe_ffn_logp_even,51,0.000020,0.0405,logged_terminal_batch_composite_loss,1063.6,54138.2,paper_101/ablation/results/36956.out,36956
p2_mofe_ffn_logp_even,52,0.000020,0.0740,logged_terminal_batch_composite_loss,1062.9,55201.1,paper_101/ablation/results/36956.out,36956
p2_mofe_ffn_logp_even,53,0.000019,0.0431,logged_terminal_batch_composite_loss,1062.8,56263.9,paper_101/ablation/results/36956.out,36956
p2_mofe_ffn_logp_even,54,0.000019,0.0280,logged_terminal_batch_composite_loss,1060.9,57324.8,paper_101/ablation/results/36956.out,36956
p2_mofe_ffn_logp_even,55,0.000019,0.0425,logged_terminal_batch_composite_loss,1060.9,58385.7,paper_101/ablation/results/36956.out,36956
p2_mofe_ffn_logp_even,56,0.000019,0.0499,logged_terminal_batch_composite_loss,1059.6,59445.2,paper_101/ablation/results/36956.out,36956
p2_mofe_ffn_logp_even,57,0.000019,0.0485,logged_terminal_batch_composite_loss,1060.3,60505.5,paper_101/ablation/results/36956.out,36956
p2_mofe_ffn_logp_even,58,0.000019,0.0466,logged_terminal_batch_composite_loss,1059.4,61564.9,paper_101/ablation/results/36956.out,36956
p2_mofe_ffn_logp_even,59,0.000018,0.0336,logged_terminal_batch_composite_loss,1058.3,62623.3,paper_101/ablation/results/36956.out,36956
p2_mofe_ffn_logp_even,60,0.000018,0.0409,logged_terminal_batch_composite_loss,1059.1,63682.4,paper_101/ablation/results/36956.out,36956
p2_mofe_ffn_logp_even,61,0.000018,0.0513,logged_terminal_batch_composite_loss,1058.2,64740.6,paper_101/ablation/results/36956.out,36956
p2_mofe_ffn_logp_even,62,0.000018,0.0173,logged_terminal_batch_composite_loss,1059.1,65799.7,paper_101/ablation/results/36956.out,36956
p2_mofe_ffn_logp_even,63,0.000018,0.0904,logged_terminal_batch_composite_loss,1061.6,66861.4,paper_101/ablation/results/36956.out,36956
p2_mofe_ffn_logp_even,64,0.000018,0.0192,logged_terminal_batch_composite_loss,1058.1,67919.5,paper_101/ablation/results/36956.out,36956
p2_mofe_ffn_logp_even,65,0.000018,0.0289,logged_terminal_batch_composite_loss,1057.6,68977.1,paper_101/ablation/results/36956.out,36956
p2_mofe_ffn_logp_even,66,0.000017,0.0173,logged_terminal_batch_composite_loss,1057.9,70035.0,paper_101/ablation/results/36956.out,36956
p2_mofe_ffn_logp_even,67,0.000017,0.0246,logged_terminal_batch_composite_loss,1057.7,71092.7,paper_101/ablation/results/36956.out,36956
p2_mofe_ffn_logp_even,68,0.000017,0.0094,logged_terminal_batch_composite_loss,1060.3,72153.0,paper_101/ablation/results/36956.out,36956
p2_mofe_ffn_logp_even,69,0.000017,0.0327,logged_terminal_batch_composite_loss,1057.4,73210.6,paper_101/ablation/results/36956.out,36956
p2_mofe_ffn_logp_even,70,0.000017,0.0265,logged_terminal_batch_composite_loss,1057.6,74268.2,paper_101/ablation/results/36956.out,36956
p2_mofe_ffn_logp_even,71,0.000017,0.0063,logged_terminal_batch_composite_loss,1058.1,75326.3,paper_101/ablation/results/36956.out,36956
p2_mofe_ffn_logp_even,72,0.000017,0.0067,logged_terminal_batch_composite_loss,1057.8,76384.2,paper_101/ablation/results/36956.out,36956
p2_mofe_ffn_logp_even,73,0.000017,0.0460,logged_terminal_batch_composite_loss,1057.7,77441.9,paper_101/ablation/results/36956.out,36956
p2_mofe_ffn_logp_even,74,0.000016,0.0054,logged_terminal_batch_composite_loss,1057.4,78499.3,paper_101/ablation/results/36956.out,36956
p2_mofe_ffn_logp_even,75,0.000016,0.0140,logged_terminal_batch_composite_loss,1057.4,79556.8,paper_101/ablation/results/36956.out,36956
p2_mofe_ffn_logp_even,76,0.000016,0.0239,logged_terminal_batch_composite_loss,1057.4,80614.2,paper_101/ablation/results/36956.out,36956
p2_mofe_ffn_logp_even,77,0.000016,0.0314,logged_terminal_batch_composite_loss,1059.0,81673.1,paper_101/ablation/results/36956.out,36956
p2_mofe_ffn_logp_even,78,0.000016,0.0140,logged_terminal_batch_composite_loss,1058.1,82731.2,paper_101/ablation/results/36956.out,36956
p2_mofe_ffn_logp_even,79,0.000016,0.0131,logged_terminal_batch_composite_loss,1057.1,83788.3,paper_101/ablation/results/36956.out,36956
p2_mofe_ffn_logp_even,80,0.000016,0.0329,logged_terminal_batch_composite_loss,1057.5,84845.8,paper_101/ablation/results/36956.out,36956
p2_mofe_ffn_logp_even,81,0.000016,0.0087,logged_terminal_batch_composite_loss,1057.0,85902.8,paper_101/ablation/results/36956.out,36956
p2_mofe_ffn_logp_even,82,0.000016,0.0061,logged_terminal_batch_composite_loss,1056.6,86959.3,paper_101/ablation/results/36956.out,36956
p2_mofe_ffn_logp_even,83,0.000016,0.0446,logged_terminal_batch_composite_loss,1056.2,88015.5,paper_101/ablation/results/36956.out,36956
p2_mofe_ffn_logp_even,84,0.000015,0.0207,logged_terminal_batch_composite_loss,1055.6,89071.1,paper_101/ablation/results/36956.out,36956
p2_mofe_ffn_logp_even,85,0.000015,0.0045,logged_terminal_batch_composite_loss,1056.0,90127.0,paper_101/ablation/results/36956.out,36956
p2_mofe_ffn_logp_even,86,0.000015,0.0153,logged_terminal_batch_composite_loss,1058.7,91185.8,paper_101/ablation/results/36956.out,36956
p2_mofe_ffn_logp_even,87,0.000015,0.0095,logged_terminal_batch_composite_loss,1056.6,92242.4,paper_101/ablation/results/36956.out,36956
p2_mofe_ffn_logp_even,88,0.000015,0.0105,logged_terminal_batch_composite_loss,1058.1,93300.5,paper_101/ablation/results/36956.out,36956
p2_mofe_ffn_logp_even,89,0.000015,0.0245,logged_terminal_batch_composite_loss,1058.2,94358.6,paper_101/ablation/results/36956.out,36956
p2_mofe_ffn_logp_even,90,0.000015,0.0147,logged_terminal_batch_composite_loss,1047.8,95406.4,paper_101/ablation/results/36956.out,36956
p2_mofe_ffn_logp_even,91,0.000015,0.0200,logged_terminal_batch_composite_loss,1043.4,96449.8,paper_101/ablation/results/36956.out,36956
p2_mofe_ffn_logp_even,92,0.000015,0.0119,logged_terminal_batch_composite_loss,1043.2,97493.0,paper_101/ablation/results/36956.out,36956
p2_mofe_ffn_logp_even,93,0.000015,0.0085,logged_terminal_batch_composite_loss,1037.4,98530.3,paper_101/ablation/results/36956.out,36956
p2_mofe_ffn_logp_even,94,0.000015,0.0119,logged_terminal_batch_composite_loss,1037.3,99567.6,paper_101/ablation/results/36956.out,36956
p2_mofe_ffn_logp_even,95,0.000015,0.0350,logged_terminal_batch_composite_loss,1037.8,100605.5,paper_101/ablation/results/36956.out,36956
p2_mofe_ffn_logp_even,96,0.000014,0.0106,logged_terminal_batch_composite_loss,1036.7,101642.2,paper_101/ablation/results/36956.out,36956
p2_mofe_ffn_logp_even,97,0.000014,0.0258,logged_terminal_batch_composite_loss,1035.3,102677.5,paper_101/ablation/results/36956.out,36956
p2_mofe_ffn_logp_even,98,0.000014,0.0046,logged_terminal_batch_composite_loss,1036.4,103713.8,paper_101/ablation/results/36956.out,36956
p2_mofe_ffn_logp_even,99,0.000014,0.0067,logged_terminal_batch_composite_loss,1036.1,104750.0,paper_101/ablation/results/36956.out,36956
p2_mofe_ffn_logp_even,100,0.000014,0.0077,logged_terminal_batch_composite_loss,1038.0,105788.0,paper_101/ablation/results/36956.out,36956
p2_mofe_ffn_logp_even,101,0.000014,0.0045,logged_terminal_batch_composite_loss,1039.6,106827.6,paper_101/ablation/results/36956.out,36956
p2_mofe_ffn_logp_even,102,0.000014,0.0048,logged_terminal_batch_composite_loss,1038.8,107866.5,paper_101/ablation/results/36956.out,36956
p2_mofe_ffn_logp_even,103,0.000014,0.0057,logged_terminal_batch_composite_loss,1038.4,108904.9,paper_101/ablation/results/36956.out,36956
p2_mofe_ffn_logp_even,104,0.000014,0.0040,logged_terminal_batch_composite_loss,1039.2,109944.2,paper_101/ablation/results/36956.out,36956
p2_mofe_ffn_logp_even,105,0.000014,0.0041,logged_terminal_batch_composite_loss,1038.6,110982.8,paper_101/ablation/results/36956.out,36956
p2_mofe_ffn_logp_even,106,0.000014,0.0084,logged_terminal_batch_composite_loss,1038.6,112021.4,paper_101/ablation/results/36956.out,36956
p2_mofe_ffn_logp_even,107,0.000014,0.0069,logged_terminal_batch_composite_loss,1038.7,113060.1,paper_101/ablation/results/36956.out,36956
p2_mofe_ffn_logp_even,108,0.000014,0.0103,logged_terminal_batch_composite_loss,1037.4,114097.6,paper_101/ablation/results/36956.out,36956
p2_mofe_ffn_logp_even,109,0.000014,0.0165,logged_terminal_batch_composite_loss,1037.6,115135.2,paper_101/ablation/results/36956.out,36956
p2_mofe_ffn_logp_even,110,0.000013,0.0053,logged_terminal_batch_composite_loss,1037.2,116172.4,paper_101/ablation/results/36956.out,36956
p2_mofe_ffn_logp_even,111,0.000013,0.0069,logged_terminal_batch_composite_loss,1036.9,117209.3,paper_101/ablation/results/36956.out,36956
p2_mofe_ffn_logp_even,112,0.000013,0.0055,logged_terminal_batch_composite_loss,1037.1,118246.3,paper_101/ablation/results/36956.out,36956
p2_mofe_ffn_logp_even,113,0.000013,0.0082,logged_terminal_batch_composite_loss,1036.8,119283.2,paper_101/ablation/results/36956.out,36956
p2_mofe_ffn_logp_even,114,0.000013,0.0197,logged_terminal_batch_composite_loss,1036.9,120320.1,paper_101/ablation/results/36956.out,36956
p2_mofe_ffn_logp_even,115,0.000013,0.0049,logged_terminal_batch_composite_loss,1038.1,121358.2,paper_101/ablation/results/36956.out,36956
p2_mofe_ffn_logp_even,116,0.000013,0.0070,logged_terminal_batch_composite_loss,1036.8,122394.9,paper_101/ablation/results/36956.out,36956
p2_mofe_ffn_logp_even,117,0.000013,0.0077,logged_terminal_batch_composite_loss,1036.4,123431.4,paper_101/ablation/results/36956.out,36956
p2_mofe_ffn_logp_even,118,0.000013,0.0016,logged_terminal_batch_composite_loss,1035.4,124466.8,paper_101/ablation/results/36956.out,36956
p2_mofe_ffn_logp_even,119,0.000013,0.0047,logged_terminal_batch_composite_loss,1036.3,125503.3,paper_101/ablation/results/36956.out,36956
p2_mofe_ffn_logp_even,120,0.000013,0.0168,logged_terminal_batch_composite_loss,1036.3,126539.6,paper_101/ablation/results/36956.out,36956
p2_mofe_ffn_logp_even,121,0.000013,0.0092,logged_terminal_batch_composite_loss,1036.9,127576.5,paper_101/ablation/results/36956.out,36956
p2_mofe_ffn_logp_even,122,0.000013,0.0041,logged_terminal_batch_composite_loss,1036.5,128613.0,paper_101/ablation/results/36956.out,36956
p2_mofe_ffn_logp_even,123,0.000013,0.0109,logged_terminal_batch_composite_loss,1035.6,129648.5,paper_101/ablation/results/36956.out,36956
p2_mofe_ffn_logp_even,124,0.000013,0.0076,logged_terminal_batch_composite_loss,1035.9,130684.5,paper_101/ablation/results/36956.out,36956
p2_mofe_ffn_logp_even,125,0.000013,0.0176,logged_terminal_batch_composite_loss,1035.7,131720.2,paper_101/ablation/results/36956.out,36956
p2_mofe_ffn_logp_even,126,0.000013,0.0064,logged_terminal_batch_composite_loss,1035.6,132755.8,paper_101/ablation/results/36956.out,36956
p2_mofe_ffn_logp_even,127,0.000013,0.0028,logged_terminal_batch_composite_loss,1036.7,133792.5,paper_101/ablation/results/36956.out,36956
p2_mofe_ffn_logp_even,128,0.000013,0.0097,logged_terminal_batch_composite_loss,1035.7,134828.2,paper_101/ablation/results/36956.out,36956
p2_mofe_ffn_logp_even,129,0.000012,0.0051,logged_terminal_batch_composite_loss,1036.1,135864.2,paper_101/ablation/results/36956.out,36956
p2_mofe_ffn_logp_even,130,0.000012,0.0040,logged_terminal_batch_composite_loss,1035.2,136899.4,paper_101/ablation/results/36956.out,36956
p2_mofe_ffn_logp_even,131,0.000012,0.0060,logged_terminal_batch_composite_loss,1035.4,137934.8,paper_101/ablation/results/36956.out,36956
p2_mofe_ffn_logp_even,132,0.000012,0.0377,logged_terminal_batch_composite_loss,1031.6,138966.4,paper_101/ablation/results/36956.out,36956
p2_mofe_ffn_logp_even,133,0.000012,0.0059,logged_terminal_batch_composite_loss,1028.2,139994.6,paper_101/ablation/results/36956.out,36956
p2_mofe_ffn_logp_even,134,0.000012,0.0122,logged_terminal_batch_composite_loss,1029.7,141024.2,paper_101/ablation/results/36956.out,36956
p2_mofe_ffn_logp_even,135,0.000012,0.0050,logged_terminal_batch_composite_loss,1027.3,142051.5,paper_101/ablation/results/36956.out,36956
p2_mofe_ffn_logp_even,136,0.000012,0.0047,logged_terminal_batch_composite_loss,1026.9,143078.4,paper_101/ablation/results/36956.out,36956
p2_mofe_ffn_logp_even,137,0.000012,0.0065,logged_terminal_batch_composite_loss,1028.2,144106.6,paper_101/ablation/results/36956.out,36956
p2_mofe_ffn_logp_even,138,0.000012,0.0077,logged_terminal_batch_composite_loss,1028.8,145135.4,paper_101/ablation/results/36956.out,36956
p2_mofe_ffn_logp_even,139,0.000012,0.0076,logged_terminal_batch_composite_loss,1027.6,146163.0,paper_101/ablation/results/36956.out,36956
p2_mofe_ffn_logp_even,140,0.000012,0.0080,logged_terminal_batch_composite_loss,1027.7,147190.7,paper_101/ablation/results/36956.out,36956
p2_mofe_ffn_logp_even,141,0.000012,0.0102,logged_terminal_batch_composite_loss,1027.7,148218.4,paper_101/ablation/results/36956.out,36956
p2_mofe_ffn_logp_even,142,0.000012,0.0039,logged_terminal_batch_composite_loss,1028.2,149246.6,paper_101/ablation/results/36956.out,36956
p2_mofe_ffn_logp_even,143,0.000012,0.0065,logged_terminal_batch_composite_loss,1028.2,150274.8,paper_101/ablation/results/36956.out,36956
p2_mofe_ffn_logp_even,144,0.000012,0.0067,logged_terminal_batch_composite_loss,1027.9,151302.8,paper_101/ablation/results/36956.out,36956
p2_mofe_ffn_logp_even,145,0.000012,0.0035,logged_terminal_batch_composite_loss,1028.3,152331.1,paper_101/ablation/results/36956.out,36956
p2_mofe_ffn_logp_even,146,0.000012,0.0028,logged_terminal_batch_composite_loss,1029.1,153360.2,paper_101/ablation/results/36956.out,36956
p2_mofe_ffn_logp_even,147,0.000012,0.0048,logged_terminal_batch_composite_loss,1030.0,154390.2,paper_101/ablation/results/36956.out,36956
p2_mofe_ffn_logp_even,148,0.000012,0.0119,logged_terminal_batch_composite_loss,1028.0,155418.2,paper_101/ablation/results/36956.out,36956
p2_mofe_ffn_logp_even,149,0.000012,0.0058,logged_terminal_batch_composite_loss,1029.0,156447.1,paper_101/ablation/results/36956.out,36956
p2_mofe_ffn_logp_even,150,0.000012,0.0084,logged_terminal_batch_composite_loss,1029.6,157476.7,paper_101/ablation/results/36956.out,36956
p2_mofe_ffn_logp_even,151,0.000012,0.0033,logged_terminal_batch_composite_loss,1029.0,158505.8,paper_101/ablation/results/36956.out,36956
p2_mofe_ffn_logp_even,152,0.000011,0.0074,logged_terminal_batch_composite_loss,1028.4,159534.2,paper_101/ablation/results/36956.out,36956
p2_mofe_ffn_logp_even,153,0.000011,0.0039,logged_terminal_batch_composite_loss,1019.0,160553.2,paper_101/ablation/results/36956.out,36956
p2_mofe_ffn_logp_even,154,0.000011,0.0058,logged_terminal_batch_composite_loss,1029.0,161582.2,paper_101/ablation/results/36956.out,36956
p2_mofe_ffn_logp_even,155,0.000011,0.0024,logged_terminal_batch_composite_loss,1027.2,162609.4,paper_101/ablation/results/36956.out,36956
p2_mofe_ffn_logp_even,156,0.000011,0.0212,logged_terminal_batch_composite_loss,1018.7,163628.2,paper_101/ablation/results/36956.out,36956
p2_mofe_ffn_logp_even,157,0.000011,0.0083,logged_terminal_batch_composite_loss,1037.0,164665.2,paper_101/ablation/results/36956.out,36956
p2_mofe_ffn_logp_even,158,0.000011,0.0048,logged_terminal_batch_composite_loss,1020.4,165685.6,paper_101/ablation/results/36956.out,36956
p2_mofe_ffn_logp_even,159,0.000011,0.0049,logged_terminal_batch_composite_loss,1018.9,166704.5,paper_101/ablation/results/36956.out,36956
p2_mofe_ffn_logp_even,160,0.000011,0.0107,logged_terminal_batch_composite_loss,1019.2,167723.6,paper_101/ablation/results/36956.out,36956
p2_mofe_ffn_logp_even,161,0.000011,0.0182,logged_terminal_batch_composite_loss,1019.7,168743.3,paper_101/ablation/results/36956.out,36956
p2_mofe_ffn_logp_even,162,0.000011,0.0046,logged_terminal_batch_composite_loss,1021.4,169764.7,paper_101/ablation/results/36956.out,36956
p2_mofe_ffn_logp_even,163,0.000011,0.0066,logged_terminal_batch_composite_loss,1022.9,170787.6,paper_101/ablation/results/36956.out,36956
p2_mofe_ffn_logp_even,164,0.000011,0.0085,logged_terminal_batch_composite_loss,1029.3,171816.9,paper_101/ablation/results/36956.out,36956
p2_mofe_ffn_logp_even,165,0.000011,0.0039,logged_terminal_batch_composite_loss,1028.6,172845.5,paper_101/ablation/results/36956.out,36956
p2_mofe_ffn_logp_even,166,0.000011,0.0062,logged_terminal_batch_composite_loss,1029.8,173875.3,paper_101/ablation/results/36956.out,36956
p2_mofe_ffn_logp_even,167,0.000011,0.0052,logged_terminal_batch_composite_loss,1029.8,174905.1,paper_101/ablation/results/36956.out,36956
p2_mofe_ffn_logp_even,168,0.000011,0.0023,logged_terminal_batch_composite_loss,1028.6,175933.7,paper_101/ablation/results/36956.out,36956
p2_mofe_ffn_logp_even,169,0.000011,0.0077,logged_terminal_batch_composite_loss,1028.5,176962.2,paper_101/ablation/results/36956.out,36956
p2_mofe_ffn_logp_even,170,0.000011,0.0340,logged_terminal_batch_composite_loss,1028.2,177990.4,paper_101/ablation/results/36956.out,36956
p2_mofe_ffn_logp_even,171,0.000011,0.0040,logged_terminal_batch_composite_loss,1027.7,179018.1,paper_101/ablation/results/36956.out,36956
p2_mofe_ffn_logp_even,172,0.000011,0.0037,logged_terminal_batch_composite_loss,1028.0,180046.1,paper_101/ablation/results/36956.out,36956
p2_mofe_ffn_logp_even,173,0.000011,0.0050,logged_terminal_batch_composite_loss,1028.5,181074.6,paper_101/ablation/results/36956.out,36956
p2_mofe_ffn_logp_even,174,0.000011,0.0059,logged_terminal_batch_composite_loss,1028.7,182103.3,paper_101/ablation/results/36956.out,36956
p2_mofe_ffn_logp_even,175,0.000011,0.0050,logged_terminal_batch_composite_loss,1027.5,183130.8,paper_101/ablation/results/36956.out,36956
p2_mofe_ffn_logp_even,176,0.000011,0.0058,logged_terminal_batch_composite_loss,1029.0,184159.8,paper_101/ablation/results/36956.out,36956
p2_mofe_ffn_logp_even,177,0.000011,0.0067,logged_terminal_batch_composite_loss,1027.5,185187.3,paper_101/ablation/results/36956.out,36956
p2_mofe_ffn_logp_even,178,0.000011,0.0061,logged_terminal_batch_composite_loss,1026.8,186214.2,paper_101/ablation/results/36956.out,36956
p2_mofe_ffn_logp_even,179,0.000011,0.0023,logged_terminal_batch_composite_loss,1023.5,187237.6,paper_101/ablation/results/36956.out,36956
p2_mofe_ffn_logp_even,180,0.000011,0.0160,logged_terminal_batch_composite_loss,1022.3,188260.0,paper_101/ablation/results/36956.out,36956
p2_mofe_ffn_logp_even,181,0.000011,0.0034,logged_terminal_batch_composite_loss,1023.2,189283.2,paper_101/ablation/results/36956.out,36956
p2_mofe_ffn_logp_even,182,0.000010,0.0051,logged_terminal_batch_composite_loss,1024.5,190307.7,paper_101/ablation/results/36956.out,36956
p2_mofe_ffn_logp_even,183,0.000010,0.0051,logged_terminal_batch_composite_loss,1025.9,191333.7,paper_101/ablation/results/36956.out,36956
p2_mofe_ffn_logp_even,184,0.000010,0.0085,logged_terminal_batch_composite_loss,1025.7,192359.4,paper_101/ablation/results/36956.out,36956
p2_mofe_ffn_logp_even,185,0.000010,0.0039,logged_terminal_batch_composite_loss,1025.2,193384.6,paper_101/ablation/results/36956.out,36956
p2_mofe_ffn_logp_even,186,0.000010,0.0031,logged_terminal_batch_composite_loss,1023.3,194407.9,paper_101/ablation/results/36956.out,36956
p2_mofe_ffn_logp_even,187,0.000010,0.0069,logged_terminal_batch_composite_loss,1030.1,195438.0,paper_101/ablation/results/36956.out,36956
p2_mofe_ffn_logp_even,188,0.000010,0.0077,logged_terminal_batch_composite_loss,1026.6,196464.6,paper_101/ablation/results/36956.out,36956
p2_mofe_ffn_logp_even,189,0.000010,0.0039,logged_terminal_batch_composite_loss,1020.7,197485.3,paper_101/ablation/results/36956.out,36956
p2_mofe_ffn_logp_even,190,0.000010,0.0377,logged_terminal_batch_composite_loss,1008.0,198493.2,paper_101/ablation/results/36956.out,36956
p2_mofe_ffn_logp_even,191,0.000010,0.0070,logged_terminal_batch_composite_loss,1008.6,199501.9,paper_101/ablation/results/36956.out,36956
p2_mofe_ffn_logp_even,192,0.000010,0.0035,logged_terminal_batch_composite_loss,1008.5,200510.4,paper_101/ablation/results/36956.out,36956
p2_mofe_ffn_logp_even,193,0.000010,0.0043,logged_terminal_batch_composite_loss,1008.5,201518.8,paper_101/ablation/results/36956.out,36956
p2_mofe_ffn_logp_even,194,0.000010,0.0058,logged_terminal_batch_composite_loss,1009.0,202527.8,paper_101/ablation/results/36956.out,36956
p2_mofe_ffn_logp_even,195,0.000010,0.0056,logged_terminal_batch_composite_loss,1009.0,203536.8,paper_101/ablation/results/36956.out,36956
p2_mofe_ffn_logp_even,196,0.000010,0.0129,logged_terminal_batch_composite_loss,1010.1,204546.9,paper_101/ablation/results/36956.out,36956
p2_mofe_ffn_logp_even,197,0.000010,0.0037,logged_terminal_batch_composite_loss,1009.6,205556.5,paper_101/ablation/results/36956.out,36956
p2_mofe_ffn_logp_even,198,0.000010,0.0023,logged_terminal_batch_composite_loss,1009.9,206566.4,paper_101/ablation/results/36956.out,36956
p2_mofe_ffn_logp_even,199,0.000010,0.0044,logged_terminal_batch_composite_loss,1009.1,207575.5,paper_101/ablation/results/36956.out,36956
p2_mofe_ffn_logp_even,200,0.000010,0.0049,logged_terminal_batch_composite_loss,1009.3,208584.8,paper_101/ablation/results/36956.out,36956
p2_mofe_ffn_logp_even,201,0.000010,0.0079,logged_terminal_batch_composite_loss,1010.1,209595.0,paper_101/ablation/results/36956.out,36956
p2_mofe_ffn_logp_even,202,0.000010,0.0042,logged_terminal_batch_composite_loss,1010.1,210605.0,paper_101/ablation/results/36956.out,36956
p2_mofe_ffn_logp_even,203,0.000010,0.0059,logged_terminal_batch_composite_loss,1011.3,211616.4,paper_101/ablation/results/36956.out,36956
p2_mofe_ffn_logp_even,204,0.000010,0.0037,logged_terminal_batch_composite_loss,1010.5,212626.8,paper_101/ablation/results/36956.out,36956
p2_mofe_ffn_logp_even,205,0.000010,0.0072,logged_terminal_batch_composite_loss,1011.1,213637.9,paper_101/ablation/results/36956.out,36956
p2_mofe_ffn_logp_even,206,0.000010,0.0082,logged_terminal_batch_composite_loss,1010.7,214648.6,paper_101/ablation/results/36956.out,36956
p2_mofe_ffn_logp_even,207,0.000010,0.0091,logged_terminal_batch_composite_loss,1009.4,215658.1,paper_101/ablation/results/36956.out,36956
p2_mofe_ffn_logp_even,208,0.000010,0.0154,logged_terminal_batch_composite_loss,1011.7,216669.8,paper_101/ablation/results/36956.out,36956
p2_mofe_ffn_logp_even,209,0.000010,0.0040,logged_terminal_batch_composite_loss,1011.3,217681.1,paper_101/ablation/results/36956.out,36956
p2_mofe_ffn_logp_even,210,0.000010,0.0038,logged_terminal_batch_composite_loss,1010.2,218691.3,paper_101/ablation/results/36956.out,36956
p2_mofe_ffn_logp_even,211,0.000010,0.0131,logged_terminal_batch_composite_loss,1010.5,219701.8,paper_101/ablation/results/36956.out,36956
p2_mofe_ffn_logp_even,212,0.000010,0.0069,logged_terminal_batch_composite_loss,1010.5,220712.3,paper_101/ablation/results/36956.out,36956
p2_mofe_ffn_logp_even,213,0.000010,0.0017,logged_terminal_batch_composite_loss,1009.3,221721.7,paper_101/ablation/results/36956.out,36956
p2_mofe_ffn_logp_even,214,0.000010,0.0030,logged_terminal_batch_composite_loss,1008.9,222730.5,paper_101/ablation/results/36956.out,36956
p2_mofe_ffn_logp_even,215,0.000010,0.0069,logged_terminal_batch_composite_loss,1009.2,223739.7,paper_101/ablation/results/36956.out,36956
p2_mofe_ffn_logp_even,216,0.000010,0.0014,logged_terminal_batch_composite_loss,1009.6,224749.3,paper_101/ablation/results/36956.out,36956
p2_mofe_ffn_logp_even,217,0.000010,0.0233,logged_terminal_batch_composite_loss,1008.7,225758.1,paper_101/ablation/results/36956.out,36956
p2_mofe_ffn_logp_even,218,0.000010,0.0054,logged_terminal_batch_composite_loss,1009.0,226767.1,paper_101/ablation/results/36956.out,36956
p2_mofe_ffn_logp_even,219,0.000010,0.0038,logged_terminal_batch_composite_loss,1008.4,227775.5,paper_101/ablation/results/36956.out,36956
p2_mofe_ffn_logp_even,220,0.000010,0.0034,logged_terminal_batch_composite_loss,1009.7,228785.2,paper_101/ablation/results/36956.out,36956
p2_mofe_ffn_logp_even,221,0.000010,0.0037,logged_terminal_batch_composite_loss,1008.4,229793.7,paper_101/ablation/results/36956.out,36956
p2_mofe_ffn_logp_even,222,0.000009,0.0056,logged_terminal_batch_composite_loss,1008.5,230802.2,paper_101/ablation/results/36956.out,36956
p2_mofe_ffn_logp_even,223,0.000009,0.0025,logged_terminal_batch_composite_loss,1009.0,231811.1,paper_101/ablation/results/36956.out,36956
p2_mofe_ffn_logp_even,224,0.000009,0.0072,logged_terminal_batch_composite_loss,1009.3,232820.4,paper_101/ablation/results/36956.out,36956
p2_mofe_ffn_logp_even,225,0.000009,0.0086,logged_terminal_batch_composite_loss,1009.9,233830.3,paper_101/ablation/results/36956.out,36956
p2_mofe_ffn_logp_even,226,0.000009,0.0072,logged_terminal_batch_composite_loss,1008.6,234838.9,paper_101/ablation/results/36956.out,36956
p2_mofe_ffn_logp_even,227,0.000009,0.0090,logged_terminal_batch_composite_loss,1007.7,235846.6,paper_101/ablation/results/36956.out,36956
p2_mofe_ffn_logp_even,228,0.000009,0.0019,logged_terminal_batch_composite_loss,1008.9,236855.5,paper_101/ablation/results/36956.out,36956
p2_mofe_ffn_logp_even,229,0.000009,0.0041,logged_terminal_batch_composite_loss,1008.2,237863.7,paper_101/ablation/results/36956.out,36956
p2_mofe_ffn_logp_even,230,0.000009,0.0098,logged_terminal_batch_composite_loss,1009.4,238873.1,paper_101/ablation/results/36956.out,36956
p2_mofe_ffn_logp_even,231,0.000009,0.0033,logged_terminal_batch_composite_loss,1007.9,239880.9,paper_101/ablation/results/36956.out,36956
p2_mofe_ffn_logp_even,232,0.000009,0.0047,logged_terminal_batch_composite_loss,1008.3,240889.2,paper_101/ablation/results/36956.out,36956
p2_mofe_ffn_logp_even,233,0.000009,0.0020,logged_terminal_batch_composite_loss,1008.3,241897.6,paper_101/ablation/results/36956.out,36956
p2_mofe_ffn_logp_even,234,0.000009,0.0039,logged_terminal_batch_composite_loss,1008.4,242905.9,paper_101/ablation/results/36956.out,36956
p2_mofe_ffn_logp_even,235,0.000009,0.0031,logged_terminal_batch_composite_loss,1009.1,243915.0,paper_101/ablation/results/36956.out,36956
p2_mofe_ffn_logp_even,236,0.000009,0.0040,logged_terminal_batch_composite_loss,1008.0,244923.0,paper_101/ablation/results/36956.out,36956
p2_mofe_ffn_logp_even,237,0.000009,0.0044,logged_terminal_batch_composite_loss,1008.9,245932.0,paper_101/ablation/results/36956.out,36956
p2_mofe_ffn_logp_even,238,0.000009,0.0034,logged_terminal_batch_composite_loss,1011.1,246943.1,paper_101/ablation/results/36956.out,36956
p2_mofe_ffn_logp_even,239,0.000009,0.0332,logged_terminal_batch_composite_loss,1007.6,247950.7,paper_101/ablation/results/36956.out,36956
p2_mofe_ffn_logp_even,240,0.000009,0.0050,logged_terminal_batch_composite_loss,1008.1,248958.8,paper_101/ablation/results/36956.out,36956
p2_mofe_ffn_logp_even,241,0.000009,0.0048,logged_terminal_batch_composite_loss,1008.9,249967.7,paper_101/ablation/results/36956.out,36956
p2_mofe_ffn_logp_even,242,0.000009,0.0030,logged_terminal_batch_composite_loss,1009.3,250977.0,paper_101/ablation/results/36956.out,36956
p2_mofe_ffn_logp_even,243,0.000009,0.0055,logged_terminal_batch_composite_loss,1008.9,251985.9,paper_101/ablation/results/36956.out,36956
p2_mofe_ffn_logp_even,244,0.000009,0.0028,logged_terminal_batch_composite_loss,1010.3,252996.2,paper_101/ablation/results/36956.out,36956
p2_mofe_ffn_logp_even,245,0.000009,0.0026,logged_terminal_batch_composite_loss,1117.2,254113.4,paper_101/ablation/results/36956.out,36956
p2_mofe_ffn_logp_even,246,0.000009,0.0022,logged_terminal_batch_composite_loss,1151.7,255265.1,paper_101/ablation/results/36956.out,36956
p2_mofe_ffn_logp_even,247,0.000009,0.0015,logged_terminal_batch_composite_loss,1153.8,256418.8,paper_101/ablation/results/36956.out,36956
p2_mofe_ffn_logp_even,248,0.000009,0.0046,logged_terminal_batch_composite_loss,1156.0,257574.9,paper_101/ablation/results/36956.out,36956
p2_mofe_ffn_logp_even,249,0.000009,0.0030,logged_terminal_batch_composite_loss,1155.1,258730.0,paper_101/ablation/results/36956.out,36956
p2_mofe_ffn_logp_even,250,0.000009,0.0032,logged_terminal_batch_composite_loss,1155.0,259885.0,paper_101/ablation/results/36956.out,36956
p2_mofe_ffn_logp_even,251,0.000009,0.0043,logged_terminal_batch_composite_loss,1154.3,261039.4,paper_101/ablation/results/36956.out,36956
p2_mofe_ffn_logp_even,252,0.000009,0.0018,logged_terminal_batch_composite_loss,1153.9,262193.2,paper_101/ablation/results/36956.out,36956
p2_mofe_ffn_logp_even,253,0.000009,0.0046,logged_terminal_batch_composite_loss,1152.3,263345.5,paper_101/ablation/results/36956.out,36956
p2_mofe_ffn_logp_even,254,0.000009,0.0041,logged_terminal_batch_composite_loss,1155.9,264501.4,paper_101/ablation/results/36956.out,36956
p2_mofe_ffn_logp_even,255,0.000009,0.0058,logged_terminal_batch_composite_loss,1155.4,265656.8,paper_101/ablation/results/36956.out,36956
p2_mofe_ffn_logp_even,256,0.000009,0.0013,logged_terminal_batch_composite_loss,1148.4,266805.2,paper_101/ablation/results/36956.out,36956
p2_mofe_ffn_logp_even,257,0.000009,0.0051,logged_terminal_batch_composite_loss,1149.6,267954.9,paper_101/ablation/results/36956.out,36956
p2_mofe_ffn_logp_even,258,0.000009,0.0047,logged_terminal_batch_composite_loss,1156.6,269111.5,paper_101/ablation/results/36956.out,36956
p2_mofe_ffn_logp_even,259,0.000009,0.0317,logged_terminal_batch_composite_loss,1159.4,270270.9,paper_101/ablation/results/36956.out,36956
p2_mofe_ffn_logp_even,260,0.000009,0.0042,logged_terminal_batch_composite_loss,1154.6,271425.5,paper_101/ablation/results/36956.out,36956
p2_mofe_ffn_logp_even,261,0.000009,0.0044,logged_terminal_batch_composite_loss,1155.6,272581.1,paper_101/ablation/results/36956.out,36956
p2_mofe_ffn_logp_even,262,0.000009,0.0016,logged_terminal_batch_composite_loss,1156.1,273737.1,paper_101/ablation/results/36956.out,36956
p2_mofe_ffn_logp_even,263,0.000009,0.0043,logged_terminal_batch_composite_loss,1156.3,274893.4,paper_101/ablation/results/36956.out,36956
p2_mofe_ffn_logp_even,264,0.000009,0.0068,logged_terminal_batch_composite_loss,1155.7,276049.1,paper_101/ablation/results/36956.out,36956
p2_mofe_ffn_logp_even,265,0.000009,0.0051,logged_terminal_batch_composite_loss,1156.4,277205.5,paper_101/ablation/results/36956.out,36956
p2_mofe_ffn_logp_even,266,0.000009,0.0073,logged_terminal_batch_composite_loss,1157.2,278362.7,paper_101/ablation/results/36956.out,36956
p2_mofe_ffn_logp_even,267,0.000009,0.0054,logged_terminal_batch_composite_loss,1155.1,279517.8,paper_101/ablation/results/36956.out,36956
p2_mofe_ffn_logp_even,268,0.000009,0.0022,logged_terminal_batch_composite_loss,1101.9,280619.7,paper_101/ablation/results/36956.out,36956
p2_mofe_ffn_logp_even,269,0.000009,0.0034,logged_terminal_batch_composite_loss,1008.6,281628.4,paper_101/ablation/results/36956.out,36956
p2_mofe_ffn_logp_even,270,0.000009,0.0041,logged_terminal_batch_composite_loss,1008.9,282637.3,paper_101/ablation/results/36956.out,36956
p2_mofe_ffn_logp_even,271,0.000009,0.0042,logged_terminal_batch_composite_loss,1008.4,283645.6,paper_101/ablation/results/36956.out,36956
p2_mofe_ffn_logp_even,272,0.000009,0.0069,logged_terminal_batch_composite_loss,1009.0,284654.7,paper_101/ablation/results/36956.out,36956
p2_mofe_ffn_logp_even,273,0.000009,0.0025,logged_terminal_batch_composite_loss,1008.7,285663.3,paper_101/ablation/results/36956.out,36956
p2_mofe_ffn_logp_even,274,0.000009,0.0028,logged_terminal_batch_composite_loss,1008.2,286671.6,paper_101/ablation/results/36956.out,36956
p2_mofe_ffn_logp_even,275,0.000009,0.0078,logged_terminal_batch_composite_loss,1008.3,287679.9,paper_101/ablation/results/36956.out,36956
p2_mofe_ffn_logp_even,276,0.000009,0.0049,logged_terminal_batch_composite_loss,1009.4,288689.3,paper_101/ablation/results/36956.out,36956
p2_mofe_ffn_logp_even,277,0.000008,0.0061,logged_terminal_batch_composite_loss,1008.3,289697.6,paper_101/ablation/results/36956.out,36956
p2_mofe_ffn_logp_even,278,0.000008,0.0043,logged_terminal_batch_composite_loss,1008.2,290705.8,paper_101/ablation/results/36956.out,36956
p2_mofe_ffn_logp_even,279,0.000008,0.0050,logged_terminal_batch_composite_loss,1009.2,291715.0,paper_101/ablation/results/36956.out,36956
p2_mofe_ffn_logp_even,280,0.000008,0.0052,logged_terminal_batch_composite_loss,1009.0,292723.9,paper_101/ablation/results/36956.out,36956
p2_mofe_ffn_logp_even,281,0.000008,0.0106,logged_terminal_batch_composite_loss,1009.2,293733.2,paper_101/ablation/results/36956.out,36956
p2_mofe_ffn_logp_even,282,0.000008,0.0092,logged_terminal_batch_composite_loss,1007.9,294741.1,paper_101/ablation/results/36956.out,36956
p2_mofe_ffn_logp_even,283,0.000008,0.0049,logged_terminal_batch_composite_loss,1007.9,295749.0,paper_101/ablation/results/36956.out,36956
p2_mofe_ffn_logp_even,284,0.000008,0.0048,logged_terminal_batch_composite_loss,1007.9,296756.9,paper_101/ablation/results/36956.out,36956
p2_mofe_ffn_logp_even,285,0.000008,0.0028,logged_terminal_batch_composite_loss,1007.8,297764.7,paper_101/ablation/results/36956.out,36956
p2_mofe_ffn_logp_even,286,0.000008,0.0040,logged_terminal_batch_composite_loss,1007.7,298772.4,paper_101/ablation/results/36956.out,36956
p2_mofe_ffn_logp_even,287,0.000008,0.0044,logged_terminal_batch_composite_loss,1007.3,299779.7,paper_101/ablation/results/36956.out,36956
p2_mofe_ffn_logp_even,288,0.000008,0.0044,logged_terminal_batch_composite_loss,1005.6,300785.3,paper_101/ablation/results/36956.out,36956
p2_mofe_ffn_logp_even,289,0.000008,0.0039,logged_terminal_batch_composite_loss,1005.8,301791.1,paper_101/ablation/results/36956.out,36956
p2_mofe_ffn_logp_even,290,0.000008,0.0011,logged_terminal_batch_composite_loss,1006.0,302797.1,paper_101/ablation/results/36956.out,36956
p2_mofe_ffn_logp_even,291,0.000008,0.0036,logged_terminal_batch_composite_loss,1007.6,303804.8,paper_101/ablation/results/36956.out,36956
p2_mofe_ffn_logp_even,292,0.000008,0.0043,logged_terminal_batch_composite_loss,1007.2,304812.0,paper_101/ablation/results/36956.out,36956
p2_mofe_ffn_logp_even,293,0.000008,0.0065,logged_terminal_batch_composite_loss,1006.3,305818.3,paper_101/ablation/results/36956.out,36956
p2_mofe_ffn_logp_even,294,0.000008,0.0199,logged_terminal_batch_composite_loss,1006.0,306824.3,paper_101/ablation/results/36956.out,36956
p2_mofe_ffn_logp_even,295,0.000008,0.0037,logged_terminal_batch_composite_loss,1006.8,307831.1,paper_101/ablation/results/36956.out,36956
p2_mofe_ffn_logp_even,296,0.000008,0.0015,logged_terminal_batch_composite_loss,1006.0,308837.1,paper_101/ablation/results/36956.out,36956
p2_mofe_ffn_logp_even,297,0.000008,0.0032,logged_terminal_batch_composite_loss,1007.0,309844.0,paper_101/ablation/results/36956.out,36956
p2_mofe_ffn_logp_even,298,0.000008,0.0027,logged_terminal_batch_composite_loss,1005.2,310849.2,paper_101/ablation/results/36956.out,36956
p2_mofe_ffn_logp_even,299,0.000008,0.0064,logged_terminal_batch_composite_loss,1005.2,311854.4,paper_101/ablation/results/36956.out,36956
p2_mofe_ffn_logp_even,300,0.000008,0.0038,logged_terminal_batch_composite_loss,1005.5,312859.9,paper_101/ablation/results/36956.out,36956
p2_mofe_ffn_logp_last,1,0.000001,3.6841,logged_terminal_batch_composite_loss,916.7,916.7,paper_101/ablation/results/36954.out,36954
p2_mofe_ffn_logp_last,2,0.000002,2.3091,logged_terminal_batch_composite_loss,918.9,1835.7,paper_101/ablation/results/36954.out,36954
p2_mofe_ffn_logp_last,3,0.000003,1.9537,logged_terminal_batch_composite_loss,917.7,2753.5,paper_101/ablation/results/36954.out,36954
p2_mofe_ffn_logp_last,4,0.000003,1.7038,logged_terminal_batch_composite_loss,919.4,3673.0,paper_101/ablation/results/36954.out,36954
p2_mofe_ffn_logp_last,5,0.000004,1.7563,logged_terminal_batch_composite_loss,917.5,4590.6,paper_101/ablation/results/36954.out,36954
p2_mofe_ffn_logp_last,6,0.000005,1.7448,logged_terminal_batch_composite_loss,918.6,5509.2,paper_101/ablation/results/36954.out,36954
p2_mofe_ffn_logp_last,7,0.000006,1.2107,logged_terminal_batch_composite_loss,918.9,6428.0,paper_101/ablation/results/36954.out,36954
p2_mofe_ffn_logp_last,8,0.000007,0.8246,logged_terminal_batch_composite_loss,918.7,7346.8,paper_101/ablation/results/36954.out,36954
p2_mofe_ffn_logp_last,9,0.000008,0.7500,logged_terminal_batch_composite_loss,918.4,8265.2,paper_101/ablation/results/36954.out,36954
p2_mofe_ffn_logp_last,10,0.000009,0.5987,logged_terminal_batch_composite_loss,919.0,9184.4,paper_101/ablation/results/36954.out,36954
p2_mofe_ffn_logp_last,11,0.000009,0.7008,logged_terminal_batch_composite_loss,918.4,10102.9,paper_101/ablation/results/36954.out,36954
p2_mofe_ffn_logp_last,12,0.000010,0.3774,logged_terminal_batch_composite_loss,916.7,11019.6,paper_101/ablation/results/36954.out,36954
p2_mofe_ffn_logp_last,13,0.000011,0.5051,logged_terminal_batch_composite_loss,917.9,11937.5,paper_101/ablation/results/36954.out,36954
p2_mofe_ffn_logp_last,14,0.000012,0.3739,logged_terminal_batch_composite_loss,917.5,12855.0,paper_101/ablation/results/36954.out,36954
p2_mofe_ffn_logp_last,15,0.000013,0.2642,logged_terminal_batch_composite_loss,917.9,13773.0,paper_101/ablation/results/36954.out,36954
p2_mofe_ffn_logp_last,16,0.000014,0.2172,logged_terminal_batch_composite_loss,919.6,14692.7,paper_101/ablation/results/36954.out,36954
p2_mofe_ffn_logp_last,17,0.000015,0.2440,logged_terminal_batch_composite_loss,918.5,15611.2,paper_101/ablation/results/36954.out,36954
p2_mofe_ffn_logp_last,18,0.000015,0.1621,logged_terminal_batch_composite_loss,918.0,16529.2,paper_101/ablation/results/36954.out,36954
p2_mofe_ffn_logp_last,19,0.000016,0.0816,logged_terminal_batch_composite_loss,918.7,17448.0,paper_101/ablation/results/36954.out,36954
p2_mofe_ffn_logp_last,20,0.000017,0.2079,logged_terminal_batch_composite_loss,918.2,18366.3,paper_101/ablation/results/36954.out,36954
p2_mofe_ffn_logp_last,21,0.000018,0.3913,logged_terminal_batch_composite_loss,918.5,19284.7,paper_101/ablation/results/36954.out,36954
p2_mofe_ffn_logp_last,22,0.000019,0.1950,logged_terminal_batch_composite_loss,918.6,20203.4,paper_101/ablation/results/36954.out,36954
p2_mofe_ffn_logp_last,23,0.000020,0.1340,logged_terminal_batch_composite_loss,917.8,21121.1,paper_101/ablation/results/36954.out,36954
p2_mofe_ffn_logp_last,24,0.000021,0.0929,logged_terminal_batch_composite_loss,917.0,22038.1,paper_101/ablation/results/36954.out,36954
p2_mofe_ffn_logp_last,25,0.000022,0.1717,logged_terminal_batch_composite_loss,916.0,22954.1,paper_101/ablation/results/36954.out,36954
p2_mofe_ffn_logp_last,26,0.000022,0.1411,logged_terminal_batch_composite_loss,918.8,23872.9,paper_101/ablation/results/36954.out,36954
p2_mofe_ffn_logp_last,27,0.000023,0.1395,logged_terminal_batch_composite_loss,918.9,24791.8,paper_101/ablation/results/36954.out,36954
p2_mofe_ffn_logp_last,28,0.000024,0.1599,logged_terminal_batch_composite_loss,916.8,25708.7,paper_101/ablation/results/36954.out,36954
p2_mofe_ffn_logp_last,29,0.000025,0.1497,logged_terminal_batch_composite_loss,917.3,26626.0,paper_101/ablation/results/36954.out,36954
p2_mofe_ffn_logp_last,30,0.000026,0.1391,logged_terminal_batch_composite_loss,920.0,27546.0,paper_101/ablation/results/36954.out,36954
p2_mofe_ffn_logp_last,31,0.000025,0.1354,logged_terminal_batch_composite_loss,917.2,28463.2,paper_101/ablation/results/36954.out,36954
p2_mofe_ffn_logp_last,32,0.000025,0.1279,logged_terminal_batch_composite_loss,918.1,29381.3,paper_101/ablation/results/36954.out,36954
p2_mofe_ffn_logp_last,33,0.000025,0.1257,logged_terminal_batch_composite_loss,916.9,30298.2,paper_101/ablation/results/36954.out,36954
p2_mofe_ffn_logp_last,34,0.000024,0.0876,logged_terminal_batch_composite_loss,909.9,31208.1,paper_101/ablation/results/36954.out,36954
p2_mofe_ffn_logp_last,35,0.000024,0.0891,logged_terminal_batch_composite_loss,908.8,32116.9,paper_101/ablation/results/36954.out,36954
p2_mofe_ffn_logp_last,36,0.000024,0.0271,logged_terminal_batch_composite_loss,908.2,33025.1,paper_101/ablation/results/36954.out,36954
p2_mofe_ffn_logp_last,37,0.000023,0.1777,logged_terminal_batch_composite_loss,908.9,33934.1,paper_101/ablation/results/36954.out,36954
p2_mofe_ffn_logp_last,38,0.000023,0.0965,logged_terminal_batch_composite_loss,907.3,34841.4,paper_101/ablation/results/36954.out,36954
p2_mofe_ffn_logp_last,39,0.000023,0.0419,logged_terminal_batch_composite_loss,924.2,35765.6,paper_101/ablation/results/36954.out,36954
p2_mofe_ffn_logp_last,40,0.000022,0.0623,logged_terminal_batch_composite_loss,908.9,36674.5,paper_101/ablation/results/36954.out,36954
p2_mofe_ffn_logp_last,41,0.000022,0.0427,logged_terminal_batch_composite_loss,909.4,37583.9,paper_101/ablation/results/36954.out,36954
p2_mofe_ffn_logp_last,42,0.000022,0.0572,logged_terminal_batch_composite_loss,908.6,38492.5,paper_101/ablation/results/36954.out,36954
p2_mofe_ffn_logp_last,43,0.000022,0.0313,logged_terminal_batch_composite_loss,908.7,39401.2,paper_101/ablation/results/36954.out,36954
p2_mofe_ffn_logp_last,44,0.000021,0.0494,logged_terminal_batch_composite_loss,908.7,40309.8,paper_101/ablation/results/36954.out,36954
p2_mofe_ffn_logp_last,45,0.000021,0.0337,logged_terminal_batch_composite_loss,910.1,41219.9,paper_101/ablation/results/36954.out,36954
p2_mofe_ffn_logp_last,46,0.000021,0.0287,logged_terminal_batch_composite_loss,901.9,42121.9,paper_101/ablation/results/36954.out,36954
p2_mofe_ffn_logp_last,47,0.000021,0.0247,logged_terminal_batch_composite_loss,895.7,43017.6,paper_101/ablation/results/36954.out,36954
p2_mofe_ffn_logp_last,48,0.000020,0.0586,logged_terminal_batch_composite_loss,896.5,43914.1,paper_101/ablation/results/36954.out,36954
p2_mofe_ffn_logp_last,49,0.000020,0.0348,logged_terminal_batch_composite_loss,896.6,44810.8,paper_101/ablation/results/36954.out,36954
p2_mofe_ffn_logp_last,50,0.000020,0.0353,logged_terminal_batch_composite_loss,896.6,45707.4,paper_101/ablation/results/36954.out,36954
p2_mofe_ffn_logp_last,51,0.000020,0.0298,logged_terminal_batch_composite_loss,896.2,46603.7,paper_101/ablation/results/36954.out,36954
p2_mofe_ffn_logp_last,52,0.000020,0.0302,logged_terminal_batch_composite_loss,897.2,47500.8,paper_101/ablation/results/36954.out,36954
p2_mofe_ffn_logp_last,53,0.000019,0.0474,logged_terminal_batch_composite_loss,887.7,48388.6,paper_101/ablation/results/36954.out,36954
p2_mofe_ffn_logp_last,54,0.000019,0.0417,logged_terminal_batch_composite_loss,882.7,49271.3,paper_101/ablation/results/36954.out,36954
p2_mofe_ffn_logp_last,55,0.000019,0.0251,logged_terminal_batch_composite_loss,882.2,50153.5,paper_101/ablation/results/36954.out,36954
p2_mofe_ffn_logp_last,56,0.000019,0.0519,logged_terminal_batch_composite_loss,881.0,51034.5,paper_101/ablation/results/36954.out,36954
p2_mofe_ffn_logp_last,57,0.000019,0.0285,logged_terminal_batch_composite_loss,880.7,51915.3,paper_101/ablation/results/36954.out,36954
p2_mofe_ffn_logp_last,58,0.000019,0.0404,logged_terminal_batch_composite_loss,882.8,52798.1,paper_101/ablation/results/36954.out,36954
p2_mofe_ffn_logp_last,59,0.000018,0.0289,logged_terminal_batch_composite_loss,885.6,53683.6,paper_101/ablation/results/36954.out,36954
p2_mofe_ffn_logp_last,60,0.000018,0.0312,logged_terminal_batch_composite_loss,913.2,54596.8,paper_101/ablation/results/36954.out,36954
p2_mofe_ffn_logp_last,61,0.000018,0.0329,logged_terminal_batch_composite_loss,925.7,55522.4,paper_101/ablation/results/36954.out,36954
p2_mofe_ffn_logp_last,62,0.000018,0.0329,logged_terminal_batch_composite_loss,921.8,56444.3,paper_101/ablation/results/36954.out,36954
p2_mofe_ffn_logp_last,63,0.000018,0.0178,logged_terminal_batch_composite_loss,886.7,57330.9,paper_101/ablation/results/36954.out,36954
p2_mofe_ffn_logp_last,64,0.000018,0.0461,logged_terminal_batch_composite_loss,890.8,58221.8,paper_101/ablation/results/36954.out,36954
p2_mofe_ffn_logp_last,65,0.000018,0.0344,logged_terminal_batch_composite_loss,892.3,59114.1,paper_101/ablation/results/36954.out,36954
p2_mofe_ffn_logp_last,66,0.000017,0.0293,logged_terminal_batch_composite_loss,892.0,60006.1,paper_101/ablation/results/36954.out,36954
p2_mofe_ffn_logp_last,67,0.000017,0.0685,logged_terminal_batch_composite_loss,893.8,60899.9,paper_101/ablation/results/36954.out,36954
p2_mofe_ffn_logp_last,68,0.000017,0.0165,logged_terminal_batch_composite_loss,895.9,61795.8,paper_101/ablation/results/36954.out,36954
p2_mofe_ffn_logp_last,69,0.000017,0.0335,logged_terminal_batch_composite_loss,893.4,62689.2,paper_101/ablation/results/36954.out,36954
p2_mofe_ffn_logp_last,70,0.000017,0.0138,logged_terminal_batch_composite_loss,894.2,63583.4,paper_101/ablation/results/36954.out,36954
p2_mofe_ffn_logp_last,71,0.000017,0.0177,logged_terminal_batch_composite_loss,898.1,64481.6,paper_101/ablation/results/36954.out,36954
p2_mofe_ffn_logp_last,72,0.000017,0.0257,logged_terminal_batch_composite_loss,930.8,65412.4,paper_101/ablation/results/36954.out,36954
p2_mofe_ffn_logp_last,73,0.000017,0.0237,logged_terminal_batch_composite_loss,951.8,66364.2,paper_101/ablation/results/36954.out,36954
p2_mofe_ffn_logp_last,74,0.000016,0.0058,logged_terminal_batch_composite_loss,951.8,67316.1,paper_101/ablation/results/36954.out,36954
p2_mofe_ffn_logp_last,75,0.000016,0.0111,logged_terminal_batch_composite_loss,951.4,68267.6,paper_101/ablation/results/36954.out,36954
p2_mofe_ffn_logp_last,76,0.000016,0.0179,logged_terminal_batch_composite_loss,951.1,69218.7,paper_101/ablation/results/36954.out,36954
p2_mofe_ffn_logp_last,77,0.000016,0.0089,logged_terminal_batch_composite_loss,952.0,70170.6,paper_101/ablation/results/36954.out,36954
p2_mofe_ffn_logp_last,78,0.000016,0.0253,logged_terminal_batch_composite_loss,952.7,71123.3,paper_101/ablation/results/36954.out,36954
p2_mofe_ffn_logp_last,79,0.000016,0.0068,logged_terminal_batch_composite_loss,953.3,72076.6,paper_101/ablation/results/36954.out,36954
p2_mofe_ffn_logp_last,80,0.000016,0.0129,logged_terminal_batch_composite_loss,950.9,73027.6,paper_101/ablation/results/36954.out,36954
p2_mofe_ffn_logp_last,81,0.000016,0.0435,logged_terminal_batch_composite_loss,952.1,73979.7,paper_101/ablation/results/36954.out,36954
p2_mofe_ffn_logp_last,82,0.000016,0.0071,logged_terminal_batch_composite_loss,953.2,74932.9,paper_101/ablation/results/36954.out,36954
p2_mofe_ffn_logp_last,83,0.000016,0.0136,logged_terminal_batch_composite_loss,953.0,75886.0,paper_101/ablation/results/36954.out,36954
p2_mofe_ffn_logp_last,84,0.000015,0.0134,logged_terminal_batch_composite_loss,955.0,76841.0,paper_101/ablation/results/36954.out,36954
p2_mofe_ffn_logp_last,85,0.000015,0.0129,logged_terminal_batch_composite_loss,954.0,77795.0,paper_101/ablation/results/36954.out,36954
p2_mofe_ffn_logp_last,86,0.000015,0.0277,logged_terminal_batch_composite_loss,954.3,78749.4,paper_101/ablation/results/36954.out,36954
p2_mofe_ffn_logp_last,87,0.000015,0.0089,logged_terminal_batch_composite_loss,955.2,79704.6,paper_101/ablation/results/36954.out,36954
p2_mofe_ffn_logp_last,88,0.000015,0.0147,logged_terminal_batch_composite_loss,953.5,80658.1,paper_101/ablation/results/36954.out,36954
p2_mofe_ffn_logp_last,89,0.000015,0.0168,logged_terminal_batch_composite_loss,954.8,81613.0,paper_101/ablation/results/36954.out,36954
p2_mofe_ffn_logp_last,90,0.000015,0.0046,logged_terminal_batch_composite_loss,955.1,82568.1,paper_101/ablation/results/36954.out,36954
p2_mofe_ffn_logp_last,91,0.000015,0.0112,logged_terminal_batch_composite_loss,944.3,83512.4,paper_101/ablation/results/36954.out,36954
p2_mofe_ffn_logp_last,92,0.000015,0.0070,logged_terminal_batch_composite_loss,946.2,84458.7,paper_101/ablation/results/36954.out,36954
p2_mofe_ffn_logp_last,93,0.000015,0.0101,logged_terminal_batch_composite_loss,946.9,85405.5,paper_101/ablation/results/36954.out,36954
p2_mofe_ffn_logp_last,94,0.000015,0.0172,logged_terminal_batch_composite_loss,946.7,86352.2,paper_101/ablation/results/36954.out,36954
p2_mofe_ffn_logp_last,95,0.000015,0.0089,logged_terminal_batch_composite_loss,945.9,87298.1,paper_101/ablation/results/36954.out,36954
p2_mofe_ffn_logp_last,96,0.000014,0.0174,logged_terminal_batch_composite_loss,945.2,88243.4,paper_101/ablation/results/36954.out,36954
p2_mofe_ffn_logp_last,97,0.000014,0.0067,logged_terminal_batch_composite_loss,943.8,89187.1,paper_101/ablation/results/36954.out,36954
p2_mofe_ffn_logp_last,98,0.000014,0.0085,logged_terminal_batch_composite_loss,944.8,90131.9,paper_101/ablation/results/36954.out,36954
p2_mofe_ffn_logp_last,99,0.000014,0.0121,logged_terminal_batch_composite_loss,944.7,91076.6,paper_101/ablation/results/36954.out,36954
p2_mofe_ffn_logp_last,100,0.000014,0.0032,logged_terminal_batch_composite_loss,944.0,92020.6,paper_101/ablation/results/36954.out,36954
p2_mofe_ffn_logp_last,101,0.000014,0.0199,logged_terminal_batch_composite_loss,945.0,92965.7,paper_101/ablation/results/36954.out,36954
p2_mofe_ffn_logp_last,102,0.000014,0.0151,logged_terminal_batch_composite_loss,944.3,93910.0,paper_101/ablation/results/36954.out,36954
p2_mofe_ffn_logp_last,103,0.000014,0.0080,logged_terminal_batch_composite_loss,942.9,94852.9,paper_101/ablation/results/36954.out,36954
p2_mofe_ffn_logp_last,104,0.000014,0.0040,logged_terminal_batch_composite_loss,943.3,95796.2,paper_101/ablation/results/36954.out,36954
p2_mofe_ffn_logp_last,105,0.000014,0.0201,logged_terminal_batch_composite_loss,944.6,96740.9,paper_101/ablation/results/36954.out,36954
p2_mofe_ffn_logp_last,106,0.000014,0.0053,logged_terminal_batch_composite_loss,942.8,97683.7,paper_101/ablation/results/36954.out,36954
p2_mofe_ffn_logp_last,107,0.000014,0.0123,logged_terminal_batch_composite_loss,942.2,98625.8,paper_101/ablation/results/36954.out,36954
p2_mofe_ffn_logp_last,108,0.000014,0.0061,logged_terminal_batch_composite_loss,944.8,99570.6,paper_101/ablation/results/36954.out,36954
p2_mofe_ffn_logp_last,109,0.000014,0.0041,logged_terminal_batch_composite_loss,942.7,100513.4,paper_101/ablation/results/36954.out,36954
p2_mofe_ffn_logp_last,110,0.000013,0.0086,logged_terminal_batch_composite_loss,943.4,101456.8,paper_101/ablation/results/36954.out,36954
p2_mofe_ffn_logp_last,111,0.000013,0.0369,logged_terminal_batch_composite_loss,941.6,102398.4,paper_101/ablation/results/36954.out,36954
p2_mofe_ffn_logp_last,112,0.000013,0.0075,logged_terminal_batch_composite_loss,941.0,103339.4,paper_101/ablation/results/36954.out,36954
p2_mofe_ffn_logp_last,113,0.000013,0.0073,logged_terminal_batch_composite_loss,938.7,104278.2,paper_101/ablation/results/36954.out,36954
p2_mofe_ffn_logp_last,114,0.000013,0.0059,logged_terminal_batch_composite_loss,936.7,105214.8,paper_101/ablation/results/36954.out,36954
p2_mofe_ffn_logp_last,115,0.000013,0.0050,logged_terminal_batch_composite_loss,940.7,106155.5,paper_101/ablation/results/36954.out,36954
p2_mofe_ffn_logp_last,116,0.000013,0.0030,logged_terminal_batch_composite_loss,941.2,107096.6,paper_101/ablation/results/36954.out,36954
p2_mofe_ffn_logp_last,117,0.000013,0.0242,logged_terminal_batch_composite_loss,939.6,108036.3,paper_101/ablation/results/36954.out,36954
p2_mofe_ffn_logp_last,118,0.000013,0.0070,logged_terminal_batch_composite_loss,939.5,108975.8,paper_101/ablation/results/36954.out,36954
p2_mofe_ffn_logp_last,119,0.000013,0.0076,logged_terminal_batch_composite_loss,939.7,109915.6,paper_101/ablation/results/36954.out,36954
p2_mofe_ffn_logp_last,120,0.000013,0.0026,logged_terminal_batch_composite_loss,938.9,110854.5,paper_101/ablation/results/36954.out,36954
p2_mofe_ffn_logp_last,121,0.000013,0.0091,logged_terminal_batch_composite_loss,940.1,111794.7,paper_101/ablation/results/36954.out,36954
p2_mofe_ffn_logp_last,122,0.000013,0.0044,logged_terminal_batch_composite_loss,939.7,112734.4,paper_101/ablation/results/36954.out,36954
p2_mofe_ffn_logp_last,123,0.000013,0.0043,logged_terminal_batch_composite_loss,938.0,113672.4,paper_101/ablation/results/36954.out,36954
p2_mofe_ffn_logp_last,124,0.000013,0.0066,logged_terminal_batch_composite_loss,937.9,114610.3,paper_101/ablation/results/36954.out,36954
p2_mofe_ffn_logp_last,125,0.000013,0.0054,logged_terminal_batch_composite_loss,937.7,115548.1,paper_101/ablation/results/36954.out,36954
p2_mofe_ffn_logp_last,126,0.000013,0.0157,logged_terminal_batch_composite_loss,941.1,116489.1,paper_101/ablation/results/36954.out,36954
p2_mofe_ffn_logp_last,127,0.000013,0.0046,logged_terminal_batch_composite_loss,940.0,117429.2,paper_101/ablation/results/36954.out,36954
p2_mofe_ffn_logp_last,128,0.000013,0.0040,logged_terminal_batch_composite_loss,940.6,118369.8,paper_101/ablation/results/36954.out,36954
p2_mofe_ffn_logp_last,129,0.000012,0.0049,logged_terminal_batch_composite_loss,941.9,119311.7,paper_101/ablation/results/36954.out,36954
p2_mofe_ffn_logp_last,130,0.000012,0.0424,logged_terminal_batch_composite_loss,941.2,120252.8,paper_101/ablation/results/36954.out,36954
p2_mofe_ffn_logp_last,131,0.000012,0.0145,logged_terminal_batch_composite_loss,940.2,121193.0,paper_101/ablation/results/36954.out,36954
p2_mofe_ffn_logp_last,132,0.000012,0.0035,logged_terminal_batch_composite_loss,942.4,122135.4,paper_101/ablation/results/36954.out,36954
p2_mofe_ffn_logp_last,133,0.000012,0.0059,logged_terminal_batch_composite_loss,944.3,123079.8,paper_101/ablation/results/36954.out,36954
p2_mofe_ffn_logp_last,134,0.000012,0.0111,logged_terminal_batch_composite_loss,944.6,124024.4,paper_101/ablation/results/36954.out,36954
p2_mofe_ffn_logp_last,135,0.000012,0.0063,logged_terminal_batch_composite_loss,947.4,124971.7,paper_101/ablation/results/36954.out,36954
p2_mofe_ffn_logp_last,136,0.000012,0.0091,logged_terminal_batch_composite_loss,946.2,125917.9,paper_101/ablation/results/36954.out,36954
p2_mofe_ffn_logp_last,137,0.000012,0.0034,logged_terminal_batch_composite_loss,943.5,126861.4,paper_101/ablation/results/36954.out,36954
p2_mofe_ffn_logp_last,138,0.000012,0.0052,logged_terminal_batch_composite_loss,945.8,127807.2,paper_101/ablation/results/36954.out,36954
p2_mofe_ffn_logp_last,139,0.000012,0.0659,logged_terminal_batch_composite_loss,945.6,128752.7,paper_101/ablation/results/36954.out,36954
p2_mofe_ffn_logp_last,140,0.000012,0.0068,logged_terminal_batch_composite_loss,946.0,129698.8,paper_101/ablation/results/36954.out,36954
p2_mofe_ffn_logp_last,141,0.000012,0.0053,logged_terminal_batch_composite_loss,947.0,130645.8,paper_101/ablation/results/36954.out,36954
p2_mofe_ffn_logp_last,142,0.000012,0.0032,logged_terminal_batch_composite_loss,946.9,131592.7,paper_101/ablation/results/36954.out,36954
p2_mofe_ffn_logp_last,143,0.000012,0.0039,logged_terminal_batch_composite_loss,944.3,132537.0,paper_101/ablation/results/36954.out,36954
p2_mofe_ffn_logp_last,144,0.000012,0.0123,logged_terminal_batch_composite_loss,944.7,133481.7,paper_101/ablation/results/36954.out,36954
p2_mofe_ffn_logp_last,145,0.000012,0.0038,logged_terminal_batch_composite_loss,941.2,134422.9,paper_101/ablation/results/36954.out,36954
p2_mofe_ffn_logp_last,146,0.000012,0.0063,logged_terminal_batch_composite_loss,944.8,135367.7,paper_101/ablation/results/36954.out,36954
p2_mofe_ffn_logp_last,147,0.000012,0.0026,logged_terminal_batch_composite_loss,948.6,136316.3,paper_101/ablation/results/36954.out,36954
p2_mofe_ffn_logp_last,148,0.000012,0.0069,logged_terminal_batch_composite_loss,949.2,137265.5,paper_101/ablation/results/36954.out,36954
p2_mofe_ffn_logp_last,149,0.000012,0.0111,logged_terminal_batch_composite_loss,949.0,138214.6,paper_101/ablation/results/36954.out,36954
p2_mofe_ffn_logp_last,150,0.000012,0.0109,logged_terminal_batch_composite_loss,950.5,139165.1,paper_101/ablation/results/36954.out,36954
p2_mofe_ffn_logp_last,151,0.000012,0.0038,logged_terminal_batch_composite_loss,951.3,140116.5,paper_101/ablation/results/36954.out,36954
p2_mofe_ffn_logp_last,152,0.000011,0.0075,logged_terminal_batch_composite_loss,951.0,141067.5,paper_101/ablation/results/36954.out,36954
p2_mofe_ffn_logp_last,153,0.000011,0.0064,logged_terminal_batch_composite_loss,950.0,142017.5,paper_101/ablation/results/36954.out,36954
p2_mofe_ffn_logp_last,154,0.000011,0.0070,logged_terminal_batch_composite_loss,949.0,142966.5,paper_101/ablation/results/36954.out,36954
p2_mofe_ffn_logp_last,155,0.000011,0.0030,logged_terminal_batch_composite_loss,947.8,143914.2,paper_101/ablation/results/36954.out,36954
p2_mofe_ffn_logp_last,156,0.000011,0.0087,logged_terminal_batch_composite_loss,949.0,144863.2,paper_101/ablation/results/36954.out,36954
p2_mofe_ffn_logp_last,157,0.000011,0.0047,logged_terminal_batch_composite_loss,942.8,145806.0,paper_101/ablation/results/36954.out,36954
p2_mofe_ffn_logp_last,158,0.000011,0.0033,logged_terminal_batch_composite_loss,947.1,146753.2,paper_101/ablation/results/36954.out,36954
p2_mofe_ffn_logp_last,159,0.000011,0.0222,logged_terminal_batch_composite_loss,947.5,147700.6,paper_101/ablation/results/36954.out,36954
p2_mofe_ffn_logp_last,160,0.000011,0.0024,logged_terminal_batch_composite_loss,949.1,148649.7,paper_101/ablation/results/36954.out,36954
p2_mofe_ffn_logp_last,161,0.000011,0.0052,logged_terminal_batch_composite_loss,947.9,149597.7,paper_101/ablation/results/36954.out,36954
p2_mofe_ffn_logp_last,162,0.000011,0.0081,logged_terminal_batch_composite_loss,951.7,150549.3,paper_101/ablation/results/36954.out,36954
p2_mofe_ffn_logp_last,163,0.000011,0.0039,logged_terminal_batch_composite_loss,946.2,151495.6,paper_101/ablation/results/36954.out,36954
p2_mofe_ffn_logp_last,164,0.000011,0.0023,logged_terminal_batch_composite_loss,945.2,152440.8,paper_101/ablation/results/36954.out,36954
p2_mofe_ffn_logp_last,165,0.000011,0.0062,logged_terminal_batch_composite_loss,947.2,153388.1,paper_101/ablation/results/36954.out,36954
p2_mofe_ffn_logp_last,166,0.000011,0.0068,logged_terminal_batch_composite_loss,947.2,154335.3,paper_101/ablation/results/36954.out,36954
p2_mofe_ffn_logp_last,167,0.000011,0.0253,logged_terminal_batch_composite_loss,947.0,155282.3,paper_101/ablation/results/36954.out,36954
p2_mofe_ffn_logp_last,168,0.000011,0.0030,logged_terminal_batch_composite_loss,947.3,156229.6,paper_101/ablation/results/36954.out,36954
p2_mofe_ffn_logp_last,169,0.000011,0.0027,logged_terminal_batch_composite_loss,946.4,157176.0,paper_101/ablation/results/36954.out,36954
p2_mofe_ffn_logp_last,170,0.000011,0.0040,logged_terminal_batch_composite_loss,938.6,158114.6,paper_101/ablation/results/36954.out,36954
p2_mofe_ffn_logp_last,171,0.000011,0.0025,logged_terminal_batch_composite_loss,928.7,159043.3,paper_101/ablation/results/36954.out,36954
p2_mofe_ffn_logp_last,172,0.000011,0.0038,logged_terminal_batch_composite_loss,927.9,159971.2,paper_101/ablation/results/36954.out,36954
p2_mofe_ffn_logp_last,173,0.000011,0.0061,logged_terminal_batch_composite_loss,925.9,160897.2,paper_101/ablation/results/36954.out,36954
p2_mofe_ffn_logp_last,174,0.000011,0.0089,logged_terminal_batch_composite_loss,913.1,161810.3,paper_101/ablation/results/36954.out,36954
p2_mofe_ffn_logp_last,175,0.000011,0.0061,logged_terminal_batch_composite_loss,910.8,162721.1,paper_101/ablation/results/36954.out,36954
p2_mofe_ffn_logp_last,176,0.000011,0.0045,logged_terminal_batch_composite_loss,910.8,163631.9,paper_101/ablation/results/36954.out,36954
p2_mofe_ffn_logp_last,177,0.000011,0.0040,logged_terminal_batch_composite_loss,892.1,164524.0,paper_101/ablation/results/36954.out,36954
p2_mofe_ffn_logp_last,178,0.000011,0.0060,logged_terminal_batch_composite_loss,891.4,165415.5,paper_101/ablation/results/36954.out,36954
p2_mofe_ffn_logp_last,179,0.000011,0.0040,logged_terminal_batch_composite_loss,892.1,166307.5,paper_101/ablation/results/36954.out,36954
p2_mofe_ffn_logp_last,180,0.000011,0.0032,logged_terminal_batch_composite_loss,891.5,167199.0,paper_101/ablation/results/36954.out,36954
p2_mofe_ffn_logp_last,181,0.000011,0.0030,logged_terminal_batch_composite_loss,891.7,168090.7,paper_101/ablation/results/36954.out,36954
p2_mofe_ffn_logp_last,182,0.000010,0.0011,logged_terminal_batch_composite_loss,891.1,168981.7,paper_101/ablation/results/36954.out,36954
p2_mofe_ffn_logp_last,183,0.000010,0.0076,logged_terminal_batch_composite_loss,891.3,169873.1,paper_101/ablation/results/36954.out,36954
p2_mofe_ffn_logp_last,184,0.000010,0.0041,logged_terminal_batch_composite_loss,892.4,170765.5,paper_101/ablation/results/36954.out,36954
p2_mofe_ffn_logp_last,185,0.000010,0.0062,logged_terminal_batch_composite_loss,891.9,171657.4,paper_101/ablation/results/36954.out,36954
p2_mofe_ffn_logp_last,186,0.000010,0.0032,logged_terminal_batch_composite_loss,891.4,172548.8,paper_101/ablation/results/36954.out,36954
p2_mofe_ffn_logp_last,187,0.000010,0.0038,logged_terminal_batch_composite_loss,890.4,173439.2,paper_101/ablation/results/36954.out,36954
p2_mofe_ffn_logp_last,188,0.000010,0.0047,logged_terminal_batch_composite_loss,889.6,174328.8,paper_101/ablation/results/36954.out,36954
p2_mofe_ffn_logp_last,189,0.000010,0.0019,logged_terminal_batch_composite_loss,890.9,175219.7,paper_101/ablation/results/36954.out,36954
p2_mofe_ffn_logp_last,190,0.000010,0.0021,logged_terminal_batch_composite_loss,889.9,176109.6,paper_101/ablation/results/36954.out,36954
p2_mofe_ffn_logp_last,191,0.000010,0.0031,logged_terminal_batch_composite_loss,890.2,176999.7,paper_101/ablation/results/36954.out,36954
p2_mofe_ffn_logp_last,192,0.000010,0.0014,logged_terminal_batch_composite_loss,890.1,177889.8,paper_101/ablation/results/36954.out,36954
p2_mofe_ffn_logp_last,193,0.000010,0.0064,logged_terminal_batch_composite_loss,889.2,178779.0,paper_101/ablation/results/36954.out,36954
p2_mofe_ffn_logp_last,194,0.000010,0.0130,logged_terminal_batch_composite_loss,890.3,179669.4,paper_101/ablation/results/36954.out,36954
p2_mofe_ffn_logp_last,195,0.000010,0.0170,logged_terminal_batch_composite_loss,891.1,180560.4,paper_101/ablation/results/36954.out,36954
p2_mofe_ffn_logp_last,196,0.000010,0.0046,logged_terminal_batch_composite_loss,891.4,181451.8,paper_101/ablation/results/36954.out,36954
p2_mofe_ffn_logp_last,197,0.000010,0.0030,logged_terminal_batch_composite_loss,892.3,182344.1,paper_101/ablation/results/36954.out,36954
p2_mofe_ffn_logp_last,198,0.000010,0.0072,logged_terminal_batch_composite_loss,890.9,183235.0,paper_101/ablation/results/36954.out,36954
p2_mofe_ffn_logp_last,199,0.000010,0.0042,logged_terminal_batch_composite_loss,891.2,184126.2,paper_101/ablation/results/36954.out,36954
p2_mofe_ffn_logp_last,200,0.000010,0.0067,logged_terminal_batch_composite_loss,892.1,185018.4,paper_101/ablation/results/36954.out,36954
p2_mofe_ffn_logp_last,201,0.000010,0.0036,logged_terminal_batch_composite_loss,890.8,185909.3,paper_101/ablation/results/36954.out,36954
p2_mofe_ffn_logp_last,202,0.000010,0.0046,logged_terminal_batch_composite_loss,890.8,186800.1,paper_101/ablation/results/36954.out,36954
p2_mofe_ffn_logp_last,203,0.000010,0.0138,logged_terminal_batch_composite_loss,891.5,187691.6,paper_101/ablation/results/36954.out,36954
p2_mofe_ffn_logp_last,204,0.000010,0.0062,logged_terminal_batch_composite_loss,891.2,188582.8,paper_101/ablation/results/36954.out,36954
p2_mofe_ffn_logp_last,205,0.000010,0.0060,logged_terminal_batch_composite_loss,890.9,189473.7,paper_101/ablation/results/36954.out,36954
p2_mofe_ffn_logp_last,206,0.000010,0.0034,logged_terminal_batch_composite_loss,891.6,190365.2,paper_101/ablation/results/36954.out,36954
p2_mofe_ffn_logp_last,207,0.000010,0.0042,logged_terminal_batch_composite_loss,891.1,191256.4,paper_101/ablation/results/36954.out,36954
p2_mofe_ffn_logp_last,208,0.000010,0.0021,logged_terminal_batch_composite_loss,890.4,192146.8,paper_101/ablation/results/36954.out,36954
p2_mofe_ffn_logp_last,209,0.000010,0.0015,logged_terminal_batch_composite_loss,890.9,193037.7,paper_101/ablation/results/36954.out,36954
p2_mofe_ffn_logp_last,210,0.000010,0.0049,logged_terminal_batch_composite_loss,891.7,193929.4,paper_101/ablation/results/36954.out,36954
p2_mofe_ffn_logp_last,211,0.000010,0.0039,logged_terminal_batch_composite_loss,889.6,194819.0,paper_101/ablation/results/36954.out,36954
p2_mofe_ffn_logp_last,212,0.000010,0.0237,logged_terminal_batch_composite_loss,890.4,195709.3,paper_101/ablation/results/36954.out,36954
p2_mofe_ffn_logp_last,213,0.000010,0.0063,logged_terminal_batch_composite_loss,891.2,196600.6,paper_101/ablation/results/36954.out,36954
p2_mofe_ffn_logp_last,214,0.000010,0.0439,logged_terminal_batch_composite_loss,891.7,197492.3,paper_101/ablation/results/36954.out,36954
p2_mofe_ffn_logp_last,215,0.000010,0.0037,logged_terminal_batch_composite_loss,891.4,198383.7,paper_101/ablation/results/36954.out,36954
p2_mofe_ffn_logp_last,216,0.000010,0.0031,logged_terminal_batch_composite_loss,889.4,199273.1,paper_101/ablation/results/36954.out,36954
p2_mofe_ffn_logp_last,217,0.000010,0.0041,logged_terminal_batch_composite_loss,889.7,200162.8,paper_101/ablation/results/36954.out,36954
p2_mofe_ffn_logp_last,218,0.000010,0.0032,logged_terminal_batch_composite_loss,890.0,201052.8,paper_101/ablation/results/36954.out,36954
p2_mofe_ffn_logp_last,219,0.000010,0.0015,logged_terminal_batch_composite_loss,889.5,201942.3,paper_101/ablation/results/36954.out,36954
p2_mofe_ffn_logp_last,220,0.000010,0.0061,logged_terminal_batch_composite_loss,889.9,202832.2,paper_101/ablation/results/36954.out,36954
p2_mofe_ffn_logp_last,221,0.000010,0.0135,logged_terminal_batch_composite_loss,889.7,203721.9,paper_101/ablation/results/36954.out,36954
p2_mofe_ffn_logp_last,222,0.000009,0.0039,logged_terminal_batch_composite_loss,889.9,204611.8,paper_101/ablation/results/36954.out,36954
p2_mofe_ffn_logp_last,223,0.000009,0.0034,logged_terminal_batch_composite_loss,889.1,205501.0,paper_101/ablation/results/36954.out,36954
p2_mofe_ffn_logp_last,224,0.000009,0.0041,logged_terminal_batch_composite_loss,889.8,206390.8,paper_101/ablation/results/36954.out,36954
p2_mofe_ffn_logp_last,225,0.000009,0.0086,logged_terminal_batch_composite_loss,888.9,207279.7,paper_101/ablation/results/36954.out,36954
p2_mofe_ffn_logp_last,226,0.000009,0.0034,logged_terminal_batch_composite_loss,888.2,208167.9,paper_101/ablation/results/36954.out,36954
p2_mofe_ffn_logp_last,227,0.000009,0.0054,logged_terminal_batch_composite_loss,889.0,209056.9,paper_101/ablation/results/36954.out,36954
p2_mofe_ffn_logp_last,228,0.000009,0.0043,logged_terminal_batch_composite_loss,888.9,209945.8,paper_101/ablation/results/36954.out,36954
p2_mofe_ffn_logp_last,229,0.000009,0.0077,logged_terminal_batch_composite_loss,887.7,210833.5,paper_101/ablation/results/36954.out,36954
p2_mofe_ffn_logp_last,230,0.000009,0.0014,logged_terminal_batch_composite_loss,888.7,211722.2,paper_101/ablation/results/36954.out,36954
p2_mofe_ffn_logp_last,231,0.000009,0.0039,logged_terminal_batch_composite_loss,888.1,212610.3,paper_101/ablation/results/36954.out,36954
p2_mofe_ffn_logp_last,232,0.000009,0.0026,logged_terminal_batch_composite_loss,887.7,213498.0,paper_101/ablation/results/36954.out,36954
p2_mofe_ffn_logp_last,233,0.000009,0.0066,logged_terminal_batch_composite_loss,888.4,214386.4,paper_101/ablation/results/36954.out,36954
p2_mofe_ffn_logp_last,234,0.000009,0.0057,logged_terminal_batch_composite_loss,887.7,215274.1,paper_101/ablation/results/36954.out,36954
p2_mofe_ffn_logp_last,235,0.000009,0.0030,logged_terminal_batch_composite_loss,887.6,216161.6,paper_101/ablation/results/36954.out,36954
p2_mofe_ffn_logp_last,236,0.000009,0.0025,logged_terminal_batch_composite_loss,889.8,217051.4,paper_101/ablation/results/36954.out,36954
p2_mofe_ffn_logp_last,237,0.000009,0.0040,logged_terminal_batch_composite_loss,888.8,217940.2,paper_101/ablation/results/36954.out,36954
p2_mofe_ffn_logp_last,238,0.000009,0.0022,logged_terminal_batch_composite_loss,889.3,218829.5,paper_101/ablation/results/36954.out,36954
p2_mofe_ffn_logp_last,239,0.000009,0.0036,logged_terminal_batch_composite_loss,889.0,219718.5,paper_101/ablation/results/36954.out,36954
p2_mofe_ffn_logp_last,240,0.000009,0.0021,logged_terminal_batch_composite_loss,891.0,220609.6,paper_101/ablation/results/36954.out,36954
p2_mofe_ffn_logp_last,241,0.000009,0.0034,logged_terminal_batch_composite_loss,890.8,221500.3,paper_101/ablation/results/36954.out,36954
p2_mofe_ffn_logp_last,242,0.000009,0.0025,logged_terminal_batch_composite_loss,890.6,222390.9,paper_101/ablation/results/36954.out,36954
p2_mofe_ffn_logp_last,243,0.000009,0.0068,logged_terminal_batch_composite_loss,889.2,223280.1,paper_101/ablation/results/36954.out,36954
p2_mofe_ffn_logp_last,244,0.000009,0.0061,logged_terminal_batch_composite_loss,890.9,224171.0,paper_101/ablation/results/36954.out,36954
p2_mofe_ffn_logp_last,245,0.000009,0.0030,logged_terminal_batch_composite_loss,892.8,225063.8,paper_101/ablation/results/36954.out,36954
p2_mofe_ffn_logp_last,246,0.000009,0.0047,logged_terminal_batch_composite_loss,890.8,225954.6,paper_101/ablation/results/36954.out,36954
p2_mofe_ffn_logp_last,247,0.000009,0.0020,logged_terminal_batch_composite_loss,891.0,226845.6,paper_101/ablation/results/36954.out,36954
p2_mofe_ffn_logp_last,248,0.000009,0.0055,logged_terminal_batch_composite_loss,890.4,227736.0,paper_101/ablation/results/36954.out,36954
p2_mofe_ffn_logp_last,249,0.000009,0.0038,logged_terminal_batch_composite_loss,890.9,228626.9,paper_101/ablation/results/36954.out,36954
p2_mofe_ffn_logp_last,250,0.000009,0.0058,logged_terminal_batch_composite_loss,891.1,229518.1,paper_101/ablation/results/36954.out,36954
p2_mofe_ffn_logp_last,251,0.000009,0.0072,logged_terminal_batch_composite_loss,890.5,230408.6,paper_101/ablation/results/36954.out,36954
p2_mofe_ffn_logp_last,252,0.000009,0.0055,logged_terminal_batch_composite_loss,891.5,231300.1,paper_101/ablation/results/36954.out,36954
p2_mofe_ffn_logp_last,253,0.000009,0.0060,logged_terminal_batch_composite_loss,891.2,232191.4,paper_101/ablation/results/36954.out,36954
p2_mofe_ffn_logp_last,254,0.000009,0.0046,logged_terminal_batch_composite_loss,891.1,233082.5,paper_101/ablation/results/36954.out,36954
p2_mofe_ffn_logp_last,255,0.000009,0.0039,logged_terminal_batch_composite_loss,891.6,233974.1,paper_101/ablation/results/36954.out,36954
p2_mofe_ffn_logp_last,256,0.000009,0.0028,logged_terminal_batch_composite_loss,890.3,234864.4,paper_101/ablation/results/36954.out,36954
p2_mofe_ffn_logp_last,257,0.000009,0.0332,logged_terminal_batch_composite_loss,890.7,235755.2,paper_101/ablation/results/36954.out,36954
p2_mofe_ffn_logp_last,258,0.000009,0.0045,logged_terminal_batch_composite_loss,891.3,236646.5,paper_101/ablation/results/36954.out,36954
p2_mofe_ffn_logp_last,259,0.000009,0.0048,logged_terminal_batch_composite_loss,889.9,237536.4,paper_101/ablation/results/36954.out,36954
p2_mofe_ffn_logp_last,260,0.000009,0.0029,logged_terminal_batch_composite_loss,890.7,238427.1,paper_101/ablation/results/36954.out,36954
p2_mofe_ffn_logp_last,261,0.000009,0.0343,logged_terminal_batch_composite_loss,890.7,239317.8,paper_101/ablation/results/36954.out,36954
p2_mofe_ffn_logp_last,262,0.000009,0.0046,logged_terminal_batch_composite_loss,890.3,240208.1,paper_101/ablation/results/36954.out,36954
p2_mofe_ffn_logp_last,263,0.000009,0.0034,logged_terminal_batch_composite_loss,891.8,241099.9,paper_101/ablation/results/36954.out,36954
p2_mofe_ffn_logp_last,264,0.000009,0.0033,logged_terminal_batch_composite_loss,891.0,241990.9,paper_101/ablation/results/36954.out,36954
p2_mofe_ffn_logp_last,265,0.000009,0.0507,logged_terminal_batch_composite_loss,891.4,242882.3,paper_101/ablation/results/36954.out,36954
p2_mofe_ffn_logp_last,266,0.000009,0.0077,logged_terminal_batch_composite_loss,890.0,243772.3,paper_101/ablation/results/36954.out,36954
p2_mofe_ffn_logp_last,267,0.000009,0.0041,logged_terminal_batch_composite_loss,891.6,244663.8,paper_101/ablation/results/36954.out,36954
p2_mofe_ffn_logp_last,268,0.000009,0.0060,logged_terminal_batch_composite_loss,891.2,245555.0,paper_101/ablation/results/36954.out,36954
p2_mofe_ffn_logp_last,269,0.000009,0.0048,logged_terminal_batch_composite_loss,891.3,246446.3,paper_101/ablation/results/36954.out,36954
p2_mofe_ffn_logp_last,270,0.000009,0.0114,logged_terminal_batch_composite_loss,890.5,247336.7,paper_101/ablation/results/36954.out,36954
p2_mofe_ffn_logp_last,271,0.000009,0.0032,logged_terminal_batch_composite_loss,890.6,248227.3,paper_101/ablation/results/36954.out,36954
p2_mofe_ffn_logp_last,272,0.000009,0.0034,logged_terminal_batch_composite_loss,889.9,249117.2,paper_101/ablation/results/36954.out,36954
p2_mofe_ffn_logp_last,273,0.000009,0.0033,logged_terminal_batch_composite_loss,891.9,250009.1,paper_101/ablation/results/36954.out,36954
p2_mofe_ffn_logp_last,274,0.000009,0.0025,logged_terminal_batch_composite_loss,890.3,250899.4,paper_101/ablation/results/36954.out,36954
p2_mofe_ffn_logp_last,275,0.000009,0.0093,logged_terminal_batch_composite_loss,891.0,251790.4,paper_101/ablation/results/36954.out,36954
p2_mofe_ffn_logp_last,276,0.000009,0.0034,logged_terminal_batch_composite_loss,891.4,252681.8,paper_101/ablation/results/36954.out,36954
p2_mofe_ffn_logp_last,277,0.000008,0.0029,logged_terminal_batch_composite_loss,891.0,253572.7,paper_101/ablation/results/36954.out,36954
p2_mofe_ffn_logp_last,278,0.000008,0.0040,logged_terminal_batch_composite_loss,890.5,254463.2,paper_101/ablation/results/36954.out,36954
p2_mofe_ffn_logp_last,279,0.000008,0.0054,logged_terminal_batch_composite_loss,889.7,255352.9,paper_101/ablation/results/36954.out,36954
p2_mofe_ffn_logp_last,280,0.000008,0.0049,logged_terminal_batch_composite_loss,891.3,256244.2,paper_101/ablation/results/36954.out,36954
p2_mofe_ffn_logp_last,281,0.000008,0.0057,logged_terminal_batch_composite_loss,889.9,257134.1,paper_101/ablation/results/36954.out,36954
p2_mofe_ffn_logp_last,282,0.000008,0.0030,logged_terminal_batch_composite_loss,890.2,258024.3,paper_101/ablation/results/36954.out,36954
p2_mofe_ffn_logp_last,283,0.000008,0.0047,logged_terminal_batch_composite_loss,890.0,258914.4,paper_101/ablation/results/36954.out,36954
p2_mofe_ffn_logp_last,284,0.000008,0.0031,logged_terminal_batch_composite_loss,890.0,259804.4,paper_101/ablation/results/36954.out,36954
p2_mofe_ffn_logp_last,285,0.000008,0.0012,logged_terminal_batch_composite_loss,889.0,260693.4,paper_101/ablation/results/36954.out,36954
p2_mofe_ffn_logp_last,286,0.000008,0.0095,logged_terminal_batch_composite_loss,889.5,261582.9,paper_101/ablation/results/36954.out,36954
p2_mofe_ffn_logp_last,287,0.000008,0.0068,logged_terminal_batch_composite_loss,886.8,262469.7,paper_101/ablation/results/36954.out,36954
p2_mofe_ffn_logp_last,288,0.000008,0.0031,logged_terminal_batch_composite_loss,888.3,263358.0,paper_101/ablation/results/36954.out,36954
p2_mofe_ffn_logp_last,289,0.000008,0.0038,logged_terminal_batch_composite_loss,887.9,264245.9,paper_101/ablation/results/36954.out,36954
p2_mofe_ffn_logp_last,290,0.000008,0.0053,logged_terminal_batch_composite_loss,887.4,265133.3,paper_101/ablation/results/36954.out,36954
p2_mofe_ffn_logp_last,291,0.000008,0.0028,logged_terminal_batch_composite_loss,887.5,266020.8,paper_101/ablation/results/36954.out,36954
p2_mofe_ffn_logp_last,292,0.000008,0.0056,logged_terminal_batch_composite_loss,889.3,266910.1,paper_101/ablation/results/36954.out,36954
p2_mofe_ffn_logp_last,293,0.000008,0.0087,logged_terminal_batch_composite_loss,887.4,267797.6,paper_101/ablation/results/36954.out,36954
p2_mofe_ffn_logp_last,294,0.000008,0.0026,logged_terminal_batch_composite_loss,888.6,268686.2,paper_101/ablation/results/36954.out,36954
p2_mofe_ffn_logp_last,295,0.000008,0.0038,logged_terminal_batch_composite_loss,888.3,269574.6,paper_101/ablation/results/36954.out,36954
p2_mofe_ffn_logp_last,296,0.000008,0.0063,logged_terminal_batch_composite_loss,887.7,270462.3,paper_101/ablation/results/36954.out,36954
p2_mofe_ffn_logp_last,297,0.000008,0.0081,logged_terminal_batch_composite_loss,887.9,271350.2,paper_101/ablation/results/36954.out,36954
p2_mofe_ffn_logp_last,298,0.000008,0.0028,logged_terminal_batch_composite_loss,889.1,272239.3,paper_101/ablation/results/36954.out,36954
p2_mofe_ffn_logp_last,299,0.000008,0.0059,logged_terminal_batch_composite_loss,889.3,273128.6,paper_101/ablation/results/36954.out,36954
p2_mofe_ffn_logp_last,300,0.000008,0.0060,logged_terminal_batch_composite_loss,889.3,274017.9,paper_101/ablation/results/36954.out,36954
p2_mofe_ffn_logp_odd,1,0.000001,3.7545,logged_terminal_batch_composite_loss,1056.8,1056.8,paper_101/ablation/results/36955.out,36955
p2_mofe_ffn_logp_odd,2,0.000002,2.2853,logged_terminal_batch_composite_loss,1056.2,2113.1,paper_101/ablation/results/36955.out,36955
p2_mofe_ffn_logp_odd,3,0.000003,1.9589,logged_terminal_batch_composite_loss,1057.7,3170.8,paper_101/ablation/results/36955.out,36955
p2_mofe_ffn_logp_odd,4,0.000003,1.9447,logged_terminal_batch_composite_loss,1058.5,4229.4,paper_101/ablation/results/36955.out,36955
p2_mofe_ffn_logp_odd,5,0.000004,1.7634,logged_terminal_batch_composite_loss,1058.1,5287.6,paper_101/ablation/results/36955.out,36955
p2_mofe_ffn_logp_odd,6,0.000005,1.6309,logged_terminal_batch_composite_loss,1059.3,6347.0,paper_101/ablation/results/36955.out,36955
p2_mofe_ffn_logp_odd,7,0.000006,1.5142,logged_terminal_batch_composite_loss,1059.8,7406.8,paper_101/ablation/results/36955.out,36955
p2_mofe_ffn_logp_odd,8,0.000007,1.2761,logged_terminal_batch_composite_loss,1059.7,8466.6,paper_101/ablation/results/36955.out,36955
p2_mofe_ffn_logp_odd,9,0.000008,0.8905,logged_terminal_batch_composite_loss,1059.7,9526.5,paper_101/ablation/results/36955.out,36955
p2_mofe_ffn_logp_odd,10,0.000009,0.5954,logged_terminal_batch_composite_loss,1060.6,10587.1,paper_101/ablation/results/36955.out,36955
p2_mofe_ffn_logp_odd,11,0.000009,0.8741,logged_terminal_batch_composite_loss,1058.8,11646.0,paper_101/ablation/results/36955.out,36955
p2_mofe_ffn_logp_odd,12,0.000010,0.4829,logged_terminal_batch_composite_loss,1059.0,12705.0,paper_101/ablation/results/36955.out,36955
p2_mofe_ffn_logp_odd,13,0.000011,0.4252,logged_terminal_batch_composite_loss,1060.3,13765.4,paper_101/ablation/results/36955.out,36955
p2_mofe_ffn_logp_odd,14,0.000012,0.4274,logged_terminal_batch_composite_loss,1058.6,14824.1,paper_101/ablation/results/36955.out,36955
p2_mofe_ffn_logp_odd,15,0.000013,0.4204,logged_terminal_batch_composite_loss,1059.6,15883.7,paper_101/ablation/results/36955.out,36955
p2_mofe_ffn_logp_odd,16,0.000014,0.3388,logged_terminal_batch_composite_loss,1060.5,16944.3,paper_101/ablation/results/36955.out,36955
p2_mofe_ffn_logp_odd,17,0.000015,0.3448,logged_terminal_batch_composite_loss,1059.6,18003.9,paper_101/ablation/results/36955.out,36955
p2_mofe_ffn_logp_odd,18,0.000015,0.2087,logged_terminal_batch_composite_loss,1059.0,19062.9,paper_101/ablation/results/36955.out,36955
p2_mofe_ffn_logp_odd,19,0.000016,0.2194,logged_terminal_batch_composite_loss,1059.7,20122.7,paper_101/ablation/results/36955.out,36955
p2_mofe_ffn_logp_odd,20,0.000017,0.2369,logged_terminal_batch_composite_loss,1059.3,21182.0,paper_101/ablation/results/36955.out,36955
p2_mofe_ffn_logp_odd,21,0.000018,0.1537,logged_terminal_batch_composite_loss,1059.7,22241.7,paper_101/ablation/results/36955.out,36955
p2_mofe_ffn_logp_odd,22,0.000019,0.1668,logged_terminal_batch_composite_loss,1060.5,23302.3,paper_101/ablation/results/36955.out,36955
p2_mofe_ffn_logp_odd,23,0.000020,0.1738,logged_terminal_batch_composite_loss,1059.4,24361.7,paper_101/ablation/results/36955.out,36955
p2_mofe_ffn_logp_odd,24,0.000021,0.1205,logged_terminal_batch_composite_loss,1059.8,25421.5,paper_101/ablation/results/36955.out,36955
p2_mofe_ffn_logp_odd,25,0.000022,0.2109,logged_terminal_batch_composite_loss,1057.7,26479.3,paper_101/ablation/results/36955.out,36955
p2_mofe_ffn_logp_odd,26,0.000022,0.1221,logged_terminal_batch_composite_loss,1061.8,27541.2,paper_101/ablation/results/36955.out,36955
p2_mofe_ffn_logp_odd,27,0.000023,0.1411,logged_terminal_batch_composite_loss,1065.1,28606.3,paper_101/ablation/results/36955.out,36955
p2_mofe_ffn_logp_odd,28,0.000024,0.1033,logged_terminal_batch_composite_loss,1062.7,29669.0,paper_101/ablation/results/36955.out,36955
p2_mofe_ffn_logp_odd,29,0.000025,0.0783,logged_terminal_batch_composite_loss,1062.9,30732.1,paper_101/ablation/results/36955.out,36955
p2_mofe_ffn_logp_odd,30,0.000026,0.1602,logged_terminal_batch_composite_loss,1065.1,31797.3,paper_101/ablation/results/36955.out,36955
p2_mofe_ffn_logp_odd,31,0.000025,0.0494,logged_terminal_batch_composite_loss,1063.6,32860.8,paper_101/ablation/results/36955.out,36955
p2_mofe_ffn_logp_odd,32,0.000025,0.0663,logged_terminal_batch_composite_loss,1064.8,33925.7,paper_101/ablation/results/36955.out,36955
p2_mofe_ffn_logp_odd,33,0.000025,0.1138,logged_terminal_batch_composite_loss,1063.7,34989.4,paper_101/ablation/results/36955.out,36955
p2_mofe_ffn_logp_odd,34,0.000024,0.0811,logged_terminal_batch_composite_loss,1063.3,36052.7,paper_101/ablation/results/36955.out,36955
p2_mofe_ffn_logp_odd,35,0.000024,0.1203,logged_terminal_batch_composite_loss,1064.5,37117.2,paper_101/ablation/results/36955.out,36955
p2_mofe_ffn_logp_odd,36,0.000024,0.1454,logged_terminal_batch_composite_loss,1063.9,38181.0,paper_101/ablation/results/36955.out,36955
p2_mofe_ffn_logp_odd,37,0.000023,0.0282,logged_terminal_batch_composite_loss,1064.4,39245.5,paper_101/ablation/results/36955.out,36955
p2_mofe_ffn_logp_odd,38,0.000023,0.0471,logged_terminal_batch_composite_loss,1064.2,40309.8,paper_101/ablation/results/36955.out,36955
p2_mofe_ffn_logp_odd,39,0.000023,0.0456,logged_terminal_batch_composite_loss,1064.2,41373.9,paper_101/ablation/results/36955.out,36955
p2_mofe_ffn_logp_odd,40,0.000022,0.0879,logged_terminal_batch_composite_loss,1064.5,42438.4,paper_101/ablation/results/36955.out,36955
p2_mofe_ffn_logp_odd,41,0.000022,0.0882,logged_terminal_batch_composite_loss,1063.8,43502.2,paper_101/ablation/results/36955.out,36955
p2_mofe_ffn_logp_odd,42,0.000022,0.1032,logged_terminal_batch_composite_loss,1063.2,44565.4,paper_101/ablation/results/36955.out,36955
p2_mofe_ffn_logp_odd,43,0.000022,0.0898,logged_terminal_batch_composite_loss,1062.7,45628.1,paper_101/ablation/results/36955.out,36955
p2_mofe_ffn_logp_odd,44,0.000021,0.0478,logged_terminal_batch_composite_loss,1064.7,46692.8,paper_101/ablation/results/36955.out,36955
p2_mofe_ffn_logp_odd,45,0.000021,0.0524,logged_terminal_batch_composite_loss,1064.7,47757.5,paper_101/ablation/results/36955.out,36955
p2_mofe_ffn_logp_odd,46,0.000021,0.0173,logged_terminal_batch_composite_loss,1065.3,48822.9,paper_101/ablation/results/36955.out,36955
p2_mofe_ffn_logp_odd,47,0.000021,0.0274,logged_terminal_batch_composite_loss,1064.6,49887.6,paper_101/ablation/results/36955.out,36955
p2_mofe_ffn_logp_odd,48,0.000020,0.0254,logged_terminal_batch_composite_loss,1063.4,50951.0,paper_101/ablation/results/36955.out,36955
p2_mofe_ffn_logp_odd,49,0.000020,0.0444,logged_terminal_batch_composite_loss,1064.3,52015.3,paper_101/ablation/results/36955.out,36955
p2_mofe_ffn_logp_odd,50,0.000020,0.0330,logged_terminal_batch_composite_loss,1062.3,53077.6,paper_101/ablation/results/36955.out,36955
p2_mofe_ffn_logp_odd,51,0.000020,0.0123,logged_terminal_batch_composite_loss,1063.6,54141.3,paper_101/ablation/results/36955.out,36955
p2_mofe_ffn_logp_odd,52,0.000020,0.0938,logged_terminal_batch_composite_loss,1062.8,55204.2,paper_101/ablation/results/36955.out,36955
p2_mofe_ffn_logp_odd,53,0.000019,0.0395,logged_terminal_batch_composite_loss,1062.8,56267.0,paper_101/ablation/results/36955.out,36955
p2_mofe_ffn_logp_odd,54,0.000019,0.0121,logged_terminal_batch_composite_loss,1060.9,57327.9,paper_101/ablation/results/36955.out,36955
p2_mofe_ffn_logp_odd,55,0.000019,0.0756,logged_terminal_batch_composite_loss,1060.8,58388.8,paper_101/ablation/results/36955.out,36955
p2_mofe_ffn_logp_odd,56,0.000019,0.0421,logged_terminal_batch_composite_loss,1059.5,59448.3,paper_101/ablation/results/36955.out,36955
p2_mofe_ffn_logp_odd,57,0.000019,0.0562,logged_terminal_batch_composite_loss,1060.5,60508.9,paper_101/ablation/results/36955.out,36955
p2_mofe_ffn_logp_odd,58,0.000019,0.0568,logged_terminal_batch_composite_loss,1059.2,61568.1,paper_101/ablation/results/36955.out,36955
p2_mofe_ffn_logp_odd,59,0.000018,0.0251,logged_terminal_batch_composite_loss,1058.3,62626.4,paper_101/ablation/results/36955.out,36955
p2_mofe_ffn_logp_odd,60,0.000018,0.0619,logged_terminal_batch_composite_loss,1058.7,63685.1,paper_101/ablation/results/36955.out,36955
p2_mofe_ffn_logp_odd,61,0.000018,0.0091,logged_terminal_batch_composite_loss,1058.6,64743.7,paper_101/ablation/results/36955.out,36955
p2_mofe_ffn_logp_odd,62,0.000018,0.0156,logged_terminal_batch_composite_loss,1059.2,65803.0,paper_101/ablation/results/36955.out,36955
p2_mofe_ffn_logp_odd,63,0.000018,0.0241,logged_terminal_batch_composite_loss,1061.5,66864.5,paper_101/ablation/results/36955.out,36955
p2_mofe_ffn_logp_odd,64,0.000018,0.0190,logged_terminal_batch_composite_loss,1058.1,67922.6,paper_101/ablation/results/36955.out,36955
p2_mofe_ffn_logp_odd,65,0.000018,0.0219,logged_terminal_batch_composite_loss,1057.6,68980.2,paper_101/ablation/results/36955.out,36955
p2_mofe_ffn_logp_odd,66,0.000017,0.0191,logged_terminal_batch_composite_loss,1057.9,70038.1,paper_101/ablation/results/36955.out,36955
p2_mofe_ffn_logp_odd,67,0.000017,0.0201,logged_terminal_batch_composite_loss,1057.7,71095.8,paper_101/ablation/results/36955.out,36955
p2_mofe_ffn_logp_odd,68,0.000017,0.0467,logged_terminal_batch_composite_loss,1060.3,72156.1,paper_101/ablation/results/36955.out,36955
p2_mofe_ffn_logp_odd,69,0.000017,0.0488,logged_terminal_batch_composite_loss,1057.5,73213.7,paper_101/ablation/results/36955.out,36955
p2_mofe_ffn_logp_odd,70,0.000017,0.0153,logged_terminal_batch_composite_loss,1057.6,74271.3,paper_101/ablation/results/36955.out,36955
p2_mofe_ffn_logp_odd,71,0.000017,0.0090,logged_terminal_batch_composite_loss,1058.1,75329.3,paper_101/ablation/results/36955.out,36955
p2_mofe_ffn_logp_odd,72,0.000017,0.0084,logged_terminal_batch_composite_loss,1057.8,76387.3,paper_101/ablation/results/36955.out,36955
p2_mofe_ffn_logp_odd,73,0.000017,0.0118,logged_terminal_batch_composite_loss,1057.7,77445.0,paper_101/ablation/results/36955.out,36955
p2_mofe_ffn_logp_odd,74,0.000016,0.0068,logged_terminal_batch_composite_loss,1057.3,78502.3,paper_101/ablation/results/36955.out,36955
p2_mofe_ffn_logp_odd,75,0.000016,0.0155,logged_terminal_batch_composite_loss,1057.5,79559.9,paper_101/ablation/results/36955.out,36955
p2_mofe_ffn_logp_odd,76,0.000016,0.0170,logged_terminal_batch_composite_loss,1057.0,80616.9,paper_101/ablation/results/36955.out,36955
p2_mofe_ffn_logp_odd,77,0.000016,0.0196,logged_terminal_batch_composite_loss,1059.3,81676.2,paper_101/ablation/results/36955.out,36955
p2_mofe_ffn_logp_odd,78,0.000016,0.0254,logged_terminal_batch_composite_loss,1058.0,82734.2,paper_101/ablation/results/36955.out,36955
p2_mofe_ffn_logp_odd,79,0.000016,0.0282,logged_terminal_batch_composite_loss,1057.1,83791.3,paper_101/ablation/results/36955.out,36955
p2_mofe_ffn_logp_odd,80,0.000016,0.0101,logged_terminal_batch_composite_loss,1057.5,84848.9,paper_101/ablation/results/36955.out,36955
p2_mofe_ffn_logp_odd,81,0.000016,0.0186,logged_terminal_batch_composite_loss,1057.0,85905.8,paper_101/ablation/results/36955.out,36955
p2_mofe_ffn_logp_odd,82,0.000016,0.0111,logged_terminal_batch_composite_loss,1056.6,86962.4,paper_101/ablation/results/36955.out,36955
p2_mofe_ffn_logp_odd,83,0.000016,0.0496,logged_terminal_batch_composite_loss,1056.2,88018.6,paper_101/ablation/results/36955.out,36955
p2_mofe_ffn_logp_odd,84,0.000015,0.0189,logged_terminal_batch_composite_loss,1055.6,89074.2,paper_101/ablation/results/36955.out,36955
p2_mofe_ffn_logp_odd,85,0.000015,0.0066,logged_terminal_batch_composite_loss,1056.0,90130.2,paper_101/ablation/results/36955.out,36955
p2_mofe_ffn_logp_odd,86,0.000015,0.0170,logged_terminal_batch_composite_loss,1058.7,91188.9,paper_101/ablation/results/36955.out,36955
p2_mofe_ffn_logp_odd,87,0.000015,0.0175,logged_terminal_batch_composite_loss,1056.5,92245.4,paper_101/ablation/results/36955.out,36955
p2_mofe_ffn_logp_odd,88,0.000015,0.0199,logged_terminal_batch_composite_loss,1058.2,93303.6,paper_101/ablation/results/36955.out,36955
p2_mofe_ffn_logp_odd,89,0.000015,0.0232,logged_terminal_batch_composite_loss,1058.2,94361.7,paper_101/ablation/results/36955.out,36955
p2_mofe_ffn_logp_odd,90,0.000015,0.0337,logged_terminal_batch_composite_loss,1047.8,95409.5,paper_101/ablation/results/36955.out,36955
p2_mofe_ffn_logp_odd,91,0.000015,0.0069,logged_terminal_batch_composite_loss,1043.4,96452.9,paper_101/ablation/results/36955.out,36955
p2_mofe_ffn_logp_odd,92,0.000015,0.0126,logged_terminal_batch_composite_loss,1043.2,97496.1,paper_101/ablation/results/36955.out,36955
p2_mofe_ffn_logp_odd,93,0.000015,0.0089,logged_terminal_batch_composite_loss,1037.4,98533.5,paper_101/ablation/results/36955.out,36955
p2_mofe_ffn_logp_odd,94,0.000015,0.0092,logged_terminal_batch_composite_loss,1037.3,99570.8,paper_101/ablation/results/36955.out,36955
p2_mofe_ffn_logp_odd,95,0.000015,0.0380,logged_terminal_batch_composite_loss,1037.8,100608.6,paper_101/ablation/results/36955.out,36955
p2_mofe_ffn_logp_odd,96,0.000014,0.0153,logged_terminal_batch_composite_loss,1036.8,101645.4,paper_101/ablation/results/36955.out,36955
p2_mofe_ffn_logp_odd,97,0.000014,0.0350,logged_terminal_batch_composite_loss,1035.2,102680.6,paper_101/ablation/results/36955.out,36955
p2_mofe_ffn_logp_odd,98,0.000014,0.0075,logged_terminal_batch_composite_loss,1036.3,103717.0,paper_101/ablation/results/36955.out,36955
p2_mofe_ffn_logp_odd,99,0.000014,0.0166,logged_terminal_batch_composite_loss,1036.1,104753.1,paper_101/ablation/results/36955.out,36955
p2_mofe_ffn_logp_odd,100,0.000014,0.0059,logged_terminal_batch_composite_loss,1037.9,105791.0,paper_101/ablation/results/36955.out,36955
p2_mofe_ffn_logp_odd,101,0.000014,0.0192,logged_terminal_batch_composite_loss,1039.6,106830.8,paper_101/ablation/results/36955.out,36955
p2_mofe_ffn_logp_odd,102,0.000014,0.0032,logged_terminal_batch_composite_loss,1038.8,107869.6,paper_101/ablation/results/36955.out,36955
p2_mofe_ffn_logp_odd,103,0.000014,0.0041,logged_terminal_batch_composite_loss,1038.3,108908.1,paper_101/ablation/results/36955.out,36955
p2_mofe_ffn_logp_odd,104,0.000014,0.0084,logged_terminal_batch_composite_loss,1039.2,109947.3,paper_101/ablation/results/36955.out,36955
p2_mofe_ffn_logp_odd,105,0.000014,0.0043,logged_terminal_batch_composite_loss,1038.7,110985.9,paper_101/ablation/results/36955.out,36955
p2_mofe_ffn_logp_odd,106,0.000014,0.0046,logged_terminal_batch_composite_loss,1038.6,112024.5,paper_101/ablation/results/36955.out,36955
p2_mofe_ffn_logp_odd,107,0.000014,0.0053,logged_terminal_batch_composite_loss,1038.7,113063.2,paper_101/ablation/results/36955.out,36955
p2_mofe_ffn_logp_odd,108,0.000014,0.0051,logged_terminal_batch_composite_loss,1037.4,114100.7,paper_101/ablation/results/36955.out,36955
p2_mofe_ffn_logp_odd,109,0.000014,0.0112,logged_terminal_batch_composite_loss,1037.6,115138.3,paper_101/ablation/results/36955.out,36955
p2_mofe_ffn_logp_odd,110,0.000013,0.0057,logged_terminal_batch_composite_loss,1037.2,116175.5,paper_101/ablation/results/36955.out,36955
p2_mofe_ffn_logp_odd,111,0.000013,0.0078,logged_terminal_batch_composite_loss,1036.9,117212.4,paper_101/ablation/results/36955.out,36955
p2_mofe_ffn_logp_odd,112,0.000013,0.0102,logged_terminal_batch_composite_loss,1037.1,118249.5,paper_101/ablation/results/36955.out,36955
p2_mofe_ffn_logp_odd,113,0.000013,0.0066,logged_terminal_batch_composite_loss,1036.8,119286.3,paper_101/ablation/results/36955.out,36955
p2_mofe_ffn_logp_odd,114,0.000013,0.0162,logged_terminal_batch_composite_loss,1036.9,120323.2,paper_101/ablation/results/36955.out,36955
p2_mofe_ffn_logp_odd,115,0.000013,0.0234,logged_terminal_batch_composite_loss,1038.1,121361.3,paper_101/ablation/results/36955.out,36955
p2_mofe_ffn_logp_odd,116,0.000013,0.0041,logged_terminal_batch_composite_loss,1036.6,122397.9,paper_101/ablation/results/36955.out,36955
p2_mofe_ffn_logp_odd,117,0.000013,0.0066,logged_terminal_batch_composite_loss,1036.6,123434.5,paper_101/ablation/results/36955.out,36955
p2_mofe_ffn_logp_odd,118,0.000013,0.0019,logged_terminal_batch_composite_loss,1035.6,124470.1,paper_101/ablation/results/36955.out,36955
p2_mofe_ffn_logp_odd,119,0.000013,0.0044,logged_terminal_batch_composite_loss,1036.1,125506.3,paper_101/ablation/results/36955.out,36955
p2_mofe_ffn_logp_odd,120,0.000013,0.0054,logged_terminal_batch_composite_loss,1036.4,126542.7,paper_101/ablation/results/36955.out,36955
p2_mofe_ffn_logp_odd,121,0.000013,0.0076,logged_terminal_batch_composite_loss,1036.9,127579.6,paper_101/ablation/results/36955.out,36955
p2_mofe_ffn_logp_odd,122,0.000013,0.0151,logged_terminal_batch_composite_loss,1036.5,128616.0,paper_101/ablation/results/36955.out,36955
p2_mofe_ffn_logp_odd,123,0.000013,0.0101,logged_terminal_batch_composite_loss,1035.6,129651.7,paper_101/ablation/results/36955.out,36955
p2_mofe_ffn_logp_odd,124,0.000013,0.0087,logged_terminal_batch_composite_loss,1035.9,130687.6,paper_101/ablation/results/36955.out,36955
p2_mofe_ffn_logp_odd,125,0.000013,0.0137,logged_terminal_batch_composite_loss,1035.6,131723.2,paper_101/ablation/results/36955.out,36955
p2_mofe_ffn_logp_odd,126,0.000013,0.0039,logged_terminal_batch_composite_loss,1035.8,132758.9,paper_101/ablation/results/36955.out,36955
p2_mofe_ffn_logp_odd,127,0.000013,0.0055,logged_terminal_batch_composite_loss,1036.7,133795.6,paper_101/ablation/results/36955.out,36955
p2_mofe_ffn_logp_odd,128,0.000013,0.0085,logged_terminal_batch_composite_loss,1035.7,134831.3,paper_101/ablation/results/36955.out,36955
p2_mofe_ffn_logp_odd,129,0.000012,0.0054,logged_terminal_batch_composite_loss,1036.0,135867.4,paper_101/ablation/results/36955.out,36955
p2_mofe_ffn_logp_odd,130,0.000012,0.0076,logged_terminal_batch_composite_loss,1035.2,136902.6,paper_101/ablation/results/36955.out,36955
p2_mofe_ffn_logp_odd,131,0.000012,0.0066,logged_terminal_batch_composite_loss,1035.3,137937.9,paper_101/ablation/results/36955.out,36955
p2_mofe_ffn_logp_odd,132,0.000012,0.0143,logged_terminal_batch_composite_loss,1031.6,138969.5,paper_101/ablation/results/36955.out,36955
p2_mofe_ffn_logp_odd,133,0.000012,0.0081,logged_terminal_batch_composite_loss,1028.2,139997.7,paper_101/ablation/results/36955.out,36955
p2_mofe_ffn_logp_odd,134,0.000012,0.0026,logged_terminal_batch_composite_loss,1029.6,141027.3,paper_101/ablation/results/36955.out,36955
p2_mofe_ffn_logp_odd,135,0.000012,0.0057,logged_terminal_batch_composite_loss,1027.3,142054.6,paper_101/ablation/results/36955.out,36955
p2_mofe_ffn_logp_odd,136,0.000012,0.0041,logged_terminal_batch_composite_loss,1026.9,143081.5,paper_101/ablation/results/36955.out,36955
p2_mofe_ffn_logp_odd,137,0.000012,0.0316,logged_terminal_batch_composite_loss,1028.2,144109.7,paper_101/ablation/results/36955.out,36955
p2_mofe_ffn_logp_odd,138,0.000012,0.0075,logged_terminal_batch_composite_loss,1028.8,145138.4,paper_101/ablation/results/36955.out,36955
p2_mofe_ffn_logp_odd,139,0.000012,0.0070,logged_terminal_batch_composite_loss,1027.6,146166.1,paper_101/ablation/results/36955.out,36955
p2_mofe_ffn_logp_odd,140,0.000012,0.0027,logged_terminal_batch_composite_loss,1028.0,147194.1,paper_101/ablation/results/36955.out,36955
p2_mofe_ffn_logp_odd,141,0.000012,0.0105,logged_terminal_batch_composite_loss,1027.5,148221.5,paper_101/ablation/results/36955.out,36955
p2_mofe_ffn_logp_odd,142,0.000012,0.0259,logged_terminal_batch_composite_loss,1028.5,149250.0,paper_101/ablation/results/36955.out,36955
p2_mofe_ffn_logp_odd,143,0.000012,0.0093,logged_terminal_batch_composite_loss,1027.9,150278.0,paper_101/ablation/results/36955.out,36955
p2_mofe_ffn_logp_odd,144,0.000012,0.0020,logged_terminal_batch_composite_loss,1027.9,151305.9,paper_101/ablation/results/36955.out,36955
p2_mofe_ffn_logp_odd,145,0.000012,0.0037,logged_terminal_batch_composite_loss,1028.3,152334.2,paper_101/ablation/results/36955.out,36955
p2_mofe_ffn_logp_odd,146,0.000012,0.0032,logged_terminal_batch_composite_loss,1029.1,153363.3,paper_101/ablation/results/36955.out,36955
p2_mofe_ffn_logp_odd,147,0.000012,0.0045,logged_terminal_batch_composite_loss,1030.2,154393.5,paper_101/ablation/results/36955.out,36955
p2_mofe_ffn_logp_odd,148,0.000012,0.0052,logged_terminal_batch_composite_loss,1027.8,155421.3,paper_101/ablation/results/36955.out,36955
p2_mofe_ffn_logp_odd,149,0.000012,0.0028,logged_terminal_batch_composite_loss,1028.9,156450.2,paper_101/ablation/results/36955.out,36955
p2_mofe_ffn_logp_odd,150,0.000012,0.0052,logged_terminal_batch_composite_loss,1029.6,157479.8,paper_101/ablation/results/36955.out,36955
p2_mofe_ffn_logp_odd,151,0.000012,0.0034,logged_terminal_batch_composite_loss,1028.6,158508.5,paper_101/ablation/results/36955.out,36955
p2_mofe_ffn_logp_odd,152,0.000011,0.0060,logged_terminal_batch_composite_loss,1028.8,159537.3,paper_101/ablation/results/36955.out,36955
p2_mofe_ffn_logp_odd,153,0.000011,0.0044,logged_terminal_batch_composite_loss,1019.0,160556.3,paper_101/ablation/results/36955.out,36955
p2_mofe_ffn_logp_odd,154,0.000011,0.0052,logged_terminal_batch_composite_loss,1029.0,161585.3,paper_101/ablation/results/36955.out,36955
p2_mofe_ffn_logp_odd,155,0.000011,0.0028,logged_terminal_batch_composite_loss,1027.2,162612.5,paper_101/ablation/results/36955.out,36955
p2_mofe_ffn_logp_odd,156,0.000011,0.0535,logged_terminal_batch_composite_loss,1018.7,163631.3,paper_101/ablation/results/36955.out,36955
p2_mofe_ffn_logp_odd,157,0.000011,0.0033,logged_terminal_batch_composite_loss,1037.0,164668.3,paper_101/ablation/results/36955.out,36955
p2_mofe_ffn_logp_odd,158,0.000011,0.0037,logged_terminal_batch_composite_loss,1020.4,165688.7,paper_101/ablation/results/36955.out,36955
p2_mofe_ffn_logp_odd,159,0.000011,0.0048,logged_terminal_batch_composite_loss,1018.9,166707.6,paper_101/ablation/results/36955.out,36955
p2_mofe_ffn_logp_odd,160,0.000011,0.0173,logged_terminal_batch_composite_loss,1019.2,167726.7,paper_101/ablation/results/36955.out,36955
p2_mofe_ffn_logp_odd,161,0.000011,0.0047,logged_terminal_batch_composite_loss,1019.7,168746.4,paper_101/ablation/results/36955.out,36955
p2_mofe_ffn_logp_odd,162,0.000011,0.0031,logged_terminal_batch_composite_loss,1021.4,169767.8,paper_101/ablation/results/36955.out,36955
p2_mofe_ffn_logp_odd,163,0.000011,0.0028,logged_terminal_batch_composite_loss,1022.9,170790.7,paper_101/ablation/results/36955.out,36955
p2_mofe_ffn_logp_odd,164,0.000011,0.0117,logged_terminal_batch_composite_loss,1029.3,171820.0,paper_101/ablation/results/36955.out,36955
p2_mofe_ffn_logp_odd,165,0.000011,0.0035,logged_terminal_batch_composite_loss,1028.6,172848.7,paper_101/ablation/results/36955.out,36955
p2_mofe_ffn_logp_odd,166,0.000011,0.0062,logged_terminal_batch_composite_loss,1029.7,173878.4,paper_101/ablation/results/36955.out,36955
p2_mofe_ffn_logp_odd,167,0.000011,0.0066,logged_terminal_batch_composite_loss,1029.8,174908.2,paper_101/ablation/results/36955.out,36955
p2_mofe_ffn_logp_odd,168,0.000011,0.0033,logged_terminal_batch_composite_loss,1028.6,175936.8,paper_101/ablation/results/36955.out,36955
p2_mofe_ffn_logp_odd,169,0.000011,0.0101,logged_terminal_batch_composite_loss,1028.5,176965.3,paper_101/ablation/results/36955.out,36955
p2_mofe_ffn_logp_odd,170,0.000011,0.0324,logged_terminal_batch_composite_loss,1028.2,177993.5,paper_101/ablation/results/36955.out,36955
p2_mofe_ffn_logp_odd,171,0.000011,0.0164,logged_terminal_batch_composite_loss,1027.7,179021.2,paper_101/ablation/results/36955.out,36955
p2_mofe_ffn_logp_odd,172,0.000011,0.0089,logged_terminal_batch_composite_loss,1028.0,180049.2,paper_101/ablation/results/36955.out,36955
p2_mofe_ffn_logp_odd,173,0.000011,0.0027,logged_terminal_batch_composite_loss,1028.6,181077.7,paper_101/ablation/results/36955.out,36955
p2_mofe_ffn_logp_odd,174,0.000011,0.0060,logged_terminal_batch_composite_loss,1028.7,182106.4,paper_101/ablation/results/36955.out,36955
p2_mofe_ffn_logp_odd,175,0.000011,0.0041,logged_terminal_batch_composite_loss,1027.5,183133.9,paper_101/ablation/results/36955.out,36955
p2_mofe_ffn_logp_odd,176,0.000011,0.0049,logged_terminal_batch_composite_loss,1029.0,184162.9,paper_101/ablation/results/36955.out,36955
p2_mofe_ffn_logp_odd,177,0.000011,0.0119,logged_terminal_batch_composite_loss,1027.5,185190.4,paper_101/ablation/results/36955.out,36955
p2_mofe_ffn_logp_odd,178,0.000011,0.0060,logged_terminal_batch_composite_loss,1026.8,186217.3,paper_101/ablation/results/36955.out,36955
p2_mofe_ffn_logp_odd,179,0.000011,0.0028,logged_terminal_batch_composite_loss,1023.4,187240.6,paper_101/ablation/results/36955.out,36955
p2_mofe_ffn_logp_odd,180,0.000011,0.0041,logged_terminal_batch_composite_loss,1022.5,188263.1,paper_101/ablation/results/36955.out,36955
p2_mofe_ffn_logp_odd,181,0.000011,0.0048,logged_terminal_batch_composite_loss,1023.2,189286.3,paper_101/ablation/results/36955.out,36955
p2_mofe_ffn_logp_odd,182,0.000010,0.0045,logged_terminal_batch_composite_loss,1024.5,190310.8,paper_101/ablation/results/36955.out,36955
p2_mofe_ffn_logp_odd,183,0.000010,0.0054,logged_terminal_batch_composite_loss,1026.0,191336.8,paper_101/ablation/results/36955.out,36955
p2_mofe_ffn_logp_odd,184,0.000010,0.0096,logged_terminal_batch_composite_loss,1025.7,192362.5,paper_101/ablation/results/36955.out,36955
p2_mofe_ffn_logp_odd,185,0.000010,0.0039,logged_terminal_batch_composite_loss,1025.2,193387.8,paper_101/ablation/results/36955.out,36955
p2_mofe_ffn_logp_odd,186,0.000010,0.0433,logged_terminal_batch_composite_loss,1023.2,194411.0,paper_101/ablation/results/36955.out,36955
p2_mofe_ffn_logp_odd,187,0.000010,0.0046,logged_terminal_batch_composite_loss,1030.1,195441.1,paper_101/ablation/results/36955.out,36955
p2_mofe_ffn_logp_odd,188,0.000010,0.0151,logged_terminal_batch_composite_loss,1026.6,196467.7,paper_101/ablation/results/36955.out,36955
p2_mofe_ffn_logp_odd,189,0.000010,0.0039,logged_terminal_batch_composite_loss,1020.7,197488.4,paper_101/ablation/results/36955.out,36955
p2_mofe_ffn_logp_odd,190,0.000010,0.0066,logged_terminal_batch_composite_loss,1008.0,198496.3,paper_101/ablation/results/36955.out,36955
p2_mofe_ffn_logp_odd,191,0.000010,0.0721,logged_terminal_batch_composite_loss,1008.6,199505.0,paper_101/ablation/results/36955.out,36955
p2_mofe_ffn_logp_odd,192,0.000010,0.0034,logged_terminal_batch_composite_loss,1008.5,200513.5,paper_101/ablation/results/36955.out,36955
p2_mofe_ffn_logp_odd,193,0.000010,0.0043,logged_terminal_batch_composite_loss,1008.5,201522.0,paper_101/ablation/results/36955.out,36955
p2_mofe_ffn_logp_odd,194,0.000010,0.0056,logged_terminal_batch_composite_loss,1009.0,202530.9,paper_101/ablation/results/36955.out,36955
p2_mofe_ffn_logp_odd,195,0.000010,0.0058,logged_terminal_batch_composite_loss,1009.0,203539.9,paper_101/ablation/results/36955.out,36955
p2_mofe_ffn_logp_odd,196,0.000010,0.0027,logged_terminal_batch_composite_loss,1009.8,204549.7,paper_101/ablation/results/36955.out,36955
p2_mofe_ffn_logp_odd,197,0.000010,0.0029,logged_terminal_batch_composite_loss,1010.0,205559.7,paper_101/ablation/results/36955.out,36955
p2_mofe_ffn_logp_odd,198,0.000010,0.0023,logged_terminal_batch_composite_loss,1009.7,206569.3,paper_101/ablation/results/36955.out,36955
p2_mofe_ffn_logp_odd,199,0.000010,0.0045,logged_terminal_batch_composite_loss,1009.2,207578.6,paper_101/ablation/results/36955.out,36955
p2_mofe_ffn_logp_odd,200,0.000010,0.0051,logged_terminal_batch_composite_loss,1009.3,208587.9,paper_101/ablation/results/36955.out,36955
p2_mofe_ffn_logp_odd,201,0.000010,0.0072,logged_terminal_batch_composite_loss,1010.4,209598.3,paper_101/ablation/results/36955.out,36955
p2_mofe_ffn_logp_odd,202,0.000010,0.0037,logged_terminal_batch_composite_loss,1009.8,210608.2,paper_101/ablation/results/36955.out,36955
p2_mofe_ffn_logp_odd,203,0.000010,0.0398,logged_terminal_batch_composite_loss,1011.3,211619.5,paper_101/ablation/results/36955.out,36955
p2_mofe_ffn_logp_odd,204,0.000010,0.0043,logged_terminal_batch_composite_loss,1010.4,212629.9,paper_101/ablation/results/36955.out,36955
p2_mofe_ffn_logp_odd,205,0.000010,0.0072,logged_terminal_batch_composite_loss,1011.1,213641.0,paper_101/ablation/results/36955.out,36955
p2_mofe_ffn_logp_odd,206,0.000010,0.0078,logged_terminal_batch_composite_loss,1010.7,214651.7,paper_101/ablation/results/36955.out,36955
p2_mofe_ffn_logp_odd,207,0.000010,0.0091,logged_terminal_batch_composite_loss,1009.4,215661.1,paper_101/ablation/results/36955.out,36955
p2_mofe_ffn_logp_odd,208,0.000010,0.0025,logged_terminal_batch_composite_loss,1011.8,216672.9,paper_101/ablation/results/36955.out,36955
p2_mofe_ffn_logp_odd,209,0.000010,0.0040,logged_terminal_batch_composite_loss,1011.3,217684.2,paper_101/ablation/results/36955.out,36955
p2_mofe_ffn_logp_odd,210,0.000010,0.0044,logged_terminal_batch_composite_loss,1010.2,218694.4,paper_101/ablation/results/36955.out,36955
p2_mofe_ffn_logp_odd,211,0.000010,0.0087,logged_terminal_batch_composite_loss,1010.5,219704.9,paper_101/ablation/results/36955.out,36955
p2_mofe_ffn_logp_odd,212,0.000010,0.0041,logged_terminal_batch_composite_loss,1010.5,220715.4,paper_101/ablation/results/36955.out,36955
p2_mofe_ffn_logp_odd,213,0.000010,0.0028,logged_terminal_batch_composite_loss,1009.3,221724.8,paper_101/ablation/results/36955.out,36955
p2_mofe_ffn_logp_odd,214,0.000010,0.0029,logged_terminal_batch_composite_loss,1008.9,222733.6,paper_101/ablation/results/36955.out,36955
p2_mofe_ffn_logp_odd,215,0.000010,0.0065,logged_terminal_batch_composite_loss,1009.2,223742.8,paper_101/ablation/results/36955.out,36955
p2_mofe_ffn_logp_odd,216,0.000010,0.0014,logged_terminal_batch_composite_loss,1009.6,224752.4,paper_101/ablation/results/36955.out,36955
p2_mofe_ffn_logp_odd,217,0.000010,0.0033,logged_terminal_batch_composite_loss,1008.7,225761.2,paper_101/ablation/results/36955.out,36955
p2_mofe_ffn_logp_odd,218,0.000010,0.0052,logged_terminal_batch_composite_loss,1009.0,226770.2,paper_101/ablation/results/36955.out,36955
p2_mofe_ffn_logp_odd,219,0.000010,0.0117,logged_terminal_batch_composite_loss,1008.4,227778.6,paper_101/ablation/results/36955.out,36955
p2_mofe_ffn_logp_odd,220,0.000010,0.0044,logged_terminal_batch_composite_loss,1009.8,228788.5,paper_101/ablation/results/36955.out,36955
p2_mofe_ffn_logp_odd,221,0.000010,0.0038,logged_terminal_batch_composite_loss,1008.3,229796.8,paper_101/ablation/results/36955.out,36955
p2_mofe_ffn_logp_odd,222,0.000009,0.0051,logged_terminal_batch_composite_loss,1008.5,230805.3,paper_101/ablation/results/36955.out,36955
p2_mofe_ffn_logp_odd,223,0.000009,0.0023,logged_terminal_batch_composite_loss,1009.0,231814.2,paper_101/ablation/results/36955.out,36955
p2_mofe_ffn_logp_odd,224,0.000009,0.0075,logged_terminal_batch_composite_loss,1008.9,232823.2,paper_101/ablation/results/36955.out,36955
p2_mofe_ffn_logp_odd,225,0.000009,0.0085,logged_terminal_batch_composite_loss,1010.2,233833.4,paper_101/ablation/results/36955.out,36955
p2_mofe_ffn_logp_odd,226,0.000009,0.0077,logged_terminal_batch_composite_loss,1008.3,234841.7,paper_101/ablation/results/36955.out,36955
p2_mofe_ffn_logp_odd,227,0.000009,0.0066,logged_terminal_batch_composite_loss,1008.0,235849.7,paper_101/ablation/results/36955.out,36955
p2_mofe_ffn_logp_odd,228,0.000009,0.0019,logged_terminal_batch_composite_loss,1008.9,236858.6,paper_101/ablation/results/36955.out,36955
p2_mofe_ffn_logp_odd,229,0.000009,0.0042,logged_terminal_batch_composite_loss,1007.9,237866.5,paper_101/ablation/results/36955.out,36955
p2_mofe_ffn_logp_odd,230,0.000009,0.0101,logged_terminal_batch_composite_loss,1009.7,238876.2,paper_101/ablation/results/36955.out,36955
p2_mofe_ffn_logp_odd,231,0.000009,0.0030,logged_terminal_batch_composite_loss,1007.6,239883.8,paper_101/ablation/results/36955.out,36955
p2_mofe_ffn_logp_odd,232,0.000009,0.0047,logged_terminal_batch_composite_loss,1008.5,240892.3,paper_101/ablation/results/36955.out,36955
p2_mofe_ffn_logp_odd,233,0.000009,0.0023,logged_terminal_batch_composite_loss,1008.3,241900.7,paper_101/ablation/results/36955.out,36955
p2_mofe_ffn_logp_odd,234,0.000009,0.0042,logged_terminal_batch_composite_loss,1008.4,242909.0,paper_101/ablation/results/36955.out,36955
p2_mofe_ffn_logp_odd,235,0.000009,0.0117,logged_terminal_batch_composite_loss,1009.1,243918.2,paper_101/ablation/results/36955.out,36955
p2_mofe_ffn_logp_odd,236,0.000009,0.0039,logged_terminal_batch_composite_loss,1008.0,244926.1,paper_101/ablation/results/36955.out,36955
p2_mofe_ffn_logp_odd,237,0.000009,0.0046,logged_terminal_batch_composite_loss,1008.5,245934.7,paper_101/ablation/results/36955.out,36955
p2_mofe_ffn_logp_odd,238,0.000009,0.0036,logged_terminal_batch_composite_loss,1011.5,246946.2,paper_101/ablation/results/36955.out,36955
p2_mofe_ffn_logp_odd,239,0.000009,0.0268,logged_terminal_batch_composite_loss,1008.1,247954.3,paper_101/ablation/results/36955.out,36955
p2_mofe_ffn_logp_odd,240,0.000009,0.0050,logged_terminal_batch_composite_loss,1007.6,248961.9,paper_101/ablation/results/36955.out,36955
p2_mofe_ffn_logp_odd,241,0.000009,0.0080,logged_terminal_batch_composite_loss,1008.9,249970.8,paper_101/ablation/results/36955.out,36955
p2_mofe_ffn_logp_odd,242,0.000009,0.0032,logged_terminal_batch_composite_loss,1009.3,250980.1,paper_101/ablation/results/36955.out,36955
p2_mofe_ffn_logp_odd,243,0.000009,0.0054,logged_terminal_batch_composite_loss,1008.9,251989.0,paper_101/ablation/results/36955.out,36955
p2_mofe_ffn_logp_odd,244,0.000009,0.0105,logged_terminal_batch_composite_loss,1010.3,252999.3,paper_101/ablation/results/36955.out,36955
p2_mofe_ffn_logp_odd,245,0.000009,0.0028,logged_terminal_batch_composite_loss,1117.1,254116.4,paper_101/ablation/results/36955.out,36955
p2_mofe_ffn_logp_odd,246,0.000009,0.0021,logged_terminal_batch_composite_loss,1151.8,255268.2,paper_101/ablation/results/36955.out,36955
p2_mofe_ffn_logp_odd,247,0.000009,0.0015,logged_terminal_batch_composite_loss,1153.8,256422.0,paper_101/ablation/results/36955.out,36955
p2_mofe_ffn_logp_odd,248,0.000009,0.0052,logged_terminal_batch_composite_loss,1156.0,257578.0,paper_101/ablation/results/36955.out,36955
p2_mofe_ffn_logp_odd,249,0.000009,0.0027,logged_terminal_batch_composite_loss,1155.0,258733.0,paper_101/ablation/results/36955.out,36955
p2_mofe_ffn_logp_odd,250,0.000009,0.0033,logged_terminal_batch_composite_loss,1155.1,259888.1,paper_101/ablation/results/36955.out,36955
p2_mofe_ffn_logp_odd,251,0.000009,0.0043,logged_terminal_batch_composite_loss,1154.3,261042.5,paper_101/ablation/results/36955.out,36955
p2_mofe_ffn_logp_odd,252,0.000009,0.0018,logged_terminal_batch_composite_loss,1153.9,262196.4,paper_101/ablation/results/36955.out,36955
p2_mofe_ffn_logp_odd,253,0.000009,0.0047,logged_terminal_batch_composite_loss,1152.1,263348.5,paper_101/ablation/results/36955.out,36955
p2_mofe_ffn_logp_odd,254,0.000009,0.0041,logged_terminal_batch_composite_loss,1156.1,264504.5,paper_101/ablation/results/36955.out,36955
p2_mofe_ffn_logp_odd,255,0.000009,0.0295,logged_terminal_batch_composite_loss,1155.3,265659.9,paper_101/ablation/results/36955.out,36955
p2_mofe_ffn_logp_odd,256,0.000009,0.0013,logged_terminal_batch_composite_loss,1148.4,266808.3,paper_101/ablation/results/36955.out,36955
p2_mofe_ffn_logp_odd,257,0.000009,0.0051,logged_terminal_batch_composite_loss,1149.6,267958.0,paper_101/ablation/results/36955.out,36955
p2_mofe_ffn_logp_odd,258,0.000009,0.0040,logged_terminal_batch_composite_loss,1156.6,269114.6,paper_101/ablation/results/36955.out,36955
p2_mofe_ffn_logp_odd,259,0.000009,0.0041,logged_terminal_batch_composite_loss,1159.4,270274.0,paper_101/ablation/results/36955.out,36955
p2_mofe_ffn_logp_odd,260,0.000009,0.0121,logged_terminal_batch_composite_loss,1154.6,271428.6,paper_101/ablation/results/36955.out,36955
p2_mofe_ffn_logp_odd,261,0.000009,0.0044,logged_terminal_batch_composite_loss,1155.6,272584.2,paper_101/ablation/results/36955.out,36955
p2_mofe_ffn_logp_odd,262,0.000009,0.0014,logged_terminal_batch_composite_loss,1156.0,273740.2,paper_101/ablation/results/36955.out,36955
p2_mofe_ffn_logp_odd,263,0.000009,0.0046,logged_terminal_batch_composite_loss,1156.3,274896.5,paper_101/ablation/results/36955.out,36955
p2_mofe_ffn_logp_odd,264,0.000009,0.0068,logged_terminal_batch_composite_loss,1155.7,276052.2,paper_101/ablation/results/36955.out,36955
p2_mofe_ffn_logp_odd,265,0.000009,0.0049,logged_terminal_batch_composite_loss,1156.5,277208.6,paper_101/ablation/results/36955.out,36955
p2_mofe_ffn_logp_odd,266,0.000009,0.0076,logged_terminal_batch_composite_loss,1157.2,278365.8,paper_101/ablation/results/36955.out,36955
p2_mofe_ffn_logp_odd,267,0.000009,0.0040,logged_terminal_batch_composite_loss,1155.1,279521.0,paper_101/ablation/results/36955.out,36955
p2_mofe_ffn_logp_odd,268,0.000009,0.0024,logged_terminal_batch_composite_loss,1101.9,280622.8,paper_101/ablation/results/36955.out,36955
p2_mofe_ffn_logp_odd,269,0.000009,0.0121,logged_terminal_batch_composite_loss,1008.6,281631.5,paper_101/ablation/results/36955.out,36955
p2_mofe_ffn_logp_odd,270,0.000009,0.0042,logged_terminal_batch_composite_loss,1008.9,282640.4,paper_101/ablation/results/36955.out,36955
p2_mofe_ffn_logp_odd,271,0.000009,0.0051,logged_terminal_batch_composite_loss,1008.2,283648.6,paper_101/ablation/results/36955.out,36955
p2_mofe_ffn_logp_odd,272,0.000009,0.0073,logged_terminal_batch_composite_loss,1009.1,284657.8,paper_101/ablation/results/36955.out,36955
p2_mofe_ffn_logp_odd,273,0.000009,0.0023,logged_terminal_batch_composite_loss,1008.7,285666.4,paper_101/ablation/results/36955.out,36955
p2_mofe_ffn_logp_odd,274,0.000009,0.0029,logged_terminal_batch_composite_loss,1008.3,286674.7,paper_101/ablation/results/36955.out,36955
p2_mofe_ffn_logp_odd,275,0.000009,0.0076,logged_terminal_batch_composite_loss,1008.3,287683.0,paper_101/ablation/results/36955.out,36955
p2_mofe_ffn_logp_odd,276,0.000009,0.0054,logged_terminal_batch_composite_loss,1009.5,288692.5,paper_101/ablation/results/36955.out,36955
p2_mofe_ffn_logp_odd,277,0.000008,0.0061,logged_terminal_batch_composite_loss,1008.2,289700.7,paper_101/ablation/results/36955.out,36955
p2_mofe_ffn_logp_odd,278,0.000008,0.0134,logged_terminal_batch_composite_loss,1008.2,290708.8,paper_101/ablation/results/36955.out,36955
p2_mofe_ffn_logp_odd,279,0.000008,0.0053,logged_terminal_batch_composite_loss,1009.3,291718.1,paper_101/ablation/results/36955.out,36955
p2_mofe_ffn_logp_odd,280,0.000008,0.0046,logged_terminal_batch_composite_loss,1009.0,292727.1,paper_101/ablation/results/36955.out,36955
p2_mofe_ffn_logp_odd,281,0.000008,0.0090,logged_terminal_batch_composite_loss,1009.2,293736.3,paper_101/ablation/results/36955.out,36955
p2_mofe_ffn_logp_odd,282,0.000008,0.0122,logged_terminal_batch_composite_loss,1007.9,294744.2,paper_101/ablation/results/36955.out,36955
p2_mofe_ffn_logp_odd,283,0.000008,0.0048,logged_terminal_batch_composite_loss,1007.9,295752.1,paper_101/ablation/results/36955.out,36955
p2_mofe_ffn_logp_odd,284,0.000008,0.0047,logged_terminal_batch_composite_loss,1007.9,296760.0,paper_101/ablation/results/36955.out,36955
p2_mofe_ffn_logp_odd,285,0.000008,0.0030,logged_terminal_batch_composite_loss,1008.0,297768.0,paper_101/ablation/results/36955.out,36955
p2_mofe_ffn_logp_odd,286,0.000008,0.0109,logged_terminal_batch_composite_loss,1007.5,298775.5,paper_101/ablation/results/36955.out,36955
p2_mofe_ffn_logp_odd,287,0.000008,0.0043,logged_terminal_batch_composite_loss,1006.9,299782.4,paper_101/ablation/results/36955.out,36955
p2_mofe_ffn_logp_odd,288,0.000008,0.0061,logged_terminal_batch_composite_loss,1006.0,300788.4,paper_101/ablation/results/36955.out,36955
p2_mofe_ffn_logp_odd,289,0.000008,0.0035,logged_terminal_batch_composite_loss,1005.7,301794.2,paper_101/ablation/results/36955.out,36955
p2_mofe_ffn_logp_odd,290,0.000008,0.0010,logged_terminal_batch_composite_loss,1006.0,302800.2,paper_101/ablation/results/36955.out,36955
p2_mofe_ffn_logp_odd,291,0.000008,0.0035,logged_terminal_batch_composite_loss,1007.6,303807.9,paper_101/ablation/results/36955.out,36955
p2_mofe_ffn_logp_odd,292,0.000008,0.0042,logged_terminal_batch_composite_loss,1007.2,304815.1,paper_101/ablation/results/36955.out,36955
p2_mofe_ffn_logp_odd,293,0.000008,0.0065,logged_terminal_batch_composite_loss,1006.3,305821.4,paper_101/ablation/results/36955.out,36955
p2_mofe_ffn_logp_odd,294,0.000008,0.0104,logged_terminal_batch_composite_loss,1006.0,306827.4,paper_101/ablation/results/36955.out,36955
p2_mofe_ffn_logp_odd,295,0.000008,0.0049,logged_terminal_batch_composite_loss,1006.8,307834.2,paper_101/ablation/results/36955.out,36955
p2_mofe_ffn_logp_odd,296,0.000008,0.0014,logged_terminal_batch_composite_loss,1006.0,308840.2,paper_101/ablation/results/36955.out,36955
p2_mofe_ffn_logp_odd,297,0.000008,0.0063,logged_terminal_batch_composite_loss,1007.0,309847.2,paper_101/ablation/results/36955.out,36955
p2_mofe_ffn_logp_odd,298,0.000008,0.0028,logged_terminal_batch_composite_loss,1005.2,310852.3,paper_101/ablation/results/36955.out,36955
p2_mofe_ffn_logp_odd,299,0.000008,0.0075,logged_terminal_batch_composite_loss,1005.2,311857.5,paper_101/ablation/results/36955.out,36955
p2_mofe_ffn_logp_odd,300,0.000008,0.0030,logged_terminal_batch_composite_loss,1005.5,312863.0,paper_101/ablation/results/36955.out,36955
p3_base_vanilla,1,0.000001,3.7643,logged_terminal_batch_composite_loss,1251.0,1251.0,paper_101/ablation/results/37692.out,37692
p3_base_vanilla,2,0.000002,2.1813,logged_terminal_batch_composite_loss,929.6,2180.6,paper_101/ablation/results/37692.out,37692
p3_base_vanilla,3,0.000003,2.1305,logged_terminal_batch_composite_loss,909.7,3090.4,paper_101/ablation/results/37692.out,37692
p3_base_vanilla,4,0.000003,1.9864,logged_terminal_batch_composite_loss,909.4,3999.9,paper_101/ablation/results/37692.out,37692
p3_base_vanilla,5,0.000004,1.5462,logged_terminal_batch_composite_loss,910.0,4910.0,paper_101/ablation/results/37692.out,37692
p3_base_vanilla,6,0.000005,1.2957,logged_terminal_batch_composite_loss,903.8,5813.8,paper_101/ablation/results/37692.out,37692
p3_base_vanilla,7,0.000006,1.0606,logged_terminal_batch_composite_loss,903.1,6717.0,paper_101/ablation/results/37692.out,37692
p3_base_vanilla,8,0.000007,0.8075,logged_terminal_batch_composite_loss,902.4,7619.4,paper_101/ablation/results/37692.out,37692
p3_base_vanilla,9,0.000008,0.8525,logged_terminal_batch_composite_loss,903.4,8522.9,paper_101/ablation/results/37692.out,37692
p3_base_vanilla,10,0.000009,0.7317,logged_terminal_batch_composite_loss,903.4,9426.3,paper_101/ablation/results/37692.out,37692
p3_base_vanilla,11,0.000009,0.6519,logged_terminal_batch_composite_loss,905.0,10331.3,paper_101/ablation/results/37692.out,37692
p3_base_vanilla,12,0.000010,0.5100,logged_terminal_batch_composite_loss,905.8,11237.2,paper_101/ablation/results/37692.out,37692
p3_base_vanilla,13,0.000011,0.4131,logged_terminal_batch_composite_loss,905.1,12142.3,paper_101/ablation/results/37692.out,37692
p3_base_vanilla,14,0.000012,0.3726,logged_terminal_batch_composite_loss,905.1,13047.5,paper_101/ablation/results/37692.out,37692
p3_base_vanilla,15,0.000013,0.2487,logged_terminal_batch_composite_loss,902.3,13949.9,paper_101/ablation/results/37692.out,37692
p3_base_vanilla,16,0.000014,0.2859,logged_terminal_batch_composite_loss,902.7,14852.7,paper_101/ablation/results/37692.out,37692
p3_base_vanilla,17,0.000015,0.2060,logged_terminal_batch_composite_loss,903.1,15755.8,paper_101/ablation/results/37692.out,37692
p3_base_vanilla,18,0.000015,0.2943,logged_terminal_batch_composite_loss,902.1,16658.0,paper_101/ablation/results/37692.out,37692
p3_base_vanilla,19,0.000016,0.1582,logged_terminal_batch_composite_loss,902.0,17560.0,paper_101/ablation/results/37692.out,37692
p3_base_vanilla,20,0.000017,0.1354,logged_terminal_batch_composite_loss,902.3,18462.4,paper_101/ablation/results/37692.out,37692
p3_base_vanilla,21,0.000018,0.2092,logged_terminal_batch_composite_loss,904.6,19367.0,paper_101/ablation/results/37692.out,37692
p3_base_vanilla,22,0.000019,0.1914,logged_terminal_batch_composite_loss,904.2,20271.2,paper_101/ablation/results/37692.out,37692
p3_base_vanilla,23,0.000020,0.2109,logged_terminal_batch_composite_loss,907.2,21178.3,paper_101/ablation/results/37692.out,37692
p3_base_vanilla,24,0.000021,0.1708,logged_terminal_batch_composite_loss,910.6,22088.9,paper_101/ablation/results/37692.out,37692
p3_base_vanilla,25,0.000022,0.0720,logged_terminal_batch_composite_loss,909.8,22998.7,paper_101/ablation/results/37692.out,37692
p3_base_vanilla,26,0.000022,0.1175,logged_terminal_batch_composite_loss,911.1,23909.9,paper_101/ablation/results/37692.out,37692
p3_base_vanilla,27,0.000023,0.2258,logged_terminal_batch_composite_loss,909.5,24819.4,paper_101/ablation/results/37692.out,37692
p3_base_vanilla,28,0.000024,0.1937,logged_terminal_batch_composite_loss,911.3,25730.7,paper_101/ablation/results/37692.out,37692
p3_base_vanilla,29,0.000025,0.1377,logged_terminal_batch_composite_loss,912.3,26643.0,paper_101/ablation/results/37692.out,37692
p3_base_vanilla,30,0.000026,0.1481,logged_terminal_batch_composite_loss,913.4,27556.4,paper_101/ablation/results/37692.out,37692
p3_base_vanilla,31,0.000025,0.1270,logged_terminal_batch_composite_loss,913.1,28469.5,paper_101/ablation/results/37692.out,37692
p3_base_vanilla,32,0.000025,0.1574,logged_terminal_batch_composite_loss,913.8,29383.4,paper_101/ablation/results/37692.out,37692
p3_base_vanilla,33,0.000025,0.1072,logged_terminal_batch_composite_loss,913.1,30296.4,paper_101/ablation/results/37692.out,37692
p3_base_vanilla,34,0.000024,0.1407,logged_terminal_batch_composite_loss,912.7,31209.1,paper_101/ablation/results/37692.out,37692
p3_base_vanilla,35,0.000024,0.0374,logged_terminal_batch_composite_loss,914.2,32123.4,paper_101/ablation/results/37692.out,37692
p3_base_vanilla,36,0.000024,0.0599,logged_terminal_batch_composite_loss,915.0,33038.5,paper_101/ablation/results/37692.out,37692
p3_base_vanilla,37,0.000023,0.0996,logged_terminal_batch_composite_loss,915.1,33953.6,paper_101/ablation/results/37692.out,37692
p3_base_vanilla,38,0.000023,0.0938,logged_terminal_batch_composite_loss,915.5,34869.0,paper_101/ablation/results/37692.out,37692
p3_base_vanilla,39,0.000023,0.0609,logged_terminal_batch_composite_loss,915.8,35784.9,paper_101/ablation/results/37692.out,37692
p3_base_vanilla,40,0.000022,0.0734,logged_terminal_batch_composite_loss,916.7,36701.6,paper_101/ablation/results/37692.out,37692
p3_base_vanilla,41,0.000022,0.0482,logged_terminal_batch_composite_loss,915.7,37617.4,paper_101/ablation/results/37692.out,37692
p3_base_vanilla,42,0.000022,0.0740,logged_terminal_batch_composite_loss,916.7,38534.1,paper_101/ablation/results/37692.out,37692
p3_base_vanilla,43,0.000022,0.0650,logged_terminal_batch_composite_loss,916.4,39450.5,paper_101/ablation/results/37692.out,37692
p3_base_vanilla,44,0.000021,0.0638,logged_terminal_batch_composite_loss,915.7,40366.2,paper_101/ablation/results/37692.out,37692
p3_base_vanilla,45,0.000021,0.0574,logged_terminal_batch_composite_loss,916.0,41282.2,paper_101/ablation/results/37692.out,37692
p3_base_vanilla,46,0.000021,0.0509,logged_terminal_batch_composite_loss,918.2,42200.4,paper_101/ablation/results/37692.out,37692
p3_base_vanilla,47,0.000021,0.0916,logged_terminal_batch_composite_loss,928.9,43129.3,paper_101/ablation/results/37692.out,37692
p3_base_vanilla,48,0.000020,0.0353,logged_terminal_batch_composite_loss,925.8,44055.1,paper_101/ablation/results/37692.out,37692
p3_base_vanilla,49,0.000020,0.0398,logged_terminal_batch_composite_loss,987.0,45042.2,paper_101/ablation/results/37692.out,37692
p3_base_vanilla,50,0.000020,0.0305,logged_terminal_batch_composite_loss,994.5,46036.7,paper_101/ablation/results/37692.out,37692
p3_base_vanilla,51,0.000020,0.0375,logged_terminal_batch_composite_loss,966.6,47003.4,paper_101/ablation/results/37692.out,37692
p3_base_vanilla,52,0.000020,0.0586,logged_terminal_batch_composite_loss,941.2,47944.7,paper_101/ablation/results/37692.out,37692
p3_base_vanilla,53,0.000019,0.1147,logged_terminal_batch_composite_loss,922.7,48867.3,paper_101/ablation/results/37692.out,37692
p3_base_vanilla,54,0.000019,0.0680,logged_terminal_batch_composite_loss,913.0,49780.4,paper_101/ablation/results/37692.out,37692
p3_base_vanilla,55,0.000019,0.0513,logged_terminal_batch_composite_loss,913.4,50693.7,paper_101/ablation/results/37692.out,37692
p3_base_vanilla,56,0.000019,0.0436,logged_terminal_batch_composite_loss,912.0,51605.7,paper_101/ablation/results/37692.out,37692
p3_base_vanilla,57,0.000019,0.0781,logged_terminal_batch_composite_loss,912.6,52518.3,paper_101/ablation/results/37692.out,37692
p3_base_vanilla,58,0.000019,0.0557,logged_terminal_batch_composite_loss,913.4,53431.7,paper_101/ablation/results/37692.out,37692
p3_base_vanilla,59,0.000018,0.0324,logged_terminal_batch_composite_loss,912.5,54344.2,paper_101/ablation/results/37692.out,37692
p3_base_vanilla,60,0.000018,0.0671,logged_terminal_batch_composite_loss,913.0,55257.2,paper_101/ablation/results/37692.out,37692
p3_base_vanilla,61,0.000018,0.0601,logged_terminal_batch_composite_loss,912.4,56169.6,paper_101/ablation/results/37692.out,37692
p3_base_vanilla,62,0.000018,0.0235,logged_terminal_batch_composite_loss,912.4,57082.0,paper_101/ablation/results/37692.out,37692
p3_base_vanilla,63,0.000018,0.0312,logged_terminal_batch_composite_loss,912.7,57994.7,paper_101/ablation/results/37692.out,37692
p3_base_vanilla,64,0.000018,0.0340,logged_terminal_batch_composite_loss,913.6,58908.4,paper_101/ablation/results/37692.out,37692
p3_base_vanilla,65,0.000018,0.0184,logged_terminal_batch_composite_loss,912.2,59820.6,paper_101/ablation/results/37692.out,37692
p3_base_vanilla,66,0.000017,0.0675,logged_terminal_batch_composite_loss,912.9,60733.5,paper_101/ablation/results/37692.out,37692
p3_base_vanilla,67,0.000017,0.0319,logged_terminal_batch_composite_loss,913.2,61646.7,paper_101/ablation/results/37692.out,37692
p3_base_vanilla,68,0.000017,0.0144,logged_terminal_batch_composite_loss,913.6,62560.3,paper_101/ablation/results/37692.out,37692
p3_base_vanilla,69,0.000017,0.0423,logged_terminal_batch_composite_loss,916.7,63477.0,paper_101/ablation/results/37692.out,37692
p3_base_vanilla,70,0.000017,0.0194,logged_terminal_batch_composite_loss,925.5,64402.6,paper_101/ablation/results/37692.out,37692
p3_base_vanilla,71,0.000017,0.0205,logged_terminal_batch_composite_loss,923.5,65326.1,paper_101/ablation/results/37692.out,37692
p3_base_vanilla,72,0.000017,0.0190,logged_terminal_batch_composite_loss,921.9,66248.0,paper_101/ablation/results/37692.out,37692
p3_base_vanilla,73,0.000017,0.0514,logged_terminal_batch_composite_loss,920.7,67168.7,paper_101/ablation/results/37692.out,37692
p3_base_vanilla,74,0.000016,0.0265,logged_terminal_batch_composite_loss,922.3,68090.9,paper_101/ablation/results/37692.out,37692
p3_base_vanilla,75,0.000016,0.0328,logged_terminal_batch_composite_loss,922.7,69013.6,paper_101/ablation/results/37692.out,37692
p3_base_vanilla,76,0.000016,0.0210,logged_terminal_batch_composite_loss,921.8,69935.4,paper_101/ablation/results/37692.out,37692
p3_base_vanilla,77,0.000016,0.0262,logged_terminal_batch_composite_loss,922.6,70858.0,paper_101/ablation/results/37692.out,37692
p3_base_vanilla,78,0.000016,0.0387,logged_terminal_batch_composite_loss,919.9,71777.9,paper_101/ablation/results/37692.out,37692
p3_base_vanilla,79,0.000016,0.0505,logged_terminal_batch_composite_loss,921.4,72699.3,paper_101/ablation/results/37692.out,37692
p3_base_vanilla,80,0.000016,0.0413,logged_terminal_batch_composite_loss,920.7,73620.0,paper_101/ablation/results/37692.out,37692
p3_base_vanilla,81,0.000016,0.0180,logged_terminal_batch_composite_loss,920.5,74540.5,paper_101/ablation/results/37692.out,37692
p3_base_vanilla,82,0.000016,0.0162,logged_terminal_batch_composite_loss,917.1,75457.5,paper_101/ablation/results/37692.out,37692
p3_base_vanilla,83,0.000016,0.0487,logged_terminal_batch_composite_loss,916.8,76374.3,paper_101/ablation/results/37692.out,37692
p3_base_vanilla,84,0.000015,0.0160,logged_terminal_batch_composite_loss,915.3,77289.6,paper_101/ablation/results/37692.out,37692
p3_base_vanilla,85,0.000015,0.0140,logged_terminal_batch_composite_loss,916.0,78205.6,paper_101/ablation/results/37692.out,37692
p3_base_vanilla,86,0.000015,0.0053,logged_terminal_batch_composite_loss,915.5,79121.2,paper_101/ablation/results/37692.out,37692
p3_base_vanilla,87,0.000015,0.0131,logged_terminal_batch_composite_loss,916.3,80037.5,paper_101/ablation/results/37692.out,37692
p3_base_vanilla,88,0.000015,0.0250,logged_terminal_batch_composite_loss,915.6,80953.1,paper_101/ablation/results/37692.out,37692
p3_base_vanilla,89,0.000015,0.0107,logged_terminal_batch_composite_loss,917.1,81870.2,paper_101/ablation/results/37692.out,37692
p3_base_vanilla,90,0.000015,0.0172,logged_terminal_batch_composite_loss,908.6,82778.8,paper_101/ablation/results/37692.out,37692
p3_base_vanilla,91,0.000015,0.0176,logged_terminal_batch_composite_loss,913.3,83692.1,paper_101/ablation/results/37692.out,37692
p3_base_vanilla,92,0.000015,0.0719,logged_terminal_batch_composite_loss,910.4,84602.5,paper_101/ablation/results/37692.out,37692
p3_base_vanilla,93,0.000015,0.0516,logged_terminal_batch_composite_loss,908.7,85511.2,paper_101/ablation/results/37692.out,37692
p3_base_vanilla,94,0.000015,0.0087,logged_terminal_batch_composite_loss,907.9,86419.1,paper_101/ablation/results/37692.out,37692
p3_base_vanilla,95,0.000015,0.0151,logged_terminal_batch_composite_loss,906.6,87325.8,paper_101/ablation/results/37692.out,37692
p3_base_vanilla,96,0.000014,0.0065,logged_terminal_batch_composite_loss,914.6,88240.3,paper_101/ablation/results/37692.out,37692
p3_base_vanilla,97,0.000014,0.0232,logged_terminal_batch_composite_loss,918.4,89158.7,paper_101/ablation/results/37692.out,37692
p3_base_vanilla,98,0.000014,0.0201,logged_terminal_batch_composite_loss,913.0,90071.7,paper_101/ablation/results/37692.out,37692
p3_base_vanilla,99,0.000014,0.0096,logged_terminal_batch_composite_loss,911.1,90982.8,paper_101/ablation/results/37692.out,37692
p3_base_vanilla,100,0.000014,0.0105,logged_terminal_batch_composite_loss,914.7,91897.5,paper_101/ablation/results/37692.out,37692
p3_base_vanilla,101,0.000014,0.0115,logged_terminal_batch_composite_loss,905.5,92803.0,paper_101/ablation/results/37692.out,37692
p3_base_vanilla,102,0.000014,0.0244,logged_terminal_batch_composite_loss,908.0,93711.0,paper_101/ablation/results/37692.out,37692
p3_base_vanilla,103,0.000014,0.0167,logged_terminal_batch_composite_loss,907.8,94618.8,paper_101/ablation/results/37692.out,37692
p3_base_vanilla,104,0.000014,0.0081,logged_terminal_batch_composite_loss,906.2,95525.0,paper_101/ablation/results/37692.out,37692
p3_base_vanilla,105,0.000014,0.0045,logged_terminal_batch_composite_loss,907.4,96432.4,paper_101/ablation/results/37692.out,37692
p3_base_vanilla,106,0.000014,0.0103,logged_terminal_batch_composite_loss,916.2,97348.7,paper_101/ablation/results/37692.out,37692
p3_base_vanilla,107,0.000014,0.0040,logged_terminal_batch_composite_loss,911.0,98259.7,paper_101/ablation/results/37692.out,37692
p3_base_vanilla,108,0.000014,0.0151,logged_terminal_batch_composite_loss,916.5,99176.3,paper_101/ablation/results/37692.out,37692
p3_base_vanilla,109,0.000014,0.0227,logged_terminal_batch_composite_loss,914.1,100090.4,paper_101/ablation/results/37692.out,37692
p3_base_vanilla,110,0.000013,0.0154,logged_terminal_batch_composite_loss,907.0,100997.4,paper_101/ablation/results/37692.out,37692
p3_base_vanilla,111,0.000013,0.0080,logged_terminal_batch_composite_loss,908.1,101905.5,paper_101/ablation/results/37692.out,37692
p3_base_vanilla,112,0.000013,0.0534,logged_terminal_batch_composite_loss,906.6,102812.1,paper_101/ablation/results/37692.out,37692
p3_base_vanilla,113,0.000013,0.0087,logged_terminal_batch_composite_loss,906.5,103718.6,paper_101/ablation/results/37692.out,37692
p3_base_vanilla,114,0.000013,0.0031,logged_terminal_batch_composite_loss,906.5,104625.1,paper_101/ablation/results/37692.out,37692
p3_base_vanilla,115,0.000013,0.0154,logged_terminal_batch_composite_loss,907.5,105532.7,paper_101/ablation/results/37692.out,37692
p3_base_vanilla,116,0.000013,0.0063,logged_terminal_batch_composite_loss,906.4,106439.1,paper_101/ablation/results/37692.out,37692
p3_base_vanilla,117,0.000013,0.0203,logged_terminal_batch_composite_loss,905.5,107344.7,paper_101/ablation/results/37692.out,37692
p3_base_vanilla,118,0.000013,0.0052,logged_terminal_batch_composite_loss,907.2,108251.9,paper_101/ablation/results/37692.out,37692
p3_base_vanilla,119,0.000013,0.0087,logged_terminal_batch_composite_loss,905.8,109157.6,paper_101/ablation/results/37692.out,37692
p3_base_vanilla,120,0.000013,0.0142,logged_terminal_batch_composite_loss,907.0,110064.6,paper_101/ablation/results/37692.out,37692
p3_base_vanilla,121,0.000013,0.0628,logged_terminal_batch_composite_loss,906.7,110971.3,paper_101/ablation/results/37692.out,37692
p3_base_vanilla,122,0.000013,0.0083,logged_terminal_batch_composite_loss,907.4,111878.7,paper_101/ablation/results/37692.out,37692
p3_base_vanilla,123,0.000013,0.0182,logged_terminal_batch_composite_loss,907.4,112786.1,paper_101/ablation/results/37692.out,37692
p3_base_vanilla,124,0.000013,0.0025,logged_terminal_batch_composite_loss,906.4,113692.4,paper_101/ablation/results/37692.out,37692
p3_base_vanilla,125,0.000013,0.0290,logged_terminal_batch_composite_loss,907.4,114599.9,paper_101/ablation/results/37692.out,37692
p3_base_vanilla,126,0.000013,0.0065,logged_terminal_batch_composite_loss,907.1,115507.0,paper_101/ablation/results/37692.out,37692
p3_base_vanilla,127,0.000013,0.0084,logged_terminal_batch_composite_loss,907.0,116414.0,paper_101/ablation/results/37692.out,37692
p3_base_vanilla,128,0.000013,0.0425,logged_terminal_batch_composite_loss,906.3,117320.3,paper_101/ablation/results/37692.out,37692
p3_base_vanilla,129,0.000012,0.0270,logged_terminal_batch_composite_loss,906.7,118227.0,paper_101/ablation/results/37692.out,37692
p3_base_vanilla,130,0.000012,0.0407,logged_terminal_batch_composite_loss,907.0,119134.1,paper_101/ablation/results/37692.out,37692
p3_base_vanilla,131,0.000012,0.0073,logged_terminal_batch_composite_loss,905.5,120039.6,paper_101/ablation/results/37692.out,37692
p3_base_vanilla,132,0.000012,0.0075,logged_terminal_batch_composite_loss,906.2,120945.8,paper_101/ablation/results/37692.out,37692
p3_base_vanilla,133,0.000012,0.0062,logged_terminal_batch_composite_loss,907.8,121853.5,paper_101/ablation/results/37692.out,37692
p3_base_vanilla,134,0.000012,0.0048,logged_terminal_batch_composite_loss,907.4,122760.9,paper_101/ablation/results/37692.out,37692
p3_base_vanilla,135,0.000012,0.0067,logged_terminal_batch_composite_loss,906.7,123667.6,paper_101/ablation/results/37692.out,37692
p3_base_vanilla,136,0.000012,0.0048,logged_terminal_batch_composite_loss,908.0,124575.6,paper_101/ablation/results/37692.out,37692
p3_base_vanilla,137,0.000012,0.0128,logged_terminal_batch_composite_loss,907.9,125483.5,paper_101/ablation/results/37692.out,37692
p3_base_vanilla,138,0.000012,0.0047,logged_terminal_batch_composite_loss,908.1,126391.5,paper_101/ablation/results/37692.out,37692
p3_base_vanilla,139,0.000012,0.0179,logged_terminal_batch_composite_loss,907.2,127298.8,paper_101/ablation/results/37692.out,37692
p3_base_vanilla,140,0.000012,0.0077,logged_terminal_batch_composite_loss,908.0,128206.8,paper_101/ablation/results/37692.out,37692
p3_base_vanilla,141,0.000012,0.0067,logged_terminal_batch_composite_loss,907.5,129114.3,paper_101/ablation/results/37692.out,37692
p3_base_vanilla,142,0.000012,0.0073,logged_terminal_batch_composite_loss,907.2,130021.5,paper_101/ablation/results/37692.out,37692
p3_base_vanilla,143,0.000012,0.0029,logged_terminal_batch_composite_loss,908.7,130930.2,paper_101/ablation/results/37692.out,37692
p3_base_vanilla,144,0.000012,0.0046,logged_terminal_batch_composite_loss,908.8,131839.0,paper_101/ablation/results/37692.out,37692
p3_base_vanilla,145,0.000012,0.0058,logged_terminal_batch_composite_loss,908.9,132747.9,paper_101/ablation/results/37692.out,37692
p3_base_vanilla,146,0.000012,0.0028,logged_terminal_batch_composite_loss,908.1,133656.0,paper_101/ablation/results/37692.out,37692
p3_base_vanilla,147,0.000012,0.0101,logged_terminal_batch_composite_loss,908.6,134564.5,paper_101/ablation/results/37692.out,37692
p3_base_vanilla,148,0.000012,0.0037,logged_terminal_batch_composite_loss,908.0,135472.5,paper_101/ablation/results/37692.out,37692
p3_base_vanilla,149,0.000012,0.0063,logged_terminal_batch_composite_loss,909.7,136382.2,paper_101/ablation/results/37692.out,37692
p3_base_vanilla,150,0.000012,0.0050,logged_terminal_batch_composite_loss,907.7,137289.9,paper_101/ablation/results/37692.out,37692
p3_base_vanilla,151,0.000012,0.0058,logged_terminal_batch_composite_loss,908.1,138198.1,paper_101/ablation/results/37692.out,37692
p3_base_vanilla,152,0.000011,0.0196,logged_terminal_batch_composite_loss,908.1,139106.1,paper_101/ablation/results/37692.out,37692
p3_base_vanilla,153,0.000011,0.0053,logged_terminal_batch_composite_loss,907.9,140014.1,paper_101/ablation/results/37692.out,37692
p3_base_vanilla,154,0.000011,0.0077,logged_terminal_batch_composite_loss,908.2,140922.3,paper_101/ablation/results/37692.out,37692
p3_base_vanilla,155,0.000011,0.0046,logged_terminal_batch_composite_loss,907.6,141829.9,paper_101/ablation/results/37692.out,37692
p3_base_vanilla,156,0.000011,0.0047,logged_terminal_batch_composite_loss,906.7,142736.6,paper_101/ablation/results/37692.out,37692
p3_base_vanilla,157,0.000011,0.0066,logged_terminal_batch_composite_loss,907.7,143644.3,paper_101/ablation/results/37692.out,37692
p3_base_vanilla,158,0.000011,0.0174,logged_terminal_batch_composite_loss,907.4,144551.6,paper_101/ablation/results/37692.out,37692
p3_base_vanilla,159,0.000011,0.0046,logged_terminal_batch_composite_loss,907.3,145458.9,paper_101/ablation/results/37692.out,37692
p3_base_vanilla,160,0.000011,0.0036,logged_terminal_batch_composite_loss,906.3,146365.3,paper_101/ablation/results/37692.out,37692
p3_base_vanilla,161,0.000011,0.0055,logged_terminal_batch_composite_loss,907.1,147272.4,paper_101/ablation/results/37692.out,37692
p3_base_vanilla,162,0.000011,0.0052,logged_terminal_batch_composite_loss,906.7,148179.0,paper_101/ablation/results/37692.out,37692
p3_base_vanilla,163,0.000011,0.0069,logged_terminal_batch_composite_loss,907.1,149086.2,paper_101/ablation/results/37692.out,37692
p3_base_vanilla,164,0.000011,0.0056,logged_terminal_batch_composite_loss,906.9,149993.0,paper_101/ablation/results/37692.out,37692
p3_base_vanilla,165,0.000011,0.0014,logged_terminal_batch_composite_loss,906.7,150899.7,paper_101/ablation/results/37692.out,37692
p3_base_vanilla,166,0.000011,0.0067,logged_terminal_batch_composite_loss,908.0,151807.8,paper_101/ablation/results/37692.out,37692
p3_base_vanilla,167,0.000011,0.0299,logged_terminal_batch_composite_loss,906.9,152714.7,paper_101/ablation/results/37692.out,37692
p3_base_vanilla,168,0.000011,0.0036,logged_terminal_batch_composite_loss,906.7,153621.5,paper_101/ablation/results/37692.out,37692
p3_base_vanilla,169,0.000011,0.0033,logged_terminal_batch_composite_loss,906.0,154527.5,paper_101/ablation/results/37692.out,37692
p3_base_vanilla,170,0.000011,0.0043,logged_terminal_batch_composite_loss,906.4,155433.9,paper_101/ablation/results/37692.out,37692
p3_base_vanilla,171,0.000011,0.0007,logged_terminal_batch_composite_loss,908.6,156342.5,paper_101/ablation/results/37692.out,37692
p3_base_vanilla,172,0.000011,0.0029,logged_terminal_batch_composite_loss,910.1,157252.7,paper_101/ablation/results/37692.out,37692
p3_base_vanilla,173,0.000011,0.0059,logged_terminal_batch_composite_loss,987.5,158240.1,paper_101/ablation/results/37692.out,37692
p3_base_vanilla,174,0.000011,0.0172,logged_terminal_batch_composite_loss,908.2,159148.3,paper_101/ablation/results/37692.out,37692
p3_base_vanilla,175,0.000011,0.0023,logged_terminal_batch_composite_loss,909.0,160057.3,paper_101/ablation/results/37692.out,37692
p3_base_vanilla,176,0.000011,0.0028,logged_terminal_batch_composite_loss,907.7,160965.1,paper_101/ablation/results/37692.out,37692
p3_base_vanilla,177,0.000011,0.0081,logged_terminal_batch_composite_loss,985.3,161950.4,paper_101/ablation/results/37692.out,37692
p3_base_vanilla,178,0.000011,0.0057,logged_terminal_batch_composite_loss,910.0,162860.5,paper_101/ablation/results/37692.out,37692
p3_base_vanilla,179,0.000011,0.0063,logged_terminal_batch_composite_loss,906.4,163766.9,paper_101/ablation/results/37692.out,37692
p3_base_vanilla,180,0.000011,0.0031,logged_terminal_batch_composite_loss,911.9,164678.7,paper_101/ablation/results/37692.out,37692
p3_base_vanilla,181,0.000011,0.0041,logged_terminal_batch_composite_loss,907.5,165586.3,paper_101/ablation/results/37692.out,37692
p3_base_vanilla,182,0.000010,0.0162,logged_terminal_batch_composite_loss,906.3,166492.6,paper_101/ablation/results/37692.out,37692
p3_base_vanilla,183,0.000010,0.0048,logged_terminal_batch_composite_loss,906.7,167399.3,paper_101/ablation/results/37692.out,37692
p3_base_vanilla,184,0.000010,0.0038,logged_terminal_batch_composite_loss,906.0,168305.4,paper_101/ablation/results/37692.out,37692
p3_base_vanilla,185,0.000010,0.0042,logged_terminal_batch_composite_loss,908.2,169213.6,paper_101/ablation/results/37692.out,37692
p3_base_vanilla,186,0.000010,0.0045,logged_terminal_batch_composite_loss,907.2,170120.8,paper_101/ablation/results/37692.out,37692
p3_base_vanilla,187,0.000010,0.0033,logged_terminal_batch_composite_loss,909.9,171030.7,paper_101/ablation/results/37692.out,37692
p3_base_vanilla,188,0.000010,0.0167,logged_terminal_batch_composite_loss,908.0,171938.7,paper_101/ablation/results/37692.out,37692
p3_base_vanilla,189,0.000010,0.0063,logged_terminal_batch_composite_loss,908.3,172846.9,paper_101/ablation/results/37692.out,37692
p3_base_vanilla,190,0.000010,0.0163,logged_terminal_batch_composite_loss,914.9,173761.8,paper_101/ablation/results/37692.out,37692
p3_base_vanilla,191,0.000010,0.0062,logged_terminal_batch_composite_loss,915.1,174676.9,paper_101/ablation/results/37692.out,37692
p3_base_vanilla,192,0.000010,0.0031,logged_terminal_batch_composite_loss,912.7,175589.6,paper_101/ablation/results/37692.out,37692
p3_base_vanilla,193,0.000010,0.0044,logged_terminal_batch_composite_loss,912.2,176501.8,paper_101/ablation/results/37692.out,37692
p3_base_vanilla,194,0.000010,0.0022,logged_terminal_batch_composite_loss,912.9,177414.7,paper_101/ablation/results/37692.out,37692
p3_base_vanilla,195,0.000010,0.0025,logged_terminal_batch_composite_loss,912.9,178327.6,paper_101/ablation/results/37692.out,37692
p3_base_vanilla,196,0.000010,0.0078,logged_terminal_batch_composite_loss,911.4,179239.0,paper_101/ablation/results/37692.out,37692
p3_base_vanilla,197,0.000010,0.0057,logged_terminal_batch_composite_loss,913.2,180152.2,paper_101/ablation/results/37692.out,37692
p3_base_vanilla,198,0.000010,0.0028,logged_terminal_batch_composite_loss,912.6,181064.9,paper_101/ablation/results/37692.out,37692
p3_base_vanilla,199,0.000010,0.0033,logged_terminal_batch_composite_loss,912.1,181977.0,paper_101/ablation/results/37692.out,37692
p3_base_vanilla,200,0.000010,0.0045,logged_terminal_batch_composite_loss,912.1,182889.1,paper_101/ablation/results/37692.out,37692
p3_base_vanilla,201,0.000010,0.0029,logged_terminal_batch_composite_loss,914.2,183803.4,paper_101/ablation/results/37692.out,37692
p3_base_vanilla,202,0.000010,0.0058,logged_terminal_batch_composite_loss,912.1,184715.5,paper_101/ablation/results/37692.out,37692
p3_base_vanilla,203,0.000010,0.0046,logged_terminal_batch_composite_loss,913.6,185629.1,paper_101/ablation/results/37692.out,37692
p3_base_vanilla,204,0.000010,0.0056,logged_terminal_batch_composite_loss,911.0,186540.2,paper_101/ablation/results/37692.out,37692
p3_base_vanilla,205,0.000010,0.0043,logged_terminal_batch_composite_loss,913.1,187453.3,paper_101/ablation/results/37692.out,37692
p3_base_vanilla,206,0.000010,0.0138,logged_terminal_batch_composite_loss,913.9,188367.2,paper_101/ablation/results/37692.out,37692
p3_base_vanilla,207,0.000010,0.0113,logged_terminal_batch_composite_loss,911.7,189278.8,paper_101/ablation/results/37692.out,37692
p3_base_vanilla,208,0.000010,0.0050,logged_terminal_batch_composite_loss,912.4,190191.2,paper_101/ablation/results/37692.out,37692
p3_base_vanilla,209,0.000010,0.0035,logged_terminal_batch_composite_loss,912.7,191103.9,paper_101/ablation/results/37692.out,37692
p3_base_vanilla,210,0.000010,0.0069,logged_terminal_batch_composite_loss,909.8,192013.7,paper_101/ablation/results/37692.out,37692
p3_base_vanilla,211,0.000010,0.0053,logged_terminal_batch_composite_loss,909.8,192923.5,paper_101/ablation/results/37692.out,37692
p3_base_vanilla,212,0.000010,0.0028,logged_terminal_batch_composite_loss,910.8,193834.3,paper_101/ablation/results/37692.out,37692
p3_base_vanilla,213,0.000010,0.0059,logged_terminal_batch_composite_loss,910.1,194744.4,paper_101/ablation/results/37692.out,37692
p3_base_vanilla,214,0.000010,0.0029,logged_terminal_batch_composite_loss,911.6,195656.0,paper_101/ablation/results/37692.out,37692
p3_base_vanilla,215,0.000010,0.0031,logged_terminal_batch_composite_loss,911.9,196567.9,paper_101/ablation/results/37692.out,37692
p3_base_vanilla,216,0.000010,0.0045,logged_terminal_batch_composite_loss,910.7,197478.5,paper_101/ablation/results/37692.out,37692
p3_base_vanilla,217,0.000010,0.0035,logged_terminal_batch_composite_loss,912.2,198390.7,paper_101/ablation/results/37692.out,37692
p3_base_vanilla,218,0.000010,0.0050,logged_terminal_batch_composite_loss,913.5,199304.2,paper_101/ablation/results/37692.out,37692
p3_base_vanilla,219,0.000010,0.0068,logged_terminal_batch_composite_loss,914.6,200218.8,paper_101/ablation/results/37692.out,37692
p3_base_vanilla,220,0.000010,0.0043,logged_terminal_batch_composite_loss,913.4,201132.1,paper_101/ablation/results/37692.out,37692
p3_base_vanilla,221,0.000010,0.0050,logged_terminal_batch_composite_loss,912.5,202044.6,paper_101/ablation/results/37692.out,37692
p3_base_vanilla,222,0.000009,0.0040,logged_terminal_batch_composite_loss,911.4,202956.1,paper_101/ablation/results/37692.out,37692
p3_base_vanilla,223,0.000009,0.0005,logged_terminal_batch_composite_loss,912.0,203868.0,paper_101/ablation/results/37692.out,37692
p3_base_vanilla,224,0.000009,0.0059,logged_terminal_batch_composite_loss,912.3,204780.4,paper_101/ablation/results/37692.out,37692
p3_base_vanilla,225,0.000009,0.0039,logged_terminal_batch_composite_loss,911.6,205692.0,paper_101/ablation/results/37692.out,37692
p3_base_vanilla,226,0.000009,0.0033,logged_terminal_batch_composite_loss,910.3,206602.2,paper_101/ablation/results/37692.out,37692
p3_base_vanilla,227,0.000009,0.0018,logged_terminal_batch_composite_loss,910.4,207512.6,paper_101/ablation/results/37692.out,37692
p3_base_vanilla,228,0.000009,0.0014,logged_terminal_batch_composite_loss,911.6,208424.2,paper_101/ablation/results/37692.out,37692
p3_base_vanilla,229,0.000009,0.0041,logged_terminal_batch_composite_loss,911.0,209335.1,paper_101/ablation/results/37692.out,37692
p3_base_vanilla,230,0.000009,0.0016,logged_terminal_batch_composite_loss,911.5,210246.6,paper_101/ablation/results/37692.out,37692
p3_base_vanilla,231,0.000009,0.0056,logged_terminal_batch_composite_loss,911.5,211158.1,paper_101/ablation/results/37692.out,37692
p3_base_vanilla,232,0.000009,0.0041,logged_terminal_batch_composite_loss,909.9,212068.0,paper_101/ablation/results/37692.out,37692
p3_base_vanilla,233,0.000009,0.0020,logged_terminal_batch_composite_loss,911.0,212979.0,paper_101/ablation/results/37692.out,37692
p3_base_vanilla,234,0.000009,0.0048,logged_terminal_batch_composite_loss,910.2,213889.2,paper_101/ablation/results/37692.out,37692
p3_base_vanilla,235,0.000009,0.0025,logged_terminal_batch_composite_loss,910.4,214799.6,paper_101/ablation/results/37692.out,37692
p3_base_vanilla,236,0.000009,0.0077,logged_terminal_batch_composite_loss,910.7,215710.3,paper_101/ablation/results/37692.out,37692
p3_base_vanilla,237,0.000009,0.0069,logged_terminal_batch_composite_loss,911.2,216621.5,paper_101/ablation/results/37692.out,37692
p3_base_vanilla,238,0.000009,0.0040,logged_terminal_batch_composite_loss,910.6,217532.1,paper_101/ablation/results/37692.out,37692
p3_base_vanilla,239,0.000009,0.0007,logged_terminal_batch_composite_loss,910.9,218442.9,paper_101/ablation/results/37692.out,37692
p3_base_vanilla,240,0.000009,0.0041,logged_terminal_batch_composite_loss,912.0,219355.0,paper_101/ablation/results/37692.out,37692
p3_base_vanilla,241,0.000009,0.0052,logged_terminal_batch_composite_loss,910.6,220265.5,paper_101/ablation/results/37692.out,37692
p3_base_vanilla,242,0.000009,0.0065,logged_terminal_batch_composite_loss,910.3,221175.9,paper_101/ablation/results/37692.out,37692
p3_base_vanilla,243,0.000009,0.0070,logged_terminal_batch_composite_loss,910.7,222086.6,paper_101/ablation/results/37692.out,37692
p3_base_vanilla,244,0.000009,0.0032,logged_terminal_batch_composite_loss,910.6,222997.2,paper_101/ablation/results/37692.out,37692
p3_base_vanilla,245,0.000009,0.0052,logged_terminal_batch_composite_loss,909.7,223906.8,paper_101/ablation/results/37692.out,37692
p3_base_vanilla,246,0.000009,0.0057,logged_terminal_batch_composite_loss,910.5,224817.3,paper_101/ablation/results/37692.out,37692
p3_base_vanilla,247,0.000009,0.0058,logged_terminal_batch_composite_loss,909.9,225727.2,paper_101/ablation/results/37692.out,37692
p3_base_vanilla,248,0.000009,0.0022,logged_terminal_batch_composite_loss,911.6,226638.8,paper_101/ablation/results/37692.out,37692
p3_base_vanilla,249,0.000009,0.0042,logged_terminal_batch_composite_loss,904.0,227542.8,paper_101/ablation/results/37692.out,37692
p3_base_vanilla,250,0.000009,0.0112,logged_terminal_batch_composite_loss,903.6,228446.4,paper_101/ablation/results/37692.out,37692
p3_base_vanilla,251,0.000009,0.0048,logged_terminal_batch_composite_loss,905.0,229351.5,paper_101/ablation/results/37692.out,37692
p3_base_vanilla,252,0.000009,0.0038,logged_terminal_batch_composite_loss,904.3,230255.8,paper_101/ablation/results/37692.out,37692
p3_base_vanilla,253,0.000009,0.0080,logged_terminal_batch_composite_loss,904.9,231160.6,paper_101/ablation/results/37692.out,37692
p3_base_vanilla,254,0.000009,0.0029,logged_terminal_batch_composite_loss,905.8,232066.5,paper_101/ablation/results/37692.out,37692
p3_base_vanilla,255,0.000009,0.0061,logged_terminal_batch_composite_loss,904.6,232971.0,paper_101/ablation/results/37692.out,37692
p3_base_vanilla,256,0.000009,0.0069,logged_terminal_batch_composite_loss,906.3,233877.4,paper_101/ablation/results/37692.out,37692
p3_base_vanilla,257,0.000009,0.0057,logged_terminal_batch_composite_loss,904.9,234782.3,paper_101/ablation/results/37692.out,37692
p3_base_vanilla,258,0.000009,0.0052,logged_terminal_batch_composite_loss,903.6,235685.9,paper_101/ablation/results/37692.out,37692
p3_base_vanilla,259,0.000009,0.0034,logged_terminal_batch_composite_loss,903.5,236589.4,paper_101/ablation/results/37692.out,37692
p3_base_vanilla,260,0.000009,0.0278,logged_terminal_batch_composite_loss,905.2,237494.6,paper_101/ablation/results/37692.out,37692
p3_base_vanilla,261,0.000009,0.0048,logged_terminal_batch_composite_loss,906.0,238400.5,paper_101/ablation/results/37692.out,37692
p3_base_vanilla,262,0.000009,0.0306,logged_terminal_batch_composite_loss,905.0,239305.5,paper_101/ablation/results/37692.out,37692
p3_base_vanilla,263,0.000009,0.0014,logged_terminal_batch_composite_loss,902.7,240208.2,paper_101/ablation/results/37692.out,37692
p3_base_vanilla,264,0.000009,0.0026,logged_terminal_batch_composite_loss,904.2,241112.4,paper_101/ablation/results/37692.out,37692
p3_base_vanilla,265,0.000009,0.0015,logged_terminal_batch_composite_loss,905.2,242017.6,paper_101/ablation/results/37692.out,37692
p3_base_vanilla,266,0.000009,0.0040,logged_terminal_batch_composite_loss,904.3,242921.9,paper_101/ablation/results/37692.out,37692
p3_base_vanilla,267,0.000009,0.0069,logged_terminal_batch_composite_loss,904.6,243826.5,paper_101/ablation/results/37692.out,37692
p3_base_vanilla,268,0.000009,0.0040,logged_terminal_batch_composite_loss,903.5,244729.9,paper_101/ablation/results/37692.out,37692
p3_base_vanilla,269,0.000009,0.0029,logged_terminal_batch_composite_loss,903.8,245633.7,paper_101/ablation/results/37692.out,37692
p3_base_vanilla,270,0.000009,0.0013,logged_terminal_batch_composite_loss,907.2,246540.8,paper_101/ablation/results/37692.out,37692
p3_base_vanilla,271,0.000009,0.0038,logged_terminal_batch_composite_loss,904.3,247445.1,paper_101/ablation/results/37692.out,37692
p3_base_vanilla,272,0.000009,0.0049,logged_terminal_batch_composite_loss,905.7,248350.8,paper_101/ablation/results/37692.out,37692
p3_base_vanilla,273,0.000009,0.0049,logged_terminal_batch_composite_loss,905.4,249256.2,paper_101/ablation/results/37692.out,37692
p3_base_vanilla,274,0.000009,0.0043,logged_terminal_batch_composite_loss,904.6,250160.8,paper_101/ablation/results/37692.out,37692
p3_base_vanilla,275,0.000009,0.0067,logged_terminal_batch_composite_loss,903.7,251064.5,paper_101/ablation/results/37692.out,37692
p3_base_vanilla,276,0.000009,0.0018,logged_terminal_batch_composite_loss,904.8,251969.3,paper_101/ablation/results/37692.out,37692
p3_base_vanilla,277,0.000008,0.0022,logged_terminal_batch_composite_loss,903.7,252873.0,paper_101/ablation/results/37692.out,37692
p3_base_vanilla,278,0.000008,0.0043,logged_terminal_batch_composite_loss,903.2,253776.3,paper_101/ablation/results/37692.out,37692
p3_base_vanilla,279,0.000008,0.0086,logged_terminal_batch_composite_loss,903.8,254680.0,paper_101/ablation/results/37692.out,37692
p3_base_vanilla,280,0.000008,0.0056,logged_terminal_batch_composite_loss,903.9,255583.9,paper_101/ablation/results/37692.out,37692
p3_base_vanilla,281,0.000008,0.0054,logged_terminal_batch_composite_loss,903.9,256487.8,paper_101/ablation/results/37692.out,37692
p3_base_vanilla,282,0.000008,0.0056,logged_terminal_batch_composite_loss,903.2,257391.1,paper_101/ablation/results/37692.out,37692
p3_base_vanilla,283,0.000008,0.0038,logged_terminal_batch_composite_loss,904.5,258295.5,paper_101/ablation/results/37692.out,37692
p3_base_vanilla,284,0.000008,0.0066,logged_terminal_batch_composite_loss,903.5,259199.0,paper_101/ablation/results/37692.out,37692
p3_base_vanilla,285,0.000008,0.0037,logged_terminal_batch_composite_loss,903.3,260102.3,paper_101/ablation/results/37692.out,37692
p3_base_vanilla,286,0.000008,0.0035,logged_terminal_batch_composite_loss,903.8,261006.1,paper_101/ablation/results/37692.out,37692
p3_base_vanilla,287,0.000008,0.0030,logged_terminal_batch_composite_loss,904.6,261910.8,paper_101/ablation/results/37692.out,37692
p3_base_vanilla,288,0.000008,0.0038,logged_terminal_batch_composite_loss,905.4,262816.2,paper_101/ablation/results/37692.out,37692
p3_base_vanilla,289,0.000008,0.0032,logged_terminal_batch_composite_loss,904.5,263720.6,paper_101/ablation/results/37692.out,37692
p3_base_vanilla,290,0.000008,0.0026,logged_terminal_batch_composite_loss,904.8,264625.5,paper_101/ablation/results/37692.out,37692
p3_base_vanilla,291,0.000008,0.0070,logged_terminal_batch_composite_loss,906.2,265531.7,paper_101/ablation/results/37692.out,37692
p3_base_vanilla,292,0.000008,0.0021,logged_terminal_batch_composite_loss,906.0,266437.7,paper_101/ablation/results/37692.out,37692
p3_base_vanilla,293,0.000008,0.0047,logged_terminal_batch_composite_loss,906.3,267344.0,paper_101/ablation/results/37692.out,37692
p3_base_vanilla,294,0.000008,0.0037,logged_terminal_batch_composite_loss,907.5,268251.5,paper_101/ablation/results/37692.out,37692
p3_base_vanilla,295,0.000008,0.0028,logged_terminal_batch_composite_loss,905.0,269156.6,paper_101/ablation/results/37692.out,37692
p3_base_vanilla,296,0.000008,0.0119,logged_terminal_batch_composite_loss,912.4,270069.0,paper_101/ablation/results/37692.out,37692
p3_base_vanilla,297,0.000008,0.0015,logged_terminal_batch_composite_loss,930.2,270999.2,paper_101/ablation/results/37692.out,37692
p3_base_vanilla,298,0.000008,0.0039,logged_terminal_batch_composite_loss,922.6,271921.9,paper_101/ablation/results/37692.out,37692
p3_base_vanilla,299,0.000008,0.0034,logged_terminal_batch_composite_loss,904.4,272826.3,paper_101/ablation/results/37692.out,37692
p3_base_vanilla,300,0.000008,0.0065,logged_terminal_batch_composite_loss,905.0,273731.3,paper_101/ablation/results/37692.out,37692
p3_logp_mofe_last_all_kan,1,0.000001,3.8291,logged_terminal_batch_composite_loss,1078.3,1078.3,paper_101/ablation/results/37722.out,37722
p3_logp_mofe_last_all_kan,2,0.000002,2.3035,logged_terminal_batch_composite_loss,1080.6,2159.5,paper_101/ablation/results/37722.out,37722
p3_logp_mofe_last_all_kan,3,0.000003,2.0149,logged_terminal_batch_composite_loss,1081.5,3241.1,paper_101/ablation/results/37722.out,37722
p3_logp_mofe_last_all_kan,4,0.000003,1.8504,logged_terminal_batch_composite_loss,1081.2,4322.7,paper_101/ablation/results/37722.out,37722
p3_logp_mofe_last_all_kan,5,0.000004,1.7680,logged_terminal_batch_composite_loss,1081.1,5403.9,paper_101/ablation/results/37722.out,37722
p3_logp_mofe_last_all_kan,6,0.000005,1.5325,logged_terminal_batch_composite_loss,1082.7,6486.7,paper_101/ablation/results/37722.out,37722
p3_logp_mofe_last_all_kan,7,0.000006,1.1930,logged_terminal_batch_composite_loss,1082.1,7568.9,paper_101/ablation/results/37722.out,37722
p3_logp_mofe_last_all_kan,8,0.000007,1.0534,logged_terminal_batch_composite_loss,1082.7,8651.7,paper_101/ablation/results/37722.out,37722
p3_logp_mofe_last_all_kan,9,0.000008,0.7203,logged_terminal_batch_composite_loss,1082.0,9733.9,paper_101/ablation/results/37722.out,37722
p3_logp_mofe_last_all_kan,10,0.000009,0.5497,logged_terminal_batch_composite_loss,1082.9,10816.8,paper_101/ablation/results/37722.out,37722
p3_logp_mofe_last_all_kan,11,0.000009,0.5182,logged_terminal_batch_composite_loss,1083.6,11900.7,paper_101/ablation/results/37722.out,37722
p3_logp_mofe_last_all_kan,12,0.000010,0.3833,logged_terminal_batch_composite_loss,1082.7,12983.6,paper_101/ablation/results/37722.out,37722
p3_logp_mofe_last_all_kan,13,0.000011,0.3997,logged_terminal_batch_composite_loss,1083.2,14067.1,paper_101/ablation/results/37722.out,37722
p3_logp_mofe_last_all_kan,14,0.000012,0.2549,logged_terminal_batch_composite_loss,1081.1,15148.2,paper_101/ablation/results/37722.out,37722
p3_logp_mofe_last_all_kan,15,0.000013,0.1866,logged_terminal_batch_composite_loss,1083.0,16231.4,paper_101/ablation/results/37722.out,37722
p3_logp_mofe_last_all_kan,16,0.000014,0.2090,logged_terminal_batch_composite_loss,1082.7,17314.4,paper_101/ablation/results/37722.out,37722
p3_logp_mofe_last_all_kan,17,0.000015,0.4597,logged_terminal_batch_composite_loss,1082.0,18396.5,paper_101/ablation/results/37722.out,37722
p3_logp_mofe_last_all_kan,18,0.000015,0.2064,logged_terminal_batch_composite_loss,1081.4,19477.9,paper_101/ablation/results/37722.out,37722
p3_logp_mofe_last_all_kan,19,0.000016,0.1820,logged_terminal_batch_composite_loss,1080.9,20558.8,paper_101/ablation/results/37722.out,37722
p3_logp_mofe_last_all_kan,20,0.000017,0.3074,logged_terminal_batch_composite_loss,1082.1,21641.0,paper_101/ablation/results/37722.out,37722
p3_logp_mofe_last_all_kan,21,0.000018,0.1319,logged_terminal_batch_composite_loss,1082.3,22723.3,paper_101/ablation/results/37722.out,37722
p3_logp_mofe_last_all_kan,22,0.000019,0.1501,logged_terminal_batch_composite_loss,1084.1,23807.5,paper_101/ablation/results/37722.out,37722
p3_logp_mofe_last_all_kan,23,0.000020,0.0643,logged_terminal_batch_composite_loss,1082.9,24890.4,paper_101/ablation/results/37722.out,37722
p3_logp_mofe_last_all_kan,24,0.000021,0.0728,logged_terminal_batch_composite_loss,1083.3,25973.8,paper_101/ablation/results/37722.out,37722
p3_logp_mofe_last_all_kan,25,0.000022,0.1707,logged_terminal_batch_composite_loss,1083.4,27057.2,paper_101/ablation/results/37722.out,37722
p3_logp_mofe_last_all_kan,26,0.000022,0.0968,logged_terminal_batch_composite_loss,1083.9,28141.1,paper_101/ablation/results/37722.out,37722
p3_logp_mofe_last_all_kan,27,0.000023,0.0463,logged_terminal_batch_composite_loss,1082.5,29223.6,paper_101/ablation/results/37722.out,37722
p3_logp_mofe_last_all_kan,28,0.000024,0.1132,logged_terminal_batch_composite_loss,1082.9,30307.6,paper_101/ablation/results/37722.out,37722
p3_logp_mofe_last_all_kan,29,0.000025,0.0823,logged_terminal_batch_composite_loss,1084.1,31391.7,paper_101/ablation/results/37722.out,37722
p3_logp_mofe_last_all_kan,30,0.000026,0.1083,logged_terminal_batch_composite_loss,1083.2,32474.8,paper_101/ablation/results/37722.out,37722
p3_logp_mofe_last_all_kan,31,0.000025,0.1758,logged_terminal_batch_composite_loss,1082.3,33557.1,paper_101/ablation/results/37722.out,37722
p3_logp_mofe_last_all_kan,32,0.000025,0.0419,logged_terminal_batch_composite_loss,1085.7,34642.8,paper_101/ablation/results/37722.out,37722
p3_logp_mofe_last_all_kan,33,0.000025,0.0695,logged_terminal_batch_composite_loss,1087.7,35730.6,paper_101/ablation/results/37722.out,37722
p3_logp_mofe_last_all_kan,34,0.000024,0.0414,logged_terminal_batch_composite_loss,1094.0,36824.5,paper_101/ablation/results/37722.out,37722
p3_logp_mofe_last_all_kan,35,0.000024,0.0208,logged_terminal_batch_composite_loss,1102.9,37927.5,paper_101/ablation/results/37722.out,37722
p3_logp_mofe_last_all_kan,36,0.000024,0.0440,logged_terminal_batch_composite_loss,1124.7,39052.3,paper_101/ablation/results/37722.out,37722
p3_logp_mofe_last_all_kan,37,0.000023,0.1243,logged_terminal_batch_composite_loss,1128.8,40181.1,paper_101/ablation/results/37722.out,37722
p3_logp_mofe_last_all_kan,38,0.000023,0.0332,logged_terminal_batch_composite_loss,1099.6,41280.6,paper_101/ablation/results/37722.out,37722
p3_logp_mofe_last_all_kan,39,0.000023,0.0394,logged_terminal_batch_composite_loss,1080.8,42361.5,paper_101/ablation/results/37722.out,37722
p3_logp_mofe_last_all_kan,40,0.000022,0.0902,logged_terminal_batch_composite_loss,1081.6,43443.0,paper_101/ablation/results/37722.out,37722
p3_logp_mofe_last_all_kan,41,0.000022,0.0744,logged_terminal_batch_composite_loss,1081.0,44524.1,paper_101/ablation/results/37722.out,37722
p3_logp_mofe_last_all_kan,42,0.000022,0.0241,logged_terminal_batch_composite_loss,1081.4,45605.5,paper_101/ablation/results/37722.out,37722
p3_logp_mofe_last_all_kan,43,0.000022,0.0806,logged_terminal_batch_composite_loss,1080.5,46686.0,paper_101/ablation/results/37722.out,37722
p3_logp_mofe_last_all_kan,44,0.000021,0.0534,logged_terminal_batch_composite_loss,1080.0,47766.0,paper_101/ablation/results/37722.out,37722
p3_logp_mofe_last_all_kan,45,0.000021,0.0565,logged_terminal_batch_composite_loss,1082.1,48848.1,paper_101/ablation/results/37722.out,37722
p3_logp_mofe_last_all_kan,46,0.000021,0.0214,logged_terminal_batch_composite_loss,1081.9,49930.1,paper_101/ablation/results/37722.out,37722
p3_logp_mofe_last_all_kan,47,0.000021,0.0458,logged_terminal_batch_composite_loss,1081.0,51011.1,paper_101/ablation/results/37722.out,37722
p3_logp_mofe_last_all_kan,48,0.000020,0.0346,logged_terminal_batch_composite_loss,1080.5,52091.6,paper_101/ablation/results/37722.out,37722
p3_logp_mofe_last_all_kan,49,0.000020,0.0375,logged_terminal_batch_composite_loss,1081.2,53172.8,paper_101/ablation/results/37722.out,37722
p3_logp_mofe_last_all_kan,50,0.000020,0.0454,logged_terminal_batch_composite_loss,1082.1,54255.0,paper_101/ablation/results/37722.out,37722
p3_logp_mofe_last_all_kan,51,0.000020,0.0262,logged_terminal_batch_composite_loss,1095.6,55350.7,paper_101/ablation/results/37722.out,37722
p3_logp_mofe_last_all_kan,52,0.000020,0.0124,logged_terminal_batch_composite_loss,1082.2,56432.9,paper_101/ablation/results/37722.out,37722
p3_logp_mofe_last_all_kan,53,0.000019,0.0317,logged_terminal_batch_composite_loss,1081.5,57514.5,paper_101/ablation/results/37722.out,37722
p3_logp_mofe_last_all_kan,54,0.000019,0.0739,logged_terminal_batch_composite_loss,1081.3,58595.8,paper_101/ablation/results/37722.out,37722
p3_logp_mofe_last_all_kan,55,0.000019,0.0440,logged_terminal_batch_composite_loss,1082.2,59678.0,paper_101/ablation/results/37722.out,37722
p3_logp_mofe_last_all_kan,56,0.000019,0.0522,logged_terminal_batch_composite_loss,1082.0,60760.0,paper_101/ablation/results/37722.out,37722
p3_logp_mofe_last_all_kan,57,0.000019,0.0165,logged_terminal_batch_composite_loss,1082.9,61843.0,paper_101/ablation/results/37722.out,37722
p3_logp_mofe_last_all_kan,58,0.000019,0.0338,logged_terminal_batch_composite_loss,1081.2,62924.1,paper_101/ablation/results/37722.out,37722
p3_logp_mofe_last_all_kan,59,0.000018,0.0311,logged_terminal_batch_composite_loss,1081.9,64006.0,paper_101/ablation/results/37722.out,37722
p3_logp_mofe_last_all_kan,60,0.000018,0.0193,logged_terminal_batch_composite_loss,1082.7,65088.7,paper_101/ablation/results/37722.out,37722
p3_logp_mofe_last_all_kan,61,0.000018,0.0248,logged_terminal_batch_composite_loss,1084.1,66172.8,paper_101/ablation/results/37722.out,37722
p3_logp_mofe_last_all_kan,62,0.000018,0.0163,logged_terminal_batch_composite_loss,1083.5,67256.3,paper_101/ablation/results/37722.out,37722
p3_logp_mofe_last_all_kan,63,0.000018,0.0221,logged_terminal_batch_composite_loss,1082.9,68339.2,paper_101/ablation/results/37722.out,37722
p3_logp_mofe_last_all_kan,64,0.000018,0.0303,logged_terminal_batch_composite_loss,1086.9,69426.1,paper_101/ablation/results/37722.out,37722
p3_logp_mofe_last_all_kan,65,0.000018,0.0351,logged_terminal_batch_composite_loss,1090.7,70516.8,paper_101/ablation/results/37722.out,37722
p3_logp_mofe_last_all_kan,66,0.000017,0.0416,logged_terminal_batch_composite_loss,1082.5,71599.3,paper_101/ablation/results/37722.out,37722
p3_logp_mofe_last_all_kan,67,0.000017,0.0487,logged_terminal_batch_composite_loss,1082.8,72682.2,paper_101/ablation/results/37722.out,37722
p3_logp_mofe_last_all_kan,68,0.000017,0.0295,logged_terminal_batch_composite_loss,1082.2,73764.4,paper_101/ablation/results/37722.out,37722
p3_logp_mofe_last_all_kan,69,0.000017,0.0835,logged_terminal_batch_composite_loss,1083.1,74847.5,paper_101/ablation/results/37722.out,37722
p3_logp_mofe_last_all_kan,70,0.000017,0.0096,logged_terminal_batch_composite_loss,1087.6,75935.1,paper_101/ablation/results/37722.out,37722
p3_logp_mofe_last_all_kan,71,0.000017,0.0236,logged_terminal_batch_composite_loss,1091.7,77026.9,paper_101/ablation/results/37722.out,37722
p3_logp_mofe_last_all_kan,72,0.000017,0.0229,logged_terminal_batch_composite_loss,1082.1,78109.0,paper_101/ablation/results/37722.out,37722
p3_logp_mofe_last_all_kan,73,0.000017,0.0481,logged_terminal_batch_composite_loss,1082.3,79191.3,paper_101/ablation/results/37722.out,37722
p3_logp_mofe_last_all_kan,74,0.000016,0.0093,logged_terminal_batch_composite_loss,1079.6,80270.9,paper_101/ablation/results/37722.out,37722
p3_logp_mofe_last_all_kan,75,0.000016,0.0287,logged_terminal_batch_composite_loss,1079.3,81350.4,paper_101/ablation/results/37722.out,37722
p3_logp_mofe_last_all_kan,76,0.000016,0.0038,logged_terminal_batch_composite_loss,1077.7,82428.1,paper_101/ablation/results/37722.out,37722
p3_logp_mofe_last_all_kan,77,0.000016,0.0106,logged_terminal_batch_composite_loss,1079.3,83507.4,paper_101/ablation/results/37722.out,37722
p3_logp_mofe_last_all_kan,78,0.000016,0.0110,logged_terminal_batch_composite_loss,1080.5,84587.9,paper_101/ablation/results/37722.out,37722
p3_logp_mofe_last_all_kan,79,0.000016,0.0118,logged_terminal_batch_composite_loss,1080.5,85668.4,paper_101/ablation/results/37722.out,37722
p3_logp_mofe_last_all_kan,80,0.000016,0.0037,logged_terminal_batch_composite_loss,1093.2,86761.6,paper_101/ablation/results/37722.out,37722
p3_logp_mofe_last_all_kan,81,0.000016,0.0055,logged_terminal_batch_composite_loss,1092.6,87854.3,paper_101/ablation/results/37722.out,37722
p3_logp_mofe_last_all_kan,82,0.000016,0.0038,logged_terminal_batch_composite_loss,1084.0,88938.3,paper_101/ablation/results/37722.out,37722
p3_logp_mofe_last_all_kan,83,0.000016,0.0214,logged_terminal_batch_composite_loss,1073.9,90012.2,paper_101/ablation/results/37722.out,37722
p3_logp_mofe_last_all_kan,84,0.000015,0.0041,logged_terminal_batch_composite_loss,1070.8,91083.0,paper_101/ablation/results/37722.out,37722
p3_logp_mofe_last_all_kan,85,0.000015,0.0100,logged_terminal_batch_composite_loss,1070.6,92153.6,paper_101/ablation/results/37722.out,37722
p3_logp_mofe_last_all_kan,86,0.000015,0.0226,logged_terminal_batch_composite_loss,1070.4,93223.9,paper_101/ablation/results/37722.out,37722
p3_logp_mofe_last_all_kan,87,0.000015,0.0051,logged_terminal_batch_composite_loss,1070.2,94294.2,paper_101/ablation/results/37722.out,37722
p3_logp_mofe_last_all_kan,88,0.000015,0.0055,logged_terminal_batch_composite_loss,1068.1,95362.3,paper_101/ablation/results/37722.out,37722
p3_logp_mofe_last_all_kan,89,0.000015,0.0042,logged_terminal_batch_composite_loss,1064.5,96426.8,paper_101/ablation/results/37722.out,37722
p3_logp_mofe_last_all_kan,90,0.000015,0.0095,logged_terminal_batch_composite_loss,1064.0,97490.8,paper_101/ablation/results/37722.out,37722
p3_logp_mofe_last_all_kan,91,0.000015,0.0065,logged_terminal_batch_composite_loss,1065.8,98556.6,paper_101/ablation/results/37722.out,37722
p3_logp_mofe_last_all_kan,92,0.000015,0.0179,logged_terminal_batch_composite_loss,1070.2,99626.8,paper_101/ablation/results/37722.out,37722
p3_logp_mofe_last_all_kan,93,0.000015,0.0054,logged_terminal_batch_composite_loss,1090.0,100716.8,paper_101/ablation/results/37722.out,37722
p3_logp_mofe_last_all_kan,94,0.000015,0.0282,logged_terminal_batch_composite_loss,1146.4,101863.3,paper_101/ablation/results/37722.out,37722
p3_logp_mofe_last_all_kan,95,0.000015,0.0099,logged_terminal_batch_composite_loss,1072.3,102935.5,paper_101/ablation/results/37722.out,37722
p3_logp_mofe_last_all_kan,96,0.000014,0.0109,logged_terminal_batch_composite_loss,1073.0,104008.5,paper_101/ablation/results/37722.out,37722
p3_logp_mofe_last_all_kan,97,0.000014,0.0012,logged_terminal_batch_composite_loss,1071.7,105080.3,paper_101/ablation/results/37722.out,37722
p3_logp_mofe_last_all_kan,98,0.000014,0.0073,logged_terminal_batch_composite_loss,1070.0,106150.3,paper_101/ablation/results/37722.out,37722
p3_logp_mofe_last_all_kan,99,0.000014,0.0060,logged_terminal_batch_composite_loss,1070.1,107220.4,paper_101/ablation/results/37722.out,37722
p3_logp_mofe_last_all_kan,100,0.000014,0.0233,logged_terminal_batch_composite_loss,1071.8,108292.2,paper_101/ablation/results/37722.out,37722
p3_logp_mofe_last_all_kan,101,0.000014,0.0037,logged_terminal_batch_composite_loss,1071.2,109363.6,paper_101/ablation/results/37722.out,37722
p3_logp_mofe_last_all_kan,102,0.000014,0.0058,logged_terminal_batch_composite_loss,1070.7,110434.3,paper_101/ablation/results/37722.out,37722
p3_logp_mofe_last_all_kan,103,0.000014,0.0043,logged_terminal_batch_composite_loss,1070.9,111505.2,paper_101/ablation/results/37722.out,37722
p3_logp_mofe_last_all_kan,104,0.000014,0.0063,logged_terminal_batch_composite_loss,1071.4,112576.6,paper_101/ablation/results/37722.out,37722
p3_logp_mofe_last_all_kan,105,0.000014,0.0056,logged_terminal_batch_composite_loss,1070.7,113647.3,paper_101/ablation/results/37722.out,37722
p3_logp_mofe_last_all_kan,106,0.000014,0.0089,logged_terminal_batch_composite_loss,1073.9,114721.3,paper_101/ablation/results/37722.out,37722
p3_logp_mofe_last_all_kan,107,0.000014,0.0116,logged_terminal_batch_composite_loss,1070.2,115791.5,paper_101/ablation/results/37722.out,37722
p3_logp_mofe_last_all_kan,108,0.000014,0.0072,logged_terminal_batch_composite_loss,1070.2,116861.7,paper_101/ablation/results/37722.out,37722
p3_logp_mofe_last_all_kan,109,0.000014,0.0069,logged_terminal_batch_composite_loss,1071.8,117933.5,paper_101/ablation/results/37722.out,37722
p3_logp_mofe_last_all_kan,110,0.000013,0.0088,logged_terminal_batch_composite_loss,1068.0,119001.4,paper_101/ablation/results/37722.out,37722
p3_logp_mofe_last_all_kan,111,0.000013,0.0022,logged_terminal_batch_composite_loss,1066.1,120067.5,paper_101/ablation/results/37722.out,37722
p3_logp_mofe_last_all_kan,112,0.000013,0.0205,logged_terminal_batch_composite_loss,1066.4,121134.0,paper_101/ablation/results/37722.out,37722
p3_logp_mofe_last_all_kan,113,0.000013,0.0080,logged_terminal_batch_composite_loss,1067.0,122200.9,paper_101/ablation/results/37722.out,37722
p3_logp_mofe_last_all_kan,114,0.000013,0.0031,logged_terminal_batch_composite_loss,1070.1,123271.0,paper_101/ablation/results/37722.out,37722
p3_logp_mofe_last_all_kan,115,0.000013,0.0016,logged_terminal_batch_composite_loss,1069.5,124340.5,paper_101/ablation/results/37722.out,37722
p3_logp_mofe_last_all_kan,116,0.000013,0.0043,logged_terminal_batch_composite_loss,1069.6,125410.1,paper_101/ablation/results/37722.out,37722
p3_logp_mofe_last_all_kan,117,0.000013,0.0080,logged_terminal_batch_composite_loss,1067.5,126477.6,paper_101/ablation/results/37722.out,37722
p3_logp_mofe_last_all_kan,118,0.000013,0.0049,logged_terminal_batch_composite_loss,1067.8,127545.3,paper_101/ablation/results/37722.out,37722
p3_logp_mofe_last_all_kan,119,0.000013,0.0204,logged_terminal_batch_composite_loss,1064.2,128609.5,paper_101/ablation/results/37722.out,37722
p3_logp_mofe_last_all_kan,120,0.000013,0.0027,logged_terminal_batch_composite_loss,1060.7,129670.3,paper_101/ablation/results/37722.out,37722
p3_logp_mofe_last_all_kan,121,0.000013,0.0088,logged_terminal_batch_composite_loss,1061.2,130731.4,paper_101/ablation/results/37722.out,37722
p3_logp_mofe_last_all_kan,122,0.000013,0.0050,logged_terminal_batch_composite_loss,1062.6,131794.1,paper_101/ablation/results/37722.out,37722
p3_logp_mofe_last_all_kan,123,0.000013,0.0136,logged_terminal_batch_composite_loss,1061.1,132855.1,paper_101/ablation/results/37722.out,37722
p3_logp_mofe_last_all_kan,124,0.000013,0.0044,logged_terminal_batch_composite_loss,1082.8,133937.9,paper_101/ablation/results/37722.out,37722
p3_logp_mofe_last_all_kan,125,0.000013,0.0038,logged_terminal_batch_composite_loss,1098.3,135036.2,paper_101/ablation/results/37722.out,37722
p3_logp_mofe_last_all_kan,126,0.000013,0.0060,logged_terminal_batch_composite_loss,1074.0,136110.3,paper_101/ablation/results/37722.out,37722
p3_logp_mofe_last_all_kan,127,0.000013,0.0065,logged_terminal_batch_composite_loss,1060.3,137170.5,paper_101/ablation/results/37722.out,37722
p3_logp_mofe_last_all_kan,128,0.000013,0.0226,logged_terminal_batch_composite_loss,1057.9,138228.5,paper_101/ablation/results/37722.out,37722
p3_logp_mofe_last_all_kan,129,0.000012,0.0028,logged_terminal_batch_composite_loss,1058.3,139286.7,paper_101/ablation/results/37722.out,37722
p3_logp_mofe_last_all_kan,130,0.000012,0.0104,logged_terminal_batch_composite_loss,1059.2,140345.9,paper_101/ablation/results/37722.out,37722
p3_logp_mofe_last_all_kan,131,0.000012,0.0017,logged_terminal_batch_composite_loss,1057.7,141403.6,paper_101/ablation/results/37722.out,37722
p3_logp_mofe_last_all_kan,132,0.000012,0.0022,logged_terminal_batch_composite_loss,1058.1,142461.7,paper_101/ablation/results/37722.out,37722
p3_logp_mofe_last_all_kan,133,0.000012,0.0050,logged_terminal_batch_composite_loss,1077.8,143539.5,paper_101/ablation/results/37722.out,37722
p3_logp_mofe_last_all_kan,134,0.000012,0.0080,logged_terminal_batch_composite_loss,1079.1,144618.6,paper_101/ablation/results/37722.out,37722
p3_logp_mofe_last_all_kan,135,0.000012,0.0027,logged_terminal_batch_composite_loss,1080.2,145698.8,paper_101/ablation/results/37722.out,37722
p3_logp_mofe_last_all_kan,136,0.000012,0.0053,logged_terminal_batch_composite_loss,1080.0,146778.7,paper_101/ablation/results/37722.out,37722
p3_logp_mofe_last_all_kan,137,0.000012,0.0051,logged_terminal_batch_composite_loss,1080.1,147858.8,paper_101/ablation/results/37722.out,37722
p3_logp_mofe_last_all_kan,138,0.000012,0.0058,logged_terminal_batch_composite_loss,1080.7,148939.6,paper_101/ablation/results/37722.out,37722
p3_logp_mofe_last_all_kan,139,0.000012,0.0042,logged_terminal_batch_composite_loss,1066.4,150006.0,paper_101/ablation/results/37722.out,37722
p3_logp_mofe_last_all_kan,140,0.000012,0.0109,logged_terminal_batch_composite_loss,1058.5,151064.4,paper_101/ablation/results/37722.out,37722
p3_logp_mofe_last_all_kan,141,0.000012,0.0025,logged_terminal_batch_composite_loss,1058.8,152123.2,paper_101/ablation/results/37722.out,37722
p3_logp_mofe_last_all_kan,142,0.000012,0.0054,logged_terminal_batch_composite_loss,1057.6,153180.9,paper_101/ablation/results/37722.out,37722
p3_logp_mofe_last_all_kan,143,0.000012,0.0055,logged_terminal_batch_composite_loss,1059.7,154240.6,paper_101/ablation/results/37722.out,37722
p3_logp_mofe_last_all_kan,144,0.000012,0.0030,logged_terminal_batch_composite_loss,1058.8,155299.4,paper_101/ablation/results/37722.out,37722
p3_logp_mofe_last_all_kan,145,0.000012,0.0113,logged_terminal_batch_composite_loss,1060.4,156359.8,paper_101/ablation/results/37722.out,37722
p3_logp_mofe_last_all_kan,146,0.000012,0.0027,logged_terminal_batch_composite_loss,1058.5,157418.4,paper_101/ablation/results/37722.out,37722
p3_logp_mofe_last_all_kan,147,0.000012,0.0271,logged_terminal_batch_composite_loss,1058.5,158476.9,paper_101/ablation/results/37722.out,37722
p3_logp_mofe_last_all_kan,148,0.000012,0.0057,logged_terminal_batch_composite_loss,1059.1,159536.0,paper_101/ablation/results/37722.out,37722
p3_logp_mofe_last_all_kan,149,0.000012,0.0045,logged_terminal_batch_composite_loss,1060.9,160596.9,paper_101/ablation/results/37722.out,37722
p3_logp_mofe_last_all_kan,150,0.000012,0.0025,logged_terminal_batch_composite_loss,1060.1,161656.9,paper_101/ablation/results/37722.out,37722
p3_logp_mofe_last_all_kan,151,0.000012,0.0103,logged_terminal_batch_composite_loss,1059.3,162716.3,paper_101/ablation/results/37722.out,37722
p3_logp_mofe_last_all_kan,152,0.000011,0.0057,logged_terminal_batch_composite_loss,1059.5,163775.7,paper_101/ablation/results/37722.out,37722
p3_logp_mofe_last_all_kan,153,0.000011,0.0112,logged_terminal_batch_composite_loss,1061.7,164837.4,paper_101/ablation/results/37722.out,37722
p3_logp_mofe_last_all_kan,154,0.000011,0.0025,logged_terminal_batch_composite_loss,1059.4,165896.8,paper_101/ablation/results/37722.out,37722
p3_logp_mofe_last_all_kan,155,0.000011,0.0060,logged_terminal_batch_composite_loss,1059.3,166956.1,paper_101/ablation/results/37722.out,37722
p3_logp_mofe_last_all_kan,156,0.000011,0.0064,logged_terminal_batch_composite_loss,1060.3,168016.5,paper_101/ablation/results/37722.out,37722
p3_logp_mofe_last_all_kan,157,0.000011,0.0062,logged_terminal_batch_composite_loss,1059.3,169075.8,paper_101/ablation/results/37722.out,37722
p3_logp_mofe_last_all_kan,158,0.000011,0.0033,logged_terminal_batch_composite_loss,1059.7,170135.4,paper_101/ablation/results/37722.out,37722
p3_logp_mofe_last_all_kan,159,0.000011,0.0091,logged_terminal_batch_composite_loss,1062.7,171198.1,paper_101/ablation/results/37722.out,37722
p3_logp_mofe_last_all_kan,160,0.000011,0.0115,logged_terminal_batch_composite_loss,1061.0,172259.1,paper_101/ablation/results/37722.out,37722
p3_logp_mofe_last_all_kan,161,0.000011,0.0183,logged_terminal_batch_composite_loss,1061.9,173321.0,paper_101/ablation/results/37722.out,37722
p3_logp_mofe_last_all_kan,162,0.000011,0.0055,logged_terminal_batch_composite_loss,1061.6,174382.6,paper_101/ablation/results/37722.out,37722
p3_logp_mofe_last_all_kan,163,0.000011,0.0056,logged_terminal_batch_composite_loss,1060.5,175443.1,paper_101/ablation/results/37722.out,37722
p3_logp_mofe_last_all_kan,164,0.000011,0.0034,logged_terminal_batch_composite_loss,1061.0,176504.1,paper_101/ablation/results/37722.out,37722
p3_logp_mofe_last_all_kan,165,0.000011,0.0030,logged_terminal_batch_composite_loss,1061.8,177565.8,paper_101/ablation/results/37722.out,37722
p3_logp_mofe_last_all_kan,166,0.000011,0.0037,logged_terminal_batch_composite_loss,1059.9,178625.7,paper_101/ablation/results/37722.out,37722
p3_logp_mofe_last_all_kan,167,0.000011,0.0071,logged_terminal_batch_composite_loss,1060.5,179686.3,paper_101/ablation/results/37722.out,37722
p3_logp_mofe_last_all_kan,168,0.000011,0.0017,logged_terminal_batch_composite_loss,1060.6,180746.9,paper_101/ablation/results/37722.out,37722
p3_logp_mofe_last_all_kan,169,0.000011,0.0069,logged_terminal_batch_composite_loss,1062.5,181809.4,paper_101/ablation/results/37722.out,37722
p3_logp_mofe_last_all_kan,170,0.000011,0.0012,logged_terminal_batch_composite_loss,1062.6,182872.1,paper_101/ablation/results/37722.out,37722
p3_logp_mofe_last_all_kan,171,0.000011,0.0056,logged_terminal_batch_composite_loss,1064.1,183937.1,paper_101/ablation/results/37722.out,37722
p3_logp_mofe_last_all_kan,172,0.000011,0.0038,logged_terminal_batch_composite_loss,1063.7,185000.8,paper_101/ablation/results/37722.out,37722
p3_logp_mofe_last_all_kan,173,0.000011,0.0039,logged_terminal_batch_composite_loss,1064.0,186064.8,paper_101/ablation/results/37722.out,37722
p3_logp_mofe_last_all_kan,174,0.000011,0.0024,logged_terminal_batch_composite_loss,1064.4,187129.2,paper_101/ablation/results/37722.out,37722
p3_logp_mofe_last_all_kan,175,0.000011,0.0025,logged_terminal_batch_composite_loss,1064.3,188193.5,paper_101/ablation/results/37722.out,37722
p3_logp_mofe_last_all_kan,176,0.000011,0.0042,logged_terminal_batch_composite_loss,1062.0,189255.5,paper_101/ablation/results/37722.out,37722
p3_logp_mofe_last_all_kan,177,0.000011,0.0044,logged_terminal_batch_composite_loss,1061.6,190317.1,paper_101/ablation/results/37722.out,37722
p3_logp_mofe_last_all_kan,178,0.000011,0.0038,logged_terminal_batch_composite_loss,1061.0,191378.0,paper_101/ablation/results/37722.out,37722
p3_logp_mofe_last_all_kan,179,0.000011,0.0031,logged_terminal_batch_composite_loss,1062.2,192440.2,paper_101/ablation/results/37722.out,37722
p3_logp_mofe_last_all_kan,180,0.000011,0.0410,logged_terminal_batch_composite_loss,1061.1,193501.3,paper_101/ablation/results/37722.out,37722
p3_logp_mofe_last_all_kan,181,0.000011,0.0035,logged_terminal_batch_composite_loss,1062.1,194563.4,paper_101/ablation/results/37722.out,37722
p3_logp_mofe_last_all_kan,182,0.000010,0.0031,logged_terminal_batch_composite_loss,1064.8,195628.2,paper_101/ablation/results/37722.out,37722
p3_logp_mofe_last_all_kan,183,0.000010,0.0058,logged_terminal_batch_composite_loss,1064.3,196692.5,paper_101/ablation/results/37722.out,37722
p3_logp_mofe_last_all_kan,184,0.000010,0.0032,logged_terminal_batch_composite_loss,1063.7,197756.2,paper_101/ablation/results/37722.out,37722
p3_logp_mofe_last_all_kan,185,0.000010,0.0137,logged_terminal_batch_composite_loss,1063.7,198819.9,paper_101/ablation/results/37722.out,37722
p3_logp_mofe_last_all_kan,186,0.000010,0.0050,logged_terminal_batch_composite_loss,1064.2,199884.0,paper_101/ablation/results/37722.out,37722
p3_logp_mofe_last_all_kan,187,0.000010,0.0015,logged_terminal_batch_composite_loss,1064.1,200948.1,paper_101/ablation/results/37722.out,37722
p3_logp_mofe_last_all_kan,188,0.000010,0.0057,logged_terminal_batch_composite_loss,1062.8,202011.0,paper_101/ablation/results/37722.out,37722
p3_logp_mofe_last_all_kan,189,0.000010,0.0048,logged_terminal_batch_composite_loss,1063.0,203074.0,paper_101/ablation/results/37722.out,37722
p3_logp_mofe_last_all_kan,190,0.000010,0.0038,logged_terminal_batch_composite_loss,1064.0,204138.0,paper_101/ablation/results/37722.out,37722
p3_logp_mofe_last_all_kan,191,0.000010,0.0037,logged_terminal_batch_composite_loss,1062.5,205200.6,paper_101/ablation/results/37722.out,37722
p3_logp_mofe_last_all_kan,192,0.000010,0.0058,logged_terminal_batch_composite_loss,1062.9,206263.5,paper_101/ablation/results/37722.out,37722
p3_logp_mofe_last_all_kan,193,0.000010,0.0028,logged_terminal_batch_composite_loss,1063.1,207326.6,paper_101/ablation/results/37722.out,37722
p3_logp_mofe_last_all_kan,194,0.000010,0.0050,logged_terminal_batch_composite_loss,1060.4,208387.0,paper_101/ablation/results/37722.out,37722
p3_logp_mofe_last_all_kan,195,0.000010,0.0032,logged_terminal_batch_composite_loss,1058.9,209445.9,paper_101/ablation/results/37722.out,37722
p3_logp_mofe_last_all_kan,196,0.000010,0.0130,logged_terminal_batch_composite_loss,1059.1,210505.0,paper_101/ablation/results/37722.out,37722
p3_logp_mofe_last_all_kan,197,0.000010,0.0021,logged_terminal_batch_composite_loss,1059.2,211564.1,paper_101/ablation/results/37722.out,37722
p3_logp_mofe_last_all_kan,198,0.000010,0.0029,logged_terminal_batch_composite_loss,1058.9,212623.1,paper_101/ablation/results/37722.out,37722
p3_logp_mofe_last_all_kan,199,0.000010,0.0040,logged_terminal_batch_composite_loss,1058.4,213681.4,paper_101/ablation/results/37722.out,37722
p3_logp_mofe_last_all_kan,200,0.000010,0.0032,logged_terminal_batch_composite_loss,1059.5,214740.9,paper_101/ablation/results/37722.out,37722
p3_logp_mofe_last_all_kan,201,0.000010,0.0059,logged_terminal_batch_composite_loss,1061.6,215802.6,paper_101/ablation/results/37722.out,37722
p3_logp_mofe_last_all_kan,202,0.000010,0.0068,logged_terminal_batch_composite_loss,1062.3,216864.9,paper_101/ablation/results/37722.out,37722
p3_logp_mofe_last_all_kan,203,0.000010,0.0042,logged_terminal_batch_composite_loss,1061.5,217926.4,paper_101/ablation/results/37722.out,37722
p3_logp_mofe_last_all_kan,204,0.000010,0.0019,logged_terminal_batch_composite_loss,1062.3,218988.7,paper_101/ablation/results/37722.out,37722
p3_logp_mofe_last_all_kan,205,0.000010,0.0100,logged_terminal_batch_composite_loss,1060.8,220049.4,paper_101/ablation/results/37722.out,37722
p3_logp_mofe_last_all_kan,206,0.000010,0.0035,logged_terminal_batch_composite_loss,1060.4,221109.8,paper_101/ablation/results/37722.out,37722
p3_logp_mofe_last_all_kan,207,0.000010,0.0044,logged_terminal_batch_composite_loss,1061.6,222171.4,paper_101/ablation/results/37722.out,37722
p3_logp_mofe_last_all_kan,208,0.000010,0.0064,logged_terminal_batch_composite_loss,1061.9,223233.3,paper_101/ablation/results/37722.out,37722
p3_logp_mofe_last_all_kan,209,0.000010,0.0110,logged_terminal_batch_composite_loss,1061.0,224294.3,paper_101/ablation/results/37722.out,37722
p3_logp_mofe_last_all_kan,210,0.000010,0.0039,logged_terminal_batch_composite_loss,1060.8,225355.1,paper_101/ablation/results/37722.out,37722
p3_logp_mofe_last_all_kan,211,0.000010,0.0026,logged_terminal_batch_composite_loss,1060.7,226415.8,paper_101/ablation/results/37722.out,37722
p3_logp_mofe_last_all_kan,212,0.000010,0.0036,logged_terminal_batch_composite_loss,1059.4,227475.2,paper_101/ablation/results/37722.out,37722
p3_logp_mofe_last_all_kan,213,0.000010,0.0028,logged_terminal_batch_composite_loss,1060.6,228535.8,paper_101/ablation/results/37722.out,37722
p3_logp_mofe_last_all_kan,214,0.000010,0.0066,logged_terminal_batch_composite_loss,1058.4,229594.2,paper_101/ablation/results/37722.out,37722
p3_logp_mofe_last_all_kan,215,0.000010,0.0326,logged_terminal_batch_composite_loss,1064.8,230659.0,paper_101/ablation/results/37722.out,37722
p3_logp_mofe_last_all_kan,216,0.000010,0.0074,logged_terminal_batch_composite_loss,1062.6,231721.5,paper_101/ablation/results/37722.out,37722
p3_logp_mofe_last_all_kan,217,0.000010,0.0023,logged_terminal_batch_composite_loss,1059.8,232781.3,paper_101/ablation/results/37722.out,37722
p3_logp_mofe_last_all_kan,218,0.000010,0.0024,logged_terminal_batch_composite_loss,1059.6,233840.9,paper_101/ablation/results/37722.out,37722
p3_logp_mofe_last_all_kan,219,0.000010,0.0023,logged_terminal_batch_composite_loss,1059.0,234899.9,paper_101/ablation/results/37722.out,37722
p3_logp_mofe_last_all_kan,220,0.000010,0.0042,logged_terminal_batch_composite_loss,1058.6,235958.5,paper_101/ablation/results/37722.out,37722
p3_logp_mofe_last_all_kan,221,0.000010,0.0055,logged_terminal_batch_composite_loss,1059.7,237018.3,paper_101/ablation/results/37722.out,37722
p3_logp_mofe_last_all_kan,222,0.000009,0.0070,logged_terminal_batch_composite_loss,1058.1,238076.4,paper_101/ablation/results/37722.out,37722
p3_logp_mofe_last_all_kan,223,0.000009,0.0029,logged_terminal_batch_composite_loss,1058.2,239134.6,paper_101/ablation/results/37722.out,37722
p3_logp_mofe_last_all_kan,224,0.000009,0.0062,logged_terminal_batch_composite_loss,1058.2,240192.8,paper_101/ablation/results/37722.out,37722
p3_logp_mofe_last_all_kan,225,0.000009,0.0032,logged_terminal_batch_composite_loss,1058.9,241251.6,paper_101/ablation/results/37722.out,37722
p3_logp_mofe_last_all_kan,226,0.000009,0.0030,logged_terminal_batch_composite_loss,1057.3,242309.0,paper_101/ablation/results/37722.out,37722
p3_logp_mofe_last_all_kan,227,0.000009,0.0039,logged_terminal_batch_composite_loss,1056.8,243365.7,paper_101/ablation/results/37722.out,37722
p3_logp_mofe_last_all_kan,228,0.000009,0.0036,logged_terminal_batch_composite_loss,1056.9,244422.7,paper_101/ablation/results/37722.out,37722
p3_logp_mofe_last_all_kan,229,0.000009,0.0064,logged_terminal_batch_composite_loss,1056.8,245479.5,paper_101/ablation/results/37722.out,37722
p3_logp_mofe_last_all_kan,230,0.000009,0.0053,logged_terminal_batch_composite_loss,1057.1,246536.5,paper_101/ablation/results/37722.out,37722
p3_logp_mofe_last_all_kan,231,0.000009,0.0080,logged_terminal_batch_composite_loss,1056.1,247592.6,paper_101/ablation/results/37722.out,37722
p3_logp_mofe_last_all_kan,232,0.000009,0.0035,logged_terminal_batch_composite_loss,1055.1,248647.7,paper_101/ablation/results/37722.out,37722
p3_logp_mofe_last_all_kan,233,0.000009,0.0039,logged_terminal_batch_composite_loss,1056.1,249703.8,paper_101/ablation/results/37722.out,37722
p3_logp_mofe_last_all_kan,234,0.000009,0.0042,logged_terminal_batch_composite_loss,1054.3,250758.1,paper_101/ablation/results/37722.out,37722
p3_logp_mofe_last_all_kan,235,0.000009,0.0047,logged_terminal_batch_composite_loss,1054.8,251812.9,paper_101/ablation/results/37722.out,37722
p3_logp_mofe_last_all_kan,236,0.000009,0.0043,logged_terminal_batch_composite_loss,1055.3,252868.2,paper_101/ablation/results/37722.out,37722
p3_logp_mofe_last_all_kan,237,0.000009,0.0064,logged_terminal_batch_composite_loss,1058.2,253926.4,paper_101/ablation/results/37722.out,37722
p3_logp_mofe_last_all_kan,238,0.000009,0.0203,logged_terminal_batch_composite_loss,1056.7,254983.0,paper_101/ablation/results/37722.out,37722
p3_logp_mofe_last_all_kan,239,0.000009,0.0035,logged_terminal_batch_composite_loss,1054.7,256037.7,paper_101/ablation/results/37722.out,37722
p3_logp_mofe_last_all_kan,240,0.000009,0.0065,logged_terminal_batch_composite_loss,1054.7,257092.4,paper_101/ablation/results/37722.out,37722
p3_logp_mofe_last_all_kan,241,0.000009,0.0056,logged_terminal_batch_composite_loss,1053.5,258146.0,paper_101/ablation/results/37722.out,37722
p3_logp_mofe_last_all_kan,242,0.000009,0.0074,logged_terminal_batch_composite_loss,1054.5,259200.5,paper_101/ablation/results/37722.out,37722
p3_logp_mofe_last_all_kan,243,0.000009,0.0032,logged_terminal_batch_composite_loss,1056.2,260256.7,paper_101/ablation/results/37722.out,37722
p3_logp_mofe_last_all_kan,244,0.000009,0.0124,logged_terminal_batch_composite_loss,1055.7,261312.4,paper_101/ablation/results/37722.out,37722
p3_logp_mofe_last_all_kan,245,0.000009,0.0044,logged_terminal_batch_composite_loss,1054.8,262367.2,paper_101/ablation/results/37722.out,37722
p3_logp_mofe_last_all_kan,246,0.000009,0.0038,logged_terminal_batch_composite_loss,1054.9,263422.1,paper_101/ablation/results/37722.out,37722
p3_logp_mofe_last_all_kan,247,0.000009,0.0038,logged_terminal_batch_composite_loss,1055.9,264478.0,paper_101/ablation/results/37722.out,37722
p3_logp_mofe_last_all_kan,248,0.000009,0.0144,logged_terminal_batch_composite_loss,1054.2,265532.3,paper_101/ablation/results/37722.out,37722
p3_logp_mofe_last_all_kan,249,0.000009,0.0047,logged_terminal_batch_composite_loss,1053.8,266586.1,paper_101/ablation/results/37722.out,37722
p3_logp_mofe_last_all_kan,250,0.000009,0.0026,logged_terminal_batch_composite_loss,1053.5,267639.6,paper_101/ablation/results/37722.out,37722
p3_logp_mofe_last_all_kan,251,0.000009,0.0025,logged_terminal_batch_composite_loss,1055.6,268695.3,paper_101/ablation/results/37722.out,37722
p3_logp_mofe_last_all_kan,252,0.000009,0.0041,logged_terminal_batch_composite_loss,1054.2,269749.5,paper_101/ablation/results/37722.out,37722
p3_logp_mofe_last_all_kan,253,0.000009,0.0086,logged_terminal_batch_composite_loss,1055.0,270804.5,paper_101/ablation/results/37722.out,37722
p3_logp_mofe_last_all_kan,254,0.000009,0.0025,logged_terminal_batch_composite_loss,1054.5,271859.0,paper_101/ablation/results/37722.out,37722
p3_logp_mofe_last_all_kan,255,0.000009,0.0076,logged_terminal_batch_composite_loss,1056.1,272915.1,paper_101/ablation/results/37722.out,37722
p3_logp_mofe_last_all_kan,256,0.000009,0.0043,logged_terminal_batch_composite_loss,1056.5,273971.6,paper_101/ablation/results/37722.out,37722
p3_logp_mofe_last_all_kan,257,0.000009,0.0055,logged_terminal_batch_composite_loss,1056.3,275028.0,paper_101/ablation/results/37722.out,37722
p3_logp_mofe_last_all_kan,258,0.000009,0.0053,logged_terminal_batch_composite_loss,1056.1,276084.0,paper_101/ablation/results/37722.out,37722
p3_logp_mofe_last_all_kan,259,0.000009,0.0029,logged_terminal_batch_composite_loss,1056.9,277140.9,paper_101/ablation/results/37722.out,37722
p3_logp_mofe_last_all_kan,260,0.000009,0.0035,logged_terminal_batch_composite_loss,1056.7,278197.6,paper_101/ablation/results/37722.out,37722
p3_logp_mofe_last_all_kan,261,0.000009,0.0014,logged_terminal_batch_composite_loss,1056.0,279253.6,paper_101/ablation/results/37722.out,37722
p3_logp_mofe_last_all_kan,262,0.000009,0.0040,logged_terminal_batch_composite_loss,1049.2,280302.8,paper_101/ablation/results/37722.out,37722
p3_logp_mofe_last_all_kan,263,0.000009,0.0048,logged_terminal_batch_composite_loss,1044.3,281347.1,paper_101/ablation/results/37722.out,37722
p3_logp_mofe_last_all_kan,264,0.000009,0.0049,logged_terminal_batch_composite_loss,1046.1,282393.2,paper_101/ablation/results/37722.out,37722
p3_logp_mofe_last_all_kan,265,0.000009,0.0015,logged_terminal_batch_composite_loss,1045.0,283438.2,paper_101/ablation/results/37722.out,37722
p3_logp_mofe_last_all_kan,266,0.000009,0.0028,logged_terminal_batch_composite_loss,1045.6,284483.8,paper_101/ablation/results/37722.out,37722
p3_logp_mofe_last_all_kan,267,0.000009,0.0037,logged_terminal_batch_composite_loss,1045.9,285529.7,paper_101/ablation/results/37722.out,37722
p3_logp_mofe_last_all_kan,268,0.000009,0.0055,logged_terminal_batch_composite_loss,1048.6,286578.3,paper_101/ablation/results/37722.out,37722
p3_logp_mofe_last_all_kan,269,0.000009,0.0050,logged_terminal_batch_composite_loss,1046.9,287625.2,paper_101/ablation/results/37722.out,37722
p3_logp_mofe_last_all_kan,270,0.000009,0.0035,logged_terminal_batch_composite_loss,1045.8,288671.0,paper_101/ablation/results/37722.out,37722
p3_logp_mofe_last_all_kan,271,0.000009,0.0039,logged_terminal_batch_composite_loss,1046.6,289717.6,paper_101/ablation/results/37722.out,37722
p3_logp_mofe_last_all_kan,272,0.000009,0.0068,logged_terminal_batch_composite_loss,1046.4,290764.0,paper_101/ablation/results/37722.out,37722
p3_logp_mofe_last_all_kan,273,0.000009,0.0049,logged_terminal_batch_composite_loss,1047.6,291811.6,paper_101/ablation/results/37722.out,37722
p3_logp_mofe_last_all_kan,274,0.000009,0.0071,logged_terminal_batch_composite_loss,1098.3,292909.9,paper_101/ablation/results/37722.out,37722
p3_logp_mofe_last_all_kan,275,0.000009,0.0077,logged_terminal_batch_composite_loss,1128.6,294038.5,paper_101/ablation/results/37722.out,37722
p3_logp_mofe_last_all_kan,276,0.000009,0.0030,logged_terminal_batch_composite_loss,1123.6,295162.0,paper_101/ablation/results/37722.out,37722
p3_logp_mofe_last_all_kan,277,0.000008,0.0018,logged_terminal_batch_composite_loss,1123.4,296285.4,paper_101/ablation/results/37722.out,37722
p3_logp_mofe_last_all_kan,278,0.000008,0.0048,logged_terminal_batch_composite_loss,1154.7,297440.1,paper_101/ablation/results/37722.out,37722
p3_logp_mofe_last_all_kan,279,0.000008,0.0053,logged_terminal_batch_composite_loss,1338.5,298778.6,paper_101/ablation/results/37722.out,37722
p3_logp_mofe_last_all_kan,280,0.000008,0.0032,logged_terminal_batch_composite_loss,1306.9,300085.5,paper_101/ablation/results/37722.out,37722
p3_logp_mofe_last_all_kan,281,0.000008,0.0016,logged_terminal_batch_composite_loss,1301.3,301386.8,paper_101/ablation/results/37722.out,37722
p3_logp_mofe_last_all_kan,282,0.000008,0.0036,logged_terminal_batch_composite_loss,1322.9,302709.7,paper_101/ablation/results/37722.out,37722
p3_logp_mofe_last_all_kan,283,0.000008,0.0042,logged_terminal_batch_composite_loss,1308.4,304018.2,paper_101/ablation/results/37722.out,37722
p3_logp_mofe_last_all_kan,284,0.000008,0.0021,logged_terminal_batch_composite_loss,1379.6,305397.7,paper_101/ablation/results/37722.out,37722
p3_logp_mofe_last_all_kan,285,0.000008,0.0011,logged_terminal_batch_composite_loss,2077.7,307475.4,paper_101/ablation/results/37722.out,37722
p3_logp_mofe_last_all_kan,286,0.000008,0.0039,logged_terminal_batch_composite_loss,2079.8,309556.1,paper_101/ablation/results/37722.out,37722
p3_logp_mofe_last_all_kan,287,0.000008,0.0006,logged_terminal_batch_composite_loss,1583.4,311139.5,paper_101/ablation/results/37722.out,37722
p3_logp_mofe_last_all_kan,288,0.000008,0.0032,logged_terminal_batch_composite_loss,1342.3,312482.0,paper_101/ablation/results/37722.out,37722
p3_logp_mofe_last_all_kan,289,0.000008,0.0059,logged_terminal_batch_composite_loss,1298.7,313780.7,paper_101/ablation/results/37722.out,37722
p3_logp_mofe_last_all_kan,290,0.000008,0.0025,logged_terminal_batch_composite_loss,1302.8,315083.5,paper_101/ablation/results/37722.out,37722
p3_logp_mofe_last_all_kan,291,0.000008,0.0025,logged_terminal_batch_composite_loss,1309.2,316392.7,paper_101/ablation/results/37722.out,37722
p3_logp_mofe_last_all_kan,292,0.000008,0.0011,logged_terminal_batch_composite_loss,1330.9,317723.5,paper_101/ablation/results/37722.out,37722
p3_logp_mofe_last_all_kan,293,0.000008,0.0278,logged_terminal_batch_composite_loss,1309.4,319032.9,paper_101/ablation/results/37722.out,37722
p3_logp_mofe_last_all_kan,294,0.000008,0.0026,logged_terminal_batch_composite_loss,1290.9,320323.8,paper_101/ablation/results/37722.out,37722
p3_logp_mofe_last_all_kan,295,0.000008,0.0063,logged_terminal_batch_composite_loss,1300.1,321623.9,paper_101/ablation/results/37722.out,37722
p3_logp_mofe_last_all_kan,296,0.000008,0.0049,logged_terminal_batch_composite_loss,1306.5,322930.4,paper_101/ablation/results/37722.out,37722
p3_logp_mofe_last_all_kan,297,0.000008,0.0039,logged_terminal_batch_composite_loss,1283.5,324213.9,paper_101/ablation/results/37722.out,37722
p3_logp_mofe_last_all_kan,298,0.000008,0.0126,logged_terminal_batch_composite_loss,1247.8,325461.7,paper_101/ablation/results/37722.out,37722
p3_logp_mofe_last_all_kan,299,0.000008,0.0045,logged_terminal_batch_composite_loss,1261.5,326723.1,paper_101/ablation/results/37722.out,37722
p3_logp_mofe_last_all_kan,300,0.000008,0.0040,logged_terminal_batch_composite_loss,1224.0,327947.2,paper_101/ablation/results/37722.out,37722
p3_logp_mofe_last_ffn,1,0.000001,3.6841,logged_terminal_batch_composite_loss,942.4,942.4,paper_101/ablation/results/37696.out,37696
p3_logp_mofe_last_ffn,2,0.000002,2.3091,logged_terminal_batch_composite_loss,944.2,1886.7,paper_101/ablation/results/37696.out,37696
p3_logp_mofe_last_ffn,3,0.000003,1.9537,logged_terminal_batch_composite_loss,944.5,2831.3,paper_101/ablation/results/37696.out,37696
p3_logp_mofe_last_ffn,4,0.000003,1.7038,logged_terminal_batch_composite_loss,943.7,3775.1,paper_101/ablation/results/37696.out,37696
p3_logp_mofe_last_ffn,5,0.000004,1.7563,logged_terminal_batch_composite_loss,943.0,4718.2,paper_101/ablation/results/37696.out,37696
p3_logp_mofe_last_ffn,6,0.000005,1.7448,logged_terminal_batch_composite_loss,944.3,5662.5,paper_101/ablation/results/37696.out,37696
p3_logp_mofe_last_ffn,7,0.000006,1.2107,logged_terminal_batch_composite_loss,946.0,6608.6,paper_101/ablation/results/37696.out,37696
p3_logp_mofe_last_ffn,8,0.000007,0.8246,logged_terminal_batch_composite_loss,944.3,7553.0,paper_101/ablation/results/37696.out,37696
p3_logp_mofe_last_ffn,9,0.000008,0.7500,logged_terminal_batch_composite_loss,944.8,8497.9,paper_101/ablation/results/37696.out,37696
p3_logp_mofe_last_ffn,10,0.000009,0.5987,logged_terminal_batch_composite_loss,946.4,9444.3,paper_101/ablation/results/37696.out,37696
p3_logp_mofe_last_ffn,11,0.000009,0.7008,logged_terminal_batch_composite_loss,947.9,10392.3,paper_101/ablation/results/37696.out,37696
p3_logp_mofe_last_ffn,12,0.000010,0.3774,logged_terminal_batch_composite_loss,948.2,11340.6,paper_101/ablation/results/37696.out,37696
p3_logp_mofe_last_ffn,13,0.000011,0.5052,logged_terminal_batch_composite_loss,946.7,12287.3,paper_101/ablation/results/37696.out,37696
p3_logp_mofe_last_ffn,14,0.000012,0.3739,logged_terminal_batch_composite_loss,946.0,13233.4,paper_101/ablation/results/37696.out,37696
p3_logp_mofe_last_ffn,15,0.000013,0.2643,logged_terminal_batch_composite_loss,946.1,14179.5,paper_101/ablation/results/37696.out,37696
p3_logp_mofe_last_ffn,16,0.000014,0.2172,logged_terminal_batch_composite_loss,944.7,15124.3,paper_101/ablation/results/37696.out,37696
p3_logp_mofe_last_ffn,17,0.000015,0.2440,logged_terminal_batch_composite_loss,945.7,16070.1,paper_101/ablation/results/37696.out,37696
p3_logp_mofe_last_ffn,18,0.000015,0.1622,logged_terminal_batch_composite_loss,950.9,17021.0,paper_101/ablation/results/37696.out,37696
p3_logp_mofe_last_ffn,19,0.000016,0.0816,logged_terminal_batch_composite_loss,951.3,17972.4,paper_101/ablation/results/37696.out,37696
p3_logp_mofe_last_ffn,20,0.000017,0.2081,logged_terminal_batch_composite_loss,951.5,18923.9,paper_101/ablation/results/37696.out,37696
p3_logp_mofe_last_ffn,21,0.000018,0.3914,logged_terminal_batch_composite_loss,949.6,19873.5,paper_101/ablation/results/37696.out,37696
p3_logp_mofe_last_ffn,22,0.000019,0.1949,logged_terminal_batch_composite_loss,950.3,20823.8,paper_101/ablation/results/37696.out,37696
p3_logp_mofe_last_ffn,23,0.000020,0.1338,logged_terminal_batch_composite_loss,951.9,21775.7,paper_101/ablation/results/37696.out,37696
p3_logp_mofe_last_ffn,24,0.000021,0.0928,logged_terminal_batch_composite_loss,952.1,22727.8,paper_101/ablation/results/37696.out,37696
p3_logp_mofe_last_ffn,25,0.000022,0.1715,logged_terminal_batch_composite_loss,952.9,23680.7,paper_101/ablation/results/37696.out,37696
p3_logp_mofe_last_ffn,26,0.000022,0.1411,logged_terminal_batch_composite_loss,953.5,24634.2,paper_101/ablation/results/37696.out,37696
p3_logp_mofe_last_ffn,27,0.000023,0.1393,logged_terminal_batch_composite_loss,951.3,25585.6,paper_101/ablation/results/37696.out,37696
p3_logp_mofe_last_ffn,28,0.000024,0.1604,logged_terminal_batch_composite_loss,952.3,26537.9,paper_101/ablation/results/37696.out,37696
p3_logp_mofe_last_ffn,29,0.000025,0.1496,logged_terminal_batch_composite_loss,955.9,27493.9,paper_101/ablation/results/37696.out,37696
p3_logp_mofe_last_ffn,30,0.000026,0.1383,logged_terminal_batch_composite_loss,954.7,28448.6,paper_101/ablation/results/37696.out,37696
p3_logp_mofe_last_ffn,31,0.000025,0.1353,logged_terminal_batch_composite_loss,955.1,29403.7,paper_101/ablation/results/37696.out,37696
p3_logp_mofe_last_ffn,32,0.000025,0.1275,logged_terminal_batch_composite_loss,957.8,30361.5,paper_101/ablation/results/37696.out,37696
p3_logp_mofe_last_ffn,33,0.000025,0.1237,logged_terminal_batch_composite_loss,957.6,31319.1,paper_101/ablation/results/37696.out,37696
p3_logp_mofe_last_ffn,34,0.000024,0.0860,logged_terminal_batch_composite_loss,957.3,32276.4,paper_101/ablation/results/37696.out,37696
p3_logp_mofe_last_ffn,35,0.000024,0.0886,logged_terminal_batch_composite_loss,958.6,33235.1,paper_101/ablation/results/37696.out,37696
p3_logp_mofe_last_ffn,36,0.000024,0.0266,logged_terminal_batch_composite_loss,962.5,34197.5,paper_101/ablation/results/37696.out,37696
p3_logp_mofe_last_ffn,37,0.000023,0.1881,logged_terminal_batch_composite_loss,959.3,35156.9,paper_101/ablation/results/37696.out,37696
p3_logp_mofe_last_ffn,38,0.000023,0.0876,logged_terminal_batch_composite_loss,958.7,36115.6,paper_101/ablation/results/37696.out,37696
p3_logp_mofe_last_ffn,39,0.000023,0.0408,logged_terminal_batch_composite_loss,960.2,37075.8,paper_101/ablation/results/37696.out,37696
p3_logp_mofe_last_ffn,40,0.000022,0.0616,logged_terminal_batch_composite_loss,966.7,38042.6,paper_101/ablation/results/37696.out,37696
p3_logp_mofe_last_ffn,41,0.000022,0.0348,logged_terminal_batch_composite_loss,970.1,39012.7,paper_101/ablation/results/37696.out,37696
p3_logp_mofe_last_ffn,42,0.000022,0.0661,logged_terminal_batch_composite_loss,1009.1,40021.7,paper_101/ablation/results/37696.out,37696
p3_logp_mofe_last_ffn,43,0.000022,0.0400,logged_terminal_batch_composite_loss,1010.6,41032.4,paper_101/ablation/results/37696.out,37696
p3_logp_mofe_last_ffn,44,0.000021,0.0508,logged_terminal_batch_composite_loss,1037.9,42070.3,paper_101/ablation/results/37696.out,37696
p3_logp_mofe_last_ffn,45,0.000021,0.0302,logged_terminal_batch_composite_loss,972.2,43042.5,paper_101/ablation/results/37696.out,37696
p3_logp_mofe_last_ffn,46,0.000021,0.0286,logged_terminal_batch_composite_loss,974.5,44016.9,paper_101/ablation/results/37696.out,37696
p3_logp_mofe_last_ffn,47,0.000021,0.0255,logged_terminal_batch_composite_loss,955.1,44972.0,paper_101/ablation/results/37696.out,37696
p3_logp_mofe_last_ffn,48,0.000020,0.0557,logged_terminal_batch_composite_loss,957.0,45929.1,paper_101/ablation/results/37696.out,37696
p3_logp_mofe_last_ffn,49,0.000020,0.0313,logged_terminal_batch_composite_loss,955.4,46884.4,paper_101/ablation/results/37696.out,37696
p3_logp_mofe_last_ffn,50,0.000020,0.0371,logged_terminal_batch_composite_loss,957.0,47841.4,paper_101/ablation/results/37696.out,37696
p3_logp_mofe_last_ffn,51,0.000020,0.0380,logged_terminal_batch_composite_loss,955.4,48796.9,paper_101/ablation/results/37696.out,37696
p3_logp_mofe_last_ffn,52,0.000020,0.0153,logged_terminal_batch_composite_loss,959.0,49755.9,paper_101/ablation/results/37696.out,37696
p3_logp_mofe_last_ffn,53,0.000019,0.0481,logged_terminal_batch_composite_loss,958.6,50714.6,paper_101/ablation/results/37696.out,37696
p3_logp_mofe_last_ffn,54,0.000019,0.0374,logged_terminal_batch_composite_loss,956.8,51671.4,paper_101/ablation/results/37696.out,37696
p3_logp_mofe_last_ffn,55,0.000019,0.0252,logged_terminal_batch_composite_loss,958.5,52630.0,paper_101/ablation/results/37696.out,37696
p3_logp_mofe_last_ffn,56,0.000019,0.0411,logged_terminal_batch_composite_loss,957.3,53587.3,paper_101/ablation/results/37696.out,37696
p3_logp_mofe_last_ffn,57,0.000019,0.0273,logged_terminal_batch_composite_loss,957.9,54545.2,paper_101/ablation/results/37696.out,37696
p3_logp_mofe_last_ffn,58,0.000019,0.0554,logged_terminal_batch_composite_loss,956.3,55501.5,paper_101/ablation/results/37696.out,37696
p3_logp_mofe_last_ffn,59,0.000018,0.0290,logged_terminal_batch_composite_loss,955.6,56457.1,paper_101/ablation/results/37696.out,37696
p3_logp_mofe_last_ffn,60,0.000018,0.0278,logged_terminal_batch_composite_loss,955.7,57412.7,paper_101/ablation/results/37696.out,37696
p3_logp_mofe_last_ffn,61,0.000018,0.0363,logged_terminal_batch_composite_loss,957.0,58369.8,paper_101/ablation/results/37696.out,37696
p3_logp_mofe_last_ffn,62,0.000018,0.0303,logged_terminal_batch_composite_loss,968.0,59337.8,paper_101/ablation/results/37696.out,37696
p3_logp_mofe_last_ffn,63,0.000018,0.0190,logged_terminal_batch_composite_loss,969.5,60307.2,paper_101/ablation/results/37696.out,37696
p3_logp_mofe_last_ffn,64,0.000018,0.0507,logged_terminal_batch_composite_loss,969.0,61276.2,paper_101/ablation/results/37696.out,37696
p3_logp_mofe_last_ffn,65,0.000018,0.0124,logged_terminal_batch_composite_loss,967.8,62244.0,paper_101/ablation/results/37696.out,37696
p3_logp_mofe_last_ffn,66,0.000017,0.0321,logged_terminal_batch_composite_loss,968.7,63212.8,paper_101/ablation/results/37696.out,37696
p3_logp_mofe_last_ffn,67,0.000017,0.0495,logged_terminal_batch_composite_loss,968.6,64181.4,paper_101/ablation/results/37696.out,37696
p3_logp_mofe_last_ffn,68,0.000017,0.0184,logged_terminal_batch_composite_loss,967.8,65149.3,paper_101/ablation/results/37696.out,37696
p3_logp_mofe_last_ffn,69,0.000017,0.0727,logged_terminal_batch_composite_loss,968.4,66117.7,paper_101/ablation/results/37696.out,37696
p3_logp_mofe_last_ffn,70,0.000017,0.0205,logged_terminal_batch_composite_loss,965.9,67083.6,paper_101/ablation/results/37696.out,37696
p3_logp_mofe_last_ffn,71,0.000017,0.0229,logged_terminal_batch_composite_loss,966.8,68050.4,paper_101/ablation/results/37696.out,37696
p3_logp_mofe_last_ffn,72,0.000017,0.0161,logged_terminal_batch_composite_loss,966.9,69017.2,paper_101/ablation/results/37696.out,37696
p3_logp_mofe_last_ffn,73,0.000017,0.0232,logged_terminal_batch_composite_loss,966.4,69983.6,paper_101/ablation/results/37696.out,37696
p3_logp_mofe_last_ffn,74,0.000016,0.0072,logged_terminal_batch_composite_loss,963.3,70947.0,paper_101/ablation/results/37696.out,37696
p3_logp_mofe_last_ffn,75,0.000016,0.0167,logged_terminal_batch_composite_loss,962.4,71909.5,paper_101/ablation/results/37696.out,37696
p3_logp_mofe_last_ffn,76,0.000016,0.0235,logged_terminal_batch_composite_loss,961.8,72871.3,paper_101/ablation/results/37696.out,37696
p3_logp_mofe_last_ffn,77,0.000016,0.0061,logged_terminal_batch_composite_loss,962.6,73833.9,paper_101/ablation/results/37696.out,37696
p3_logp_mofe_last_ffn,78,0.000016,0.0285,logged_terminal_batch_composite_loss,961.3,74795.3,paper_101/ablation/results/37696.out,37696
p3_logp_mofe_last_ffn,79,0.000016,0.0053,logged_terminal_batch_composite_loss,961.4,75756.7,paper_101/ablation/results/37696.out,37696
p3_logp_mofe_last_ffn,80,0.000016,0.0092,logged_terminal_batch_composite_loss,963.4,76720.2,paper_101/ablation/results/37696.out,37696
p3_logp_mofe_last_ffn,81,0.000016,0.0177,logged_terminal_batch_composite_loss,957.1,77677.3,paper_101/ablation/results/37696.out,37696
p3_logp_mofe_last_ffn,82,0.000016,0.0077,logged_terminal_batch_composite_loss,957.9,78635.2,paper_101/ablation/results/37696.out,37696
p3_logp_mofe_last_ffn,83,0.000016,0.0153,logged_terminal_batch_composite_loss,953.8,79589.0,paper_101/ablation/results/37696.out,37696
p3_logp_mofe_last_ffn,84,0.000015,0.0055,logged_terminal_batch_composite_loss,953.2,80542.2,paper_101/ablation/results/37696.out,37696
p3_logp_mofe_last_ffn,85,0.000015,0.0098,logged_terminal_batch_composite_loss,952.6,81494.8,paper_101/ablation/results/37696.out,37696
p3_logp_mofe_last_ffn,86,0.000015,0.0387,logged_terminal_batch_composite_loss,952.5,82447.3,paper_101/ablation/results/37696.out,37696
p3_logp_mofe_last_ffn,87,0.000015,0.0034,logged_terminal_batch_composite_loss,956.8,83404.1,paper_101/ablation/results/37696.out,37696
p3_logp_mofe_last_ffn,88,0.000015,0.0064,logged_terminal_batch_composite_loss,961.6,84365.8,paper_101/ablation/results/37696.out,37696
p3_logp_mofe_last_ffn,89,0.000015,0.0063,logged_terminal_batch_composite_loss,957.5,85323.3,paper_101/ablation/results/37696.out,37696
p3_logp_mofe_last_ffn,90,0.000015,0.0051,logged_terminal_batch_composite_loss,953.6,86276.9,paper_101/ablation/results/37696.out,37696
p3_logp_mofe_last_ffn,91,0.000015,0.0114,logged_terminal_batch_composite_loss,959.4,87236.3,paper_101/ablation/results/37696.out,37696
p3_logp_mofe_last_ffn,92,0.000015,0.0084,logged_terminal_batch_composite_loss,950.8,88187.2,paper_101/ablation/results/37696.out,37696
p3_logp_mofe_last_ffn,93,0.000015,0.0120,logged_terminal_batch_composite_loss,953.8,89141.0,paper_101/ablation/results/37696.out,37696
p3_logp_mofe_last_ffn,94,0.000015,0.0524,logged_terminal_batch_composite_loss,954.4,90095.5,paper_101/ablation/results/37696.out,37696
p3_logp_mofe_last_ffn,95,0.000015,0.0080,logged_terminal_batch_composite_loss,950.2,91045.6,paper_101/ablation/results/37696.out,37696
p3_logp_mofe_last_ffn,96,0.000014,0.0102,logged_terminal_batch_composite_loss,953.1,91998.7,paper_101/ablation/results/37696.out,37696
p3_logp_mofe_last_ffn,97,0.000014,0.0111,logged_terminal_batch_composite_loss,957.7,92956.5,paper_101/ablation/results/37696.out,37696
p3_logp_mofe_last_ffn,98,0.000014,0.0080,logged_terminal_batch_composite_loss,954.2,93910.7,paper_101/ablation/results/37696.out,37696
p3_logp_mofe_last_ffn,99,0.000014,0.0164,logged_terminal_batch_composite_loss,959.4,94870.1,paper_101/ablation/results/37696.out,37696
p3_logp_mofe_last_ffn,100,0.000014,0.0052,logged_terminal_batch_composite_loss,952.1,95822.2,paper_101/ablation/results/37696.out,37696
p3_logp_mofe_last_ffn,101,0.000014,0.0372,logged_terminal_batch_composite_loss,948.7,96771.0,paper_101/ablation/results/37696.out,37696
p3_logp_mofe_last_ffn,102,0.000014,0.0073,logged_terminal_batch_composite_loss,949.1,97720.0,paper_101/ablation/results/37696.out,37696
p3_logp_mofe_last_ffn,103,0.000014,0.0067,logged_terminal_batch_composite_loss,950.1,98670.2,paper_101/ablation/results/37696.out,37696
p3_logp_mofe_last_ffn,104,0.000014,0.0040,logged_terminal_batch_composite_loss,948.9,99619.1,paper_101/ablation/results/37696.out,37696
p3_logp_mofe_last_ffn,105,0.000014,0.0393,logged_terminal_batch_composite_loss,948.7,100567.8,paper_101/ablation/results/37696.out,37696
p3_logp_mofe_last_ffn,106,0.000014,0.0045,logged_terminal_batch_composite_loss,948.7,101516.5,paper_101/ablation/results/37696.out,37696
p3_logp_mofe_last_ffn,107,0.000014,0.0050,logged_terminal_batch_composite_loss,949.1,102465.5,paper_101/ablation/results/37696.out,37696
p3_logp_mofe_last_ffn,108,0.000014,0.0038,logged_terminal_batch_composite_loss,950.4,103416.0,paper_101/ablation/results/37696.out,37696
p3_logp_mofe_last_ffn,109,0.000014,0.0074,logged_terminal_batch_composite_loss,950.2,104366.2,paper_101/ablation/results/37696.out,37696
p3_logp_mofe_last_ffn,110,0.000013,0.0034,logged_terminal_batch_composite_loss,950.8,105317.0,paper_101/ablation/results/37696.out,37696
p3_logp_mofe_last_ffn,111,0.000013,0.0081,logged_terminal_batch_composite_loss,949.6,106266.6,paper_101/ablation/results/37696.out,37696
p3_logp_mofe_last_ffn,112,0.000013,0.0055,logged_terminal_batch_composite_loss,949.4,107216.0,paper_101/ablation/results/37696.out,37696
p3_logp_mofe_last_ffn,113,0.000013,0.0072,logged_terminal_batch_composite_loss,949.5,108165.5,paper_101/ablation/results/37696.out,37696
p3_logp_mofe_last_ffn,114,0.000013,0.0031,logged_terminal_batch_composite_loss,949.6,109115.1,paper_101/ablation/results/37696.out,37696
p3_logp_mofe_last_ffn,115,0.000013,0.0047,logged_terminal_batch_composite_loss,950.7,110065.8,paper_101/ablation/results/37696.out,37696
p3_logp_mofe_last_ffn,116,0.000013,0.0025,logged_terminal_batch_composite_loss,950.5,111016.3,paper_101/ablation/results/37696.out,37696
p3_logp_mofe_last_ffn,117,0.000013,0.0131,logged_terminal_batch_composite_loss,949.5,111965.9,paper_101/ablation/results/37696.out,37696
p3_logp_mofe_last_ffn,118,0.000013,0.0047,logged_terminal_batch_composite_loss,949.7,112915.7,paper_101/ablation/results/37696.out,37696
p3_logp_mofe_last_ffn,119,0.000013,0.0073,logged_terminal_batch_composite_loss,949.5,113865.2,paper_101/ablation/results/37696.out,37696
p3_logp_mofe_last_ffn,120,0.000013,0.0026,logged_terminal_batch_composite_loss,950.1,114815.3,paper_101/ablation/results/37696.out,37696
p3_logp_mofe_last_ffn,121,0.000013,0.0033,logged_terminal_batch_composite_loss,949.2,115764.6,paper_101/ablation/results/37696.out,37696
p3_logp_mofe_last_ffn,122,0.000013,0.0047,logged_terminal_batch_composite_loss,951.1,116715.7,paper_101/ablation/results/37696.out,37696
p3_logp_mofe_last_ffn,123,0.000013,0.0041,logged_terminal_batch_composite_loss,951.9,117667.5,paper_101/ablation/results/37696.out,37696
p3_logp_mofe_last_ffn,124,0.000013,0.0039,logged_terminal_batch_composite_loss,950.6,118618.1,paper_101/ablation/results/37696.out,37696
p3_logp_mofe_last_ffn,125,0.000013,0.0051,logged_terminal_batch_composite_loss,950.5,119568.6,paper_101/ablation/results/37696.out,37696
p3_logp_mofe_last_ffn,126,0.000013,0.0140,logged_terminal_batch_composite_loss,950.2,120518.8,paper_101/ablation/results/37696.out,37696
p3_logp_mofe_last_ffn,127,0.000013,0.0038,logged_terminal_batch_composite_loss,951.3,121470.2,paper_101/ablation/results/37696.out,37696
p3_logp_mofe_last_ffn,128,0.000013,0.0052,logged_terminal_batch_composite_loss,949.5,122419.6,paper_101/ablation/results/37696.out,37696
p3_logp_mofe_last_ffn,129,0.000012,0.0075,logged_terminal_batch_composite_loss,950.5,123370.1,paper_101/ablation/results/37696.out,37696
p3_logp_mofe_last_ffn,130,0.000012,0.0063,logged_terminal_batch_composite_loss,950.3,124320.4,paper_101/ablation/results/37696.out,37696
p3_logp_mofe_last_ffn,131,0.000012,0.0063,logged_terminal_batch_composite_loss,952.1,125272.5,paper_101/ablation/results/37696.out,37696
p3_logp_mofe_last_ffn,132,0.000012,0.0048,logged_terminal_batch_composite_loss,952.4,126224.9,paper_101/ablation/results/37696.out,37696
p3_logp_mofe_last_ffn,133,0.000012,0.0308,logged_terminal_batch_composite_loss,951.5,127176.3,paper_101/ablation/results/37696.out,37696
p3_logp_mofe_last_ffn,134,0.000012,0.0074,logged_terminal_batch_composite_loss,951.4,128127.7,paper_101/ablation/results/37696.out,37696
p3_logp_mofe_last_ffn,135,0.000012,0.0084,logged_terminal_batch_composite_loss,951.3,129079.1,paper_101/ablation/results/37696.out,37696
p3_logp_mofe_last_ffn,136,0.000012,0.0079,logged_terminal_batch_composite_loss,951.5,130030.5,paper_101/ablation/results/37696.out,37696
p3_logp_mofe_last_ffn,137,0.000012,0.0391,logged_terminal_batch_composite_loss,950.1,130980.7,paper_101/ablation/results/37696.out,37696
p3_logp_mofe_last_ffn,138,0.000012,0.0075,logged_terminal_batch_composite_loss,949.6,131930.3,paper_101/ablation/results/37696.out,37696
p3_logp_mofe_last_ffn,139,0.000012,0.0411,logged_terminal_batch_composite_loss,949.6,132879.9,paper_101/ablation/results/37696.out,37696
p3_logp_mofe_last_ffn,140,0.000012,0.0091,logged_terminal_batch_composite_loss,949.9,133829.8,paper_101/ablation/results/37696.out,37696
p3_logp_mofe_last_ffn,141,0.000012,0.0067,logged_terminal_batch_composite_loss,950.8,134780.6,paper_101/ablation/results/37696.out,37696
p3_logp_mofe_last_ffn,142,0.000012,0.0902,logged_terminal_batch_composite_loss,950.3,135730.9,paper_101/ablation/results/37696.out,37696
p3_logp_mofe_last_ffn,143,0.000012,0.0039,logged_terminal_batch_composite_loss,951.7,136682.6,paper_101/ablation/results/37696.out,37696
p3_logp_mofe_last_ffn,144,0.000012,0.0047,logged_terminal_batch_composite_loss,949.8,137632.4,paper_101/ablation/results/37696.out,37696
p3_logp_mofe_last_ffn,145,0.000012,0.0054,logged_terminal_batch_composite_loss,950.4,138582.8,paper_101/ablation/results/37696.out,37696
p3_logp_mofe_last_ffn,146,0.000012,0.0071,logged_terminal_batch_composite_loss,949.8,139532.6,paper_101/ablation/results/37696.out,37696
p3_logp_mofe_last_ffn,147,0.000012,0.0073,logged_terminal_batch_composite_loss,950.1,140482.7,paper_101/ablation/results/37696.out,37696
p3_logp_mofe_last_ffn,148,0.000012,0.0132,logged_terminal_batch_composite_loss,950.2,141432.8,paper_101/ablation/results/37696.out,37696
p3_logp_mofe_last_ffn,149,0.000012,0.0086,logged_terminal_batch_composite_loss,950.8,142383.7,paper_101/ablation/results/37696.out,37696
p3_logp_mofe_last_ffn,150,0.000012,0.0168,logged_terminal_batch_composite_loss,950.4,143334.1,paper_101/ablation/results/37696.out,37696
p3_logp_mofe_last_ffn,151,0.000012,0.0040,logged_terminal_batch_composite_loss,950.3,144284.5,paper_101/ablation/results/37696.out,37696
p3_logp_mofe_last_ffn,152,0.000011,0.0036,logged_terminal_batch_composite_loss,951.2,145235.7,paper_101/ablation/results/37696.out,37696
p3_logp_mofe_last_ffn,153,0.000011,0.0052,logged_terminal_batch_composite_loss,949.6,146185.3,paper_101/ablation/results/37696.out,37696
p3_logp_mofe_last_ffn,154,0.000011,0.0072,logged_terminal_batch_composite_loss,951.4,147136.8,paper_101/ablation/results/37696.out,37696
p3_logp_mofe_last_ffn,155,0.000011,0.0030,logged_terminal_batch_composite_loss,949.9,148086.7,paper_101/ablation/results/37696.out,37696
p3_logp_mofe_last_ffn,156,0.000011,0.0056,logged_terminal_batch_composite_loss,950.2,149036.9,paper_101/ablation/results/37696.out,37696
p3_logp_mofe_last_ffn,157,0.000011,0.0047,logged_terminal_batch_composite_loss,950.3,149987.2,paper_101/ablation/results/37696.out,37696
p3_logp_mofe_last_ffn,158,0.000011,0.0034,logged_terminal_batch_composite_loss,950.0,150937.2,paper_101/ablation/results/37696.out,37696
p3_logp_mofe_last_ffn,159,0.000011,0.0046,logged_terminal_batch_composite_loss,950.8,151888.0,paper_101/ablation/results/37696.out,37696
p3_logp_mofe_last_ffn,160,0.000011,0.0140,logged_terminal_batch_composite_loss,951.3,152839.2,paper_101/ablation/results/37696.out,37696
p3_logp_mofe_last_ffn,161,0.000011,0.0045,logged_terminal_batch_composite_loss,1023.0,153862.3,paper_101/ablation/results/37696.out,37696
p3_logp_mofe_last_ffn,162,0.000011,0.0045,logged_terminal_batch_composite_loss,951.2,154813.4,paper_101/ablation/results/37696.out,37696
p3_logp_mofe_last_ffn,163,0.000011,0.0028,logged_terminal_batch_composite_loss,950.1,155763.6,paper_101/ablation/results/37696.out,37696
p3_logp_mofe_last_ffn,164,0.000011,0.0026,logged_terminal_batch_composite_loss,948.7,156712.3,paper_101/ablation/results/37696.out,37696
p3_logp_mofe_last_ffn,165,0.000011,0.0034,logged_terminal_batch_composite_loss,1025.3,157737.6,paper_101/ablation/results/37696.out,37696
p3_logp_mofe_last_ffn,166,0.000011,0.0032,logged_terminal_batch_composite_loss,949.3,158686.8,paper_101/ablation/results/37696.out,37696
p3_logp_mofe_last_ffn,167,0.000011,0.0076,logged_terminal_batch_composite_loss,953.9,159640.7,paper_101/ablation/results/37696.out,37696
p3_logp_mofe_last_ffn,168,0.000011,0.0096,logged_terminal_batch_composite_loss,949.1,160589.8,paper_101/ablation/results/37696.out,37696
p3_logp_mofe_last_ffn,169,0.000011,0.0027,logged_terminal_batch_composite_loss,950.0,161539.8,paper_101/ablation/results/37696.out,37696
p3_logp_mofe_last_ffn,170,0.000011,0.0042,logged_terminal_batch_composite_loss,949.9,162489.7,paper_101/ablation/results/37696.out,37696
p3_logp_mofe_last_ffn,171,0.000011,0.0011,logged_terminal_batch_composite_loss,948.9,163438.5,paper_101/ablation/results/37696.out,37696
p3_logp_mofe_last_ffn,172,0.000011,0.0039,logged_terminal_batch_composite_loss,949.6,164388.2,paper_101/ablation/results/37696.out,37696
p3_logp_mofe_last_ffn,173,0.000011,0.0061,logged_terminal_batch_composite_loss,948.6,165336.8,paper_101/ablation/results/37696.out,37696
p3_logp_mofe_last_ffn,174,0.000011,0.0054,logged_terminal_batch_composite_loss,952.9,166289.7,paper_101/ablation/results/37696.out,37696
p3_logp_mofe_last_ffn,175,0.000011,0.0064,logged_terminal_batch_composite_loss,950.0,167239.7,paper_101/ablation/results/37696.out,37696
p3_logp_mofe_last_ffn,176,0.000011,0.0047,logged_terminal_batch_composite_loss,951.7,168191.4,paper_101/ablation/results/37696.out,37696
p3_logp_mofe_last_ffn,177,0.000011,0.0039,logged_terminal_batch_composite_loss,956.4,169147.7,paper_101/ablation/results/37696.out,37696
p3_logp_mofe_last_ffn,178,0.000011,0.0062,logged_terminal_batch_composite_loss,956.8,170104.5,paper_101/ablation/results/37696.out,37696
p3_logp_mofe_last_ffn,179,0.000011,0.0040,logged_terminal_batch_composite_loss,956.4,171060.9,paper_101/ablation/results/37696.out,37696
p3_logp_mofe_last_ffn,180,0.000011,0.0033,logged_terminal_batch_composite_loss,956.7,172017.6,paper_101/ablation/results/37696.out,37696
p3_logp_mofe_last_ffn,181,0.000011,0.0028,logged_terminal_batch_composite_loss,954.5,172972.1,paper_101/ablation/results/37696.out,37696
p3_logp_mofe_last_ffn,182,0.000010,0.0011,logged_terminal_batch_composite_loss,954.5,173926.6,paper_101/ablation/results/37696.out,37696
p3_logp_mofe_last_ffn,183,0.000010,0.0076,logged_terminal_batch_composite_loss,957.2,174883.9,paper_101/ablation/results/37696.out,37696
p3_logp_mofe_last_ffn,184,0.000010,0.0043,logged_terminal_batch_composite_loss,954.3,175838.2,paper_101/ablation/results/37696.out,37696
p3_logp_mofe_last_ffn,185,0.000010,0.0044,logged_terminal_batch_composite_loss,955.6,176793.9,paper_101/ablation/results/37696.out,37696
p3_logp_mofe_last_ffn,186,0.000010,0.0034,logged_terminal_batch_composite_loss,953.8,177747.6,paper_101/ablation/results/37696.out,37696
p3_logp_mofe_last_ffn,187,0.000010,0.0046,logged_terminal_batch_composite_loss,955.3,178702.9,paper_101/ablation/results/37696.out,37696
p3_logp_mofe_last_ffn,188,0.000010,0.0047,logged_terminal_batch_composite_loss,953.9,179656.8,paper_101/ablation/results/37696.out,37696
p3_logp_mofe_last_ffn,189,0.000010,0.0031,logged_terminal_batch_composite_loss,954.4,180611.2,paper_101/ablation/results/37696.out,37696
p3_logp_mofe_last_ffn,190,0.000010,0.0152,logged_terminal_batch_composite_loss,954.5,181565.7,paper_101/ablation/results/37696.out,37696
p3_logp_mofe_last_ffn,191,0.000010,0.0033,logged_terminal_batch_composite_loss,954.2,182519.9,paper_101/ablation/results/37696.out,37696
p3_logp_mofe_last_ffn,192,0.000010,0.0030,logged_terminal_batch_composite_loss,954.4,183474.2,paper_101/ablation/results/37696.out,37696
p3_logp_mofe_last_ffn,193,0.000010,0.0069,logged_terminal_batch_composite_loss,954.0,184428.3,paper_101/ablation/results/37696.out,37696
p3_logp_mofe_last_ffn,194,0.000010,0.0136,logged_terminal_batch_composite_loss,954.4,185382.7,paper_101/ablation/results/37696.out,37696
p3_logp_mofe_last_ffn,195,0.000010,0.0043,logged_terminal_batch_composite_loss,955.4,186338.0,paper_101/ablation/results/37696.out,37696
p3_logp_mofe_last_ffn,196,0.000010,0.0034,logged_terminal_batch_composite_loss,950.5,187288.6,paper_101/ablation/results/37696.out,37696
p3_logp_mofe_last_ffn,197,0.000010,0.0149,logged_terminal_batch_composite_loss,951.5,188240.1,paper_101/ablation/results/37696.out,37696
p3_logp_mofe_last_ffn,198,0.000010,0.0068,logged_terminal_batch_composite_loss,953.9,189194.0,paper_101/ablation/results/37696.out,37696
p3_logp_mofe_last_ffn,199,0.000010,0.0049,logged_terminal_batch_composite_loss,952.4,190146.5,paper_101/ablation/results/37696.out,37696
p3_logp_mofe_last_ffn,200,0.000010,0.0055,logged_terminal_batch_composite_loss,953.4,191099.8,paper_101/ablation/results/37696.out,37696
p3_logp_mofe_last_ffn,201,0.000010,0.0216,logged_terminal_batch_composite_loss,953.1,192053.0,paper_101/ablation/results/37696.out,37696
p3_logp_mofe_last_ffn,202,0.000010,0.0050,logged_terminal_batch_composite_loss,954.6,193007.6,paper_101/ablation/results/37696.out,37696
p3_logp_mofe_last_ffn,203,0.000010,0.0122,logged_terminal_batch_composite_loss,953.0,193960.7,paper_101/ablation/results/37696.out,37696
p3_logp_mofe_last_ffn,204,0.000010,0.0043,logged_terminal_batch_composite_loss,955.1,194915.8,paper_101/ablation/results/37696.out,37696
p3_logp_mofe_last_ffn,205,0.000010,0.0039,logged_terminal_batch_composite_loss,956.0,195871.7,paper_101/ablation/results/37696.out,37696
p3_logp_mofe_last_ffn,206,0.000010,0.0183,logged_terminal_batch_composite_loss,954.8,196826.5,paper_101/ablation/results/37696.out,37696
p3_logp_mofe_last_ffn,207,0.000010,0.0099,logged_terminal_batch_composite_loss,954.1,197780.7,paper_101/ablation/results/37696.out,37696
p3_logp_mofe_last_ffn,208,0.000010,0.0019,logged_terminal_batch_composite_loss,953.1,198733.8,paper_101/ablation/results/37696.out,37696
p3_logp_mofe_last_ffn,209,0.000010,0.0016,logged_terminal_batch_composite_loss,954.1,199687.9,paper_101/ablation/results/37696.out,37696
p3_logp_mofe_last_ffn,210,0.000010,0.0048,logged_terminal_batch_composite_loss,953.3,200641.2,paper_101/ablation/results/37696.out,37696
p3_logp_mofe_last_ffn,211,0.000010,0.0039,logged_terminal_batch_composite_loss,954.8,201596.0,paper_101/ablation/results/37696.out,37696
p3_logp_mofe_last_ffn,212,0.000010,0.0199,logged_terminal_batch_composite_loss,953.5,202549.5,paper_101/ablation/results/37696.out,37696
p3_logp_mofe_last_ffn,213,0.000010,0.0042,logged_terminal_batch_composite_loss,952.7,203502.2,paper_101/ablation/results/37696.out,37696
p3_logp_mofe_last_ffn,214,0.000010,0.0432,logged_terminal_batch_composite_loss,953.6,204455.8,paper_101/ablation/results/37696.out,37696
p3_logp_mofe_last_ffn,215,0.000010,0.0217,logged_terminal_batch_composite_loss,953.8,205409.6,paper_101/ablation/results/37696.out,37696
p3_logp_mofe_last_ffn,216,0.000010,0.0030,logged_terminal_batch_composite_loss,952.4,206362.0,paper_101/ablation/results/37696.out,37696
p3_logp_mofe_last_ffn,217,0.000010,0.0273,logged_terminal_batch_composite_loss,953.0,207315.0,paper_101/ablation/results/37696.out,37696
p3_logp_mofe_last_ffn,218,0.000010,0.0024,logged_terminal_batch_composite_loss,953.5,208268.5,paper_101/ablation/results/37696.out,37696
p3_logp_mofe_last_ffn,219,0.000010,0.0015,logged_terminal_batch_composite_loss,953.2,209221.6,paper_101/ablation/results/37696.out,37696
p3_logp_mofe_last_ffn,220,0.000010,0.0041,logged_terminal_batch_composite_loss,952.3,210174.0,paper_101/ablation/results/37696.out,37696
p3_logp_mofe_last_ffn,221,0.000010,0.0028,logged_terminal_batch_composite_loss,953.3,211127.3,paper_101/ablation/results/37696.out,37696
p3_logp_mofe_last_ffn,222,0.000009,0.0040,logged_terminal_batch_composite_loss,959.3,212086.6,paper_101/ablation/results/37696.out,37696
p3_logp_mofe_last_ffn,223,0.000009,0.0034,logged_terminal_batch_composite_loss,952.7,213039.3,paper_101/ablation/results/37696.out,37696
p3_logp_mofe_last_ffn,224,0.000009,0.0046,logged_terminal_batch_composite_loss,952.0,213991.2,paper_101/ablation/results/37696.out,37696
p3_logp_mofe_last_ffn,225,0.000009,0.0134,logged_terminal_batch_composite_loss,953.1,214944.4,paper_101/ablation/results/37696.out,37696
p3_logp_mofe_last_ffn,226,0.000009,0.0033,logged_terminal_batch_composite_loss,954.1,215898.4,paper_101/ablation/results/37696.out,37696
p3_logp_mofe_last_ffn,227,0.000009,0.0053,logged_terminal_batch_composite_loss,953.4,216851.8,paper_101/ablation/results/37696.out,37696
p3_logp_mofe_last_ffn,228,0.000009,0.0069,logged_terminal_batch_composite_loss,953.2,217805.0,paper_101/ablation/results/37696.out,37696
p3_logp_mofe_last_ffn,229,0.000009,0.0072,logged_terminal_batch_composite_loss,952.9,218757.9,paper_101/ablation/results/37696.out,37696
p3_logp_mofe_last_ffn,230,0.000009,0.0014,logged_terminal_batch_composite_loss,952.3,219710.2,paper_101/ablation/results/37696.out,37696
p3_logp_mofe_last_ffn,231,0.000009,0.0033,logged_terminal_batch_composite_loss,953.4,220663.6,paper_101/ablation/results/37696.out,37696
p3_logp_mofe_last_ffn,232,0.000009,0.0017,logged_terminal_batch_composite_loss,953.8,221617.4,paper_101/ablation/results/37696.out,37696
p3_logp_mofe_last_ffn,233,0.000009,0.0067,logged_terminal_batch_composite_loss,949.9,222567.3,paper_101/ablation/results/37696.out,37696
p3_logp_mofe_last_ffn,234,0.000009,0.0057,logged_terminal_batch_composite_loss,947.0,223514.3,paper_101/ablation/results/37696.out,37696
p3_logp_mofe_last_ffn,235,0.000009,0.0021,logged_terminal_batch_composite_loss,946.9,224461.2,paper_101/ablation/results/37696.out,37696
p3_logp_mofe_last_ffn,236,0.000009,0.0023,logged_terminal_batch_composite_loss,946.3,225407.6,paper_101/ablation/results/37696.out,37696
p3_logp_mofe_last_ffn,237,0.000009,0.0034,logged_terminal_batch_composite_loss,947.3,226354.9,paper_101/ablation/results/37696.out,37696
p3_logp_mofe_last_ffn,238,0.000009,0.0018,logged_terminal_batch_composite_loss,947.9,227302.8,paper_101/ablation/results/37696.out,37696
p3_logp_mofe_last_ffn,239,0.000009,0.0037,logged_terminal_batch_composite_loss,947.5,228250.3,paper_101/ablation/results/37696.out,37696
p3_logp_mofe_last_ffn,240,0.000009,0.0021,logged_terminal_batch_composite_loss,947.8,229198.0,paper_101/ablation/results/37696.out,37696
p3_logp_mofe_last_ffn,241,0.000009,0.0033,logged_terminal_batch_composite_loss,946.6,230144.6,paper_101/ablation/results/37696.out,37696
p3_logp_mofe_last_ffn,242,0.000009,0.0027,logged_terminal_batch_composite_loss,947.9,231092.5,paper_101/ablation/results/37696.out,37696
p3_logp_mofe_last_ffn,243,0.000009,0.0068,logged_terminal_batch_composite_loss,947.2,232039.7,paper_101/ablation/results/37696.out,37696
p3_logp_mofe_last_ffn,244,0.000009,0.0060,logged_terminal_batch_composite_loss,947.7,232987.4,paper_101/ablation/results/37696.out,37696
p3_logp_mofe_last_ffn,245,0.000009,0.0041,logged_terminal_batch_composite_loss,947.6,233935.0,paper_101/ablation/results/37696.out,37696
p3_logp_mofe_last_ffn,246,0.000009,0.0054,logged_terminal_batch_composite_loss,948.1,234883.1,paper_101/ablation/results/37696.out,37696
p3_logp_mofe_last_ffn,247,0.000009,0.0020,logged_terminal_batch_composite_loss,946.7,235829.8,paper_101/ablation/results/37696.out,37696
p3_logp_mofe_last_ffn,248,0.000009,0.0055,logged_terminal_batch_composite_loss,948.6,236778.4,paper_101/ablation/results/37696.out,37696
p3_logp_mofe_last_ffn,249,0.000009,0.0037,logged_terminal_batch_composite_loss,948.3,237726.8,paper_101/ablation/results/37696.out,37696
p3_logp_mofe_last_ffn,250,0.000009,0.0052,logged_terminal_batch_composite_loss,946.9,238673.7,paper_101/ablation/results/37696.out,37696
p3_logp_mofe_last_ffn,251,0.000009,0.0057,logged_terminal_batch_composite_loss,946.6,239620.3,paper_101/ablation/results/37696.out,37696
p3_logp_mofe_last_ffn,252,0.000009,0.0055,logged_terminal_batch_composite_loss,948.8,240569.1,paper_101/ablation/results/37696.out,37696
p3_logp_mofe_last_ffn,253,0.000009,0.0171,logged_terminal_batch_composite_loss,946.9,241516.0,paper_101/ablation/results/37696.out,37696
p3_logp_mofe_last_ffn,254,0.000009,0.0035,logged_terminal_batch_composite_loss,946.0,242461.9,paper_101/ablation/results/37696.out,37696
p3_logp_mofe_last_ffn,255,0.000009,0.0041,logged_terminal_batch_composite_loss,946.3,243408.2,paper_101/ablation/results/37696.out,37696
p3_logp_mofe_last_ffn,256,0.000009,0.0022,logged_terminal_batch_composite_loss,947.3,244355.5,paper_101/ablation/results/37696.out,37696
p3_logp_mofe_last_ffn,257,0.000009,0.0007,logged_terminal_batch_composite_loss,947.6,245303.1,paper_101/ablation/results/37696.out,37696
p3_logp_mofe_last_ffn,258,0.000009,0.0041,logged_terminal_batch_composite_loss,947.9,246251.1,paper_101/ablation/results/37696.out,37696
p3_logp_mofe_last_ffn,259,0.000009,0.0052,logged_terminal_batch_composite_loss,946.3,247197.4,paper_101/ablation/results/37696.out,37696
p3_logp_mofe_last_ffn,260,0.000009,0.0028,logged_terminal_batch_composite_loss,946.4,248143.8,paper_101/ablation/results/37696.out,37696
p3_logp_mofe_last_ffn,261,0.000009,0.0074,logged_terminal_batch_composite_loss,946.2,249090.0,paper_101/ablation/results/37696.out,37696
p3_logp_mofe_last_ffn,262,0.000009,0.0036,logged_terminal_batch_composite_loss,946.8,250036.9,paper_101/ablation/results/37696.out,37696
p3_logp_mofe_last_ffn,263,0.000009,0.0040,logged_terminal_batch_composite_loss,946.1,250983.0,paper_101/ablation/results/37696.out,37696
p3_logp_mofe_last_ffn,264,0.000009,0.0032,logged_terminal_batch_composite_loss,947.6,251930.5,paper_101/ablation/results/37696.out,37696
p3_logp_mofe_last_ffn,265,0.000009,0.0053,logged_terminal_batch_composite_loss,947.1,252877.6,paper_101/ablation/results/37696.out,37696
p3_logp_mofe_last_ffn,266,0.000009,0.0050,logged_terminal_batch_composite_loss,945.7,253823.2,paper_101/ablation/results/37696.out,37696
p3_logp_mofe_last_ffn,267,0.000009,0.0031,logged_terminal_batch_composite_loss,946.7,254769.9,paper_101/ablation/results/37696.out,37696
p3_logp_mofe_last_ffn,268,0.000009,0.0060,logged_terminal_batch_composite_loss,947.0,255716.9,paper_101/ablation/results/37696.out,37696
p3_logp_mofe_last_ffn,269,0.000009,0.0112,logged_terminal_batch_composite_loss,946.3,256663.3,paper_101/ablation/results/37696.out,37696
p3_logp_mofe_last_ffn,270,0.000009,0.0070,logged_terminal_batch_composite_loss,947.3,257610.5,paper_101/ablation/results/37696.out,37696
p3_logp_mofe_last_ffn,271,0.000009,0.0034,logged_terminal_batch_composite_loss,946.4,258556.9,paper_101/ablation/results/37696.out,37696
p3_logp_mofe_last_ffn,272,0.000009,0.0033,logged_terminal_batch_composite_loss,949.1,259506.0,paper_101/ablation/results/37696.out,37696
p3_logp_mofe_last_ffn,273,0.000009,0.0034,logged_terminal_batch_composite_loss,946.9,260452.9,paper_101/ablation/results/37696.out,37696
p3_logp_mofe_last_ffn,274,0.000009,0.0029,logged_terminal_batch_composite_loss,948.0,261400.8,paper_101/ablation/results/37696.out,37696
p3_logp_mofe_last_ffn,275,0.000009,0.0158,logged_terminal_batch_composite_loss,947.5,262348.3,paper_101/ablation/results/37696.out,37696
p3_logp_mofe_last_ffn,276,0.000009,0.0033,logged_terminal_batch_composite_loss,947.7,263296.0,paper_101/ablation/results/37696.out,37696
p3_logp_mofe_last_ffn,277,0.000008,0.0026,logged_terminal_batch_composite_loss,948.0,264244.0,paper_101/ablation/results/37696.out,37696
p3_logp_mofe_last_ffn,278,0.000008,0.0037,logged_terminal_batch_composite_loss,949.5,265193.5,paper_101/ablation/results/37696.out,37696
p3_logp_mofe_last_ffn,279,0.000008,0.0054,logged_terminal_batch_composite_loss,973.4,266166.9,paper_101/ablation/results/37696.out,37696
p3_logp_mofe_last_ffn,280,0.000008,0.0049,logged_terminal_batch_composite_loss,967.2,267134.1,paper_101/ablation/results/37696.out,37696
p3_logp_mofe_last_ffn,281,0.000008,0.0072,logged_terminal_batch_composite_loss,947.2,268081.3,paper_101/ablation/results/37696.out,37696
p3_logp_mofe_last_ffn,282,0.000008,0.0033,logged_terminal_batch_composite_loss,946.2,269027.5,paper_101/ablation/results/37696.out,37696
p3_logp_mofe_last_ffn,283,0.000008,0.0045,logged_terminal_batch_composite_loss,946.3,269973.8,paper_101/ablation/results/37696.out,37696
p3_logp_mofe_last_ffn,284,0.000008,0.0033,logged_terminal_batch_composite_loss,946.7,270920.5,paper_101/ablation/results/37696.out,37696
p3_logp_mofe_last_ffn,285,0.000008,0.0017,logged_terminal_batch_composite_loss,946.7,271867.2,paper_101/ablation/results/37696.out,37696
p3_logp_mofe_last_ffn,286,0.000008,0.0059,logged_terminal_batch_composite_loss,946.1,272813.3,paper_101/ablation/results/37696.out,37696
p3_logp_mofe_last_ffn,287,0.000008,0.0059,logged_terminal_batch_composite_loss,946.9,273760.2,paper_101/ablation/results/37696.out,37696
p3_logp_mofe_last_ffn,288,0.000008,0.0029,logged_terminal_batch_composite_loss,947.9,274708.1,paper_101/ablation/results/37696.out,37696
p3_logp_mofe_last_ffn,289,0.000008,0.0035,logged_terminal_batch_composite_loss,955.4,275663.5,paper_101/ablation/results/37696.out,37696
p3_logp_mofe_last_ffn,290,0.000008,0.0053,logged_terminal_batch_composite_loss,956.3,276619.9,paper_101/ablation/results/37696.out,37696
p3_logp_mofe_last_ffn,291,0.000008,0.0028,logged_terminal_batch_composite_loss,953.8,277573.7,paper_101/ablation/results/37696.out,37696
p3_logp_mofe_last_ffn,292,0.000008,0.0055,logged_terminal_batch_composite_loss,983.1,278556.7,paper_101/ablation/results/37696.out,37696
p3_logp_mofe_last_ffn,293,0.000008,0.0158,logged_terminal_batch_composite_loss,955.6,279512.4,paper_101/ablation/results/37696.out,37696
p3_logp_mofe_last_ffn,294,0.000008,0.0026,logged_terminal_batch_composite_loss,954.6,280467.0,paper_101/ablation/results/37696.out,37696
p3_logp_mofe_last_ffn,295,0.000008,0.0036,logged_terminal_batch_composite_loss,955.0,281422.0,paper_101/ablation/results/37696.out,37696
p3_logp_mofe_last_ffn,296,0.000008,0.0307,logged_terminal_batch_composite_loss,954.6,282376.6,paper_101/ablation/results/37696.out,37696
p3_logp_mofe_last_ffn,297,0.000008,0.0041,logged_terminal_batch_composite_loss,956.3,283332.8,paper_101/ablation/results/37696.out,37696
p3_logp_mofe_last_ffn,298,0.000008,0.0032,logged_terminal_batch_composite_loss,952.2,284285.0,paper_101/ablation/results/37696.out,37696
p3_logp_mofe_last_ffn,299,0.000008,0.0061,logged_terminal_batch_composite_loss,955.3,285240.3,paper_101/ablation/results/37696.out,37696
p3_logp_mofe_last_ffn,300,0.000008,0.0066,logged_terminal_batch_composite_loss,952.2,286192.6,paper_101/ablation/results/37696.out,37696
p3_logp_mofe_last_ffn_conloss,1,0.000001,3.8437,logged_terminal_batch_composite_loss,960.8,960.8,paper_101/ablation/results/37703.out,37703
p3_logp_mofe_last_ffn_conloss,2,0.000002,2.4700,logged_terminal_batch_composite_loss,963.5,1924.4,paper_101/ablation/results/37703.out,37703
p3_logp_mofe_last_ffn_conloss,3,0.000003,2.1614,logged_terminal_batch_composite_loss,961.8,2886.2,paper_101/ablation/results/37703.out,37703
p3_logp_mofe_last_ffn_conloss,4,0.000003,1.8961,logged_terminal_batch_composite_loss,963.5,3849.8,paper_101/ablation/results/37703.out,37703
p3_logp_mofe_last_ffn_conloss,5,0.000004,1.9288,logged_terminal_batch_composite_loss,962.5,4812.3,paper_101/ablation/results/37703.out,37703
p3_logp_mofe_last_ffn_conloss,6,0.000005,1.8984,logged_terminal_batch_composite_loss,962.3,5774.6,paper_101/ablation/results/37703.out,37703
p3_logp_mofe_last_ffn_conloss,7,0.000006,1.4459,logged_terminal_batch_composite_loss,961.2,6735.8,paper_101/ablation/results/37703.out,37703
p3_logp_mofe_last_ffn_conloss,8,0.000007,1.0877,logged_terminal_batch_composite_loss,961.6,7697.5,paper_101/ablation/results/37703.out,37703
p3_logp_mofe_last_ffn_conloss,9,0.000008,0.8763,logged_terminal_batch_composite_loss,962.2,8659.8,paper_101/ablation/results/37703.out,37703
p3_logp_mofe_last_ffn_conloss,10,0.000009,0.9076,logged_terminal_batch_composite_loss,961.6,9621.5,paper_101/ablation/results/37703.out,37703
p3_logp_mofe_last_ffn_conloss,11,0.000009,0.8702,logged_terminal_batch_composite_loss,961.6,10583.1,paper_101/ablation/results/37703.out,37703
p3_logp_mofe_last_ffn_conloss,12,0.000010,0.6075,logged_terminal_batch_composite_loss,961.8,11545.0,paper_101/ablation/results/37703.out,37703
p3_logp_mofe_last_ffn_conloss,13,0.000011,0.7551,logged_terminal_batch_composite_loss,960.8,12505.8,paper_101/ablation/results/37703.out,37703
p3_logp_mofe_last_ffn_conloss,14,0.000012,0.5808,logged_terminal_batch_composite_loss,961.7,13467.4,paper_101/ablation/results/37703.out,37703
p3_logp_mofe_last_ffn_conloss,15,0.000013,0.4456,logged_terminal_batch_composite_loss,963.5,14431.0,paper_101/ablation/results/37703.out,37703
p3_logp_mofe_last_ffn_conloss,16,0.000014,0.4159,logged_terminal_batch_composite_loss,960.7,15391.8,paper_101/ablation/results/37703.out,37703
p3_logp_mofe_last_ffn_conloss,17,0.000015,0.3831,logged_terminal_batch_composite_loss,960.6,16352.6,paper_101/ablation/results/37703.out,37703
p3_logp_mofe_last_ffn_conloss,18,0.000015,0.3138,logged_terminal_batch_composite_loss,961.0,17313.6,paper_101/ablation/results/37703.out,37703
p3_logp_mofe_last_ffn_conloss,19,0.000016,0.2643,logged_terminal_batch_composite_loss,961.8,18275.5,paper_101/ablation/results/37703.out,37703
p3_logp_mofe_last_ffn_conloss,20,0.000017,0.3400,logged_terminal_batch_composite_loss,961.0,19236.7,paper_101/ablation/results/37703.out,37703
p3_logp_mofe_last_ffn_conloss,21,0.000018,0.6312,logged_terminal_batch_composite_loss,960.9,20197.6,paper_101/ablation/results/37703.out,37703
p3_logp_mofe_last_ffn_conloss,22,0.000019,0.3791,logged_terminal_batch_composite_loss,962.2,21159.8,paper_101/ablation/results/37703.out,37703
p3_logp_mofe_last_ffn_conloss,23,0.000020,0.3392,logged_terminal_batch_composite_loss,961.9,22121.7,paper_101/ablation/results/37703.out,37703
p3_logp_mofe_last_ffn_conloss,24,0.000021,0.2955,logged_terminal_batch_composite_loss,962.1,23083.8,paper_101/ablation/results/37703.out,37703
p3_logp_mofe_last_ffn_conloss,25,0.000022,0.3501,logged_terminal_batch_composite_loss,960.7,24044.5,paper_101/ablation/results/37703.out,37703
p3_logp_mofe_last_ffn_conloss,26,0.000022,0.3334,logged_terminal_batch_composite_loss,962.0,25006.5,paper_101/ablation/results/37703.out,37703
p3_logp_mofe_last_ffn_conloss,27,0.000023,0.2967,logged_terminal_batch_composite_loss,960.2,25966.7,paper_101/ablation/results/37703.out,37703
p3_logp_mofe_last_ffn_conloss,28,0.000024,0.3492,logged_terminal_batch_composite_loss,961.8,26928.5,paper_101/ablation/results/37703.out,37703
p3_logp_mofe_last_ffn_conloss,29,0.000025,0.2701,logged_terminal_batch_composite_loss,980.5,27909.0,paper_101/ablation/results/37703.out,37703
p3_logp_mofe_last_ffn_conloss,30,0.000026,0.2612,logged_terminal_batch_composite_loss,1014.9,28923.9,paper_101/ablation/results/37703.out,37703
p3_logp_mofe_last_ffn_conloss,31,0.000025,0.2364,logged_terminal_batch_composite_loss,962.1,29886.0,paper_101/ablation/results/37703.out,37703
p3_logp_mofe_last_ffn_conloss,32,0.000025,0.2883,logged_terminal_batch_composite_loss,960.8,30847.0,paper_101/ablation/results/37703.out,37703
p3_logp_mofe_last_ffn_conloss,33,0.000025,0.2736,logged_terminal_batch_composite_loss,961.1,31808.0,paper_101/ablation/results/37703.out,37703
p3_logp_mofe_last_ffn_conloss,34,0.000024,0.2379,logged_terminal_batch_composite_loss,1035.5,32843.5,paper_101/ablation/results/37703.out,37703
p3_logp_mofe_last_ffn_conloss,35,0.000024,0.2926,logged_terminal_batch_composite_loss,960.5,33804.1,paper_101/ablation/results/37703.out,37703
p3_logp_mofe_last_ffn_conloss,36,0.000024,0.2023,logged_terminal_batch_composite_loss,965.6,34769.6,paper_101/ablation/results/37703.out,37703
p3_logp_mofe_last_ffn_conloss,37,0.000023,0.2631,logged_terminal_batch_composite_loss,962.6,35732.5,paper_101/ablation/results/37703.out,37703
p3_logp_mofe_last_ffn_conloss,38,0.000023,0.2289,logged_terminal_batch_composite_loss,961.5,36693.9,paper_101/ablation/results/37703.out,37703
p3_logp_mofe_last_ffn_conloss,39,0.000023,0.1916,logged_terminal_batch_composite_loss,960.8,37654.7,paper_101/ablation/results/37703.out,37703
p3_logp_mofe_last_ffn_conloss,40,0.000022,0.2146,logged_terminal_batch_composite_loss,962.5,38617.3,paper_101/ablation/results/37703.out,37703
p3_logp_mofe_last_ffn_conloss,41,0.000022,0.2126,logged_terminal_batch_composite_loss,960.6,39577.9,paper_101/ablation/results/37703.out,37703
p3_logp_mofe_last_ffn_conloss,42,0.000022,0.2290,logged_terminal_batch_composite_loss,963.2,40541.1,paper_101/ablation/results/37703.out,37703
p3_logp_mofe_last_ffn_conloss,43,0.000022,0.1811,logged_terminal_batch_composite_loss,964.8,41505.9,paper_101/ablation/results/37703.out,37703
p3_logp_mofe_last_ffn_conloss,44,0.000021,0.2039,logged_terminal_batch_composite_loss,961.4,42467.4,paper_101/ablation/results/37703.out,37703
p3_logp_mofe_last_ffn_conloss,45,0.000021,0.1882,logged_terminal_batch_composite_loss,965.0,43432.4,paper_101/ablation/results/37703.out,37703
p3_logp_mofe_last_ffn_conloss,46,0.000021,0.1924,logged_terminal_batch_composite_loss,968.1,44400.4,paper_101/ablation/results/37703.out,37703
p3_logp_mofe_last_ffn_conloss,47,0.000021,0.1928,logged_terminal_batch_composite_loss,967.2,45367.7,paper_101/ablation/results/37703.out,37703
p3_logp_mofe_last_ffn_conloss,48,0.000020,0.1978,logged_terminal_batch_composite_loss,967.0,46334.7,paper_101/ablation/results/37703.out,37703
p3_logp_mofe_last_ffn_conloss,49,0.000020,0.1841,logged_terminal_batch_composite_loss,968.5,47303.1,paper_101/ablation/results/37703.out,37703
p3_logp_mofe_last_ffn_conloss,50,0.000020,0.1848,logged_terminal_batch_composite_loss,966.3,48269.5,paper_101/ablation/results/37703.out,37703
p3_logp_mofe_last_ffn_conloss,51,0.000020,0.1779,logged_terminal_batch_composite_loss,967.6,49237.2,paper_101/ablation/results/37703.out,37703
p3_logp_mofe_last_ffn_conloss,52,0.000020,0.1867,logged_terminal_batch_composite_loss,967.6,50204.9,paper_101/ablation/results/37703.out,37703
p3_logp_mofe_last_ffn_conloss,53,0.000019,0.1993,logged_terminal_batch_composite_loss,965.9,51170.7,paper_101/ablation/results/37703.out,37703
p3_logp_mofe_last_ffn_conloss,54,0.000019,0.1840,logged_terminal_batch_composite_loss,965.6,52136.3,paper_101/ablation/results/37703.out,37703
p3_logp_mofe_last_ffn_conloss,55,0.000019,0.2044,logged_terminal_batch_composite_loss,965.5,53101.8,paper_101/ablation/results/37703.out,37703
p3_logp_mofe_last_ffn_conloss,56,0.000019,0.2160,logged_terminal_batch_composite_loss,966.9,54068.7,paper_101/ablation/results/37703.out,37703
p3_logp_mofe_last_ffn_conloss,57,0.000019,0.1935,logged_terminal_batch_composite_loss,965.0,55033.7,paper_101/ablation/results/37703.out,37703
p3_logp_mofe_last_ffn_conloss,58,0.000019,0.1907,logged_terminal_batch_composite_loss,966.1,55999.9,paper_101/ablation/results/37703.out,37703
p3_logp_mofe_last_ffn_conloss,59,0.000018,0.1969,logged_terminal_batch_composite_loss,966.4,56966.3,paper_101/ablation/results/37703.out,37703
p3_logp_mofe_last_ffn_conloss,60,0.000018,0.2175,logged_terminal_batch_composite_loss,964.8,57931.0,paper_101/ablation/results/37703.out,37703
p3_logp_mofe_last_ffn_conloss,61,0.000018,0.2203,logged_terminal_batch_composite_loss,966.9,58897.9,paper_101/ablation/results/37703.out,37703
p3_logp_mofe_last_ffn_conloss,62,0.000018,0.1991,logged_terminal_batch_composite_loss,966.1,59864.0,paper_101/ablation/results/37703.out,37703
p3_logp_mofe_last_ffn_conloss,63,0.000018,0.1906,logged_terminal_batch_composite_loss,967.1,60831.1,paper_101/ablation/results/37703.out,37703
p3_logp_mofe_last_ffn_conloss,64,0.000018,0.2253,logged_terminal_batch_composite_loss,963.7,61794.9,paper_101/ablation/results/37703.out,37703
p3_logp_mofe_last_ffn_conloss,65,0.000018,0.1675,logged_terminal_batch_composite_loss,961.2,62756.1,paper_101/ablation/results/37703.out,37703
p3_logp_mofe_last_ffn_conloss,66,0.000017,0.2042,logged_terminal_batch_composite_loss,964.5,63720.6,paper_101/ablation/results/37703.out,37703
p3_logp_mofe_last_ffn_conloss,67,0.000017,0.1998,logged_terminal_batch_composite_loss,963.7,64684.4,paper_101/ablation/results/37703.out,37703
p3_logp_mofe_last_ffn_conloss,68,0.000017,0.1865,logged_terminal_batch_composite_loss,964.1,65648.4,paper_101/ablation/results/37703.out,37703
p3_logp_mofe_last_ffn_conloss,69,0.000017,0.1964,logged_terminal_batch_composite_loss,963.4,66611.8,paper_101/ablation/results/37703.out,37703
p3_logp_mofe_last_ffn_conloss,70,0.000017,0.1692,logged_terminal_batch_composite_loss,964.5,67576.3,paper_101/ablation/results/37703.out,37703
p3_logp_mofe_last_ffn_conloss,71,0.000017,0.1947,logged_terminal_batch_composite_loss,964.6,68540.8,paper_101/ablation/results/37703.out,37703
p3_logp_mofe_last_ffn_conloss,72,0.000017,0.1931,logged_terminal_batch_composite_loss,962.1,69503.0,paper_101/ablation/results/37703.out,37703
p3_logp_mofe_last_ffn_conloss,73,0.000017,0.2008,logged_terminal_batch_composite_loss,963.5,70466.5,paper_101/ablation/results/37703.out,37703
p3_logp_mofe_last_ffn_conloss,74,0.000016,0.1898,logged_terminal_batch_composite_loss,966.7,71433.2,paper_101/ablation/results/37703.out,37703
p3_logp_mofe_last_ffn_conloss,75,0.000016,0.1838,logged_terminal_batch_composite_loss,965.7,72398.9,paper_101/ablation/results/37703.out,37703
p3_logp_mofe_last_ffn_conloss,76,0.000016,0.1767,logged_terminal_batch_composite_loss,966.0,73364.9,paper_101/ablation/results/37703.out,37703
p3_logp_mofe_last_ffn_conloss,77,0.000016,0.1766,logged_terminal_batch_composite_loss,964.8,74329.7,paper_101/ablation/results/37703.out,37703
p3_logp_mofe_last_ffn_conloss,78,0.000016,0.2010,logged_terminal_batch_composite_loss,964.7,75294.3,paper_101/ablation/results/37703.out,37703
p3_logp_mofe_last_ffn_conloss,79,0.000016,0.1645,logged_terminal_batch_composite_loss,964.3,76258.6,paper_101/ablation/results/37703.out,37703
p3_logp_mofe_last_ffn_conloss,80,0.000016,0.1646,logged_terminal_batch_composite_loss,964.6,77223.3,paper_101/ablation/results/37703.out,37703
p3_logp_mofe_last_ffn_conloss,81,0.000016,0.2114,logged_terminal_batch_composite_loss,963.1,78186.4,paper_101/ablation/results/37703.out,37703
p3_logp_mofe_last_ffn_conloss,82,0.000016,0.1711,logged_terminal_batch_composite_loss,965.1,79151.5,paper_101/ablation/results/37703.out,37703
p3_logp_mofe_last_ffn_conloss,83,0.000016,0.1791,logged_terminal_batch_composite_loss,963.5,80115.0,paper_101/ablation/results/37703.out,37703
p3_logp_mofe_last_ffn_conloss,84,0.000015,0.1908,logged_terminal_batch_composite_loss,963.9,81078.9,paper_101/ablation/results/37703.out,37703
p3_logp_mofe_last_ffn_conloss,85,0.000015,0.1595,logged_terminal_batch_composite_loss,963.9,82042.8,paper_101/ablation/results/37703.out,37703
p3_logp_mofe_last_ffn_conloss,86,0.000015,0.1777,logged_terminal_batch_composite_loss,964.4,83007.3,paper_101/ablation/results/37703.out,37703
p3_logp_mofe_last_ffn_conloss,87,0.000015,0.1592,logged_terminal_batch_composite_loss,963.8,83971.1,paper_101/ablation/results/37703.out,37703
p3_logp_mofe_last_ffn_conloss,88,0.000015,0.1633,logged_terminal_batch_composite_loss,964.3,84935.5,paper_101/ablation/results/37703.out,37703
p3_logp_mofe_last_ffn_conloss,89,0.000015,0.1675,logged_terminal_batch_composite_loss,963.1,85898.6,paper_101/ablation/results/37703.out,37703
p3_logp_mofe_last_ffn_conloss,90,0.000015,0.1536,logged_terminal_batch_composite_loss,964.1,86862.7,paper_101/ablation/results/37703.out,37703
p3_logp_mofe_last_ffn_conloss,91,0.000015,0.1597,logged_terminal_batch_composite_loss,969.9,87832.7,paper_101/ablation/results/37703.out,37703
p3_logp_mofe_last_ffn_conloss,92,0.000015,0.1831,logged_terminal_batch_composite_loss,965.0,88797.7,paper_101/ablation/results/37703.out,37703
p3_logp_mofe_last_ffn_conloss,93,0.000015,0.1684,logged_terminal_batch_composite_loss,964.2,89761.9,paper_101/ablation/results/37703.out,37703
p3_logp_mofe_last_ffn_conloss,94,0.000015,0.1572,logged_terminal_batch_composite_loss,965.2,90727.0,paper_101/ablation/results/37703.out,37703
p3_logp_mofe_last_ffn_conloss,95,0.000015,0.1820,logged_terminal_batch_composite_loss,964.7,91691.8,paper_101/ablation/results/37703.out,37703
p3_logp_mofe_last_ffn_conloss,96,0.000014,0.1730,logged_terminal_batch_composite_loss,964.4,92656.1,paper_101/ablation/results/37703.out,37703
p3_logp_mofe_last_ffn_conloss,97,0.000014,0.2618,logged_terminal_batch_composite_loss,965.0,93621.2,paper_101/ablation/results/37703.out,37703
p3_logp_mofe_last_ffn_conloss,98,0.000014,0.1670,logged_terminal_batch_composite_loss,964.2,94585.4,paper_101/ablation/results/37703.out,37703
p3_logp_mofe_last_ffn_conloss,99,0.000014,0.2021,logged_terminal_batch_composite_loss,964.4,95549.9,paper_101/ablation/results/37703.out,37703
p3_logp_mofe_last_ffn_conloss,100,0.000014,0.1602,logged_terminal_batch_composite_loss,965.6,96515.5,paper_101/ablation/results/37703.out,37703
p3_logp_mofe_last_ffn_conloss,101,0.000014,0.1641,logged_terminal_batch_composite_loss,961.0,97476.7,paper_101/ablation/results/37703.out,37703
p3_logp_mofe_last_ffn_conloss,102,0.000014,0.1668,logged_terminal_batch_composite_loss,956.9,98433.5,paper_101/ablation/results/37703.out,37703
p3_logp_mofe_last_ffn_conloss,103,0.000014,0.1753,logged_terminal_batch_composite_loss,958.4,99392.0,paper_101/ablation/results/37703.out,37703
p3_logp_mofe_last_ffn_conloss,104,0.000014,0.1643,logged_terminal_batch_composite_loss,959.0,100351.0,paper_101/ablation/results/37703.out,37703
p3_logp_mofe_last_ffn_conloss,105,0.000014,0.1816,logged_terminal_batch_composite_loss,958.3,101309.3,paper_101/ablation/results/37703.out,37703
p3_logp_mofe_last_ffn_conloss,106,0.000014,0.1621,logged_terminal_batch_composite_loss,958.7,102268.0,paper_101/ablation/results/37703.out,37703
p3_logp_mofe_last_ffn_conloss,107,0.000014,0.1543,logged_terminal_batch_composite_loss,958.9,103226.9,paper_101/ablation/results/37703.out,37703
p3_logp_mofe_last_ffn_conloss,108,0.000014,0.1818,logged_terminal_batch_composite_loss,958.6,104185.6,paper_101/ablation/results/37703.out,37703
p3_logp_mofe_last_ffn_conloss,109,0.000014,0.1757,logged_terminal_batch_composite_loss,959.0,105144.6,paper_101/ablation/results/37703.out,37703
p3_logp_mofe_last_ffn_conloss,110,0.000013,0.1745,logged_terminal_batch_composite_loss,957.9,106102.5,paper_101/ablation/results/37703.out,37703
p3_logp_mofe_last_ffn_conloss,111,0.000013,0.1721,logged_terminal_batch_composite_loss,958.6,107061.1,paper_101/ablation/results/37703.out,37703
p3_logp_mofe_last_ffn_conloss,112,0.000013,0.2212,logged_terminal_batch_composite_loss,959.3,108020.4,paper_101/ablation/results/37703.out,37703
p3_logp_mofe_last_ffn_conloss,113,0.000013,0.1818,logged_terminal_batch_composite_loss,958.8,108979.2,paper_101/ablation/results/37703.out,37703
p3_logp_mofe_last_ffn_conloss,114,0.000013,0.1584,logged_terminal_batch_composite_loss,959.5,109938.7,paper_101/ablation/results/37703.out,37703
p3_logp_mofe_last_ffn_conloss,115,0.000013,0.1565,logged_terminal_batch_composite_loss,960.5,110899.1,paper_101/ablation/results/37703.out,37703
p3_logp_mofe_last_ffn_conloss,116,0.000013,0.1777,logged_terminal_batch_composite_loss,958.6,111857.8,paper_101/ablation/results/37703.out,37703
p3_logp_mofe_last_ffn_conloss,117,0.000013,0.1784,logged_terminal_batch_composite_loss,959.1,112816.9,paper_101/ablation/results/37703.out,37703
p3_logp_mofe_last_ffn_conloss,118,0.000013,0.1602,logged_terminal_batch_composite_loss,959.1,113776.0,paper_101/ablation/results/37703.out,37703
p3_logp_mofe_last_ffn_conloss,119,0.000013,0.1701,logged_terminal_batch_composite_loss,958.1,114734.2,paper_101/ablation/results/37703.out,37703
p3_logp_mofe_last_ffn_conloss,120,0.000013,0.1691,logged_terminal_batch_composite_loss,958.4,115692.5,paper_101/ablation/results/37703.out,37703
p3_logp_mofe_last_ffn_conloss,121,0.000013,0.1661,logged_terminal_batch_composite_loss,958.7,116651.2,paper_101/ablation/results/37703.out,37703
p3_logp_mofe_last_ffn_conloss,122,0.000013,0.1717,logged_terminal_batch_composite_loss,958.1,117609.3,paper_101/ablation/results/37703.out,37703
p3_logp_mofe_last_ffn_conloss,123,0.000013,0.1764,logged_terminal_batch_composite_loss,959.0,118568.2,paper_101/ablation/results/37703.out,37703
p3_logp_mofe_last_ffn_conloss,124,0.000013,0.1560,logged_terminal_batch_composite_loss,957.3,119525.5,paper_101/ablation/results/37703.out,37703
p3_logp_mofe_last_ffn_conloss,125,0.000013,0.1793,logged_terminal_batch_composite_loss,957.6,120483.1,paper_101/ablation/results/37703.out,37703
p3_logp_mofe_last_ffn_conloss,126,0.000013,0.1575,logged_terminal_batch_composite_loss,957.5,121440.7,paper_101/ablation/results/37703.out,37703
p3_logp_mofe_last_ffn_conloss,127,0.000013,0.1595,logged_terminal_batch_composite_loss,958.6,122399.3,paper_101/ablation/results/37703.out,37703
p3_logp_mofe_last_ffn_conloss,128,0.000013,0.1551,logged_terminal_batch_composite_loss,957.4,123356.7,paper_101/ablation/results/37703.out,37703
p3_logp_mofe_last_ffn_conloss,129,0.000012,0.1635,logged_terminal_batch_composite_loss,956.7,124313.4,paper_101/ablation/results/37703.out,37703
p3_logp_mofe_last_ffn_conloss,130,0.000012,0.1691,logged_terminal_batch_composite_loss,956.8,125270.2,paper_101/ablation/results/37703.out,37703
p3_logp_mofe_last_ffn_conloss,131,0.000012,0.1869,logged_terminal_batch_composite_loss,957.6,126227.8,paper_101/ablation/results/37703.out,37703
p3_logp_mofe_last_ffn_conloss,132,0.000012,0.1601,logged_terminal_batch_composite_loss,957.2,127185.0,paper_101/ablation/results/37703.out,37703
p3_logp_mofe_last_ffn_conloss,133,0.000012,0.1601,logged_terminal_batch_composite_loss,957.7,128142.6,paper_101/ablation/results/37703.out,37703
p3_logp_mofe_last_ffn_conloss,134,0.000012,0.1830,logged_terminal_batch_composite_loss,958.8,129101.4,paper_101/ablation/results/37703.out,37703
p3_logp_mofe_last_ffn_conloss,135,0.000012,0.1645,logged_terminal_batch_composite_loss,956.5,130057.9,paper_101/ablation/results/37703.out,37703
p3_logp_mofe_last_ffn_conloss,136,0.000012,0.1838,logged_terminal_batch_composite_loss,957.2,131015.1,paper_101/ablation/results/37703.out,37703
p3_logp_mofe_last_ffn_conloss,137,0.000012,0.1594,logged_terminal_batch_composite_loss,958.0,131973.1,paper_101/ablation/results/37703.out,37703
p3_logp_mofe_last_ffn_conloss,138,0.000012,0.1590,logged_terminal_batch_composite_loss,958.6,132931.8,paper_101/ablation/results/37703.out,37703
p3_logp_mofe_last_ffn_conloss,139,0.000012,0.1817,logged_terminal_batch_composite_loss,959.0,133890.8,paper_101/ablation/results/37703.out,37703
p3_logp_mofe_last_ffn_conloss,140,0.000012,0.1678,logged_terminal_batch_composite_loss,959.4,134850.2,paper_101/ablation/results/37703.out,37703
p3_logp_mofe_last_ffn_conloss,141,0.000012,0.1797,logged_terminal_batch_composite_loss,959.8,135810.0,paper_101/ablation/results/37703.out,37703
p3_logp_mofe_last_ffn_conloss,142,0.000012,0.1618,logged_terminal_batch_composite_loss,960.6,136770.6,paper_101/ablation/results/37703.out,37703
p3_logp_mofe_last_ffn_conloss,143,0.000012,0.1601,logged_terminal_batch_composite_loss,959.4,137730.1,paper_101/ablation/results/37703.out,37703
p3_logp_mofe_last_ffn_conloss,144,0.000012,0.1640,logged_terminal_batch_composite_loss,960.1,138690.1,paper_101/ablation/results/37703.out,37703
p3_logp_mofe_last_ffn_conloss,145,0.000012,0.1605,logged_terminal_batch_composite_loss,959.6,139649.7,paper_101/ablation/results/37703.out,37703
p3_logp_mofe_last_ffn_conloss,146,0.000012,0.1652,logged_terminal_batch_composite_loss,972.9,140622.6,paper_101/ablation/results/37703.out,37703
p3_logp_mofe_last_ffn_conloss,147,0.000012,0.1616,logged_terminal_batch_composite_loss,986.9,141609.4,paper_101/ablation/results/37703.out,37703
p3_logp_mofe_last_ffn_conloss,148,0.000012,0.1604,logged_terminal_batch_composite_loss,964.7,142574.1,paper_101/ablation/results/37703.out,37703
p3_logp_mofe_last_ffn_conloss,149,0.000012,0.1535,logged_terminal_batch_composite_loss,957.6,143531.7,paper_101/ablation/results/37703.out,37703
p3_logp_mofe_last_ffn_conloss,150,0.000012,0.1704,logged_terminal_batch_composite_loss,958.1,144490.0,paper_101/ablation/results/37703.out,37703
p3_logp_mofe_last_ffn_conloss,151,0.000012,0.1557,logged_terminal_batch_composite_loss,956.7,145446.8,paper_101/ablation/results/37703.out,37703
p3_logp_mofe_last_ffn_conloss,152,0.000011,0.1557,logged_terminal_batch_composite_loss,959.9,146406.7,paper_101/ablation/results/37703.out,37703
p3_logp_mofe_last_ffn_conloss,153,0.000011,0.1868,logged_terminal_batch_composite_loss,957.5,147364.2,paper_101/ablation/results/37703.out,37703
p3_logp_mofe_last_ffn_conloss,154,0.000011,0.1807,logged_terminal_batch_composite_loss,958.1,148322.3,paper_101/ablation/results/37703.out,37703
p3_logp_mofe_last_ffn_conloss,155,0.000011,0.1539,logged_terminal_batch_composite_loss,957.5,149279.8,paper_101/ablation/results/37703.out,37703
p3_logp_mofe_last_ffn_conloss,156,0.000011,0.1674,logged_terminal_batch_composite_loss,963.4,150243.2,paper_101/ablation/results/37703.out,37703
p3_logp_mofe_last_ffn_conloss,157,0.000011,0.1651,logged_terminal_batch_composite_loss,967.3,151210.5,paper_101/ablation/results/37703.out,37703
p3_logp_mofe_last_ffn_conloss,158,0.000011,0.1743,logged_terminal_batch_composite_loss,964.8,152175.3,paper_101/ablation/results/37703.out,37703
p3_logp_mofe_last_ffn_conloss,159,0.000011,0.1566,logged_terminal_batch_composite_loss,989.2,153164.4,paper_101/ablation/results/37703.out,37703
p3_logp_mofe_last_ffn_conloss,160,0.000011,0.1649,logged_terminal_batch_composite_loss,968.1,154132.5,paper_101/ablation/results/37703.out,37703
p3_logp_mofe_last_ffn_conloss,161,0.000011,0.1614,logged_terminal_batch_composite_loss,964.9,155097.4,paper_101/ablation/results/37703.out,37703
p3_logp_mofe_last_ffn_conloss,162,0.000011,0.1547,logged_terminal_batch_composite_loss,964.8,156062.2,paper_101/ablation/results/37703.out,37703
p3_logp_mofe_last_ffn_conloss,163,0.000011,0.1568,logged_terminal_batch_composite_loss,964.5,157026.7,paper_101/ablation/results/37703.out,37703
p3_logp_mofe_last_ffn_conloss,164,0.000011,0.1691,logged_terminal_batch_composite_loss,965.3,157992.1,paper_101/ablation/results/37703.out,37703
p3_logp_mofe_last_ffn_conloss,165,0.000011,0.1595,logged_terminal_batch_composite_loss,964.2,158956.3,paper_101/ablation/results/37703.out,37703
p3_logp_mofe_last_ffn_conloss,166,0.000011,0.1730,logged_terminal_batch_composite_loss,963.2,159919.5,paper_101/ablation/results/37703.out,37703
p3_logp_mofe_last_ffn_conloss,167,0.000011,0.1837,logged_terminal_batch_composite_loss,963.7,160883.2,paper_101/ablation/results/37703.out,37703
p3_logp_mofe_last_ffn_conloss,168,0.000011,0.1763,logged_terminal_batch_composite_loss,963.7,161846.9,paper_101/ablation/results/37703.out,37703
p3_logp_mofe_last_ffn_conloss,169,0.000011,0.1561,logged_terminal_batch_composite_loss,964.3,162811.3,paper_101/ablation/results/37703.out,37703
p3_logp_mofe_last_ffn_conloss,170,0.000011,0.1621,logged_terminal_batch_composite_loss,964.1,163775.4,paper_101/ablation/results/37703.out,37703
p3_logp_mofe_last_ffn_conloss,171,0.000011,0.1604,logged_terminal_batch_composite_loss,964.6,164740.0,paper_101/ablation/results/37703.out,37703
p3_logp_mofe_last_ffn_conloss,172,0.000011,0.1747,logged_terminal_batch_composite_loss,963.6,165703.6,paper_101/ablation/results/37703.out,37703
p3_logp_mofe_last_ffn_conloss,173,0.000011,0.1695,logged_terminal_batch_composite_loss,962.9,166666.5,paper_101/ablation/results/37703.out,37703
p3_logp_mofe_last_ffn_conloss,174,0.000011,0.1601,logged_terminal_batch_composite_loss,963.2,167629.7,paper_101/ablation/results/37703.out,37703
p3_logp_mofe_last_ffn_conloss,175,0.000011,0.1651,logged_terminal_batch_composite_loss,963.8,168593.5,paper_101/ablation/results/37703.out,37703
p3_logp_mofe_last_ffn_conloss,176,0.000011,0.1612,logged_terminal_batch_composite_loss,963.1,169556.6,paper_101/ablation/results/37703.out,37703
p3_logp_mofe_last_ffn_conloss,177,0.000011,0.1660,logged_terminal_batch_composite_loss,964.8,170521.4,paper_101/ablation/results/37703.out,37703
p3_logp_mofe_last_ffn_conloss,178,0.000011,0.1916,logged_terminal_batch_composite_loss,963.4,171484.7,paper_101/ablation/results/37703.out,37703
p3_logp_mofe_last_ffn_conloss,179,0.000011,0.1590,logged_terminal_batch_composite_loss,963.8,172448.5,paper_101/ablation/results/37703.out,37703
p3_logp_mofe_last_ffn_conloss,180,0.000011,0.1754,logged_terminal_batch_composite_loss,964.9,173413.5,paper_101/ablation/results/37703.out,37703
p3_logp_mofe_last_ffn_conloss,181,0.000011,0.1620,logged_terminal_batch_composite_loss,965.1,174378.5,paper_101/ablation/results/37703.out,37703
p3_logp_mofe_last_ffn_conloss,182,0.000010,0.1715,logged_terminal_batch_composite_loss,964.5,175343.0,paper_101/ablation/results/37703.out,37703
p3_logp_mofe_last_ffn_conloss,183,0.000010,0.1722,logged_terminal_batch_composite_loss,964.1,176307.2,paper_101/ablation/results/37703.out,37703
p3_logp_mofe_last_ffn_conloss,184,0.000010,0.1653,logged_terminal_batch_composite_loss,963.1,177270.3,paper_101/ablation/results/37703.out,37703
p3_logp_mofe_last_ffn_conloss,185,0.000010,0.1572,logged_terminal_batch_composite_loss,963.6,178233.9,paper_101/ablation/results/37703.out,37703
p3_logp_mofe_last_ffn_conloss,186,0.000010,0.1667,logged_terminal_batch_composite_loss,963.5,179197.4,paper_101/ablation/results/37703.out,37703
p3_logp_mofe_last_ffn_conloss,187,0.000010,0.1627,logged_terminal_batch_composite_loss,965.0,180162.4,paper_101/ablation/results/37703.out,37703
p3_logp_mofe_last_ffn_conloss,188,0.000010,0.1644,logged_terminal_batch_composite_loss,963.8,181126.2,paper_101/ablation/results/37703.out,37703
p3_logp_mofe_last_ffn_conloss,189,0.000010,0.1648,logged_terminal_batch_composite_loss,963.3,182089.5,paper_101/ablation/results/37703.out,37703
p3_logp_mofe_last_ffn_conloss,190,0.000010,0.1624,logged_terminal_batch_composite_loss,966.4,183056.0,paper_101/ablation/results/37703.out,37703
p3_logp_mofe_last_ffn_conloss,191,0.000010,0.1611,logged_terminal_batch_composite_loss,964.4,184020.4,paper_101/ablation/results/37703.out,37703
p3_logp_mofe_last_ffn_conloss,192,0.000010,0.1552,logged_terminal_batch_composite_loss,964.2,184984.6,paper_101/ablation/results/37703.out,37703
p3_logp_mofe_last_ffn_conloss,193,0.000010,0.1606,logged_terminal_batch_composite_loss,965.8,185950.4,paper_101/ablation/results/37703.out,37703
p3_logp_mofe_last_ffn_conloss,194,0.000010,0.1684,logged_terminal_batch_composite_loss,965.8,186916.2,paper_101/ablation/results/37703.out,37703
p3_logp_mofe_last_ffn_conloss,195,0.000010,0.1550,logged_terminal_batch_composite_loss,966.2,187882.3,paper_101/ablation/results/37703.out,37703
p3_logp_mofe_last_ffn_conloss,196,0.000010,0.1532,logged_terminal_batch_composite_loss,965.3,188847.7,paper_101/ablation/results/37703.out,37703
p3_logp_mofe_last_ffn_conloss,197,0.000010,0.1801,logged_terminal_batch_composite_loss,965.9,189813.6,paper_101/ablation/results/37703.out,37703
p3_logp_mofe_last_ffn_conloss,198,0.000010,0.1648,logged_terminal_batch_composite_loss,973.7,190787.3,paper_101/ablation/results/37703.out,37703
p3_logp_mofe_last_ffn_conloss,199,0.000010,0.1646,logged_terminal_batch_composite_loss,967.2,191754.5,paper_101/ablation/results/37703.out,37703
p3_logp_mofe_last_ffn_conloss,200,0.000010,0.1607,logged_terminal_batch_composite_loss,967.9,192722.4,paper_101/ablation/results/37703.out,37703
p3_logp_mofe_last_ffn_conloss,201,0.000010,0.1641,logged_terminal_batch_composite_loss,966.1,193688.5,paper_101/ablation/results/37703.out,37703
p3_logp_mofe_last_ffn_conloss,202,0.000010,0.1794,logged_terminal_batch_composite_loss,965.8,194654.3,paper_101/ablation/results/37703.out,37703
p3_logp_mofe_last_ffn_conloss,203,0.000010,0.1741,logged_terminal_batch_composite_loss,967.1,195621.5,paper_101/ablation/results/37703.out,37703
p3_logp_mofe_last_ffn_conloss,204,0.000010,0.1799,logged_terminal_batch_composite_loss,969.4,196590.9,paper_101/ablation/results/37703.out,37703
p3_logp_mofe_last_ffn_conloss,205,0.000010,0.1547,logged_terminal_batch_composite_loss,973.6,197564.5,paper_101/ablation/results/37703.out,37703
p3_logp_mofe_last_ffn_conloss,206,0.000010,0.1665,logged_terminal_batch_composite_loss,980.2,198544.7,paper_101/ablation/results/37703.out,37703
p3_logp_mofe_last_ffn_conloss,207,0.000010,0.1517,logged_terminal_batch_composite_loss,996.8,199541.5,paper_101/ablation/results/37703.out,37703
p3_logp_mofe_last_ffn_conloss,208,0.000010,0.1720,logged_terminal_batch_composite_loss,1011.8,200553.4,paper_101/ablation/results/37703.out,37703
p3_logp_mofe_last_ffn_conloss,209,0.000010,0.1560,logged_terminal_batch_composite_loss,1009.4,201562.8,paper_101/ablation/results/37703.out,37703
p3_logp_mofe_last_ffn_conloss,210,0.000010,0.1549,logged_terminal_batch_composite_loss,975.6,202538.4,paper_101/ablation/results/37703.out,37703
p3_logp_mofe_last_ffn_conloss,211,0.000010,0.1799,logged_terminal_batch_composite_loss,965.4,203503.8,paper_101/ablation/results/37703.out,37703
p3_logp_mofe_last_ffn_conloss,212,0.000010,0.1616,logged_terminal_batch_composite_loss,964.6,204468.4,paper_101/ablation/results/37703.out,37703
p3_logp_mofe_last_ffn_conloss,213,0.000010,0.1641,logged_terminal_batch_composite_loss,964.3,205432.7,paper_101/ablation/results/37703.out,37703
p3_logp_mofe_last_ffn_conloss,214,0.000010,0.1642,logged_terminal_batch_composite_loss,964.4,206397.1,paper_101/ablation/results/37703.out,37703
p3_logp_mofe_last_ffn_conloss,215,0.000010,0.1630,logged_terminal_batch_composite_loss,965.8,207362.9,paper_101/ablation/results/37703.out,37703
p3_logp_mofe_last_ffn_conloss,216,0.000010,0.1543,logged_terminal_batch_composite_loss,965.2,208328.1,paper_101/ablation/results/37703.out,37703
p3_logp_mofe_last_ffn_conloss,217,0.000010,0.1571,logged_terminal_batch_composite_loss,963.9,209292.0,paper_101/ablation/results/37703.out,37703
p3_logp_mofe_last_ffn_conloss,218,0.000010,0.1778,logged_terminal_batch_composite_loss,963.8,210255.9,paper_101/ablation/results/37703.out,37703
p3_logp_mofe_last_ffn_conloss,219,0.000010,0.1530,logged_terminal_batch_composite_loss,964.0,211219.9,paper_101/ablation/results/37703.out,37703
p3_logp_mofe_last_ffn_conloss,220,0.000010,0.1674,logged_terminal_batch_composite_loss,963.6,212183.5,paper_101/ablation/results/37703.out,37703
p3_logp_mofe_last_ffn_conloss,221,0.000010,0.1532,logged_terminal_batch_composite_loss,964.3,213147.8,paper_101/ablation/results/37703.out,37703
p3_logp_mofe_last_ffn_conloss,222,0.000009,0.1590,logged_terminal_batch_composite_loss,961.9,214109.7,paper_101/ablation/results/37703.out,37703
p3_logp_mofe_last_ffn_conloss,223,0.000009,0.1587,logged_terminal_batch_composite_loss,964.0,215073.7,paper_101/ablation/results/37703.out,37703
p3_logp_mofe_last_ffn_conloss,224,0.000009,0.1629,logged_terminal_batch_composite_loss,979.5,216053.2,paper_101/ablation/results/37703.out,37703
p3_logp_mofe_last_ffn_conloss,225,0.000009,0.1865,logged_terminal_batch_composite_loss,969.9,217023.1,paper_101/ablation/results/37703.out,37703
p3_logp_mofe_last_ffn_conloss,226,0.000009,0.1569,logged_terminal_batch_composite_loss,967.2,217990.2,paper_101/ablation/results/37703.out,37703
p3_logp_mofe_last_ffn_conloss,227,0.000009,0.1666,logged_terminal_batch_composite_loss,964.0,218954.2,paper_101/ablation/results/37703.out,37703
p3_logp_mofe_last_ffn_conloss,228,0.000009,0.1598,logged_terminal_batch_composite_loss,962.8,219917.0,paper_101/ablation/results/37703.out,37703
p3_logp_mofe_last_ffn_conloss,229,0.000009,0.1607,logged_terminal_batch_composite_loss,964.9,220881.9,paper_101/ablation/results/37703.out,37703
p3_logp_mofe_last_ffn_conloss,230,0.000009,0.1572,logged_terminal_batch_composite_loss,964.0,221845.9,paper_101/ablation/results/37703.out,37703
p3_logp_mofe_last_ffn_conloss,231,0.000009,0.1720,logged_terminal_batch_composite_loss,965.0,222810.9,paper_101/ablation/results/37703.out,37703
p3_logp_mofe_last_ffn_conloss,232,0.000009,0.1658,logged_terminal_batch_composite_loss,964.1,223775.1,paper_101/ablation/results/37703.out,37703
p3_logp_mofe_last_ffn_conloss,233,0.000009,0.1602,logged_terminal_batch_composite_loss,964.4,224739.4,paper_101/ablation/results/37703.out,37703
p3_logp_mofe_last_ffn_conloss,234,0.000009,0.1586,logged_terminal_batch_composite_loss,964.2,225703.6,paper_101/ablation/results/37703.out,37703
p3_logp_mofe_last_ffn_conloss,235,0.000009,0.1893,logged_terminal_batch_composite_loss,968.9,226672.5,paper_101/ablation/results/37703.out,37703
p3_logp_mofe_last_ffn_conloss,236,0.000009,0.1653,logged_terminal_batch_composite_loss,967.9,227640.4,paper_101/ablation/results/37703.out,37703
p3_logp_mofe_last_ffn_conloss,237,0.000009,0.1702,logged_terminal_batch_composite_loss,968.1,228608.6,paper_101/ablation/results/37703.out,37703
p3_logp_mofe_last_ffn_conloss,238,0.000009,0.1733,logged_terminal_batch_composite_loss,966.1,229574.7,paper_101/ablation/results/37703.out,37703
p3_logp_mofe_last_ffn_conloss,239,0.000009,0.1579,logged_terminal_batch_composite_loss,969.2,230543.9,paper_101/ablation/results/37703.out,37703
p3_logp_mofe_last_ffn_conloss,240,0.000009,0.1626,logged_terminal_batch_composite_loss,975.3,231519.1,paper_101/ablation/results/37703.out,37703
p3_logp_mofe_last_ffn_conloss,241,0.000009,0.1615,logged_terminal_batch_composite_loss,963.0,232482.2,paper_101/ablation/results/37703.out,37703
p3_logp_mofe_last_ffn_conloss,242,0.000009,0.1767,logged_terminal_batch_composite_loss,965.6,233447.8,paper_101/ablation/results/37703.out,37703
p3_logp_mofe_last_ffn_conloss,243,0.000009,0.1761,logged_terminal_batch_composite_loss,964.3,234412.1,paper_101/ablation/results/37703.out,37703
p3_logp_mofe_last_ffn_conloss,244,0.000009,0.1829,logged_terminal_batch_composite_loss,963.9,235376.0,paper_101/ablation/results/37703.out,37703
p3_logp_mofe_last_ffn_conloss,245,0.000009,0.1551,logged_terminal_batch_composite_loss,963.9,236339.9,paper_101/ablation/results/37703.out,37703
p3_logp_mofe_last_ffn_conloss,246,0.000009,0.1595,logged_terminal_batch_composite_loss,974.0,237313.9,paper_101/ablation/results/37703.out,37703
p3_logp_mofe_last_ffn_conloss,247,0.000009,0.1604,logged_terminal_batch_composite_loss,971.0,238284.8,paper_101/ablation/results/37703.out,37703
p3_logp_mofe_last_ffn_conloss,248,0.000009,0.1682,logged_terminal_batch_composite_loss,965.5,239250.4,paper_101/ablation/results/37703.out,37703
p3_logp_mofe_last_ffn_conloss,249,0.000009,0.1579,logged_terminal_batch_composite_loss,964.6,240215.0,paper_101/ablation/results/37703.out,37703
p3_logp_mofe_last_ffn_conloss,250,0.000009,0.1585,logged_terminal_batch_composite_loss,960.7,241175.6,paper_101/ablation/results/37703.out,37703
p3_logp_mofe_last_ffn_conloss,251,0.000009,0.1646,logged_terminal_batch_composite_loss,960.4,242136.1,paper_101/ablation/results/37703.out,37703
p3_logp_mofe_last_ffn_conloss,252,0.000009,0.1845,logged_terminal_batch_composite_loss,957.1,243093.3,paper_101/ablation/results/37703.out,37703
p3_logp_mofe_last_ffn_conloss,253,0.000009,0.1690,logged_terminal_batch_composite_loss,956.0,244049.3,paper_101/ablation/results/37703.out,37703
p3_logp_mofe_last_ffn_conloss,254,0.000009,0.1704,logged_terminal_batch_composite_loss,958.5,245007.8,paper_101/ablation/results/37703.out,37703
p3_logp_mofe_last_ffn_conloss,255,0.000009,0.1634,logged_terminal_batch_composite_loss,960.6,245968.3,paper_101/ablation/results/37703.out,37703
p3_logp_mofe_last_ffn_conloss,256,0.000009,0.1600,logged_terminal_batch_composite_loss,959.3,246927.6,paper_101/ablation/results/37703.out,37703
p3_logp_mofe_last_ffn_conloss,257,0.000009,0.1517,logged_terminal_batch_composite_loss,973.5,247901.1,paper_101/ablation/results/37703.out,37703
p3_logp_mofe_last_ffn_conloss,258,0.000009,0.1712,logged_terminal_batch_composite_loss,970.2,248871.3,paper_101/ablation/results/37703.out,37703
p3_logp_mofe_last_ffn_conloss,259,0.000009,0.1616,logged_terminal_batch_composite_loss,966.7,249838.0,paper_101/ablation/results/37703.out,37703
p3_logp_mofe_last_ffn_conloss,260,0.000009,0.1600,logged_terminal_batch_composite_loss,954.2,250792.2,paper_101/ablation/results/37703.out,37703
p3_logp_mofe_last_ffn_conloss,261,0.000009,0.2056,logged_terminal_batch_composite_loss,950.7,251743.0,paper_101/ablation/results/37703.out,37703
p3_logp_mofe_last_ffn_conloss,262,0.000009,0.1810,logged_terminal_batch_composite_loss,952.2,252695.1,paper_101/ablation/results/37703.out,37703
p3_logp_mofe_last_ffn_conloss,263,0.000009,0.1728,logged_terminal_batch_composite_loss,952.8,253647.9,paper_101/ablation/results/37703.out,37703
p3_logp_mofe_last_ffn_conloss,264,0.000009,0.1554,logged_terminal_batch_composite_loss,952.0,254599.9,paper_101/ablation/results/37703.out,37703
p3_logp_mofe_last_ffn_conloss,265,0.000009,0.2008,logged_terminal_batch_composite_loss,951.7,255551.6,paper_101/ablation/results/37703.out,37703
p3_logp_mofe_last_ffn_conloss,266,0.000009,0.1537,logged_terminal_batch_composite_loss,949.9,256501.5,paper_101/ablation/results/37703.out,37703
p3_logp_mofe_last_ffn_conloss,267,0.000009,0.1615,logged_terminal_batch_composite_loss,946.8,257448.4,paper_101/ablation/results/37703.out,37703
p3_logp_mofe_last_ffn_conloss,268,0.000009,0.1777,logged_terminal_batch_composite_loss,945.9,258394.2,paper_101/ablation/results/37703.out,37703
p3_logp_mofe_last_ffn_conloss,269,0.000009,0.1583,logged_terminal_batch_composite_loss,947.1,259341.3,paper_101/ablation/results/37703.out,37703
p3_logp_mofe_last_ffn_conloss,270,0.000009,0.1601,logged_terminal_batch_composite_loss,950.8,260292.1,paper_101/ablation/results/37703.out,37703
p3_logp_mofe_last_ffn_conloss,271,0.000009,0.1604,logged_terminal_batch_composite_loss,947.5,261239.7,paper_101/ablation/results/37703.out,37703
p3_logp_mofe_last_ffn_conloss,272,0.000009,0.1906,logged_terminal_batch_composite_loss,992.9,262232.6,paper_101/ablation/results/37703.out,37703
p3_logp_mofe_last_ffn_conloss,273,0.000009,0.1704,logged_terminal_batch_composite_loss,1047.4,263279.9,paper_101/ablation/results/37703.out,37703
p3_logp_mofe_last_ffn_conloss,274,0.000009,0.1640,logged_terminal_batch_composite_loss,951.3,264231.2,paper_101/ablation/results/37703.out,37703
p3_logp_mofe_last_ffn_conloss,275,0.000009,0.1682,logged_terminal_batch_composite_loss,950.4,265181.6,paper_101/ablation/results/37703.out,37703
p3_logp_mofe_last_ffn_conloss,276,0.000009,0.1797,logged_terminal_batch_composite_loss,952.6,266134.2,paper_101/ablation/results/37703.out,37703
p3_logp_mofe_last_ffn_conloss,277,0.000008,0.1772,logged_terminal_batch_composite_loss,949.2,267083.4,paper_101/ablation/results/37703.out,37703
p3_logp_mofe_last_ffn_conloss,278,0.000008,0.1551,logged_terminal_batch_composite_loss,952.3,268035.7,paper_101/ablation/results/37703.out,37703
p3_logp_mofe_last_ffn_conloss,279,0.000008,0.1802,logged_terminal_batch_composite_loss,952.8,268988.5,paper_101/ablation/results/37703.out,37703
p3_logp_mofe_last_ffn_conloss,280,0.000008,0.1648,logged_terminal_batch_composite_loss,953.2,269941.7,paper_101/ablation/results/37703.out,37703
p3_logp_mofe_last_ffn_conloss,281,0.000008,0.1607,logged_terminal_batch_composite_loss,953.6,270895.2,paper_101/ablation/results/37703.out,37703
p3_logp_mofe_last_ffn_conloss,282,0.000008,0.1561,logged_terminal_batch_composite_loss,953.0,271848.2,paper_101/ablation/results/37703.out,37703
p3_logp_mofe_last_ffn_conloss,283,0.000008,0.1607,logged_terminal_batch_composite_loss,953.5,272801.8,paper_101/ablation/results/37703.out,37703
p3_logp_mofe_last_ffn_conloss,284,0.000008,0.1627,logged_terminal_batch_composite_loss,955.0,273756.7,paper_101/ablation/results/37703.out,37703
p3_logp_mofe_last_ffn_conloss,285,0.000008,0.1803,logged_terminal_batch_composite_loss,953.3,274710.0,paper_101/ablation/results/37703.out,37703
p3_logp_mofe_last_ffn_conloss,286,0.000008,0.1546,logged_terminal_batch_composite_loss,951.7,275661.7,paper_101/ablation/results/37703.out,37703
p3_logp_mofe_last_ffn_conloss,287,0.000008,0.1827,logged_terminal_batch_composite_loss,951.6,276613.3,paper_101/ablation/results/37703.out,37703
p3_logp_mofe_last_ffn_conloss,288,0.000008,0.1548,logged_terminal_batch_composite_loss,952.2,277565.5,paper_101/ablation/results/37703.out,37703
p3_logp_mofe_last_ffn_conloss,289,0.000008,0.1782,logged_terminal_batch_composite_loss,950.1,278515.6,paper_101/ablation/results/37703.out,37703
p3_logp_mofe_last_ffn_conloss,290,0.000008,0.1584,logged_terminal_batch_composite_loss,952.9,279468.5,paper_101/ablation/results/37703.out,37703
p3_logp_mofe_last_ffn_conloss,291,0.000008,0.1619,logged_terminal_batch_composite_loss,948.3,280416.7,paper_101/ablation/results/37703.out,37703
p3_logp_mofe_last_ffn_conloss,292,0.000008,0.1611,logged_terminal_batch_composite_loss,947.5,281364.2,paper_101/ablation/results/37703.out,37703
p3_logp_mofe_last_ffn_conloss,293,0.000008,0.1763,logged_terminal_batch_composite_loss,946.9,282311.1,paper_101/ablation/results/37703.out,37703
p3_logp_mofe_last_ffn_conloss,294,0.000008,0.1674,logged_terminal_batch_composite_loss,946.8,283257.9,paper_101/ablation/results/37703.out,37703
p3_logp_mofe_last_ffn_conloss,295,0.000008,0.1772,logged_terminal_batch_composite_loss,947.1,284205.0,paper_101/ablation/results/37703.out,37703
p3_logp_mofe_last_ffn_conloss,296,0.000008,0.1737,logged_terminal_batch_composite_loss,947.9,285153.0,paper_101/ablation/results/37703.out,37703
p3_logp_mofe_last_ffn_conloss,297,0.000008,0.1843,logged_terminal_batch_composite_loss,948.6,286101.6,paper_101/ablation/results/37703.out,37703
p3_logp_mofe_last_ffn_conloss,298,0.000008,0.1569,logged_terminal_batch_composite_loss,948.7,287050.3,paper_101/ablation/results/37703.out,37703
p3_logp_mofe_last_ffn_conloss,299,0.000008,0.1562,logged_terminal_batch_composite_loss,952.7,288003.0,paper_101/ablation/results/37703.out,37703
p3_logp_mofe_last_ffn_conloss,300,0.000008,0.1515,logged_terminal_batch_composite_loss,950.2,288953.2,paper_101/ablation/results/37703.out,37703
p3_tpsa_mofe_last_all_kan,1,0.000001,3.8311,logged_terminal_batch_composite_loss,1068.0,1068.0,paper_101/ablation/results/37712.out,37712
p3_tpsa_mofe_last_all_kan,2,0.000002,2.3030,logged_terminal_batch_composite_loss,1065.6,2134.0,paper_101/ablation/results/37712.out,37712
p3_tpsa_mofe_last_all_kan,3,0.000003,2.0209,logged_terminal_batch_composite_loss,1071.4,3205.6,paper_101/ablation/results/37712.out,37712
p3_tpsa_mofe_last_all_kan,4,0.000003,1.8452,logged_terminal_batch_composite_loss,1093.2,4298.9,paper_101/ablation/results/37712.out,37712
p3_tpsa_mofe_last_all_kan,5,0.000004,1.7746,logged_terminal_batch_composite_loss,1071.2,5370.2,paper_101/ablation/results/37712.out,37712
p3_tpsa_mofe_last_all_kan,6,0.000005,1.4621,logged_terminal_batch_composite_loss,1070.9,6441.4,paper_101/ablation/results/37712.out,37712
p3_tpsa_mofe_last_all_kan,7,0.000006,1.1479,logged_terminal_batch_composite_loss,1070.2,7511.7,paper_101/ablation/results/37712.out,37712
p3_tpsa_mofe_last_all_kan,8,0.000007,0.9934,logged_terminal_batch_composite_loss,1071.4,8583.2,paper_101/ablation/results/37712.out,37712
p3_tpsa_mofe_last_all_kan,9,0.000008,0.6788,logged_terminal_batch_composite_loss,1070.8,9654.2,paper_101/ablation/results/37712.out,37712
p3_tpsa_mofe_last_all_kan,10,0.000009,0.5925,logged_terminal_batch_composite_loss,1069.7,10724.0,paper_101/ablation/results/37712.out,37712
p3_tpsa_mofe_last_all_kan,11,0.000009,0.5827,logged_terminal_batch_composite_loss,1070.4,11794.4,paper_101/ablation/results/37712.out,37712
p3_tpsa_mofe_last_all_kan,12,0.000010,0.4285,logged_terminal_batch_composite_loss,1068.3,12862.8,paper_101/ablation/results/37712.out,37712
p3_tpsa_mofe_last_all_kan,13,0.000011,0.4085,logged_terminal_batch_composite_loss,1070.8,13933.7,paper_101/ablation/results/37712.out,37712
p3_tpsa_mofe_last_all_kan,14,0.000012,0.2526,logged_terminal_batch_composite_loss,1069.3,15003.4,paper_101/ablation/results/37712.out,37712
p3_tpsa_mofe_last_all_kan,15,0.000013,0.1844,logged_terminal_batch_composite_loss,1068.3,16071.8,paper_101/ablation/results/37712.out,37712
p3_tpsa_mofe_last_all_kan,16,0.000014,0.1995,logged_terminal_batch_composite_loss,1070.0,17141.9,paper_101/ablation/results/37712.out,37712
p3_tpsa_mofe_last_all_kan,17,0.000015,0.4557,logged_terminal_batch_composite_loss,1068.7,18210.6,paper_101/ablation/results/37712.out,37712
p3_tpsa_mofe_last_all_kan,18,0.000015,0.2606,logged_terminal_batch_composite_loss,1069.2,19279.7,paper_101/ablation/results/37712.out,37712
p3_tpsa_mofe_last_all_kan,19,0.000016,0.2196,logged_terminal_batch_composite_loss,1068.8,20348.6,paper_101/ablation/results/37712.out,37712
p3_tpsa_mofe_last_all_kan,20,0.000017,0.2342,logged_terminal_batch_composite_loss,1069.0,21417.5,paper_101/ablation/results/37712.out,37712
p3_tpsa_mofe_last_all_kan,21,0.000018,0.1771,logged_terminal_batch_composite_loss,1066.9,22484.4,paper_101/ablation/results/37712.out,37712
p3_tpsa_mofe_last_all_kan,22,0.000019,0.0983,logged_terminal_batch_composite_loss,1070.8,23555.5,paper_101/ablation/results/37712.out,37712
p3_tpsa_mofe_last_all_kan,23,0.000020,0.0480,logged_terminal_batch_composite_loss,1071.2,24626.7,paper_101/ablation/results/37712.out,37712
p3_tpsa_mofe_last_all_kan,24,0.000021,0.0943,logged_terminal_batch_composite_loss,1069.6,25696.5,paper_101/ablation/results/37712.out,37712
p3_tpsa_mofe_last_all_kan,25,0.000022,0.1517,logged_terminal_batch_composite_loss,1068.6,26765.1,paper_101/ablation/results/37712.out,37712
p3_tpsa_mofe_last_all_kan,26,0.000022,0.0907,logged_terminal_batch_composite_loss,1067.5,27832.6,paper_101/ablation/results/37712.out,37712
p3_tpsa_mofe_last_all_kan,27,0.000023,0.0782,logged_terminal_batch_composite_loss,1068.2,28900.8,paper_101/ablation/results/37712.out,37712
p3_tpsa_mofe_last_all_kan,28,0.000024,0.1275,logged_terminal_batch_composite_loss,1070.3,29971.2,paper_101/ablation/results/37712.out,37712
p3_tpsa_mofe_last_all_kan,29,0.000025,0.1145,logged_terminal_batch_composite_loss,1069.2,31040.4,paper_101/ablation/results/37712.out,37712
p3_tpsa_mofe_last_all_kan,30,0.000026,0.1040,logged_terminal_batch_composite_loss,1068.8,32109.2,paper_101/ablation/results/37712.out,37712
p3_tpsa_mofe_last_all_kan,31,0.000025,0.2155,logged_terminal_batch_composite_loss,1068.4,33177.5,paper_101/ablation/results/37712.out,37712
p3_tpsa_mofe_last_all_kan,32,0.000025,0.0812,logged_terminal_batch_composite_loss,1068.9,34246.4,paper_101/ablation/results/37712.out,37712
p3_tpsa_mofe_last_all_kan,33,0.000025,0.0728,logged_terminal_batch_composite_loss,1069.5,35315.9,paper_101/ablation/results/37712.out,37712
p3_tpsa_mofe_last_all_kan,34,0.000024,0.0409,logged_terminal_batch_composite_loss,1070.1,36386.0,paper_101/ablation/results/37712.out,37712
p3_tpsa_mofe_last_all_kan,35,0.000024,0.0222,logged_terminal_batch_composite_loss,1069.9,37456.0,paper_101/ablation/results/37712.out,37712
p3_tpsa_mofe_last_all_kan,36,0.000024,0.0501,logged_terminal_batch_composite_loss,1068.9,38524.9,paper_101/ablation/results/37712.out,37712
p3_tpsa_mofe_last_all_kan,37,0.000023,0.0734,logged_terminal_batch_composite_loss,1071.0,39595.9,paper_101/ablation/results/37712.out,37712
p3_tpsa_mofe_last_all_kan,38,0.000023,0.0181,logged_terminal_batch_composite_loss,1071.0,40666.9,paper_101/ablation/results/37712.out,37712
p3_tpsa_mofe_last_all_kan,39,0.000023,0.0417,logged_terminal_batch_composite_loss,1075.7,41742.6,paper_101/ablation/results/37712.out,37712
p3_tpsa_mofe_last_all_kan,40,0.000022,0.0926,logged_terminal_batch_composite_loss,1071.4,42814.0,paper_101/ablation/results/37712.out,37712
p3_tpsa_mofe_last_all_kan,41,0.000022,0.0657,logged_terminal_batch_composite_loss,1071.1,43885.1,paper_101/ablation/results/37712.out,37712
p3_tpsa_mofe_last_all_kan,42,0.000022,0.0231,logged_terminal_batch_composite_loss,1069.7,44954.8,paper_101/ablation/results/37712.out,37712
p3_tpsa_mofe_last_all_kan,43,0.000022,0.0540,logged_terminal_batch_composite_loss,1070.2,46025.0,paper_101/ablation/results/37712.out,37712
p3_tpsa_mofe_last_all_kan,44,0.000021,0.0561,logged_terminal_batch_composite_loss,1073.9,47098.9,paper_101/ablation/results/37712.out,37712
p3_tpsa_mofe_last_all_kan,45,0.000021,0.0351,logged_terminal_batch_composite_loss,1076.8,48175.7,paper_101/ablation/results/37712.out,37712
p3_tpsa_mofe_last_all_kan,46,0.000021,0.0262,logged_terminal_batch_composite_loss,1086.4,49262.2,paper_101/ablation/results/37712.out,37712
p3_tpsa_mofe_last_all_kan,47,0.000021,0.0999,logged_terminal_batch_composite_loss,1106.2,50368.4,paper_101/ablation/results/37712.out,37712
p3_tpsa_mofe_last_all_kan,48,0.000020,0.0428,logged_terminal_batch_composite_loss,1116.5,51484.9,paper_101/ablation/results/37712.out,37712
p3_tpsa_mofe_last_all_kan,49,0.000020,0.0334,logged_terminal_batch_composite_loss,1103.9,52588.8,paper_101/ablation/results/37712.out,37712
p3_tpsa_mofe_last_all_kan,50,0.000020,0.0443,logged_terminal_batch_composite_loss,1068.1,53656.9,paper_101/ablation/results/37712.out,37712
p3_tpsa_mofe_last_all_kan,51,0.000020,0.0365,logged_terminal_batch_composite_loss,1069.8,54726.8,paper_101/ablation/results/37712.out,37712
p3_tpsa_mofe_last_all_kan,52,0.000020,0.0175,logged_terminal_batch_composite_loss,1068.1,55794.9,paper_101/ablation/results/37712.out,37712
p3_tpsa_mofe_last_all_kan,53,0.000019,0.0445,logged_terminal_batch_composite_loss,1070.6,56865.7,paper_101/ablation/results/37712.out,37712
p3_tpsa_mofe_last_all_kan,54,0.000019,0.0272,logged_terminal_batch_composite_loss,1069.2,57934.9,paper_101/ablation/results/37712.out,37712
p3_tpsa_mofe_last_all_kan,55,0.000019,0.0670,logged_terminal_batch_composite_loss,1069.4,59004.2,paper_101/ablation/results/37712.out,37712
p3_tpsa_mofe_last_all_kan,56,0.000019,0.0895,logged_terminal_batch_composite_loss,1068.1,60072.3,paper_101/ablation/results/37712.out,37712
p3_tpsa_mofe_last_all_kan,57,0.000019,0.0763,logged_terminal_batch_composite_loss,1069.2,61141.5,paper_101/ablation/results/37712.out,37712
p3_tpsa_mofe_last_all_kan,58,0.000019,0.0637,logged_terminal_batch_composite_loss,1068.9,62210.4,paper_101/ablation/results/37712.out,37712
p3_tpsa_mofe_last_all_kan,59,0.000018,0.0273,logged_terminal_batch_composite_loss,1069.2,63279.6,paper_101/ablation/results/37712.out,37712
p3_tpsa_mofe_last_all_kan,60,0.000018,0.0223,logged_terminal_batch_composite_loss,1069.1,64348.8,paper_101/ablation/results/37712.out,37712
p3_tpsa_mofe_last_all_kan,61,0.000018,0.0498,logged_terminal_batch_composite_loss,1069.7,65418.5,paper_101/ablation/results/37712.out,37712
p3_tpsa_mofe_last_all_kan,62,0.000018,0.0174,logged_terminal_batch_composite_loss,1068.5,66487.0,paper_101/ablation/results/37712.out,37712
p3_tpsa_mofe_last_all_kan,63,0.000018,0.0095,logged_terminal_batch_composite_loss,1084.7,67571.7,paper_101/ablation/results/37712.out,37712
p3_tpsa_mofe_last_all_kan,64,0.000018,0.0383,logged_terminal_batch_composite_loss,1070.0,68641.8,paper_101/ablation/results/37712.out,37712
p3_tpsa_mofe_last_all_kan,65,0.000018,0.0232,logged_terminal_batch_composite_loss,1068.8,69710.7,paper_101/ablation/results/37712.out,37712
p3_tpsa_mofe_last_all_kan,66,0.000017,0.0252,logged_terminal_batch_composite_loss,1068.1,70778.7,paper_101/ablation/results/37712.out,37712
p3_tpsa_mofe_last_all_kan,67,0.000017,0.0485,logged_terminal_batch_composite_loss,1069.2,71847.9,paper_101/ablation/results/37712.out,37712
p3_tpsa_mofe_last_all_kan,68,0.000017,0.0109,logged_terminal_batch_composite_loss,1068.3,72916.2,paper_101/ablation/results/37712.out,37712
p3_tpsa_mofe_last_all_kan,69,0.000017,0.0329,logged_terminal_batch_composite_loss,1069.1,73985.4,paper_101/ablation/results/37712.out,37712
p3_tpsa_mofe_last_all_kan,70,0.000017,0.0208,logged_terminal_batch_composite_loss,1067.6,75053.0,paper_101/ablation/results/37712.out,37712
p3_tpsa_mofe_last_all_kan,71,0.000017,0.0268,logged_terminal_batch_composite_loss,1068.3,76121.3,paper_101/ablation/results/37712.out,37712
p3_tpsa_mofe_last_all_kan,72,0.000017,0.0501,logged_terminal_batch_composite_loss,1071.4,77192.7,paper_101/ablation/results/37712.out,37712
p3_tpsa_mofe_last_all_kan,73,0.000017,0.0365,logged_terminal_batch_composite_loss,1072.7,78265.4,paper_101/ablation/results/37712.out,37712
p3_tpsa_mofe_last_all_kan,74,0.000016,0.0411,logged_terminal_batch_composite_loss,1074.0,79339.4,paper_101/ablation/results/37712.out,37712
p3_tpsa_mofe_last_all_kan,75,0.000016,0.0240,logged_terminal_batch_composite_loss,1070.9,80410.3,paper_101/ablation/results/37712.out,37712
p3_tpsa_mofe_last_all_kan,76,0.000016,0.0060,logged_terminal_batch_composite_loss,1081.0,81491.3,paper_101/ablation/results/37712.out,37712
p3_tpsa_mofe_last_all_kan,77,0.000016,0.0058,logged_terminal_batch_composite_loss,1073.5,82565.0,paper_101/ablation/results/37712.out,37712
p3_tpsa_mofe_last_all_kan,78,0.000016,0.0233,logged_terminal_batch_composite_loss,1068.5,83633.6,paper_101/ablation/results/37712.out,37712
p3_tpsa_mofe_last_all_kan,79,0.000016,0.0103,logged_terminal_batch_composite_loss,1071.5,84705.1,paper_101/ablation/results/37712.out,37712
p3_tpsa_mofe_last_all_kan,80,0.000016,0.0043,logged_terminal_batch_composite_loss,1071.2,85776.3,paper_101/ablation/results/37712.out,37712
p3_tpsa_mofe_last_all_kan,81,0.000016,0.0141,logged_terminal_batch_composite_loss,1071.6,86848.3,paper_101/ablation/results/37712.out,37712
p3_tpsa_mofe_last_all_kan,82,0.000016,0.0056,logged_terminal_batch_composite_loss,1081.6,87929.9,paper_101/ablation/results/37712.out,37712
p3_tpsa_mofe_last_all_kan,83,0.000016,0.0299,logged_terminal_batch_composite_loss,1075.1,89005.0,paper_101/ablation/results/37712.out,37712
p3_tpsa_mofe_last_all_kan,84,0.000015,0.0041,logged_terminal_batch_composite_loss,1068.5,90073.6,paper_101/ablation/results/37712.out,37712
p3_tpsa_mofe_last_all_kan,85,0.000015,0.0205,logged_terminal_batch_composite_loss,1070.8,91144.5,paper_101/ablation/results/37712.out,37712
p3_tpsa_mofe_last_all_kan,86,0.000015,0.0147,logged_terminal_batch_composite_loss,1067.8,92212.3,paper_101/ablation/results/37712.out,37712
p3_tpsa_mofe_last_all_kan,87,0.000015,0.0066,logged_terminal_batch_composite_loss,1066.4,93278.7,paper_101/ablation/results/37712.out,37712
p3_tpsa_mofe_last_all_kan,88,0.000015,0.0050,logged_terminal_batch_composite_loss,1064.1,94342.8,paper_101/ablation/results/37712.out,37712
p3_tpsa_mofe_last_all_kan,89,0.000015,0.0029,logged_terminal_batch_composite_loss,1066.4,95409.2,paper_101/ablation/results/37712.out,37712
p3_tpsa_mofe_last_all_kan,90,0.000015,0.0047,logged_terminal_batch_composite_loss,1068.7,96478.1,paper_101/ablation/results/37712.out,37712
p3_tpsa_mofe_last_all_kan,91,0.000015,0.0062,logged_terminal_batch_composite_loss,1069.8,97547.9,paper_101/ablation/results/37712.out,37712
p3_tpsa_mofe_last_all_kan,92,0.000015,0.0188,logged_terminal_batch_composite_loss,1081.9,98629.7,paper_101/ablation/results/37712.out,37712
p3_tpsa_mofe_last_all_kan,93,0.000015,0.0043,logged_terminal_batch_composite_loss,1081.5,99711.2,paper_101/ablation/results/37712.out,37712
p3_tpsa_mofe_last_all_kan,94,0.000015,0.0065,logged_terminal_batch_composite_loss,1069.7,100780.9,paper_101/ablation/results/37712.out,37712
p3_tpsa_mofe_last_all_kan,95,0.000015,0.0040,logged_terminal_batch_composite_loss,1061.1,101842.0,paper_101/ablation/results/37712.out,37712
p3_tpsa_mofe_last_all_kan,96,0.000014,0.0047,logged_terminal_batch_composite_loss,1059.0,102900.9,paper_101/ablation/results/37712.out,37712
p3_tpsa_mofe_last_all_kan,97,0.000014,0.0011,logged_terminal_batch_composite_loss,1059.3,103960.2,paper_101/ablation/results/37712.out,37712
p3_tpsa_mofe_last_all_kan,98,0.000014,0.0066,logged_terminal_batch_composite_loss,1058.9,105019.2,paper_101/ablation/results/37712.out,37712
p3_tpsa_mofe_last_all_kan,99,0.000014,0.0058,logged_terminal_batch_composite_loss,1058.3,106077.6,paper_101/ablation/results/37712.out,37712
p3_tpsa_mofe_last_all_kan,100,0.000014,0.0054,logged_terminal_batch_composite_loss,1057.2,107134.8,paper_101/ablation/results/37712.out,37712
p3_tpsa_mofe_last_all_kan,101,0.000014,0.0045,logged_terminal_batch_composite_loss,1051.5,108186.5,paper_101/ablation/results/37712.out,37712
p3_tpsa_mofe_last_all_kan,102,0.000014,0.0064,logged_terminal_batch_composite_loss,1051.7,109238.1,paper_101/ablation/results/37712.out,37712
p3_tpsa_mofe_last_all_kan,103,0.000014,0.0039,logged_terminal_batch_composite_loss,1053.4,110291.6,paper_101/ablation/results/37712.out,37712
p3_tpsa_mofe_last_all_kan,104,0.000014,0.0060,logged_terminal_batch_composite_loss,1056.7,111348.3,paper_101/ablation/results/37712.out,37712
p3_tpsa_mofe_last_all_kan,105,0.000014,0.0149,logged_terminal_batch_composite_loss,1081.9,112430.1,paper_101/ablation/results/37712.out,37712
p3_tpsa_mofe_last_all_kan,106,0.000014,0.0202,logged_terminal_batch_composite_loss,1142.7,113572.9,paper_101/ablation/results/37712.out,37712
p3_tpsa_mofe_last_all_kan,107,0.000014,0.0126,logged_terminal_batch_composite_loss,1058.4,114631.3,paper_101/ablation/results/37712.out,37712
p3_tpsa_mofe_last_all_kan,108,0.000014,0.0072,logged_terminal_batch_composite_loss,1058.0,115689.3,paper_101/ablation/results/37712.out,37712
p3_tpsa_mofe_last_all_kan,109,0.000014,0.0113,logged_terminal_batch_composite_loss,1055.1,116744.4,paper_101/ablation/results/37712.out,37712
p3_tpsa_mofe_last_all_kan,110,0.000013,0.0097,logged_terminal_batch_composite_loss,1058.4,117802.8,paper_101/ablation/results/37712.out,37712
p3_tpsa_mofe_last_all_kan,111,0.000013,0.0021,logged_terminal_batch_composite_loss,1058.3,118861.0,paper_101/ablation/results/37712.out,37712
p3_tpsa_mofe_last_all_kan,112,0.000013,0.0081,logged_terminal_batch_composite_loss,1058.5,119919.5,paper_101/ablation/results/37712.out,37712
p3_tpsa_mofe_last_all_kan,113,0.000013,0.0065,logged_terminal_batch_composite_loss,1058.0,120977.5,paper_101/ablation/results/37712.out,37712
p3_tpsa_mofe_last_all_kan,114,0.000013,0.0034,logged_terminal_batch_composite_loss,1057.8,122035.3,paper_101/ablation/results/37712.out,37712
p3_tpsa_mofe_last_all_kan,115,0.000013,0.0023,logged_terminal_batch_composite_loss,1058.7,123094.1,paper_101/ablation/results/37712.out,37712
p3_tpsa_mofe_last_all_kan,116,0.000013,0.0043,logged_terminal_batch_composite_loss,1057.3,124151.4,paper_101/ablation/results/37712.out,37712
p3_tpsa_mofe_last_all_kan,117,0.000013,0.0050,logged_terminal_batch_composite_loss,1057.7,125209.1,paper_101/ablation/results/37712.out,37712
p3_tpsa_mofe_last_all_kan,118,0.000013,0.0074,logged_terminal_batch_composite_loss,1057.8,126266.9,paper_101/ablation/results/37712.out,37712
p3_tpsa_mofe_last_all_kan,119,0.000013,0.0050,logged_terminal_batch_composite_loss,1059.5,127326.4,paper_101/ablation/results/37712.out,37712
p3_tpsa_mofe_last_all_kan,120,0.000013,0.0033,logged_terminal_batch_composite_loss,1059.2,128385.6,paper_101/ablation/results/37712.out,37712
p3_tpsa_mofe_last_all_kan,121,0.000013,0.0091,logged_terminal_batch_composite_loss,1056.6,129442.3,paper_101/ablation/results/37712.out,37712
p3_tpsa_mofe_last_all_kan,122,0.000013,0.0146,logged_terminal_batch_composite_loss,1057.3,130499.6,paper_101/ablation/results/37712.out,37712
p3_tpsa_mofe_last_all_kan,123,0.000013,0.0229,logged_terminal_batch_composite_loss,1053.0,131552.7,paper_101/ablation/results/37712.out,37712
p3_tpsa_mofe_last_all_kan,124,0.000013,0.0051,logged_terminal_batch_composite_loss,1055.2,132607.9,paper_101/ablation/results/37712.out,37712
p3_tpsa_mofe_last_all_kan,125,0.000013,0.0511,logged_terminal_batch_composite_loss,1054.9,133662.7,paper_101/ablation/results/37712.out,37712
p3_tpsa_mofe_last_all_kan,126,0.000013,0.0066,logged_terminal_batch_composite_loss,1053.8,134716.5,paper_101/ablation/results/37712.out,37712
p3_tpsa_mofe_last_all_kan,127,0.000013,0.0047,logged_terminal_batch_composite_loss,1053.8,135770.3,paper_101/ablation/results/37712.out,37712
p3_tpsa_mofe_last_all_kan,128,0.000013,0.0035,logged_terminal_batch_composite_loss,1054.4,136824.7,paper_101/ablation/results/37712.out,37712
p3_tpsa_mofe_last_all_kan,129,0.000012,0.0039,logged_terminal_batch_composite_loss,1055.4,137880.1,paper_101/ablation/results/37712.out,37712
p3_tpsa_mofe_last_all_kan,130,0.000012,0.0017,logged_terminal_batch_composite_loss,1056.5,138936.6,paper_101/ablation/results/37712.out,37712
p3_tpsa_mofe_last_all_kan,131,0.000012,0.0029,logged_terminal_batch_composite_loss,1053.2,139989.8,paper_101/ablation/results/37712.out,37712
p3_tpsa_mofe_last_all_kan,132,0.000012,0.0022,logged_terminal_batch_composite_loss,1044.5,141034.3,paper_101/ablation/results/37712.out,37712
p3_tpsa_mofe_last_all_kan,133,0.000012,0.0073,logged_terminal_batch_composite_loss,1044.9,142079.1,paper_101/ablation/results/37712.out,37712
p3_tpsa_mofe_last_all_kan,134,0.000012,0.0203,logged_terminal_batch_composite_loss,1043.9,143123.0,paper_101/ablation/results/37712.out,37712
p3_tpsa_mofe_last_all_kan,135,0.000012,0.0055,logged_terminal_batch_composite_loss,1044.0,144167.0,paper_101/ablation/results/37712.out,37712
p3_tpsa_mofe_last_all_kan,136,0.000012,0.0084,logged_terminal_batch_composite_loss,1054.9,145221.9,paper_101/ablation/results/37712.out,37712
p3_tpsa_mofe_last_all_kan,137,0.000012,0.0192,logged_terminal_batch_composite_loss,1071.4,146293.3,paper_101/ablation/results/37712.out,37712
p3_tpsa_mofe_last_all_kan,138,0.000012,0.0064,logged_terminal_batch_composite_loss,1079.6,147372.9,paper_101/ablation/results/37712.out,37712
p3_tpsa_mofe_last_all_kan,139,0.000012,0.0046,logged_terminal_batch_composite_loss,1045.7,148418.5,paper_101/ablation/results/37712.out,37712
p3_tpsa_mofe_last_all_kan,140,0.000012,0.0029,logged_terminal_batch_composite_loss,1045.9,149464.4,paper_101/ablation/results/37712.out,37712
p3_tpsa_mofe_last_all_kan,141,0.000012,0.0029,logged_terminal_batch_composite_loss,1047.6,150512.0,paper_101/ablation/results/37712.out,37712
p3_tpsa_mofe_last_all_kan,142,0.000012,0.0124,logged_terminal_batch_composite_loss,1046.2,151558.2,paper_101/ablation/results/37712.out,37712
p3_tpsa_mofe_last_all_kan,143,0.000012,0.0051,logged_terminal_batch_composite_loss,1045.1,152603.2,paper_101/ablation/results/37712.out,37712
p3_tpsa_mofe_last_all_kan,144,0.000012,0.0030,logged_terminal_batch_composite_loss,1045.3,153648.5,paper_101/ablation/results/37712.out,37712
p3_tpsa_mofe_last_all_kan,145,0.000012,0.0030,logged_terminal_batch_composite_loss,1054.8,154703.3,paper_101/ablation/results/37712.out,37712
p3_tpsa_mofe_last_all_kan,146,0.000012,0.0045,logged_terminal_batch_composite_loss,1069.7,155773.0,paper_101/ablation/results/37712.out,37712
p3_tpsa_mofe_last_all_kan,147,0.000012,0.0067,logged_terminal_batch_composite_loss,1070.8,156843.9,paper_101/ablation/results/37712.out,37712
p3_tpsa_mofe_last_all_kan,148,0.000012,0.0056,logged_terminal_batch_composite_loss,1070.3,157914.1,paper_101/ablation/results/37712.out,37712
p3_tpsa_mofe_last_all_kan,149,0.000012,0.0037,logged_terminal_batch_composite_loss,1069.1,158983.3,paper_101/ablation/results/37712.out,37712
p3_tpsa_mofe_last_all_kan,150,0.000012,0.0098,logged_terminal_batch_composite_loss,1071.0,160054.3,paper_101/ablation/results/37712.out,37712
p3_tpsa_mofe_last_all_kan,151,0.000012,0.0136,logged_terminal_batch_composite_loss,1069.0,161123.4,paper_101/ablation/results/37712.out,37712
p3_tpsa_mofe_last_all_kan,152,0.000011,0.0022,logged_terminal_batch_composite_loss,1050.9,162174.3,paper_101/ablation/results/37712.out,37712
p3_tpsa_mofe_last_all_kan,153,0.000011,0.0073,logged_terminal_batch_composite_loss,1049.3,163223.6,paper_101/ablation/results/37712.out,37712
p3_tpsa_mofe_last_all_kan,154,0.000011,0.0062,logged_terminal_batch_composite_loss,1048.1,164271.7,paper_101/ablation/results/37712.out,37712
p3_tpsa_mofe_last_all_kan,155,0.000011,0.0036,logged_terminal_batch_composite_loss,1050.6,165322.3,paper_101/ablation/results/37712.out,37712
p3_tpsa_mofe_last_all_kan,156,0.000011,0.0031,logged_terminal_batch_composite_loss,1048.3,166370.6,paper_101/ablation/results/37712.out,37712
p3_tpsa_mofe_last_all_kan,157,0.000011,0.0046,logged_terminal_batch_composite_loss,1048.3,167418.8,paper_101/ablation/results/37712.out,37712
p3_tpsa_mofe_last_all_kan,158,0.000011,0.0032,logged_terminal_batch_composite_loss,1047.6,168466.4,paper_101/ablation/results/37712.out,37712
p3_tpsa_mofe_last_all_kan,159,0.000011,0.0246,logged_terminal_batch_composite_loss,1049.1,169515.5,paper_101/ablation/results/37712.out,37712
p3_tpsa_mofe_last_all_kan,160,0.000011,0.0069,logged_terminal_batch_composite_loss,1048.8,170564.2,paper_101/ablation/results/37712.out,37712
p3_tpsa_mofe_last_all_kan,161,0.000011,0.0067,logged_terminal_batch_composite_loss,1049.3,171613.6,paper_101/ablation/results/37712.out,37712
p3_tpsa_mofe_last_all_kan,162,0.000011,0.0126,logged_terminal_batch_composite_loss,1048.0,172661.6,paper_101/ablation/results/37712.out,37712
p3_tpsa_mofe_last_all_kan,163,0.000011,0.0053,logged_terminal_batch_composite_loss,1048.7,173710.3,paper_101/ablation/results/37712.out,37712
p3_tpsa_mofe_last_all_kan,164,0.000011,0.0034,logged_terminal_batch_composite_loss,1051.2,174761.5,paper_101/ablation/results/37712.out,37712
p3_tpsa_mofe_last_all_kan,165,0.000011,0.0030,logged_terminal_batch_composite_loss,1049.0,175810.5,paper_101/ablation/results/37712.out,37712
p3_tpsa_mofe_last_all_kan,166,0.000011,0.0037,logged_terminal_batch_composite_loss,1049.8,176860.3,paper_101/ablation/results/37712.out,37712
p3_tpsa_mofe_last_all_kan,167,0.000011,0.0468,logged_terminal_batch_composite_loss,1050.5,177910.8,paper_101/ablation/results/37712.out,37712
p3_tpsa_mofe_last_all_kan,168,0.000011,0.0023,logged_terminal_batch_composite_loss,1051.2,178961.9,paper_101/ablation/results/37712.out,37712
p3_tpsa_mofe_last_all_kan,169,0.000011,0.0051,logged_terminal_batch_composite_loss,1051.1,180013.1,paper_101/ablation/results/37712.out,37712
p3_tpsa_mofe_last_all_kan,170,0.000011,0.0016,logged_terminal_batch_composite_loss,1050.4,181063.4,paper_101/ablation/results/37712.out,37712
p3_tpsa_mofe_last_all_kan,171,0.000011,0.0062,logged_terminal_batch_composite_loss,1051.4,182114.8,paper_101/ablation/results/37712.out,37712
p3_tpsa_mofe_last_all_kan,172,0.000011,0.0030,logged_terminal_batch_composite_loss,1050.4,183165.2,paper_101/ablation/results/37712.out,37712
p3_tpsa_mofe_last_all_kan,173,0.000011,0.0039,logged_terminal_batch_composite_loss,1050.8,184216.0,paper_101/ablation/results/37712.out,37712
p3_tpsa_mofe_last_all_kan,174,0.000011,0.0025,logged_terminal_batch_composite_loss,1051.1,185267.1,paper_101/ablation/results/37712.out,37712
p3_tpsa_mofe_last_all_kan,175,0.000011,0.0030,logged_terminal_batch_composite_loss,1051.1,186318.2,paper_101/ablation/results/37712.out,37712
p3_tpsa_mofe_last_all_kan,176,0.000011,0.0042,logged_terminal_batch_composite_loss,1050.6,187368.8,paper_101/ablation/results/37712.out,37712
p3_tpsa_mofe_last_all_kan,177,0.000011,0.0045,logged_terminal_batch_composite_loss,1051.5,188420.3,paper_101/ablation/results/37712.out,37712
p3_tpsa_mofe_last_all_kan,178,0.000011,0.0043,logged_terminal_batch_composite_loss,1051.6,189471.8,paper_101/ablation/results/37712.out,37712
p3_tpsa_mofe_last_all_kan,179,0.000011,0.0032,logged_terminal_batch_composite_loss,1050.4,190522.2,paper_101/ablation/results/37712.out,37712
p3_tpsa_mofe_last_all_kan,180,0.000011,0.0132,logged_terminal_batch_composite_loss,1051.0,191573.2,paper_101/ablation/results/37712.out,37712
p3_tpsa_mofe_last_all_kan,181,0.000011,0.0025,logged_terminal_batch_composite_loss,1051.6,192624.8,paper_101/ablation/results/37712.out,37712
p3_tpsa_mofe_last_all_kan,182,0.000010,0.0035,logged_terminal_batch_composite_loss,1049.7,193674.5,paper_101/ablation/results/37712.out,37712
p3_tpsa_mofe_last_all_kan,183,0.000010,0.0052,logged_terminal_batch_composite_loss,1050.4,194724.9,paper_101/ablation/results/37712.out,37712
p3_tpsa_mofe_last_all_kan,184,0.000010,0.0033,logged_terminal_batch_composite_loss,1048.5,195773.5,paper_101/ablation/results/37712.out,37712
p3_tpsa_mofe_last_all_kan,185,0.000010,0.0035,logged_terminal_batch_composite_loss,1048.6,196822.1,paper_101/ablation/results/37712.out,37712
p3_tpsa_mofe_last_all_kan,186,0.000010,0.0055,logged_terminal_batch_composite_loss,1048.9,197871.0,paper_101/ablation/results/37712.out,37712
p3_tpsa_mofe_last_all_kan,187,0.000010,0.0016,logged_terminal_batch_composite_loss,1049.0,198919.9,paper_101/ablation/results/37712.out,37712
p3_tpsa_mofe_last_all_kan,188,0.000010,0.0058,logged_terminal_batch_composite_loss,1049.1,199969.0,paper_101/ablation/results/37712.out,37712
p3_tpsa_mofe_last_all_kan,189,0.000010,0.0162,logged_terminal_batch_composite_loss,1052.1,201021.2,paper_101/ablation/results/37712.out,37712
p3_tpsa_mofe_last_all_kan,190,0.000010,0.0034,logged_terminal_batch_composite_loss,1052.7,202073.9,paper_101/ablation/results/37712.out,37712
p3_tpsa_mofe_last_all_kan,191,0.000010,0.0066,logged_terminal_batch_composite_loss,1051.4,203125.3,paper_101/ablation/results/37712.out,37712
p3_tpsa_mofe_last_all_kan,192,0.000010,0.0046,logged_terminal_batch_composite_loss,1051.6,204176.9,paper_101/ablation/results/37712.out,37712
p3_tpsa_mofe_last_all_kan,193,0.000010,0.0045,logged_terminal_batch_composite_loss,1051.3,205228.2,paper_101/ablation/results/37712.out,37712
p3_tpsa_mofe_last_all_kan,194,0.000010,0.0050,logged_terminal_batch_composite_loss,1048.7,206276.9,paper_101/ablation/results/37712.out,37712
p3_tpsa_mofe_last_all_kan,195,0.000010,0.0032,logged_terminal_batch_composite_loss,1047.6,207324.5,paper_101/ablation/results/37712.out,37712
p3_tpsa_mofe_last_all_kan,196,0.000010,0.0029,logged_terminal_batch_composite_loss,1048.6,208373.2,paper_101/ablation/results/37712.out,37712
p3_tpsa_mofe_last_all_kan,197,0.000010,0.0021,logged_terminal_batch_composite_loss,1048.4,209421.6,paper_101/ablation/results/37712.out,37712
p3_tpsa_mofe_last_all_kan,198,0.000010,0.0029,logged_terminal_batch_composite_loss,1049.4,210471.0,paper_101/ablation/results/37712.out,37712
p3_tpsa_mofe_last_all_kan,199,0.000010,0.0041,logged_terminal_batch_composite_loss,1048.6,211519.6,paper_101/ablation/results/37712.out,37712
p3_tpsa_mofe_last_all_kan,200,0.000010,0.0032,logged_terminal_batch_composite_loss,1048.5,212568.2,paper_101/ablation/results/37712.out,37712
p3_tpsa_mofe_last_all_kan,201,0.000010,0.0054,logged_terminal_batch_composite_loss,1047.3,213615.5,paper_101/ablation/results/37712.out,37712
p3_tpsa_mofe_last_all_kan,202,0.000010,0.0064,logged_terminal_batch_composite_loss,1047.8,214663.3,paper_101/ablation/results/37712.out,37712
p3_tpsa_mofe_last_all_kan,203,0.000010,0.0029,logged_terminal_batch_composite_loss,1047.2,215710.5,paper_101/ablation/results/37712.out,37712
p3_tpsa_mofe_last_all_kan,204,0.000010,0.0082,logged_terminal_batch_composite_loss,1047.7,216758.2,paper_101/ablation/results/37712.out,37712
p3_tpsa_mofe_last_all_kan,205,0.000010,0.0038,logged_terminal_batch_composite_loss,1046.7,217804.8,paper_101/ablation/results/37712.out,37712
p3_tpsa_mofe_last_all_kan,206,0.000010,0.0031,logged_terminal_batch_composite_loss,1046.5,218851.4,paper_101/ablation/results/37712.out,37712
p3_tpsa_mofe_last_all_kan,207,0.000010,0.0043,logged_terminal_batch_composite_loss,1046.3,219897.7,paper_101/ablation/results/37712.out,37712
p3_tpsa_mofe_last_all_kan,208,0.000010,0.0064,logged_terminal_batch_composite_loss,1045.4,220943.0,paper_101/ablation/results/37712.out,37712
p3_tpsa_mofe_last_all_kan,209,0.000010,0.0099,logged_terminal_batch_composite_loss,1045.0,221988.1,paper_101/ablation/results/37712.out,37712
p3_tpsa_mofe_last_all_kan,210,0.000010,0.0039,logged_terminal_batch_composite_loss,1044.6,223032.7,paper_101/ablation/results/37712.out,37712
p3_tpsa_mofe_last_all_kan,211,0.000010,0.0027,logged_terminal_batch_composite_loss,1046.3,224079.0,paper_101/ablation/results/37712.out,37712
p3_tpsa_mofe_last_all_kan,212,0.000010,0.0042,logged_terminal_batch_composite_loss,1047.0,225126.0,paper_101/ablation/results/37712.out,37712
p3_tpsa_mofe_last_all_kan,213,0.000010,0.0022,logged_terminal_batch_composite_loss,1046.1,226172.1,paper_101/ablation/results/37712.out,37712
p3_tpsa_mofe_last_all_kan,214,0.000010,0.0060,logged_terminal_batch_composite_loss,1047.0,227219.1,paper_101/ablation/results/37712.out,37712
p3_tpsa_mofe_last_all_kan,215,0.000010,0.0028,logged_terminal_batch_composite_loss,1046.9,228266.0,paper_101/ablation/results/37712.out,37712
p3_tpsa_mofe_last_all_kan,216,0.000010,0.0074,logged_terminal_batch_composite_loss,1045.8,229311.8,paper_101/ablation/results/37712.out,37712
p3_tpsa_mofe_last_all_kan,217,0.000010,0.0025,logged_terminal_batch_composite_loss,1047.3,230359.1,paper_101/ablation/results/37712.out,37712
p3_tpsa_mofe_last_all_kan,218,0.000010,0.0043,logged_terminal_batch_composite_loss,1046.4,231405.4,paper_101/ablation/results/37712.out,37712
p3_tpsa_mofe_last_all_kan,219,0.000010,0.0260,logged_terminal_batch_composite_loss,1046.6,232452.1,paper_101/ablation/results/37712.out,37712
p3_tpsa_mofe_last_all_kan,220,0.000010,0.0101,logged_terminal_batch_composite_loss,1045.7,233497.8,paper_101/ablation/results/37712.out,37712
p3_tpsa_mofe_last_all_kan,221,0.000010,0.0053,logged_terminal_batch_composite_loss,1046.2,234544.1,paper_101/ablation/results/37712.out,37712
p3_tpsa_mofe_last_all_kan,222,0.000009,0.0097,logged_terminal_batch_composite_loss,1046.0,235590.1,paper_101/ablation/results/37712.out,37712
p3_tpsa_mofe_last_all_kan,223,0.000009,0.0030,logged_terminal_batch_composite_loss,1046.1,236636.1,paper_101/ablation/results/37712.out,37712
p3_tpsa_mofe_last_all_kan,224,0.000009,0.0062,logged_terminal_batch_composite_loss,1045.2,237681.3,paper_101/ablation/results/37712.out,37712
p3_tpsa_mofe_last_all_kan,225,0.000009,0.0032,logged_terminal_batch_composite_loss,1046.4,238727.7,paper_101/ablation/results/37712.out,37712
p3_tpsa_mofe_last_all_kan,226,0.000009,0.0047,logged_terminal_batch_composite_loss,1045.7,239773.4,paper_101/ablation/results/37712.out,37712
p3_tpsa_mofe_last_all_kan,227,0.000009,0.0039,logged_terminal_batch_composite_loss,1045.5,240819.0,paper_101/ablation/results/37712.out,37712
p3_tpsa_mofe_last_all_kan,228,0.000009,0.0036,logged_terminal_batch_composite_loss,1045.2,241864.1,paper_101/ablation/results/37712.out,37712
p3_tpsa_mofe_last_all_kan,229,0.000009,0.0058,logged_terminal_batch_composite_loss,1053.7,242917.8,paper_101/ablation/results/37712.out,37712
p3_tpsa_mofe_last_all_kan,230,0.000009,0.0051,logged_terminal_batch_composite_loss,1045.0,243962.8,paper_101/ablation/results/37712.out,37712
p3_tpsa_mofe_last_all_kan,231,0.000009,0.0290,logged_terminal_batch_composite_loss,1043.3,245006.1,paper_101/ablation/results/37712.out,37712
p3_tpsa_mofe_last_all_kan,232,0.000009,0.0028,logged_terminal_batch_composite_loss,1044.3,246050.4,paper_101/ablation/results/37712.out,37712
p3_tpsa_mofe_last_all_kan,233,0.000009,0.0041,logged_terminal_batch_composite_loss,1044.0,247094.4,paper_101/ablation/results/37712.out,37712
p3_tpsa_mofe_last_all_kan,234,0.000009,0.0045,logged_terminal_batch_composite_loss,1044.3,248138.7,paper_101/ablation/results/37712.out,37712
p3_tpsa_mofe_last_all_kan,235,0.000009,0.0047,logged_terminal_batch_composite_loss,1044.6,249183.4,paper_101/ablation/results/37712.out,37712
p3_tpsa_mofe_last_all_kan,236,0.000009,0.0044,logged_terminal_batch_composite_loss,1045.0,250228.4,paper_101/ablation/results/37712.out,37712
p3_tpsa_mofe_last_all_kan,237,0.000009,0.0058,logged_terminal_batch_composite_loss,1044.5,251272.9,paper_101/ablation/results/37712.out,37712
p3_tpsa_mofe_last_all_kan,238,0.000009,0.0125,logged_terminal_batch_composite_loss,1044.6,252317.5,paper_101/ablation/results/37712.out,37712
p3_tpsa_mofe_last_all_kan,239,0.000009,0.0119,logged_terminal_batch_composite_loss,1041.1,253358.6,paper_101/ablation/results/37712.out,37712
p3_tpsa_mofe_last_all_kan,240,0.000009,0.0033,logged_terminal_batch_composite_loss,1043.5,254402.2,paper_101/ablation/results/37712.out,37712
p3_tpsa_mofe_last_all_kan,241,0.000009,0.0056,logged_terminal_batch_composite_loss,1044.1,255446.3,paper_101/ablation/results/37712.out,37712
p3_tpsa_mofe_last_all_kan,242,0.000009,0.0073,logged_terminal_batch_composite_loss,1043.4,256489.7,paper_101/ablation/results/37712.out,37712
p3_tpsa_mofe_last_all_kan,243,0.000009,0.0032,logged_terminal_batch_composite_loss,1043.0,257532.7,paper_101/ablation/results/37712.out,37712
p3_tpsa_mofe_last_all_kan,244,0.000009,0.0029,logged_terminal_batch_composite_loss,1044.5,258577.2,paper_101/ablation/results/37712.out,37712
p3_tpsa_mofe_last_all_kan,245,0.000009,0.0044,logged_terminal_batch_composite_loss,1046.2,259623.4,paper_101/ablation/results/37712.out,37712
p3_tpsa_mofe_last_all_kan,246,0.000009,0.0041,logged_terminal_batch_composite_loss,1046.2,260669.6,paper_101/ablation/results/37712.out,37712
p3_tpsa_mofe_last_all_kan,247,0.000009,0.0118,logged_terminal_batch_composite_loss,1044.4,261714.0,paper_101/ablation/results/37712.out,37712
p3_tpsa_mofe_last_all_kan,248,0.000009,0.0043,logged_terminal_batch_composite_loss,1043.2,262757.2,paper_101/ablation/results/37712.out,37712
p3_tpsa_mofe_last_all_kan,249,0.000009,0.0030,logged_terminal_batch_composite_loss,1043.2,263800.4,paper_101/ablation/results/37712.out,37712
p3_tpsa_mofe_last_all_kan,250,0.000009,0.0022,logged_terminal_batch_composite_loss,1043.4,264843.8,paper_101/ablation/results/37712.out,37712
p3_tpsa_mofe_last_all_kan,251,0.000009,0.0025,logged_terminal_batch_composite_loss,1044.4,265888.4,paper_101/ablation/results/37712.out,37712
p3_tpsa_mofe_last_all_kan,252,0.000009,0.0042,logged_terminal_batch_composite_loss,1042.7,266931.0,paper_101/ablation/results/37712.out,37712
p3_tpsa_mofe_last_all_kan,253,0.000009,0.0062,logged_terminal_batch_composite_loss,1043.8,267974.8,paper_101/ablation/results/37712.out,37712
p3_tpsa_mofe_last_all_kan,254,0.000009,0.0024,logged_terminal_batch_composite_loss,1043.7,269018.5,paper_101/ablation/results/37712.out,37712
p3_tpsa_mofe_last_all_kan,255,0.000009,0.0098,logged_terminal_batch_composite_loss,1043.3,270061.8,paper_101/ablation/results/37712.out,37712
p3_tpsa_mofe_last_all_kan,256,0.000009,0.0074,logged_terminal_batch_composite_loss,1042.4,271104.2,paper_101/ablation/results/37712.out,37712
p3_tpsa_mofe_last_all_kan,257,0.000009,0.0054,logged_terminal_batch_composite_loss,1043.9,272148.1,paper_101/ablation/results/37712.out,37712
p3_tpsa_mofe_last_all_kan,258,0.000009,0.0050,logged_terminal_batch_composite_loss,1043.4,273191.5,paper_101/ablation/results/37712.out,37712
p3_tpsa_mofe_last_all_kan,259,0.000009,0.0031,logged_terminal_batch_composite_loss,1043.4,274234.8,paper_101/ablation/results/37712.out,37712
p3_tpsa_mofe_last_all_kan,260,0.000009,0.0035,logged_terminal_batch_composite_loss,1042.8,275277.7,paper_101/ablation/results/37712.out,37712
p3_tpsa_mofe_last_all_kan,261,0.000009,0.0014,logged_terminal_batch_composite_loss,1043.7,276321.4,paper_101/ablation/results/37712.out,37712
p3_tpsa_mofe_last_all_kan,262,0.000009,0.0041,logged_terminal_batch_composite_loss,1043.7,277365.0,paper_101/ablation/results/37712.out,37712
p3_tpsa_mofe_last_all_kan,263,0.000009,0.0047,logged_terminal_batch_composite_loss,1043.3,278408.4,paper_101/ablation/results/37712.out,37712
p3_tpsa_mofe_last_all_kan,264,0.000009,0.0049,logged_terminal_batch_composite_loss,1043.0,279451.3,paper_101/ablation/results/37712.out,37712
p3_tpsa_mofe_last_all_kan,265,0.000009,0.0015,logged_terminal_batch_composite_loss,1043.4,280494.7,paper_101/ablation/results/37712.out,37712
p3_tpsa_mofe_last_all_kan,266,0.000009,0.0026,logged_terminal_batch_composite_loss,1043.4,281538.1,paper_101/ablation/results/37712.out,37712
p3_tpsa_mofe_last_all_kan,267,0.000009,0.0037,logged_terminal_batch_composite_loss,1043.4,282581.4,paper_101/ablation/results/37712.out,37712
p3_tpsa_mofe_last_all_kan,268,0.000009,0.0044,logged_terminal_batch_composite_loss,1045.8,283627.3,paper_101/ablation/results/37712.out,37712
p3_tpsa_mofe_last_all_kan,269,0.000009,0.0054,logged_terminal_batch_composite_loss,1046.1,284673.3,paper_101/ablation/results/37712.out,37712
p3_tpsa_mofe_last_all_kan,270,0.000009,0.0035,logged_terminal_batch_composite_loss,1045.2,285718.6,paper_101/ablation/results/37712.out,37712
p3_tpsa_mofe_last_all_kan,271,0.000009,0.0038,logged_terminal_batch_composite_loss,1044.8,286763.4,paper_101/ablation/results/37712.out,37712
p3_tpsa_mofe_last_all_kan,272,0.000009,0.0072,logged_terminal_batch_composite_loss,1044.4,287807.8,paper_101/ablation/results/37712.out,37712
p3_tpsa_mofe_last_all_kan,273,0.000009,0.0122,logged_terminal_batch_composite_loss,1044.3,288852.0,paper_101/ablation/results/37712.out,37712
p3_tpsa_mofe_last_all_kan,274,0.000009,0.0060,logged_terminal_batch_composite_loss,1043.8,289895.8,paper_101/ablation/results/37712.out,37712
p3_tpsa_mofe_last_all_kan,275,0.000009,0.0077,logged_terminal_batch_composite_loss,1044.4,290940.2,paper_101/ablation/results/37712.out,37712
p3_tpsa_mofe_last_all_kan,276,0.000009,0.0030,logged_terminal_batch_composite_loss,1037.0,291977.1,paper_101/ablation/results/37712.out,37712
p3_tpsa_mofe_last_all_kan,277,0.000008,0.0017,logged_terminal_batch_composite_loss,1031.6,293008.7,paper_101/ablation/results/37712.out,37712
p3_tpsa_mofe_last_all_kan,278,0.000008,0.0050,logged_terminal_batch_composite_loss,1031.0,294039.7,paper_101/ablation/results/37712.out,37712
p3_tpsa_mofe_last_all_kan,279,0.000008,0.0054,logged_terminal_batch_composite_loss,1031.6,295071.3,paper_101/ablation/results/37712.out,37712
p3_tpsa_mofe_last_all_kan,280,0.000008,0.0035,logged_terminal_batch_composite_loss,1032.7,296104.1,paper_101/ablation/results/37712.out,37712
p3_tpsa_mofe_last_all_kan,281,0.000008,0.0016,logged_terminal_batch_composite_loss,1031.4,297135.5,paper_101/ablation/results/37712.out,37712
p3_tpsa_mofe_last_all_kan,282,0.000008,0.0035,logged_terminal_batch_composite_loss,1030.4,298165.9,paper_101/ablation/results/37712.out,37712
p3_tpsa_mofe_last_all_kan,283,0.000008,0.0041,logged_terminal_batch_composite_loss,1031.2,299197.2,paper_101/ablation/results/37712.out,37712
p3_tpsa_mofe_last_all_kan,284,0.000008,0.0021,logged_terminal_batch_composite_loss,1030.6,300227.8,paper_101/ablation/results/37712.out,37712
p3_tpsa_mofe_last_all_kan,285,0.000008,0.0013,logged_terminal_batch_composite_loss,1030.9,301258.8,paper_101/ablation/results/37712.out,37712
p3_tpsa_mofe_last_all_kan,286,0.000008,0.0040,logged_terminal_batch_composite_loss,1031.1,302289.9,paper_101/ablation/results/37712.out,37712
p3_tpsa_mofe_last_all_kan,287,0.000008,0.0007,logged_terminal_batch_composite_loss,1031.9,303321.8,paper_101/ablation/results/37712.out,37712
p3_tpsa_mofe_last_all_kan,288,0.000008,0.0031,logged_terminal_batch_composite_loss,1064.3,304386.2,paper_101/ablation/results/37712.out,37712
p3_tpsa_mofe_last_all_kan,289,0.000008,0.0038,logged_terminal_batch_composite_loss,1112.1,305498.3,paper_101/ablation/results/37712.out,37712
p3_tpsa_mofe_last_all_kan,290,0.000008,0.0026,logged_terminal_batch_composite_loss,1113.5,306611.8,paper_101/ablation/results/37712.out,37712
p3_tpsa_mofe_last_all_kan,291,0.000008,0.0024,logged_terminal_batch_composite_loss,1113.1,307724.9,paper_101/ablation/results/37712.out,37712
p3_tpsa_mofe_last_all_kan,292,0.000008,0.0013,logged_terminal_batch_composite_loss,1114.4,308839.3,paper_101/ablation/results/37712.out,37712
p3_tpsa_mofe_last_all_kan,293,0.000008,0.0054,logged_terminal_batch_composite_loss,1298.4,310137.7,paper_101/ablation/results/37712.out,37712
p3_tpsa_mofe_last_all_kan,294,0.000008,0.0013,logged_terminal_batch_composite_loss,1294.8,311432.6,paper_101/ablation/results/37712.out,37712
p3_tpsa_mofe_last_all_kan,295,0.000008,0.0063,logged_terminal_batch_composite_loss,1281.7,312714.3,paper_101/ablation/results/37712.out,37712
p3_tpsa_mofe_last_all_kan,296,0.000008,0.0052,logged_terminal_batch_composite_loss,1303.4,314017.7,paper_101/ablation/results/37712.out,37712
p3_tpsa_mofe_last_all_kan,297,0.000008,0.0029,logged_terminal_batch_composite_loss,1301.5,315319.1,paper_101/ablation/results/37712.out,37712
p3_tpsa_mofe_last_all_kan,298,0.000008,0.0037,logged_terminal_batch_composite_loss,1293.3,316612.4,paper_101/ablation/results/37712.out,37712
p3_tpsa_mofe_last_all_kan,299,0.000008,0.0045,logged_terminal_batch_composite_loss,1887.7,318500.1,paper_101/ablation/results/37712.out,37712
p3_tpsa_mofe_last_all_kan,300,0.000008,0.0041,logged_terminal_batch_composite_loss,2035.5,320535.6,paper_101/ablation/results/37712.out,37712
p3_tpsa_mofe_last_ffn,1,0.000001,3.6837,logged_terminal_batch_composite_loss,912.8,912.8,paper_101/ablation/results/37694.out,37694
p3_tpsa_mofe_last_ffn,2,0.000002,2.3121,logged_terminal_batch_composite_loss,934.6,1847.5,paper_101/ablation/results/37694.out,37694
p3_tpsa_mofe_last_ffn,3,0.000003,1.9529,logged_terminal_batch_composite_loss,935.9,2783.4,paper_101/ablation/results/37694.out,37694
p3_tpsa_mofe_last_ffn,4,0.000003,1.7080,logged_terminal_batch_composite_loss,936.5,3720.0,paper_101/ablation/results/37694.out,37694
p3_tpsa_mofe_last_ffn,5,0.000004,1.7470,logged_terminal_batch_composite_loss,934.8,4654.8,paper_101/ablation/results/37694.out,37694
p3_tpsa_mofe_last_ffn,6,0.000005,1.7145,logged_terminal_batch_composite_loss,935.7,5590.5,paper_101/ablation/results/37694.out,37694
p3_tpsa_mofe_last_ffn,7,0.000006,1.1761,logged_terminal_batch_composite_loss,935.7,6526.3,paper_101/ablation/results/37694.out,37694
p3_tpsa_mofe_last_ffn,8,0.000007,0.7855,logged_terminal_batch_composite_loss,935.2,7461.6,paper_101/ablation/results/37694.out,37694
p3_tpsa_mofe_last_ffn,9,0.000008,0.7405,logged_terminal_batch_composite_loss,935.4,8397.1,paper_101/ablation/results/37694.out,37694
p3_tpsa_mofe_last_ffn,10,0.000009,0.5597,logged_terminal_batch_composite_loss,938.2,9335.3,paper_101/ablation/results/37694.out,37694
p3_tpsa_mofe_last_ffn,11,0.000009,0.7052,logged_terminal_batch_composite_loss,938.0,10273.3,paper_101/ablation/results/37694.out,37694
p3_tpsa_mofe_last_ffn,12,0.000010,0.3879,logged_terminal_batch_composite_loss,936.1,11209.4,paper_101/ablation/results/37694.out,37694
p3_tpsa_mofe_last_ffn,13,0.000011,0.4789,logged_terminal_batch_composite_loss,936.9,12146.3,paper_101/ablation/results/37694.out,37694
p3_tpsa_mofe_last_ffn,14,0.000012,0.3531,logged_terminal_batch_composite_loss,935.5,13081.8,paper_101/ablation/results/37694.out,37694
p3_tpsa_mofe_last_ffn,15,0.000013,0.2847,logged_terminal_batch_composite_loss,936.6,14018.6,paper_101/ablation/results/37694.out,37694
p3_tpsa_mofe_last_ffn,16,0.000014,0.2105,logged_terminal_batch_composite_loss,935.8,14954.5,paper_101/ablation/results/37694.out,37694
p3_tpsa_mofe_last_ffn,17,0.000015,0.2012,logged_terminal_batch_composite_loss,935.7,15890.2,paper_101/ablation/results/37694.out,37694
p3_tpsa_mofe_last_ffn,18,0.000015,0.1544,logged_terminal_batch_composite_loss,935.9,16826.2,paper_101/ablation/results/37694.out,37694
p3_tpsa_mofe_last_ffn,19,0.000016,0.1234,logged_terminal_batch_composite_loss,934.9,17761.2,paper_101/ablation/results/37694.out,37694
p3_tpsa_mofe_last_ffn,20,0.000017,0.2028,logged_terminal_batch_composite_loss,936.4,18697.7,paper_101/ablation/results/37694.out,37694
p3_tpsa_mofe_last_ffn,21,0.000018,0.3767,logged_terminal_batch_composite_loss,922.4,19620.1,paper_101/ablation/results/37694.out,37694
p3_tpsa_mofe_last_ffn,22,0.000019,0.1924,logged_terminal_batch_composite_loss,921.9,20542.0,paper_101/ablation/results/37694.out,37694
p3_tpsa_mofe_last_ffn,23,0.000020,0.1361,logged_terminal_batch_composite_loss,922.8,21464.9,paper_101/ablation/results/37694.out,37694
p3_tpsa_mofe_last_ffn,24,0.000021,0.1129,logged_terminal_batch_composite_loss,922.9,22387.8,paper_101/ablation/results/37694.out,37694
p3_tpsa_mofe_last_ffn,25,0.000022,0.1690,logged_terminal_batch_composite_loss,921.3,23309.1,paper_101/ablation/results/37694.out,37694
p3_tpsa_mofe_last_ffn,26,0.000022,0.1542,logged_terminal_batch_composite_loss,920.5,24229.6,paper_101/ablation/results/37694.out,37694
p3_tpsa_mofe_last_ffn,27,0.000023,0.1310,logged_terminal_batch_composite_loss,921.2,25150.8,paper_101/ablation/results/37694.out,37694
p3_tpsa_mofe_last_ffn,28,0.000024,0.1541,logged_terminal_batch_composite_loss,920.6,26071.4,paper_101/ablation/results/37694.out,37694
p3_tpsa_mofe_last_ffn,29,0.000025,0.1809,logged_terminal_batch_composite_loss,921.5,26992.9,paper_101/ablation/results/37694.out,37694
p3_tpsa_mofe_last_ffn,30,0.000026,0.1292,logged_terminal_batch_composite_loss,919.9,27912.8,paper_101/ablation/results/37694.out,37694
p3_tpsa_mofe_last_ffn,31,0.000025,0.0777,logged_terminal_batch_composite_loss,920.3,28833.0,paper_101/ablation/results/37694.out,37694
p3_tpsa_mofe_last_ffn,32,0.000025,0.1093,logged_terminal_batch_composite_loss,920.5,29753.6,paper_101/ablation/results/37694.out,37694
p3_tpsa_mofe_last_ffn,33,0.000025,0.0787,logged_terminal_batch_composite_loss,920.1,30673.7,paper_101/ablation/results/37694.out,37694
p3_tpsa_mofe_last_ffn,34,0.000024,0.0642,logged_terminal_batch_composite_loss,920.6,31594.2,paper_101/ablation/results/37694.out,37694
p3_tpsa_mofe_last_ffn,35,0.000024,0.0840,logged_terminal_batch_composite_loss,920.2,32514.5,paper_101/ablation/results/37694.out,37694
p3_tpsa_mofe_last_ffn,36,0.000024,0.0325,logged_terminal_batch_composite_loss,920.3,33434.8,paper_101/ablation/results/37694.out,37694
p3_tpsa_mofe_last_ffn,37,0.000023,0.1198,logged_terminal_batch_composite_loss,919.3,34354.2,paper_101/ablation/results/37694.out,37694
p3_tpsa_mofe_last_ffn,38,0.000023,0.0955,logged_terminal_batch_composite_loss,920.0,35274.2,paper_101/ablation/results/37694.out,37694
p3_tpsa_mofe_last_ffn,39,0.000023,0.0446,logged_terminal_batch_composite_loss,920.0,36194.2,paper_101/ablation/results/37694.out,37694
p3_tpsa_mofe_last_ffn,40,0.000022,0.0787,logged_terminal_batch_composite_loss,919.4,37113.5,paper_101/ablation/results/37694.out,37694
p3_tpsa_mofe_last_ffn,41,0.000022,0.0488,logged_terminal_batch_composite_loss,919.7,38033.3,paper_101/ablation/results/37694.out,37694
p3_tpsa_mofe_last_ffn,42,0.000022,0.0552,logged_terminal_batch_composite_loss,921.0,38954.3,paper_101/ablation/results/37694.out,37694
p3_tpsa_mofe_last_ffn,43,0.000022,0.0342,logged_terminal_batch_composite_loss,920.5,39874.8,paper_101/ablation/results/37694.out,37694
p3_tpsa_mofe_last_ffn,44,0.000021,0.0462,logged_terminal_batch_composite_loss,918.3,40793.2,paper_101/ablation/results/37694.out,37694
p3_tpsa_mofe_last_ffn,45,0.000021,0.0229,logged_terminal_batch_composite_loss,919.4,41712.6,paper_101/ablation/results/37694.out,37694
p3_tpsa_mofe_last_ffn,46,0.000021,0.0315,logged_terminal_batch_composite_loss,921.4,42634.0,paper_101/ablation/results/37694.out,37694
p3_tpsa_mofe_last_ffn,47,0.000021,0.0580,logged_terminal_batch_composite_loss,958.6,43592.6,paper_101/ablation/results/37694.out,37694
p3_tpsa_mofe_last_ffn,48,0.000020,0.0369,logged_terminal_batch_composite_loss,1010.3,44602.9,paper_101/ablation/results/37694.out,37694
p3_tpsa_mofe_last_ffn,49,0.000020,0.0321,logged_terminal_batch_composite_loss,951.4,45554.3,paper_101/ablation/results/37694.out,37694
p3_tpsa_mofe_last_ffn,50,0.000020,0.0342,logged_terminal_batch_composite_loss,917.7,46472.0,paper_101/ablation/results/37694.out,37694
p3_tpsa_mofe_last_ffn,51,0.000020,0.0522,logged_terminal_batch_composite_loss,917.9,47390.0,paper_101/ablation/results/37694.out,37694
p3_tpsa_mofe_last_ffn,52,0.000020,0.0240,logged_terminal_batch_composite_loss,918.6,48308.5,paper_101/ablation/results/37694.out,37694
p3_tpsa_mofe_last_ffn,53,0.000019,0.0354,logged_terminal_batch_composite_loss,917.8,49226.4,paper_101/ablation/results/37694.out,37694
p3_tpsa_mofe_last_ffn,54,0.000019,0.0273,logged_terminal_batch_composite_loss,918.3,50144.7,paper_101/ablation/results/37694.out,37694
p3_tpsa_mofe_last_ffn,55,0.000019,0.0203,logged_terminal_batch_composite_loss,917.3,51061.9,paper_101/ablation/results/37694.out,37694
p3_tpsa_mofe_last_ffn,56,0.000019,0.0497,logged_terminal_batch_composite_loss,919.2,51981.2,paper_101/ablation/results/37694.out,37694
p3_tpsa_mofe_last_ffn,57,0.000019,0.0715,logged_terminal_batch_composite_loss,916.8,52898.0,paper_101/ablation/results/37694.out,37694
p3_tpsa_mofe_last_ffn,58,0.000019,0.0570,logged_terminal_batch_composite_loss,919.7,53817.7,paper_101/ablation/results/37694.out,37694
p3_tpsa_mofe_last_ffn,59,0.000018,0.0467,logged_terminal_batch_composite_loss,919.5,54737.2,paper_101/ablation/results/37694.out,37694
p3_tpsa_mofe_last_ffn,60,0.000018,0.0530,logged_terminal_batch_composite_loss,920.1,55657.3,paper_101/ablation/results/37694.out,37694
p3_tpsa_mofe_last_ffn,61,0.000018,0.0353,logged_terminal_batch_composite_loss,919.3,56576.5,paper_101/ablation/results/37694.out,37694
p3_tpsa_mofe_last_ffn,62,0.000018,0.1129,logged_terminal_batch_composite_loss,919.2,57495.8,paper_101/ablation/results/37694.out,37694
p3_tpsa_mofe_last_ffn,63,0.000018,0.0168,logged_terminal_batch_composite_loss,920.6,58416.4,paper_101/ablation/results/37694.out,37694
p3_tpsa_mofe_last_ffn,64,0.000018,0.0343,logged_terminal_batch_composite_loss,919.2,59335.6,paper_101/ablation/results/37694.out,37694
p3_tpsa_mofe_last_ffn,65,0.000018,0.0135,logged_terminal_batch_composite_loss,919.5,60255.2,paper_101/ablation/results/37694.out,37694
p3_tpsa_mofe_last_ffn,66,0.000017,0.0291,logged_terminal_batch_composite_loss,919.4,61174.7,paper_101/ablation/results/37694.out,37694
p3_tpsa_mofe_last_ffn,67,0.000017,0.0131,logged_terminal_batch_composite_loss,920.7,62095.3,paper_101/ablation/results/37694.out,37694
p3_tpsa_mofe_last_ffn,68,0.000017,0.0395,logged_terminal_batch_composite_loss,918.4,63013.8,paper_101/ablation/results/37694.out,37694
p3_tpsa_mofe_last_ffn,69,0.000017,0.0323,logged_terminal_batch_composite_loss,921.0,63934.8,paper_101/ablation/results/37694.out,37694
p3_tpsa_mofe_last_ffn,70,0.000017,0.0258,logged_terminal_batch_composite_loss,920.2,64855.0,paper_101/ablation/results/37694.out,37694
p3_tpsa_mofe_last_ffn,71,0.000017,0.0285,logged_terminal_batch_composite_loss,922.4,65777.4,paper_101/ablation/results/37694.out,37694
p3_tpsa_mofe_last_ffn,72,0.000017,0.0105,logged_terminal_batch_composite_loss,919.8,66697.2,paper_101/ablation/results/37694.out,37694
p3_tpsa_mofe_last_ffn,73,0.000017,0.0226,logged_terminal_batch_composite_loss,918.6,67615.8,paper_101/ablation/results/37694.out,37694
p3_tpsa_mofe_last_ffn,74,0.000016,0.0263,logged_terminal_batch_composite_loss,919.4,68535.2,paper_101/ablation/results/37694.out,37694
p3_tpsa_mofe_last_ffn,75,0.000016,0.0262,logged_terminal_batch_composite_loss,919.0,69454.2,paper_101/ablation/results/37694.out,37694
p3_tpsa_mofe_last_ffn,76,0.000016,0.0432,logged_terminal_batch_composite_loss,919.2,70373.3,paper_101/ablation/results/37694.out,37694
p3_tpsa_mofe_last_ffn,77,0.000016,0.0090,logged_terminal_batch_composite_loss,920.2,71293.6,paper_101/ablation/results/37694.out,37694
p3_tpsa_mofe_last_ffn,78,0.000016,0.0414,logged_terminal_batch_composite_loss,917.8,72211.5,paper_101/ablation/results/37694.out,37694
p3_tpsa_mofe_last_ffn,79,0.000016,0.0102,logged_terminal_batch_composite_loss,919.5,73131.0,paper_101/ablation/results/37694.out,37694
p3_tpsa_mofe_last_ffn,80,0.000016,0.0056,logged_terminal_batch_composite_loss,919.8,74050.8,paper_101/ablation/results/37694.out,37694
p3_tpsa_mofe_last_ffn,81,0.000016,0.0257,logged_terminal_batch_composite_loss,921.4,74972.2,paper_101/ablation/results/37694.out,37694
p3_tpsa_mofe_last_ffn,82,0.000016,0.0103,logged_terminal_batch_composite_loss,920.4,75892.6,paper_101/ablation/results/37694.out,37694
p3_tpsa_mofe_last_ffn,83,0.000016,0.0215,logged_terminal_batch_composite_loss,919.9,76812.6,paper_101/ablation/results/37694.out,37694
p3_tpsa_mofe_last_ffn,84,0.000015,0.0089,logged_terminal_batch_composite_loss,921.1,77733.7,paper_101/ablation/results/37694.out,37694
p3_tpsa_mofe_last_ffn,85,0.000015,0.0074,logged_terminal_batch_composite_loss,920.8,78654.4,paper_101/ablation/results/37694.out,37694
p3_tpsa_mofe_last_ffn,86,0.000015,0.0120,logged_terminal_batch_composite_loss,920.1,79574.5,paper_101/ablation/results/37694.out,37694
p3_tpsa_mofe_last_ffn,87,0.000015,0.0311,logged_terminal_batch_composite_loss,913.3,80487.8,paper_101/ablation/results/37694.out,37694
p3_tpsa_mofe_last_ffn,88,0.000015,0.0057,logged_terminal_batch_composite_loss,902.8,81390.6,paper_101/ablation/results/37694.out,37694
p3_tpsa_mofe_last_ffn,89,0.000015,0.0138,logged_terminal_batch_composite_loss,903.0,82293.6,paper_101/ablation/results/37694.out,37694
p3_tpsa_mofe_last_ffn,90,0.000015,0.0094,logged_terminal_batch_composite_loss,903.6,83197.2,paper_101/ablation/results/37694.out,37694
p3_tpsa_mofe_last_ffn,91,0.000015,0.0033,logged_terminal_batch_composite_loss,903.4,84100.6,paper_101/ablation/results/37694.out,37694
p3_tpsa_mofe_last_ffn,92,0.000015,0.0264,logged_terminal_batch_composite_loss,902.3,85002.9,paper_101/ablation/results/37694.out,37694
p3_tpsa_mofe_last_ffn,93,0.000015,0.0070,logged_terminal_batch_composite_loss,897.3,85900.2,paper_101/ablation/results/37694.out,37694
p3_tpsa_mofe_last_ffn,94,0.000015,0.0100,logged_terminal_batch_composite_loss,901.4,86801.6,paper_101/ablation/results/37694.out,37694
p3_tpsa_mofe_last_ffn,95,0.000015,0.0043,logged_terminal_batch_composite_loss,902.7,87704.3,paper_101/ablation/results/37694.out,37694
p3_tpsa_mofe_last_ffn,96,0.000014,0.0369,logged_terminal_batch_composite_loss,905.0,88609.2,paper_101/ablation/results/37694.out,37694
p3_tpsa_mofe_last_ffn,97,0.000014,0.0267,logged_terminal_batch_composite_loss,903.1,89512.3,paper_101/ablation/results/37694.out,37694
p3_tpsa_mofe_last_ffn,98,0.000014,0.0133,logged_terminal_batch_composite_loss,903.2,90415.5,paper_101/ablation/results/37694.out,37694
p3_tpsa_mofe_last_ffn,99,0.000014,0.0307,logged_terminal_batch_composite_loss,903.2,91318.7,paper_101/ablation/results/37694.out,37694
p3_tpsa_mofe_last_ffn,100,0.000014,0.0040,logged_terminal_batch_composite_loss,902.6,92221.3,paper_101/ablation/results/37694.out,37694
p3_tpsa_mofe_last_ffn,101,0.000014,0.0223,logged_terminal_batch_composite_loss,903.2,93124.6,paper_101/ablation/results/37694.out,37694
p3_tpsa_mofe_last_ffn,102,0.000014,0.0053,logged_terminal_batch_composite_loss,903.7,94028.3,paper_101/ablation/results/37694.out,37694
p3_tpsa_mofe_last_ffn,103,0.000014,0.0048,logged_terminal_batch_composite_loss,903.4,94931.6,paper_101/ablation/results/37694.out,37694
p3_tpsa_mofe_last_ffn,104,0.000014,0.0040,logged_terminal_batch_composite_loss,903.4,95835.1,paper_101/ablation/results/37694.out,37694
p3_tpsa_mofe_last_ffn,105,0.000014,0.0180,logged_terminal_batch_composite_loss,904.7,96739.8,paper_101/ablation/results/37694.out,37694
p3_tpsa_mofe_last_ffn,106,0.000014,0.0102,logged_terminal_batch_composite_loss,902.9,97642.7,paper_101/ablation/results/37694.out,37694
p3_tpsa_mofe_last_ffn,107,0.000014,0.0105,logged_terminal_batch_composite_loss,903.1,98545.8,paper_101/ablation/results/37694.out,37694
p3_tpsa_mofe_last_ffn,108,0.000014,0.0049,logged_terminal_batch_composite_loss,902.6,99448.5,paper_101/ablation/results/37694.out,37694
p3_tpsa_mofe_last_ffn,109,0.000014,0.0050,logged_terminal_batch_composite_loss,904.1,100352.6,paper_101/ablation/results/37694.out,37694
p3_tpsa_mofe_last_ffn,110,0.000013,0.0316,logged_terminal_batch_composite_loss,901.8,101254.4,paper_101/ablation/results/37694.out,37694
p3_tpsa_mofe_last_ffn,111,0.000013,0.0139,logged_terminal_batch_composite_loss,903.2,102157.6,paper_101/ablation/results/37694.out,37694
p3_tpsa_mofe_last_ffn,112,0.000013,0.0066,logged_terminal_batch_composite_loss,903.5,103061.0,paper_101/ablation/results/37694.out,37694
p3_tpsa_mofe_last_ffn,113,0.000013,0.0077,logged_terminal_batch_composite_loss,904.2,103965.2,paper_101/ablation/results/37694.out,37694
p3_tpsa_mofe_last_ffn,114,0.000013,0.0031,logged_terminal_batch_composite_loss,904.2,104869.4,paper_101/ablation/results/37694.out,37694
p3_tpsa_mofe_last_ffn,115,0.000013,0.0227,logged_terminal_batch_composite_loss,902.8,105772.2,paper_101/ablation/results/37694.out,37694
p3_tpsa_mofe_last_ffn,116,0.000013,0.0117,logged_terminal_batch_composite_loss,903.1,106675.3,paper_101/ablation/results/37694.out,37694
p3_tpsa_mofe_last_ffn,117,0.000013,0.0033,logged_terminal_batch_composite_loss,903.2,107578.5,paper_101/ablation/results/37694.out,37694
p3_tpsa_mofe_last_ffn,118,0.000013,0.0048,logged_terminal_batch_composite_loss,902.9,108481.4,paper_101/ablation/results/37694.out,37694
p3_tpsa_mofe_last_ffn,119,0.000013,0.0083,logged_terminal_batch_composite_loss,903.4,109384.8,paper_101/ablation/results/37694.out,37694
p3_tpsa_mofe_last_ffn,120,0.000013,0.0019,logged_terminal_batch_composite_loss,902.0,110286.8,paper_101/ablation/results/37694.out,37694
p3_tpsa_mofe_last_ffn,121,0.000013,0.0030,logged_terminal_batch_composite_loss,903.4,111190.2,paper_101/ablation/results/37694.out,37694
p3_tpsa_mofe_last_ffn,122,0.000013,0.0065,logged_terminal_batch_composite_loss,902.6,112092.9,paper_101/ablation/results/37694.out,37694
p3_tpsa_mofe_last_ffn,123,0.000013,0.0034,logged_terminal_batch_composite_loss,904.4,112997.3,paper_101/ablation/results/37694.out,37694
p3_tpsa_mofe_last_ffn,124,0.000013,0.0071,logged_terminal_batch_composite_loss,904.4,113901.7,paper_101/ablation/results/37694.out,37694
p3_tpsa_mofe_last_ffn,125,0.000013,0.0283,logged_terminal_batch_composite_loss,902.9,114804.5,paper_101/ablation/results/37694.out,37694
p3_tpsa_mofe_last_ffn,126,0.000013,0.0043,logged_terminal_batch_composite_loss,902.1,115706.6,paper_101/ablation/results/37694.out,37694
p3_tpsa_mofe_last_ffn,127,0.000013,0.0037,logged_terminal_batch_composite_loss,902.6,116609.2,paper_101/ablation/results/37694.out,37694
p3_tpsa_mofe_last_ffn,128,0.000013,0.0050,logged_terminal_batch_composite_loss,904.2,117513.5,paper_101/ablation/results/37694.out,37694
p3_tpsa_mofe_last_ffn,129,0.000012,0.0048,logged_terminal_batch_composite_loss,902.1,118415.6,paper_101/ablation/results/37694.out,37694
p3_tpsa_mofe_last_ffn,130,0.000012,0.0043,logged_terminal_batch_composite_loss,903.0,119318.6,paper_101/ablation/results/37694.out,37694
p3_tpsa_mofe_last_ffn,131,0.000012,0.0063,logged_terminal_batch_composite_loss,902.7,120221.2,paper_101/ablation/results/37694.out,37694
p3_tpsa_mofe_last_ffn,132,0.000012,0.0039,logged_terminal_batch_composite_loss,902.5,121123.7,paper_101/ablation/results/37694.out,37694
p3_tpsa_mofe_last_ffn,133,0.000012,0.0082,logged_terminal_batch_composite_loss,902.6,122026.3,paper_101/ablation/results/37694.out,37694
p3_tpsa_mofe_last_ffn,134,0.000012,0.0087,logged_terminal_batch_composite_loss,902.1,122928.4,paper_101/ablation/results/37694.out,37694
p3_tpsa_mofe_last_ffn,135,0.000012,0.0048,logged_terminal_batch_composite_loss,902.8,123831.3,paper_101/ablation/results/37694.out,37694
p3_tpsa_mofe_last_ffn,136,0.000012,0.0041,logged_terminal_batch_composite_loss,902.4,124733.7,paper_101/ablation/results/37694.out,37694
p3_tpsa_mofe_last_ffn,137,0.000012,0.0034,logged_terminal_batch_composite_loss,904.1,125637.8,paper_101/ablation/results/37694.out,37694
p3_tpsa_mofe_last_ffn,138,0.000012,0.0045,logged_terminal_batch_composite_loss,902.9,126540.7,paper_101/ablation/results/37694.out,37694
p3_tpsa_mofe_last_ffn,139,0.000012,0.0032,logged_terminal_batch_composite_loss,902.9,127443.7,paper_101/ablation/results/37694.out,37694
p3_tpsa_mofe_last_ffn,140,0.000012,0.0111,logged_terminal_batch_composite_loss,902.4,128346.1,paper_101/ablation/results/37694.out,37694
p3_tpsa_mofe_last_ffn,141,0.000012,0.0052,logged_terminal_batch_composite_loss,903.3,129249.4,paper_101/ablation/results/37694.out,37694
p3_tpsa_mofe_last_ffn,142,0.000012,0.0112,logged_terminal_batch_composite_loss,903.0,130152.4,paper_101/ablation/results/37694.out,37694
p3_tpsa_mofe_last_ffn,143,0.000012,0.0058,logged_terminal_batch_composite_loss,901.8,131054.2,paper_101/ablation/results/37694.out,37694
p3_tpsa_mofe_last_ffn,144,0.000012,0.0050,logged_terminal_batch_composite_loss,902.7,131956.9,paper_101/ablation/results/37694.out,37694
p3_tpsa_mofe_last_ffn,145,0.000012,0.0041,logged_terminal_batch_composite_loss,903.0,132859.9,paper_101/ablation/results/37694.out,37694
p3_tpsa_mofe_last_ffn,146,0.000012,0.0068,logged_terminal_batch_composite_loss,902.5,133762.5,paper_101/ablation/results/37694.out,37694
p3_tpsa_mofe_last_ffn,147,0.000012,0.0026,logged_terminal_batch_composite_loss,902.6,134665.1,paper_101/ablation/results/37694.out,37694
p3_tpsa_mofe_last_ffn,148,0.000012,0.0111,logged_terminal_batch_composite_loss,903.3,135568.4,paper_101/ablation/results/37694.out,37694
p3_tpsa_mofe_last_ffn,149,0.000012,0.0103,logged_terminal_batch_composite_loss,903.3,136471.7,paper_101/ablation/results/37694.out,37694
p3_tpsa_mofe_last_ffn,150,0.000012,0.0074,logged_terminal_batch_composite_loss,903.3,137375.0,paper_101/ablation/results/37694.out,37694
p3_tpsa_mofe_last_ffn,151,0.000012,0.0038,logged_terminal_batch_composite_loss,902.8,138277.9,paper_101/ablation/results/37694.out,37694
p3_tpsa_mofe_last_ffn,152,0.000011,0.0027,logged_terminal_batch_composite_loss,902.5,139180.5,paper_101/ablation/results/37694.out,37694
p3_tpsa_mofe_last_ffn,153,0.000011,0.0052,logged_terminal_batch_composite_loss,902.5,140082.9,paper_101/ablation/results/37694.out,37694
p3_tpsa_mofe_last_ffn,154,0.000011,0.0053,logged_terminal_batch_composite_loss,902.7,140985.6,paper_101/ablation/results/37694.out,37694
p3_tpsa_mofe_last_ffn,155,0.000011,0.0034,logged_terminal_batch_composite_loss,902.9,141888.5,paper_101/ablation/results/37694.out,37694
p3_tpsa_mofe_last_ffn,156,0.000011,0.0052,logged_terminal_batch_composite_loss,903.6,142792.2,paper_101/ablation/results/37694.out,37694
p3_tpsa_mofe_last_ffn,157,0.000011,0.0055,logged_terminal_batch_composite_loss,903.1,143695.3,paper_101/ablation/results/37694.out,37694
p3_tpsa_mofe_last_ffn,158,0.000011,0.0060,logged_terminal_batch_composite_loss,902.9,144598.2,paper_101/ablation/results/37694.out,37694
p3_tpsa_mofe_last_ffn,159,0.000011,0.0052,logged_terminal_batch_composite_loss,902.9,145501.1,paper_101/ablation/results/37694.out,37694
p3_tpsa_mofe_last_ffn,160,0.000011,0.1032,logged_terminal_batch_composite_loss,902.8,146403.9,paper_101/ablation/results/37694.out,37694
p3_tpsa_mofe_last_ffn,161,0.000011,0.0051,logged_terminal_batch_composite_loss,903.2,147307.1,paper_101/ablation/results/37694.out,37694
p3_tpsa_mofe_last_ffn,162,0.000011,0.0041,logged_terminal_batch_composite_loss,903.7,148210.8,paper_101/ablation/results/37694.out,37694
p3_tpsa_mofe_last_ffn,163,0.000011,0.0026,logged_terminal_batch_composite_loss,903.3,149114.1,paper_101/ablation/results/37694.out,37694
p3_tpsa_mofe_last_ffn,164,0.000011,0.0023,logged_terminal_batch_composite_loss,903.5,150017.6,paper_101/ablation/results/37694.out,37694
p3_tpsa_mofe_last_ffn,165,0.000011,0.0032,logged_terminal_batch_composite_loss,904.2,150921.8,paper_101/ablation/results/37694.out,37694
p3_tpsa_mofe_last_ffn,166,0.000011,0.0025,logged_terminal_batch_composite_loss,903.3,151825.2,paper_101/ablation/results/37694.out,37694
p3_tpsa_mofe_last_ffn,167,0.000011,0.0113,logged_terminal_batch_composite_loss,903.4,152728.6,paper_101/ablation/results/37694.out,37694
p3_tpsa_mofe_last_ffn,168,0.000011,0.0030,logged_terminal_batch_composite_loss,902.7,153631.3,paper_101/ablation/results/37694.out,37694
p3_tpsa_mofe_last_ffn,169,0.000011,0.0030,logged_terminal_batch_composite_loss,902.9,154534.2,paper_101/ablation/results/37694.out,37694
p3_tpsa_mofe_last_ffn,170,0.000011,0.0046,logged_terminal_batch_composite_loss,903.4,155437.6,paper_101/ablation/results/37694.out,37694
p3_tpsa_mofe_last_ffn,171,0.000011,0.0032,logged_terminal_batch_composite_loss,903.7,156341.3,paper_101/ablation/results/37694.out,37694
p3_tpsa_mofe_last_ffn,172,0.000011,0.0039,logged_terminal_batch_composite_loss,903.4,157244.7,paper_101/ablation/results/37694.out,37694
p3_tpsa_mofe_last_ffn,173,0.000011,0.0063,logged_terminal_batch_composite_loss,902.9,158147.5,paper_101/ablation/results/37694.out,37694
p3_tpsa_mofe_last_ffn,174,0.000011,0.0055,logged_terminal_batch_composite_loss,902.7,159050.2,paper_101/ablation/results/37694.out,37694
p3_tpsa_mofe_last_ffn,175,0.000011,0.0060,logged_terminal_batch_composite_loss,916.4,159966.6,paper_101/ablation/results/37694.out,37694
p3_tpsa_mofe_last_ffn,176,0.000011,0.0048,logged_terminal_batch_composite_loss,911.7,160878.4,paper_101/ablation/results/37694.out,37694
p3_tpsa_mofe_last_ffn,177,0.000011,0.0046,logged_terminal_batch_composite_loss,903.6,161782.0,paper_101/ablation/results/37694.out,37694
p3_tpsa_mofe_last_ffn,178,0.000011,0.0069,logged_terminal_batch_composite_loss,903.4,162685.4,paper_101/ablation/results/37694.out,37694
p3_tpsa_mofe_last_ffn,179,0.000011,0.0039,logged_terminal_batch_composite_loss,904.1,163589.4,paper_101/ablation/results/37694.out,37694
p3_tpsa_mofe_last_ffn,180,0.000011,0.0033,logged_terminal_batch_composite_loss,903.9,164493.3,paper_101/ablation/results/37694.out,37694
p3_tpsa_mofe_last_ffn,181,0.000011,0.0056,logged_terminal_batch_composite_loss,903.2,165396.5,paper_101/ablation/results/37694.out,37694
p3_tpsa_mofe_last_ffn,182,0.000010,0.0007,logged_terminal_batch_composite_loss,904.2,166300.8,paper_101/ablation/results/37694.out,37694
p3_tpsa_mofe_last_ffn,183,0.000010,0.0084,logged_terminal_batch_composite_loss,903.5,167204.3,paper_101/ablation/results/37694.out,37694
p3_tpsa_mofe_last_ffn,184,0.000010,0.0046,logged_terminal_batch_composite_loss,903.5,168107.8,paper_101/ablation/results/37694.out,37694
p3_tpsa_mofe_last_ffn,185,0.000010,0.0040,logged_terminal_batch_composite_loss,923.2,169031.0,paper_101/ablation/results/37694.out,37694
p3_tpsa_mofe_last_ffn,186,0.000010,0.0032,logged_terminal_batch_composite_loss,904.8,169935.8,paper_101/ablation/results/37694.out,37694
p3_tpsa_mofe_last_ffn,187,0.000010,0.0040,logged_terminal_batch_composite_loss,926.1,170861.9,paper_101/ablation/results/37694.out,37694
p3_tpsa_mofe_last_ffn,188,0.000010,0.0048,logged_terminal_batch_composite_loss,936.8,171798.7,paper_101/ablation/results/37694.out,37694
p3_tpsa_mofe_last_ffn,189,0.000010,0.0020,logged_terminal_batch_composite_loss,999.9,172798.6,paper_101/ablation/results/37694.out,37694
p3_tpsa_mofe_last_ffn,190,0.000010,0.0132,logged_terminal_batch_composite_loss,1010.4,173809.0,paper_101/ablation/results/37694.out,37694
p3_tpsa_mofe_last_ffn,191,0.000010,0.0036,logged_terminal_batch_composite_loss,1013.0,174822.0,paper_101/ablation/results/37694.out,37694
p3_tpsa_mofe_last_ffn,192,0.000010,0.0015,logged_terminal_batch_composite_loss,1014.4,175836.4,paper_101/ablation/results/37694.out,37694
p3_tpsa_mofe_last_ffn,193,0.000010,0.0061,logged_terminal_batch_composite_loss,1014.1,176850.5,paper_101/ablation/results/37694.out,37694
p3_tpsa_mofe_last_ffn,194,0.000010,0.0139,logged_terminal_batch_composite_loss,1014.7,177865.2,paper_101/ablation/results/37694.out,37694
p3_tpsa_mofe_last_ffn,195,0.000010,0.0034,logged_terminal_batch_composite_loss,1014.6,178879.8,paper_101/ablation/results/37694.out,37694
p3_tpsa_mofe_last_ffn,196,0.000010,0.0053,logged_terminal_batch_composite_loss,1016.6,179896.4,paper_101/ablation/results/37694.out,37694
p3_tpsa_mofe_last_ffn,197,0.000010,0.0130,logged_terminal_batch_composite_loss,1014.0,180910.4,paper_101/ablation/results/37694.out,37694
p3_tpsa_mofe_last_ffn,198,0.000010,0.0071,logged_terminal_batch_composite_loss,1016.3,181926.7,paper_101/ablation/results/37694.out,37694
p3_tpsa_mofe_last_ffn,199,0.000010,0.0073,logged_terminal_batch_composite_loss,1014.6,182941.2,paper_101/ablation/results/37694.out,37694
p3_tpsa_mofe_last_ffn,200,0.000010,0.0048,logged_terminal_batch_composite_loss,1013.8,183955.1,paper_101/ablation/results/37694.out,37694
p3_tpsa_mofe_last_ffn,201,0.000010,0.0101,logged_terminal_batch_composite_loss,1015.9,184971.1,paper_101/ablation/results/37694.out,37694
p3_tpsa_mofe_last_ffn,202,0.000010,0.0046,logged_terminal_batch_composite_loss,1015.5,185986.5,paper_101/ablation/results/37694.out,37694
p3_tpsa_mofe_last_ffn,203,0.000010,0.0035,logged_terminal_batch_composite_loss,1016.8,187003.4,paper_101/ablation/results/37694.out,37694
p3_tpsa_mofe_last_ffn,204,0.000010,0.0035,logged_terminal_batch_composite_loss,1015.9,188019.3,paper_101/ablation/results/37694.out,37694
p3_tpsa_mofe_last_ffn,205,0.000010,0.0034,logged_terminal_batch_composite_loss,1015.1,189034.3,paper_101/ablation/results/37694.out,37694
p3_tpsa_mofe_last_ffn,206,0.000010,0.0038,logged_terminal_batch_composite_loss,1003.3,190037.6,paper_101/ablation/results/37694.out,37694
p3_tpsa_mofe_last_ffn,207,0.000010,0.0017,logged_terminal_batch_composite_loss,1003.8,191041.4,paper_101/ablation/results/37694.out,37694
p3_tpsa_mofe_last_ffn,208,0.000010,0.0020,logged_terminal_batch_composite_loss,1001.4,192042.9,paper_101/ablation/results/37694.out,37694
p3_tpsa_mofe_last_ffn,209,0.000010,0.0017,logged_terminal_batch_composite_loss,1001.5,193044.4,paper_101/ablation/results/37694.out,37694
p3_tpsa_mofe_last_ffn,210,0.000010,0.0047,logged_terminal_batch_composite_loss,1002.0,194046.4,paper_101/ablation/results/37694.out,37694
p3_tpsa_mofe_last_ffn,211,0.000010,0.0037,logged_terminal_batch_composite_loss,1002.6,195049.0,paper_101/ablation/results/37694.out,37694
p3_tpsa_mofe_last_ffn,212,0.000010,0.0029,logged_terminal_batch_composite_loss,1001.7,196050.6,paper_101/ablation/results/37694.out,37694
p3_tpsa_mofe_last_ffn,213,0.000010,0.0043,logged_terminal_batch_composite_loss,1003.6,197054.3,paper_101/ablation/results/37694.out,37694
p3_tpsa_mofe_last_ffn,214,0.000010,0.0480,logged_terminal_batch_composite_loss,1003.1,198057.4,paper_101/ablation/results/37694.out,37694
p3_tpsa_mofe_last_ffn,215,0.000010,0.0032,logged_terminal_batch_composite_loss,948.5,199005.9,paper_101/ablation/results/37694.out,37694
p3_tpsa_mofe_last_ffn,216,0.000010,0.0024,logged_terminal_batch_composite_loss,918.1,199924.0,paper_101/ablation/results/37694.out,37694
p3_tpsa_mofe_last_ffn,217,0.000010,0.0039,logged_terminal_batch_composite_loss,918.5,200842.5,paper_101/ablation/results/37694.out,37694
p3_tpsa_mofe_last_ffn,218,0.000010,0.0024,logged_terminal_batch_composite_loss,919.8,201762.3,paper_101/ablation/results/37694.out,37694
p3_tpsa_mofe_last_ffn,219,0.000010,0.0110,logged_terminal_batch_composite_loss,919.7,202682.0,paper_101/ablation/results/37694.out,37694
p3_tpsa_mofe_last_ffn,220,0.000010,0.0049,logged_terminal_batch_composite_loss,920.7,203602.7,paper_101/ablation/results/37694.out,37694
p3_tpsa_mofe_last_ffn,221,0.000010,0.0033,logged_terminal_batch_composite_loss,920.7,204523.4,paper_101/ablation/results/37694.out,37694
p3_tpsa_mofe_last_ffn,222,0.000009,0.0182,logged_terminal_batch_composite_loss,917.8,205441.2,paper_101/ablation/results/37694.out,37694
p3_tpsa_mofe_last_ffn,223,0.000009,0.0032,logged_terminal_batch_composite_loss,918.9,206360.1,paper_101/ablation/results/37694.out,37694
p3_tpsa_mofe_last_ffn,224,0.000009,0.0039,logged_terminal_batch_composite_loss,918.8,207279.0,paper_101/ablation/results/37694.out,37694
p3_tpsa_mofe_last_ffn,225,0.000009,0.0102,logged_terminal_batch_composite_loss,919.3,208198.3,paper_101/ablation/results/37694.out,37694
p3_tpsa_mofe_last_ffn,226,0.000009,0.0034,logged_terminal_batch_composite_loss,921.5,209119.7,paper_101/ablation/results/37694.out,37694
p3_tpsa_mofe_last_ffn,227,0.000009,0.0054,logged_terminal_batch_composite_loss,919.7,210039.4,paper_101/ablation/results/37694.out,37694
p3_tpsa_mofe_last_ffn,228,0.000009,0.0036,logged_terminal_batch_composite_loss,921.4,210960.8,paper_101/ablation/results/37694.out,37694
p3_tpsa_mofe_last_ffn,229,0.000009,0.0066,logged_terminal_batch_composite_loss,917.7,211878.5,paper_101/ablation/results/37694.out,37694
p3_tpsa_mofe_last_ffn,230,0.000009,0.0013,logged_terminal_batch_composite_loss,918.0,212796.5,paper_101/ablation/results/37694.out,37694
p3_tpsa_mofe_last_ffn,231,0.000009,0.0034,logged_terminal_batch_composite_loss,918.6,213715.1,paper_101/ablation/results/37694.out,37694
p3_tpsa_mofe_last_ffn,232,0.000009,0.0022,logged_terminal_batch_composite_loss,919.3,214634.4,paper_101/ablation/results/37694.out,37694
p3_tpsa_mofe_last_ffn,233,0.000009,0.0062,logged_terminal_batch_composite_loss,920.5,215554.9,paper_101/ablation/results/37694.out,37694
p3_tpsa_mofe_last_ffn,234,0.000009,0.0057,logged_terminal_batch_composite_loss,919.5,216474.4,paper_101/ablation/results/37694.out,37694
p3_tpsa_mofe_last_ffn,235,0.000009,0.0020,logged_terminal_batch_composite_loss,920.3,217394.7,paper_101/ablation/results/37694.out,37694
p3_tpsa_mofe_last_ffn,236,0.000009,0.0023,logged_terminal_batch_composite_loss,918.9,218313.6,paper_101/ablation/results/37694.out,37694
p3_tpsa_mofe_last_ffn,237,0.000009,0.0060,logged_terminal_batch_composite_loss,917.9,219231.5,paper_101/ablation/results/37694.out,37694
p3_tpsa_mofe_last_ffn,238,0.000009,0.0018,logged_terminal_batch_composite_loss,918.7,220150.1,paper_101/ablation/results/37694.out,37694
p3_tpsa_mofe_last_ffn,239,0.000009,0.0038,logged_terminal_batch_composite_loss,919.0,221069.2,paper_101/ablation/results/37694.out,37694
p3_tpsa_mofe_last_ffn,240,0.000009,0.0047,logged_terminal_batch_composite_loss,919.2,221988.4,paper_101/ablation/results/37694.out,37694
p3_tpsa_mofe_last_ffn,241,0.000009,0.0111,logged_terminal_batch_composite_loss,920.3,222908.6,paper_101/ablation/results/37694.out,37694
p3_tpsa_mofe_last_ffn,242,0.000009,0.0025,logged_terminal_batch_composite_loss,919.5,223828.1,paper_101/ablation/results/37694.out,37694
p3_tpsa_mofe_last_ffn,243,0.000009,0.0068,logged_terminal_batch_composite_loss,921.2,224749.4,paper_101/ablation/results/37694.out,37694
p3_tpsa_mofe_last_ffn,244,0.000009,0.0211,logged_terminal_batch_composite_loss,918.7,225668.0,paper_101/ablation/results/37694.out,37694
p3_tpsa_mofe_last_ffn,245,0.000009,0.0031,logged_terminal_batch_composite_loss,918.0,226586.0,paper_101/ablation/results/37694.out,37694
p3_tpsa_mofe_last_ffn,246,0.000009,0.0044,logged_terminal_batch_composite_loss,919.2,227505.2,paper_101/ablation/results/37694.out,37694
p3_tpsa_mofe_last_ffn,247,0.000009,0.0046,logged_terminal_batch_composite_loss,919.2,228424.4,paper_101/ablation/results/37694.out,37694
p3_tpsa_mofe_last_ffn,248,0.000009,0.0056,logged_terminal_batch_composite_loss,919.7,229344.1,paper_101/ablation/results/37694.out,37694
p3_tpsa_mofe_last_ffn,249,0.000009,0.0038,logged_terminal_batch_composite_loss,920.8,230264.9,paper_101/ablation/results/37694.out,37694
p3_tpsa_mofe_last_ffn,250,0.000009,0.0051,logged_terminal_batch_composite_loss,919.1,231184.0,paper_101/ablation/results/37694.out,37694
p3_tpsa_mofe_last_ffn,251,0.000009,0.0057,logged_terminal_batch_composite_loss,919.1,232103.2,paper_101/ablation/results/37694.out,37694
p3_tpsa_mofe_last_ffn,252,0.000009,0.0054,logged_terminal_batch_composite_loss,919.7,233022.9,paper_101/ablation/results/37694.out,37694
p3_tpsa_mofe_last_ffn,253,0.000009,0.0045,logged_terminal_batch_composite_loss,919.7,233942.5,paper_101/ablation/results/37694.out,37694
p3_tpsa_mofe_last_ffn,254,0.000009,0.0029,logged_terminal_batch_composite_loss,918.5,234861.1,paper_101/ablation/results/37694.out,37694
p3_tpsa_mofe_last_ffn,255,0.000009,0.0047,logged_terminal_batch_composite_loss,920.8,235781.8,paper_101/ablation/results/37694.out,37694
p3_tpsa_mofe_last_ffn,256,0.000009,0.0019,logged_terminal_batch_composite_loss,920.4,236702.2,paper_101/ablation/results/37694.out,37694
p3_tpsa_mofe_last_ffn,257,0.000009,0.0009,logged_terminal_batch_composite_loss,920.7,237622.9,paper_101/ablation/results/37694.out,37694
p3_tpsa_mofe_last_ffn,258,0.000009,0.0049,logged_terminal_batch_composite_loss,920.4,238543.3,paper_101/ablation/results/37694.out,37694
p3_tpsa_mofe_last_ffn,259,0.000009,0.0047,logged_terminal_batch_composite_loss,918.2,239461.5,paper_101/ablation/results/37694.out,37694
p3_tpsa_mofe_last_ffn,260,0.000009,0.0027,logged_terminal_batch_composite_loss,918.7,240380.2,paper_101/ablation/results/37694.out,37694
p3_tpsa_mofe_last_ffn,261,0.000009,0.0017,logged_terminal_batch_composite_loss,918.9,241299.1,paper_101/ablation/results/37694.out,37694
p3_tpsa_mofe_last_ffn,262,0.000009,0.0035,logged_terminal_batch_composite_loss,919.3,242218.5,paper_101/ablation/results/37694.out,37694
p3_tpsa_mofe_last_ffn,263,0.000009,0.0032,logged_terminal_batch_composite_loss,918.8,243137.3,paper_101/ablation/results/37694.out,37694
p3_tpsa_mofe_last_ffn,264,0.000009,0.0031,logged_terminal_batch_composite_loss,919.0,244056.3,paper_101/ablation/results/37694.out,37694
p3_tpsa_mofe_last_ffn,265,0.000009,0.0088,logged_terminal_batch_composite_loss,921.0,244977.3,paper_101/ablation/results/37694.out,37694
p3_tpsa_mofe_last_ffn,266,0.000009,0.0086,logged_terminal_batch_composite_loss,917.4,245894.7,paper_101/ablation/results/37694.out,37694
p3_tpsa_mofe_last_ffn,267,0.000009,0.0031,logged_terminal_batch_composite_loss,918.5,246813.3,paper_101/ablation/results/37694.out,37694
p3_tpsa_mofe_last_ffn,268,0.000009,0.0058,logged_terminal_batch_composite_loss,919.3,247732.6,paper_101/ablation/results/37694.out,37694
p3_tpsa_mofe_last_ffn,269,0.000009,0.0052,logged_terminal_batch_composite_loss,918.9,248651.4,paper_101/ablation/results/37694.out,37694
p3_tpsa_mofe_last_ffn,270,0.000009,0.0054,logged_terminal_batch_composite_loss,919.5,249570.9,paper_101/ablation/results/37694.out,37694
p3_tpsa_mofe_last_ffn,271,0.000009,0.0032,logged_terminal_batch_composite_loss,919.9,250490.8,paper_101/ablation/results/37694.out,37694
p3_tpsa_mofe_last_ffn,272,0.000009,0.0034,logged_terminal_batch_composite_loss,919.8,251410.6,paper_101/ablation/results/37694.out,37694
p3_tpsa_mofe_last_ffn,273,0.000009,0.0039,logged_terminal_batch_composite_loss,919.7,252330.3,paper_101/ablation/results/37694.out,37694
p3_tpsa_mofe_last_ffn,274,0.000009,0.0022,logged_terminal_batch_composite_loss,918.0,253248.3,paper_101/ablation/results/37694.out,37694
p3_tpsa_mofe_last_ffn,275,0.000009,0.0286,logged_terminal_batch_composite_loss,919.3,254167.5,paper_101/ablation/results/37694.out,37694
p3_tpsa_mofe_last_ffn,276,0.000009,0.0034,logged_terminal_batch_composite_loss,919.3,255086.9,paper_101/ablation/results/37694.out,37694
p3_tpsa_mofe_last_ffn,277,0.000008,0.0030,logged_terminal_batch_composite_loss,919.5,256006.4,paper_101/ablation/results/37694.out,37694
p3_tpsa_mofe_last_ffn,278,0.000008,0.0035,logged_terminal_batch_composite_loss,920.8,256927.2,paper_101/ablation/results/37694.out,37694
p3_tpsa_mofe_last_ffn,279,0.000008,0.0054,logged_terminal_batch_composite_loss,920.5,257847.7,paper_101/ablation/results/37694.out,37694
p3_tpsa_mofe_last_ffn,280,0.000008,0.0049,logged_terminal_batch_composite_loss,917.7,258765.4,paper_101/ablation/results/37694.out,37694
p3_tpsa_mofe_last_ffn,281,0.000008,0.0062,logged_terminal_batch_composite_loss,915.9,259681.4,paper_101/ablation/results/37694.out,37694
p3_tpsa_mofe_last_ffn,282,0.000008,0.0029,logged_terminal_batch_composite_loss,918.6,260600.0,paper_101/ablation/results/37694.out,37694
p3_tpsa_mofe_last_ffn,283,0.000008,0.0045,logged_terminal_batch_composite_loss,918.2,261518.2,paper_101/ablation/results/37694.out,37694
p3_tpsa_mofe_last_ffn,284,0.000008,0.0032,logged_terminal_batch_composite_loss,919.3,262437.4,paper_101/ablation/results/37694.out,37694
p3_tpsa_mofe_last_ffn,285,0.000008,0.0014,logged_terminal_batch_composite_loss,918.3,263355.8,paper_101/ablation/results/37694.out,37694
p3_tpsa_mofe_last_ffn,286,0.000008,0.0059,logged_terminal_batch_composite_loss,920.0,264275.8,paper_101/ablation/results/37694.out,37694
p3_tpsa_mofe_last_ffn,287,0.000008,0.0057,logged_terminal_batch_composite_loss,919.3,265195.1,paper_101/ablation/results/37694.out,37694
p3_tpsa_mofe_last_ffn,288,0.000008,0.0031,logged_terminal_batch_composite_loss,919.7,266114.9,paper_101/ablation/results/37694.out,37694
p3_tpsa_mofe_last_ffn,289,0.000008,0.0036,logged_terminal_batch_composite_loss,918.1,267032.9,paper_101/ablation/results/37694.out,37694
p3_tpsa_mofe_last_ffn,290,0.000008,0.0055,logged_terminal_batch_composite_loss,917.4,267950.3,paper_101/ablation/results/37694.out,37694
p3_tpsa_mofe_last_ffn,291,0.000008,0.0027,logged_terminal_batch_composite_loss,919.9,268870.1,paper_101/ablation/results/37694.out,37694
p3_tpsa_mofe_last_ffn,292,0.000008,0.0055,logged_terminal_batch_composite_loss,918.9,269789.1,paper_101/ablation/results/37694.out,37694
p3_tpsa_mofe_last_ffn,293,0.000008,0.0089,logged_terminal_batch_composite_loss,918.7,270707.8,paper_101/ablation/results/37694.out,37694
p3_tpsa_mofe_last_ffn,294,0.000008,0.0026,logged_terminal_batch_composite_loss,920.7,271628.4,paper_101/ablation/results/37694.out,37694
p3_tpsa_mofe_last_ffn,295,0.000008,0.0078,logged_terminal_batch_composite_loss,919.7,272548.1,paper_101/ablation/results/37694.out,37694
p3_tpsa_mofe_last_ffn,296,0.000008,0.0050,logged_terminal_batch_composite_loss,917.7,273465.8,paper_101/ablation/results/37694.out,37694
p3_tpsa_mofe_last_ffn,297,0.000008,0.0042,logged_terminal_batch_composite_loss,918.1,274383.9,paper_101/ablation/results/37694.out,37694
p3_tpsa_mofe_last_ffn,298,0.000008,0.0048,logged_terminal_batch_composite_loss,918.0,275301.8,paper_101/ablation/results/37694.out,37694
p3_tpsa_mofe_last_ffn,299,0.000008,0.0059,logged_terminal_batch_composite_loss,919.6,276221.5,paper_101/ablation/results/37694.out,37694
p3_tpsa_mofe_last_ffn,300,0.000008,0.0031,logged_terminal_batch_composite_loss,921.2,277142.7,paper_101/ablation/results/37694.out,37694
p3_tpsa_mofe_last_ffn_conloss,1,0.000001,3.8825,logged_terminal_batch_composite_loss,962.7,962.7,paper_101/ablation/results/37702.out,37702
p3_tpsa_mofe_last_ffn_conloss,2,0.000002,2.5040,logged_terminal_batch_composite_loss,968.9,1931.7,paper_101/ablation/results/37702.out,37702
p3_tpsa_mofe_last_ffn_conloss,3,0.000003,2.1734,logged_terminal_batch_composite_loss,968.0,2899.8,paper_101/ablation/results/37702.out,37702
p3_tpsa_mofe_last_ffn_conloss,4,0.000003,1.9035,logged_terminal_batch_composite_loss,960.1,3860.0,paper_101/ablation/results/37702.out,37702
p3_tpsa_mofe_last_ffn_conloss,5,0.000004,1.9534,logged_terminal_batch_composite_loss,960.1,4820.3,paper_101/ablation/results/37702.out,37702
p3_tpsa_mofe_last_ffn_conloss,6,0.000005,1.8955,logged_terminal_batch_composite_loss,959.6,5779.8,paper_101/ablation/results/37702.out,37702
p3_tpsa_mofe_last_ffn_conloss,7,0.000006,1.4379,logged_terminal_batch_composite_loss,959.7,6739.6,paper_101/ablation/results/37702.out,37702
p3_tpsa_mofe_last_ffn_conloss,8,0.000007,1.1204,logged_terminal_batch_composite_loss,960.2,7699.9,paper_101/ablation/results/37702.out,37702
p3_tpsa_mofe_last_ffn_conloss,9,0.000008,0.8303,logged_terminal_batch_composite_loss,958.9,8658.8,paper_101/ablation/results/37702.out,37702
p3_tpsa_mofe_last_ffn_conloss,10,0.000009,0.8408,logged_terminal_batch_composite_loss,958.4,9617.3,paper_101/ablation/results/37702.out,37702
p3_tpsa_mofe_last_ffn_conloss,11,0.000009,0.7622,logged_terminal_batch_composite_loss,960.1,10577.4,paper_101/ablation/results/37702.out,37702
p3_tpsa_mofe_last_ffn_conloss,12,0.000010,0.5694,logged_terminal_batch_composite_loss,959.3,11536.8,paper_101/ablation/results/37702.out,37702
p3_tpsa_mofe_last_ffn_conloss,13,0.000011,0.7348,logged_terminal_batch_composite_loss,959.6,12496.4,paper_101/ablation/results/37702.out,37702
p3_tpsa_mofe_last_ffn_conloss,14,0.000012,0.5811,logged_terminal_batch_composite_loss,960.6,13457.0,paper_101/ablation/results/37702.out,37702
p3_tpsa_mofe_last_ffn_conloss,15,0.000013,0.4649,logged_terminal_batch_composite_loss,959.1,14416.1,paper_101/ablation/results/37702.out,37702
p3_tpsa_mofe_last_ffn_conloss,16,0.000014,0.4422,logged_terminal_batch_composite_loss,959.5,15375.7,paper_101/ablation/results/37702.out,37702
p3_tpsa_mofe_last_ffn_conloss,17,0.000015,0.3886,logged_terminal_batch_composite_loss,958.0,16333.8,paper_101/ablation/results/37702.out,37702
p3_tpsa_mofe_last_ffn_conloss,18,0.000015,0.3209,logged_terminal_batch_composite_loss,959.8,17293.7,paper_101/ablation/results/37702.out,37702
p3_tpsa_mofe_last_ffn_conloss,19,0.000016,0.3025,logged_terminal_batch_composite_loss,959.3,18253.1,paper_101/ablation/results/37702.out,37702
p3_tpsa_mofe_last_ffn_conloss,20,0.000017,0.3875,logged_terminal_batch_composite_loss,959.8,19213.0,paper_101/ablation/results/37702.out,37702
p3_tpsa_mofe_last_ffn_conloss,21,0.000018,0.5703,logged_terminal_batch_composite_loss,961.2,20174.2,paper_101/ablation/results/37702.out,37702
p3_tpsa_mofe_last_ffn_conloss,22,0.000019,0.3541,logged_terminal_batch_composite_loss,959.2,21133.4,paper_101/ablation/results/37702.out,37702
p3_tpsa_mofe_last_ffn_conloss,23,0.000020,0.3003,logged_terminal_batch_composite_loss,959.9,22093.3,paper_101/ablation/results/37702.out,37702
p3_tpsa_mofe_last_ffn_conloss,24,0.000021,0.3127,logged_terminal_batch_composite_loss,961.3,23054.7,paper_101/ablation/results/37702.out,37702
p3_tpsa_mofe_last_ffn_conloss,25,0.000022,0.3510,logged_terminal_batch_composite_loss,959.3,24014.1,paper_101/ablation/results/37702.out,37702
p3_tpsa_mofe_last_ffn_conloss,26,0.000022,0.3772,logged_terminal_batch_composite_loss,960.5,24974.6,paper_101/ablation/results/37702.out,37702
p3_tpsa_mofe_last_ffn_conloss,27,0.000023,0.3289,logged_terminal_batch_composite_loss,958.8,25933.4,paper_101/ablation/results/37702.out,37702
p3_tpsa_mofe_last_ffn_conloss,28,0.000024,0.3983,logged_terminal_batch_composite_loss,959.8,26893.2,paper_101/ablation/results/37702.out,37702
p3_tpsa_mofe_last_ffn_conloss,29,0.000025,0.3168,logged_terminal_batch_composite_loss,959.8,27853.0,paper_101/ablation/results/37702.out,37702
p3_tpsa_mofe_last_ffn_conloss,30,0.000026,0.3247,logged_terminal_batch_composite_loss,961.1,28814.0,paper_101/ablation/results/37702.out,37702
p3_tpsa_mofe_last_ffn_conloss,31,0.000025,0.2827,logged_terminal_batch_composite_loss,959.8,29773.8,paper_101/ablation/results/37702.out,37702
p3_tpsa_mofe_last_ffn_conloss,32,0.000025,0.3130,logged_terminal_batch_composite_loss,960.1,30734.0,paper_101/ablation/results/37702.out,37702
p3_tpsa_mofe_last_ffn_conloss,33,0.000025,0.2844,logged_terminal_batch_composite_loss,959.6,31693.6,paper_101/ablation/results/37702.out,37702
p3_tpsa_mofe_last_ffn_conloss,34,0.000024,0.3050,logged_terminal_batch_composite_loss,959.6,32653.3,paper_101/ablation/results/37702.out,37702
p3_tpsa_mofe_last_ffn_conloss,35,0.000024,0.2502,logged_terminal_batch_composite_loss,961.3,33614.6,paper_101/ablation/results/37702.out,37702
p3_tpsa_mofe_last_ffn_conloss,36,0.000024,0.2218,logged_terminal_batch_composite_loss,963.7,34578.5,paper_101/ablation/results/37702.out,37702
p3_tpsa_mofe_last_ffn_conloss,37,0.000023,0.2540,logged_terminal_batch_composite_loss,961.6,35540.2,paper_101/ablation/results/37702.out,37702
p3_tpsa_mofe_last_ffn_conloss,38,0.000023,0.2504,logged_terminal_batch_composite_loss,961.2,36501.4,paper_101/ablation/results/37702.out,37702
p3_tpsa_mofe_last_ffn_conloss,39,0.000023,0.2255,logged_terminal_batch_composite_loss,960.5,37461.9,paper_101/ablation/results/37702.out,37702
p3_tpsa_mofe_last_ffn_conloss,40,0.000022,0.2286,logged_terminal_batch_composite_loss,960.1,38422.0,paper_101/ablation/results/37702.out,37702
p3_tpsa_mofe_last_ffn_conloss,41,0.000022,0.2665,logged_terminal_batch_composite_loss,961.6,39383.6,paper_101/ablation/results/37702.out,37702
p3_tpsa_mofe_last_ffn_conloss,42,0.000022,0.2993,logged_terminal_batch_composite_loss,960.1,40343.6,paper_101/ablation/results/37702.out,37702
p3_tpsa_mofe_last_ffn_conloss,43,0.000022,0.2016,logged_terminal_batch_composite_loss,960.7,41304.4,paper_101/ablation/results/37702.out,37702
p3_tpsa_mofe_last_ffn_conloss,44,0.000021,0.2348,logged_terminal_batch_composite_loss,960.3,42264.8,paper_101/ablation/results/37702.out,37702
p3_tpsa_mofe_last_ffn_conloss,45,0.000021,0.2174,logged_terminal_batch_composite_loss,960.3,43225.0,paper_101/ablation/results/37702.out,37702
p3_tpsa_mofe_last_ffn_conloss,46,0.000021,0.2617,logged_terminal_batch_composite_loss,960.9,44185.9,paper_101/ablation/results/37702.out,37702
p3_tpsa_mofe_last_ffn_conloss,47,0.000021,0.2032,logged_terminal_batch_composite_loss,959.2,45145.2,paper_101/ablation/results/37702.out,37702
p3_tpsa_mofe_last_ffn_conloss,48,0.000020,0.2104,logged_terminal_batch_composite_loss,961.7,46106.8,paper_101/ablation/results/37702.out,37702
p3_tpsa_mofe_last_ffn_conloss,49,0.000020,0.2145,logged_terminal_batch_composite_loss,959.8,47066.6,paper_101/ablation/results/37702.out,37702
p3_tpsa_mofe_last_ffn_conloss,50,0.000020,0.1768,logged_terminal_batch_composite_loss,958.9,48025.5,paper_101/ablation/results/37702.out,37702
p3_tpsa_mofe_last_ffn_conloss,51,0.000020,0.2182,logged_terminal_batch_composite_loss,959.8,48985.4,paper_101/ablation/results/37702.out,37702
p3_tpsa_mofe_last_ffn_conloss,52,0.000020,0.2524,logged_terminal_batch_composite_loss,959.2,49944.6,paper_101/ablation/results/37702.out,37702
p3_tpsa_mofe_last_ffn_conloss,53,0.000019,0.2660,logged_terminal_batch_composite_loss,960.3,50904.8,paper_101/ablation/results/37702.out,37702
p3_tpsa_mofe_last_ffn_conloss,54,0.000019,0.1761,logged_terminal_batch_composite_loss,959.8,51864.6,paper_101/ablation/results/37702.out,37702
p3_tpsa_mofe_last_ffn_conloss,55,0.000019,0.1762,logged_terminal_batch_composite_loss,958.8,52823.4,paper_101/ablation/results/37702.out,37702
p3_tpsa_mofe_last_ffn_conloss,56,0.000019,0.2378,logged_terminal_batch_composite_loss,960.1,53783.5,paper_101/ablation/results/37702.out,37702
p3_tpsa_mofe_last_ffn_conloss,57,0.000019,0.2297,logged_terminal_batch_composite_loss,960.3,54743.9,paper_101/ablation/results/37702.out,37702
p3_tpsa_mofe_last_ffn_conloss,58,0.000019,0.1891,logged_terminal_batch_composite_loss,958.9,55702.7,paper_101/ablation/results/37702.out,37702
p3_tpsa_mofe_last_ffn_conloss,59,0.000018,0.2050,logged_terminal_batch_composite_loss,960.1,56662.8,paper_101/ablation/results/37702.out,37702
p3_tpsa_mofe_last_ffn_conloss,60,0.000018,0.2025,logged_terminal_batch_composite_loss,960.2,57623.0,paper_101/ablation/results/37702.out,37702
p3_tpsa_mofe_last_ffn_conloss,61,0.000018,0.2137,logged_terminal_batch_composite_loss,959.6,58582.6,paper_101/ablation/results/37702.out,37702
p3_tpsa_mofe_last_ffn_conloss,62,0.000018,0.1887,logged_terminal_batch_composite_loss,961.5,59544.0,paper_101/ablation/results/37702.out,37702
p3_tpsa_mofe_last_ffn_conloss,63,0.000018,0.2143,logged_terminal_batch_composite_loss,1024.1,60568.1,paper_101/ablation/results/37702.out,37702
p3_tpsa_mofe_last_ffn_conloss,64,0.000018,0.2651,logged_terminal_batch_composite_loss,968.8,61537.0,paper_101/ablation/results/37702.out,37702
p3_tpsa_mofe_last_ffn_conloss,65,0.000018,0.1676,logged_terminal_batch_composite_loss,960.7,62497.7,paper_101/ablation/results/37702.out,37702
p3_tpsa_mofe_last_ffn_conloss,66,0.000017,0.1966,logged_terminal_batch_composite_loss,959.6,63457.3,paper_101/ablation/results/37702.out,37702
p3_tpsa_mofe_last_ffn_conloss,67,0.000017,0.1826,logged_terminal_batch_composite_loss,991.1,64448.4,paper_101/ablation/results/37702.out,37702
p3_tpsa_mofe_last_ffn_conloss,68,0.000017,0.1805,logged_terminal_batch_composite_loss,1001.4,65449.8,paper_101/ablation/results/37702.out,37702
p3_tpsa_mofe_last_ffn_conloss,69,0.000017,0.1878,logged_terminal_batch_composite_loss,959.3,66409.2,paper_101/ablation/results/37702.out,37702
p3_tpsa_mofe_last_ffn_conloss,70,0.000017,0.1866,logged_terminal_batch_composite_loss,964.2,67373.4,paper_101/ablation/results/37702.out,37702
p3_tpsa_mofe_last_ffn_conloss,71,0.000017,0.2512,logged_terminal_batch_composite_loss,959.4,68332.7,paper_101/ablation/results/37702.out,37702
p3_tpsa_mofe_last_ffn_conloss,72,0.000017,0.1755,logged_terminal_batch_composite_loss,959.6,69292.3,paper_101/ablation/results/37702.out,37702
p3_tpsa_mofe_last_ffn_conloss,73,0.000017,0.1812,logged_terminal_batch_composite_loss,960.0,70252.3,paper_101/ablation/results/37702.out,37702
p3_tpsa_mofe_last_ffn_conloss,74,0.000016,0.1902,logged_terminal_batch_composite_loss,959.6,71212.0,paper_101/ablation/results/37702.out,37702
p3_tpsa_mofe_last_ffn_conloss,75,0.000016,0.2137,logged_terminal_batch_composite_loss,959.4,72171.4,paper_101/ablation/results/37702.out,37702
p3_tpsa_mofe_last_ffn_conloss,76,0.000016,0.1983,logged_terminal_batch_composite_loss,961.7,73133.0,paper_101/ablation/results/37702.out,37702
p3_tpsa_mofe_last_ffn_conloss,77,0.000016,0.1657,logged_terminal_batch_composite_loss,961.8,74094.8,paper_101/ablation/results/37702.out,37702
p3_tpsa_mofe_last_ffn_conloss,78,0.000016,0.1958,logged_terminal_batch_composite_loss,961.0,75055.9,paper_101/ablation/results/37702.out,37702
p3_tpsa_mofe_last_ffn_conloss,79,0.000016,0.1778,logged_terminal_batch_composite_loss,963.2,76019.1,paper_101/ablation/results/37702.out,37702
p3_tpsa_mofe_last_ffn_conloss,80,0.000016,0.2009,logged_terminal_batch_composite_loss,967.1,76986.2,paper_101/ablation/results/37702.out,37702
p3_tpsa_mofe_last_ffn_conloss,81,0.000016,0.1852,logged_terminal_batch_composite_loss,966.0,77952.2,paper_101/ablation/results/37702.out,37702
p3_tpsa_mofe_last_ffn_conloss,82,0.000016,0.1612,logged_terminal_batch_composite_loss,964.3,78916.5,paper_101/ablation/results/37702.out,37702
p3_tpsa_mofe_last_ffn_conloss,83,0.000016,0.1620,logged_terminal_batch_composite_loss,965.2,79881.7,paper_101/ablation/results/37702.out,37702
p3_tpsa_mofe_last_ffn_conloss,84,0.000015,0.1606,logged_terminal_batch_composite_loss,965.3,80847.1,paper_101/ablation/results/37702.out,37702
p3_tpsa_mofe_last_ffn_conloss,85,0.000015,0.2039,logged_terminal_batch_composite_loss,965.7,81812.8,paper_101/ablation/results/37702.out,37702
p3_tpsa_mofe_last_ffn_conloss,86,0.000015,0.1864,logged_terminal_batch_composite_loss,965.0,82777.8,paper_101/ablation/results/37702.out,37702
p3_tpsa_mofe_last_ffn_conloss,87,0.000015,0.1503,logged_terminal_batch_composite_loss,964.3,83742.2,paper_101/ablation/results/37702.out,37702
p3_tpsa_mofe_last_ffn_conloss,88,0.000015,0.1864,logged_terminal_batch_composite_loss,964.9,84707.2,paper_101/ablation/results/37702.out,37702
p3_tpsa_mofe_last_ffn_conloss,89,0.000015,0.1889,logged_terminal_batch_composite_loss,963.0,85670.2,paper_101/ablation/results/37702.out,37702
p3_tpsa_mofe_last_ffn_conloss,90,0.000015,0.1974,logged_terminal_batch_composite_loss,965.4,86635.6,paper_101/ablation/results/37702.out,37702
p3_tpsa_mofe_last_ffn_conloss,91,0.000015,0.1786,logged_terminal_batch_composite_loss,963.3,87598.9,paper_101/ablation/results/37702.out,37702
p3_tpsa_mofe_last_ffn_conloss,92,0.000015,0.1758,logged_terminal_batch_composite_loss,964.1,88563.0,paper_101/ablation/results/37702.out,37702
p3_tpsa_mofe_last_ffn_conloss,93,0.000015,0.1798,logged_terminal_batch_composite_loss,963.8,89526.9,paper_101/ablation/results/37702.out,37702
p3_tpsa_mofe_last_ffn_conloss,94,0.000015,0.1618,logged_terminal_batch_composite_loss,964.8,90491.6,paper_101/ablation/results/37702.out,37702
p3_tpsa_mofe_last_ffn_conloss,95,0.000015,0.2095,logged_terminal_batch_composite_loss,964.3,91455.9,paper_101/ablation/results/37702.out,37702
p3_tpsa_mofe_last_ffn_conloss,96,0.000014,0.2114,logged_terminal_batch_composite_loss,963.1,92419.1,paper_101/ablation/results/37702.out,37702
p3_tpsa_mofe_last_ffn_conloss,97,0.000014,0.1834,logged_terminal_batch_composite_loss,964.5,93383.6,paper_101/ablation/results/37702.out,37702
p3_tpsa_mofe_last_ffn_conloss,98,0.000014,0.2159,logged_terminal_batch_composite_loss,960.9,94344.5,paper_101/ablation/results/37702.out,37702
p3_tpsa_mofe_last_ffn_conloss,99,0.000014,0.1976,logged_terminal_batch_composite_loss,959.7,95304.2,paper_101/ablation/results/37702.out,37702
p3_tpsa_mofe_last_ffn_conloss,100,0.000014,0.1997,logged_terminal_batch_composite_loss,960.4,96264.6,paper_101/ablation/results/37702.out,37702
p3_tpsa_mofe_last_ffn_conloss,101,0.000014,0.1985,logged_terminal_batch_composite_loss,962.0,97226.7,paper_101/ablation/results/37702.out,37702
p3_tpsa_mofe_last_ffn_conloss,102,0.000014,0.1790,logged_terminal_batch_composite_loss,961.2,98187.9,paper_101/ablation/results/37702.out,37702
p3_tpsa_mofe_last_ffn_conloss,103,0.000014,0.1722,logged_terminal_batch_composite_loss,961.2,99149.1,paper_101/ablation/results/37702.out,37702
p3_tpsa_mofe_last_ffn_conloss,104,0.000014,0.1641,logged_terminal_batch_composite_loss,962.8,100111.9,paper_101/ablation/results/37702.out,37702
p3_tpsa_mofe_last_ffn_conloss,105,0.000014,0.2180,logged_terminal_batch_composite_loss,962.4,101074.3,paper_101/ablation/results/37702.out,37702
p3_tpsa_mofe_last_ffn_conloss,106,0.000014,0.1758,logged_terminal_batch_composite_loss,962.1,102036.4,paper_101/ablation/results/37702.out,37702
p3_tpsa_mofe_last_ffn_conloss,107,0.000014,0.1620,logged_terminal_batch_composite_loss,963.3,102999.7,paper_101/ablation/results/37702.out,37702
p3_tpsa_mofe_last_ffn_conloss,108,0.000014,0.1889,logged_terminal_batch_composite_loss,963.1,103962.8,paper_101/ablation/results/37702.out,37702
p3_tpsa_mofe_last_ffn_conloss,109,0.000014,0.2082,logged_terminal_batch_composite_loss,964.4,104927.2,paper_101/ablation/results/37702.out,37702
p3_tpsa_mofe_last_ffn_conloss,110,0.000013,0.2148,logged_terminal_batch_composite_loss,962.9,105890.0,paper_101/ablation/results/37702.out,37702
p3_tpsa_mofe_last_ffn_conloss,111,0.000013,0.1956,logged_terminal_batch_composite_loss,964.7,106854.7,paper_101/ablation/results/37702.out,37702
p3_tpsa_mofe_last_ffn_conloss,112,0.000013,0.1825,logged_terminal_batch_composite_loss,963.8,107818.5,paper_101/ablation/results/37702.out,37702
p3_tpsa_mofe_last_ffn_conloss,113,0.000013,0.1782,logged_terminal_batch_composite_loss,963.0,108781.5,paper_101/ablation/results/37702.out,37702
p3_tpsa_mofe_last_ffn_conloss,114,0.000013,0.1830,logged_terminal_batch_composite_loss,962.3,109743.8,paper_101/ablation/results/37702.out,37702
p3_tpsa_mofe_last_ffn_conloss,115,0.000013,0.1937,logged_terminal_batch_composite_loss,962.8,110706.6,paper_101/ablation/results/37702.out,37702
p3_tpsa_mofe_last_ffn_conloss,116,0.000013,0.2026,logged_terminal_batch_composite_loss,962.8,111669.4,paper_101/ablation/results/37702.out,37702
p3_tpsa_mofe_last_ffn_conloss,117,0.000013,0.1678,logged_terminal_batch_composite_loss,962.7,112632.1,paper_101/ablation/results/37702.out,37702
p3_tpsa_mofe_last_ffn_conloss,118,0.000013,0.1790,logged_terminal_batch_composite_loss,961.9,113594.0,paper_101/ablation/results/37702.out,37702
p3_tpsa_mofe_last_ffn_conloss,119,0.000013,0.1522,logged_terminal_batch_composite_loss,962.1,114556.1,paper_101/ablation/results/37702.out,37702
p3_tpsa_mofe_last_ffn_conloss,120,0.000013,0.1811,logged_terminal_batch_composite_loss,962.6,115518.7,paper_101/ablation/results/37702.out,37702
p3_tpsa_mofe_last_ffn_conloss,121,0.000013,0.1628,logged_terminal_batch_composite_loss,961.8,116480.5,paper_101/ablation/results/37702.out,37702
p3_tpsa_mofe_last_ffn_conloss,122,0.000013,0.1860,logged_terminal_batch_composite_loss,963.5,117444.0,paper_101/ablation/results/37702.out,37702
p3_tpsa_mofe_last_ffn_conloss,123,0.000013,0.1909,logged_terminal_batch_composite_loss,962.1,118406.1,paper_101/ablation/results/37702.out,37702
p3_tpsa_mofe_last_ffn_conloss,124,0.000013,0.1770,logged_terminal_batch_composite_loss,962.8,119368.9,paper_101/ablation/results/37702.out,37702
p3_tpsa_mofe_last_ffn_conloss,125,0.000013,0.1863,logged_terminal_batch_composite_loss,961.8,120330.7,paper_101/ablation/results/37702.out,37702
p3_tpsa_mofe_last_ffn_conloss,126,0.000013,0.1625,logged_terminal_batch_composite_loss,962.4,121293.2,paper_101/ablation/results/37702.out,37702
p3_tpsa_mofe_last_ffn_conloss,127,0.000013,0.1762,logged_terminal_batch_composite_loss,961.7,122254.9,paper_101/ablation/results/37702.out,37702
p3_tpsa_mofe_last_ffn_conloss,128,0.000013,0.1685,logged_terminal_batch_composite_loss,963.1,123217.9,paper_101/ablation/results/37702.out,37702
p3_tpsa_mofe_last_ffn_conloss,129,0.000012,0.1799,logged_terminal_batch_composite_loss,963.4,124181.3,paper_101/ablation/results/37702.out,37702
p3_tpsa_mofe_last_ffn_conloss,130,0.000012,0.1693,logged_terminal_batch_composite_loss,962.3,125143.6,paper_101/ablation/results/37702.out,37702
p3_tpsa_mofe_last_ffn_conloss,131,0.000012,0.1807,logged_terminal_batch_composite_loss,961.6,126105.2,paper_101/ablation/results/37702.out,37702
p3_tpsa_mofe_last_ffn_conloss,132,0.000012,0.1878,logged_terminal_batch_composite_loss,961.5,127066.7,paper_101/ablation/results/37702.out,37702
p3_tpsa_mofe_last_ffn_conloss,133,0.000012,0.1431,logged_terminal_batch_composite_loss,961.8,128028.6,paper_101/ablation/results/37702.out,37702
p3_tpsa_mofe_last_ffn_conloss,134,0.000012,0.1566,logged_terminal_batch_composite_loss,962.8,128991.4,paper_101/ablation/results/37702.out,37702
p3_tpsa_mofe_last_ffn_conloss,135,0.000012,0.1712,logged_terminal_batch_composite_loss,959.8,129951.2,paper_101/ablation/results/37702.out,37702
p3_tpsa_mofe_last_ffn_conloss,136,0.000012,0.1814,logged_terminal_batch_composite_loss,956.6,130907.8,paper_101/ablation/results/37702.out,37702
p3_tpsa_mofe_last_ffn_conloss,137,0.000012,0.1943,logged_terminal_batch_composite_loss,956.0,131863.8,paper_101/ablation/results/37702.out,37702
p3_tpsa_mofe_last_ffn_conloss,138,0.000012,0.1983,logged_terminal_batch_composite_loss,955.8,132819.5,paper_101/ablation/results/37702.out,37702
p3_tpsa_mofe_last_ffn_conloss,139,0.000012,0.1864,logged_terminal_batch_composite_loss,956.6,133776.1,paper_101/ablation/results/37702.out,37702
p3_tpsa_mofe_last_ffn_conloss,140,0.000012,0.1644,logged_terminal_batch_composite_loss,957.7,134733.7,paper_101/ablation/results/37702.out,37702
p3_tpsa_mofe_last_ffn_conloss,141,0.000012,0.1812,logged_terminal_batch_composite_loss,956.0,135689.7,paper_101/ablation/results/37702.out,37702
p3_tpsa_mofe_last_ffn_conloss,142,0.000012,0.2070,logged_terminal_batch_composite_loss,957.0,136646.7,paper_101/ablation/results/37702.out,37702
p3_tpsa_mofe_last_ffn_conloss,143,0.000012,0.1746,logged_terminal_batch_composite_loss,956.9,137603.6,paper_101/ablation/results/37702.out,37702
p3_tpsa_mofe_last_ffn_conloss,144,0.000012,0.1656,logged_terminal_batch_composite_loss,956.7,138560.3,paper_101/ablation/results/37702.out,37702
p3_tpsa_mofe_last_ffn_conloss,145,0.000012,0.1985,logged_terminal_batch_composite_loss,956.8,139517.1,paper_101/ablation/results/37702.out,37702
p3_tpsa_mofe_last_ffn_conloss,146,0.000012,0.1856,logged_terminal_batch_composite_loss,955.8,140472.9,paper_101/ablation/results/37702.out,37702
p3_tpsa_mofe_last_ffn_conloss,147,0.000012,0.2023,logged_terminal_batch_composite_loss,957.2,141430.1,paper_101/ablation/results/37702.out,37702
p3_tpsa_mofe_last_ffn_conloss,148,0.000012,0.1806,logged_terminal_batch_composite_loss,955.6,142385.7,paper_101/ablation/results/37702.out,37702
p3_tpsa_mofe_last_ffn_conloss,149,0.000012,0.1660,logged_terminal_batch_composite_loss,957.2,143342.9,paper_101/ablation/results/37702.out,37702
p3_tpsa_mofe_last_ffn_conloss,150,0.000012,0.1629,logged_terminal_batch_composite_loss,956.4,144299.3,paper_101/ablation/results/37702.out,37702
p3_tpsa_mofe_last_ffn_conloss,151,0.000012,0.1574,logged_terminal_batch_composite_loss,957.1,145256.5,paper_101/ablation/results/37702.out,37702
p3_tpsa_mofe_last_ffn_conloss,152,0.000011,0.1954,logged_terminal_batch_composite_loss,954.8,146211.3,paper_101/ablation/results/37702.out,37702
p3_tpsa_mofe_last_ffn_conloss,153,0.000011,0.2058,logged_terminal_batch_composite_loss,955.5,147166.8,paper_101/ablation/results/37702.out,37702
p3_tpsa_mofe_last_ffn_conloss,154,0.000011,0.1853,logged_terminal_batch_composite_loss,955.3,148122.0,paper_101/ablation/results/37702.out,37702
p3_tpsa_mofe_last_ffn_conloss,155,0.000011,0.1722,logged_terminal_batch_composite_loss,955.7,149077.7,paper_101/ablation/results/37702.out,37702
p3_tpsa_mofe_last_ffn_conloss,156,0.000011,0.1791,logged_terminal_batch_composite_loss,955.9,150033.7,paper_101/ablation/results/37702.out,37702
p3_tpsa_mofe_last_ffn_conloss,157,0.000011,0.1787,logged_terminal_batch_composite_loss,956.6,150990.3,paper_101/ablation/results/37702.out,37702
p3_tpsa_mofe_last_ffn_conloss,158,0.000011,0.1905,logged_terminal_batch_composite_loss,955.3,151945.6,paper_101/ablation/results/37702.out,37702
p3_tpsa_mofe_last_ffn_conloss,159,0.000011,0.1668,logged_terminal_batch_composite_loss,956.0,152901.6,paper_101/ablation/results/37702.out,37702
p3_tpsa_mofe_last_ffn_conloss,160,0.000011,0.1993,logged_terminal_batch_composite_loss,956.8,153858.4,paper_101/ablation/results/37702.out,37702
p3_tpsa_mofe_last_ffn_conloss,161,0.000011,0.1795,logged_terminal_batch_composite_loss,954.8,154813.2,paper_101/ablation/results/37702.out,37702
p3_tpsa_mofe_last_ffn_conloss,162,0.000011,0.1450,logged_terminal_batch_composite_loss,954.0,155767.1,paper_101/ablation/results/37702.out,37702
p3_tpsa_mofe_last_ffn_conloss,163,0.000011,0.1459,logged_terminal_batch_composite_loss,955.6,156722.7,paper_101/ablation/results/37702.out,37702
p3_tpsa_mofe_last_ffn_conloss,164,0.000011,0.1506,logged_terminal_batch_composite_loss,955.9,157678.6,paper_101/ablation/results/37702.out,37702
p3_tpsa_mofe_last_ffn_conloss,165,0.000011,0.1654,logged_terminal_batch_composite_loss,956.3,158634.9,paper_101/ablation/results/37702.out,37702
p3_tpsa_mofe_last_ffn_conloss,166,0.000011,0.1729,logged_terminal_batch_composite_loss,955.8,159590.7,paper_101/ablation/results/37702.out,37702
p3_tpsa_mofe_last_ffn_conloss,167,0.000011,0.1992,logged_terminal_batch_composite_loss,956.2,160546.9,paper_101/ablation/results/37702.out,37702
p3_tpsa_mofe_last_ffn_conloss,168,0.000011,0.1766,logged_terminal_batch_composite_loss,956.1,161503.0,paper_101/ablation/results/37702.out,37702
p3_tpsa_mofe_last_ffn_conloss,169,0.000011,0.1647,logged_terminal_batch_composite_loss,955.9,162458.9,paper_101/ablation/results/37702.out,37702
p3_tpsa_mofe_last_ffn_conloss,170,0.000011,0.1742,logged_terminal_batch_composite_loss,955.3,163414.2,paper_101/ablation/results/37702.out,37702
p3_tpsa_mofe_last_ffn_conloss,171,0.000011,0.1741,logged_terminal_batch_composite_loss,956.8,164371.0,paper_101/ablation/results/37702.out,37702
p3_tpsa_mofe_last_ffn_conloss,172,0.000011,0.1748,logged_terminal_batch_composite_loss,957.1,165328.1,paper_101/ablation/results/37702.out,37702
p3_tpsa_mofe_last_ffn_conloss,173,0.000011,0.1868,logged_terminal_batch_composite_loss,956.4,166284.5,paper_101/ablation/results/37702.out,37702
p3_tpsa_mofe_last_ffn_conloss,174,0.000011,0.1718,logged_terminal_batch_composite_loss,956.6,167241.1,paper_101/ablation/results/37702.out,37702
p3_tpsa_mofe_last_ffn_conloss,175,0.000011,0.1634,logged_terminal_batch_composite_loss,957.3,168198.4,paper_101/ablation/results/37702.out,37702
p3_tpsa_mofe_last_ffn_conloss,176,0.000011,0.1836,logged_terminal_batch_composite_loss,956.3,169154.7,paper_101/ablation/results/37702.out,37702
p3_tpsa_mofe_last_ffn_conloss,177,0.000011,0.1751,logged_terminal_batch_composite_loss,956.1,170110.8,paper_101/ablation/results/37702.out,37702
p3_tpsa_mofe_last_ffn_conloss,178,0.000011,0.1883,logged_terminal_batch_composite_loss,957.5,171068.3,paper_101/ablation/results/37702.out,37702
p3_tpsa_mofe_last_ffn_conloss,179,0.000011,0.1781,logged_terminal_batch_composite_loss,958.2,172026.5,paper_101/ablation/results/37702.out,37702
p3_tpsa_mofe_last_ffn_conloss,180,0.000011,0.1540,logged_terminal_batch_composite_loss,970.7,172997.2,paper_101/ablation/results/37702.out,37702
p3_tpsa_mofe_last_ffn_conloss,181,0.000011,0.1610,logged_terminal_batch_composite_loss,983.1,173980.4,paper_101/ablation/results/37702.out,37702
p3_tpsa_mofe_last_ffn_conloss,182,0.000010,0.1793,logged_terminal_batch_composite_loss,964.8,174945.1,paper_101/ablation/results/37702.out,37702
p3_tpsa_mofe_last_ffn_conloss,183,0.000010,0.1759,logged_terminal_batch_composite_loss,956.5,175901.7,paper_101/ablation/results/37702.out,37702
p3_tpsa_mofe_last_ffn_conloss,184,0.000010,0.1912,logged_terminal_batch_composite_loss,955.1,176856.8,paper_101/ablation/results/37702.out,37702
p3_tpsa_mofe_last_ffn_conloss,185,0.000010,0.1864,logged_terminal_batch_composite_loss,955.9,177812.7,paper_101/ablation/results/37702.out,37702
p3_tpsa_mofe_last_ffn_conloss,186,0.000010,0.2094,logged_terminal_batch_composite_loss,955.8,178768.5,paper_101/ablation/results/37702.out,37702
p3_tpsa_mofe_last_ffn_conloss,187,0.000010,0.1747,logged_terminal_batch_composite_loss,957.2,179725.7,paper_101/ablation/results/37702.out,37702
p3_tpsa_mofe_last_ffn_conloss,188,0.000010,0.1714,logged_terminal_batch_composite_loss,957.1,180682.7,paper_101/ablation/results/37702.out,37702
p3_tpsa_mofe_last_ffn_conloss,189,0.000010,0.1541,logged_terminal_batch_composite_loss,956.5,181639.3,paper_101/ablation/results/37702.out,37702
p3_tpsa_mofe_last_ffn_conloss,190,0.000010,0.1747,logged_terminal_batch_composite_loss,963.1,182602.3,paper_101/ablation/results/37702.out,37702
p3_tpsa_mofe_last_ffn_conloss,191,0.000010,0.1775,logged_terminal_batch_composite_loss,963.9,183566.3,paper_101/ablation/results/37702.out,37702
p3_tpsa_mofe_last_ffn_conloss,192,0.000010,0.1752,logged_terminal_batch_composite_loss,962.9,184529.1,paper_101/ablation/results/37702.out,37702
p3_tpsa_mofe_last_ffn_conloss,193,0.000010,0.1717,logged_terminal_batch_composite_loss,985.6,185514.7,paper_101/ablation/results/37702.out,37702
p3_tpsa_mofe_last_ffn_conloss,194,0.000010,0.1805,logged_terminal_batch_composite_loss,970.1,186484.9,paper_101/ablation/results/37702.out,37702
p3_tpsa_mofe_last_ffn_conloss,195,0.000010,0.1645,logged_terminal_batch_composite_loss,963.1,187447.9,paper_101/ablation/results/37702.out,37702
p3_tpsa_mofe_last_ffn_conloss,196,0.000010,0.1547,logged_terminal_batch_composite_loss,962.5,188410.4,paper_101/ablation/results/37702.out,37702
p3_tpsa_mofe_last_ffn_conloss,197,0.000010,0.1619,logged_terminal_batch_composite_loss,962.6,189373.0,paper_101/ablation/results/37702.out,37702
p3_tpsa_mofe_last_ffn_conloss,198,0.000010,0.1422,logged_terminal_batch_composite_loss,962.3,190335.3,paper_101/ablation/results/37702.out,37702
p3_tpsa_mofe_last_ffn_conloss,199,0.000010,0.1981,logged_terminal_batch_composite_loss,964.2,191299.9,paper_101/ablation/results/37702.out,37702
p3_tpsa_mofe_last_ffn_conloss,200,0.000010,0.1599,logged_terminal_batch_composite_loss,962.1,192262.0,paper_101/ablation/results/37702.out,37702
p3_tpsa_mofe_last_ffn_conloss,201,0.000010,0.1907,logged_terminal_batch_composite_loss,961.4,193223.4,paper_101/ablation/results/37702.out,37702
p3_tpsa_mofe_last_ffn_conloss,202,0.000010,0.1710,logged_terminal_batch_composite_loss,962.1,194185.6,paper_101/ablation/results/37702.out,37702
p3_tpsa_mofe_last_ffn_conloss,203,0.000010,0.1941,logged_terminal_batch_composite_loss,962.5,195148.0,paper_101/ablation/results/37702.out,37702
p3_tpsa_mofe_last_ffn_conloss,204,0.000010,0.1760,logged_terminal_batch_composite_loss,962.6,196110.6,paper_101/ablation/results/37702.out,37702
p3_tpsa_mofe_last_ffn_conloss,205,0.000010,0.1604,logged_terminal_batch_composite_loss,961.0,197071.7,paper_101/ablation/results/37702.out,37702
p3_tpsa_mofe_last_ffn_conloss,206,0.000010,0.1915,logged_terminal_batch_composite_loss,961.7,198033.4,paper_101/ablation/results/37702.out,37702
p3_tpsa_mofe_last_ffn_conloss,207,0.000010,0.1615,logged_terminal_batch_composite_loss,961.8,198995.2,paper_101/ablation/results/37702.out,37702
p3_tpsa_mofe_last_ffn_conloss,208,0.000010,0.1600,logged_terminal_batch_composite_loss,962.3,199957.5,paper_101/ablation/results/37702.out,37702
p3_tpsa_mofe_last_ffn_conloss,209,0.000010,0.1718,logged_terminal_batch_composite_loss,962.9,200920.4,paper_101/ablation/results/37702.out,37702
p3_tpsa_mofe_last_ffn_conloss,210,0.000010,0.1736,logged_terminal_batch_composite_loss,962.4,201882.8,paper_101/ablation/results/37702.out,37702
p3_tpsa_mofe_last_ffn_conloss,211,0.000010,0.2033,logged_terminal_batch_composite_loss,962.8,202845.6,paper_101/ablation/results/37702.out,37702
p3_tpsa_mofe_last_ffn_conloss,212,0.000010,0.1625,logged_terminal_batch_composite_loss,962.7,203808.2,paper_101/ablation/results/37702.out,37702
p3_tpsa_mofe_last_ffn_conloss,213,0.000010,0.1648,logged_terminal_batch_composite_loss,963.3,204771.6,paper_101/ablation/results/37702.out,37702
p3_tpsa_mofe_last_ffn_conloss,214,0.000010,0.1926,logged_terminal_batch_composite_loss,963.0,205734.5,paper_101/ablation/results/37702.out,37702
p3_tpsa_mofe_last_ffn_conloss,215,0.000010,0.1403,logged_terminal_batch_composite_loss,961.8,206696.4,paper_101/ablation/results/37702.out,37702
p3_tpsa_mofe_last_ffn_conloss,216,0.000010,0.1757,logged_terminal_batch_composite_loss,962.5,207659.0,paper_101/ablation/results/37702.out,37702
p3_tpsa_mofe_last_ffn_conloss,217,0.000010,0.1832,logged_terminal_batch_composite_loss,962.2,208621.2,paper_101/ablation/results/37702.out,37702
p3_tpsa_mofe_last_ffn_conloss,218,0.000010,0.1853,logged_terminal_batch_composite_loss,961.0,209582.2,paper_101/ablation/results/37702.out,37702
p3_tpsa_mofe_last_ffn_conloss,219,0.000010,0.1651,logged_terminal_batch_composite_loss,963.6,210545.8,paper_101/ablation/results/37702.out,37702
p3_tpsa_mofe_last_ffn_conloss,220,0.000010,0.1801,logged_terminal_batch_composite_loss,961.8,211507.6,paper_101/ablation/results/37702.out,37702
p3_tpsa_mofe_last_ffn_conloss,221,0.000010,0.1680,logged_terminal_batch_composite_loss,963.6,212471.2,paper_101/ablation/results/37702.out,37702
p3_tpsa_mofe_last_ffn_conloss,222,0.000009,0.2190,logged_terminal_batch_composite_loss,963.5,213434.6,paper_101/ablation/results/37702.out,37702
p3_tpsa_mofe_last_ffn_conloss,223,0.000009,0.1544,logged_terminal_batch_composite_loss,960.9,214395.5,paper_101/ablation/results/37702.out,37702
p3_tpsa_mofe_last_ffn_conloss,224,0.000009,0.1515,logged_terminal_batch_composite_loss,963.6,215359.1,paper_101/ablation/results/37702.out,37702
p3_tpsa_mofe_last_ffn_conloss,225,0.000009,0.1575,logged_terminal_batch_composite_loss,963.4,216322.5,paper_101/ablation/results/37702.out,37702
p3_tpsa_mofe_last_ffn_conloss,226,0.000009,0.1632,logged_terminal_batch_composite_loss,963.6,217286.1,paper_101/ablation/results/37702.out,37702
p3_tpsa_mofe_last_ffn_conloss,227,0.000009,0.1493,logged_terminal_batch_composite_loss,962.7,218248.8,paper_101/ablation/results/37702.out,37702
p3_tpsa_mofe_last_ffn_conloss,228,0.000009,0.1671,logged_terminal_batch_composite_loss,963.2,219212.0,paper_101/ablation/results/37702.out,37702
p3_tpsa_mofe_last_ffn_conloss,229,0.000009,0.1803,logged_terminal_batch_composite_loss,963.9,220175.9,paper_101/ablation/results/37702.out,37702
p3_tpsa_mofe_last_ffn_conloss,230,0.000009,0.1820,logged_terminal_batch_composite_loss,964.2,221140.1,paper_101/ablation/results/37702.out,37702
p3_tpsa_mofe_last_ffn_conloss,231,0.000009,0.1640,logged_terminal_batch_composite_loss,962.4,222102.5,paper_101/ablation/results/37702.out,37702
p3_tpsa_mofe_last_ffn_conloss,232,0.000009,0.1518,logged_terminal_batch_composite_loss,964.8,223067.3,paper_101/ablation/results/37702.out,37702
p3_tpsa_mofe_last_ffn_conloss,233,0.000009,0.1664,logged_terminal_batch_composite_loss,963.8,224031.1,paper_101/ablation/results/37702.out,37702
p3_tpsa_mofe_last_ffn_conloss,234,0.000009,0.1754,logged_terminal_batch_composite_loss,965.3,224996.4,paper_101/ablation/results/37702.out,37702
p3_tpsa_mofe_last_ffn_conloss,235,0.000009,0.1734,logged_terminal_batch_composite_loss,964.1,225960.4,paper_101/ablation/results/37702.out,37702
p3_tpsa_mofe_last_ffn_conloss,236,0.000009,0.1638,logged_terminal_batch_composite_loss,964.5,226925.0,paper_101/ablation/results/37702.out,37702
p3_tpsa_mofe_last_ffn_conloss,237,0.000009,0.1684,logged_terminal_batch_composite_loss,963.9,227888.8,paper_101/ablation/results/37702.out,37702
p3_tpsa_mofe_last_ffn_conloss,238,0.000009,0.1583,logged_terminal_batch_composite_loss,968.5,228857.3,paper_101/ablation/results/37702.out,37702
p3_tpsa_mofe_last_ffn_conloss,239,0.000009,0.1854,logged_terminal_batch_composite_loss,967.6,229825.0,paper_101/ablation/results/37702.out,37702
p3_tpsa_mofe_last_ffn_conloss,240,0.000009,0.1733,logged_terminal_batch_composite_loss,976.3,230801.3,paper_101/ablation/results/37702.out,37702
p3_tpsa_mofe_last_ffn_conloss,241,0.000009,0.1681,logged_terminal_batch_composite_loss,993.8,231795.1,paper_101/ablation/results/37702.out,37702
p3_tpsa_mofe_last_ffn_conloss,242,0.000009,0.1766,logged_terminal_batch_composite_loss,1008.1,232803.2,paper_101/ablation/results/37702.out,37702
p3_tpsa_mofe_last_ffn_conloss,243,0.000009,0.1843,logged_terminal_batch_composite_loss,1010.0,233813.2,paper_101/ablation/results/37702.out,37702
p3_tpsa_mofe_last_ffn_conloss,244,0.000009,0.1815,logged_terminal_batch_composite_loss,981.9,234795.1,paper_101/ablation/results/37702.out,37702
p3_tpsa_mofe_last_ffn_conloss,245,0.000009,0.1751,logged_terminal_batch_composite_loss,964.0,235759.1,paper_101/ablation/results/37702.out,37702
p3_tpsa_mofe_last_ffn_conloss,246,0.000009,0.1779,logged_terminal_batch_composite_loss,961.5,236720.6,paper_101/ablation/results/37702.out,37702
p3_tpsa_mofe_last_ffn_conloss,247,0.000009,0.1699,logged_terminal_batch_composite_loss,961.9,237682.5,paper_101/ablation/results/37702.out,37702
p3_tpsa_mofe_last_ffn_conloss,248,0.000009,0.1746,logged_terminal_batch_composite_loss,962.1,238644.6,paper_101/ablation/results/37702.out,37702
p3_tpsa_mofe_last_ffn_conloss,249,0.000009,0.1632,logged_terminal_batch_composite_loss,964.9,239609.5,paper_101/ablation/results/37702.out,37702
p3_tpsa_mofe_last_ffn_conloss,250,0.000009,0.1797,logged_terminal_batch_composite_loss,962.5,240572.0,paper_101/ablation/results/37702.out,37702
p3_tpsa_mofe_last_ffn_conloss,251,0.000009,0.1635,logged_terminal_batch_composite_loss,961.8,241533.9,paper_101/ablation/results/37702.out,37702
p3_tpsa_mofe_last_ffn_conloss,252,0.000009,0.1949,logged_terminal_batch_composite_loss,963.3,242497.2,paper_101/ablation/results/37702.out,37702
p3_tpsa_mofe_last_ffn_conloss,253,0.000009,0.1732,logged_terminal_batch_composite_loss,962.4,243459.6,paper_101/ablation/results/37702.out,37702
p3_tpsa_mofe_last_ffn_conloss,254,0.000009,0.1696,logged_terminal_batch_composite_loss,962.0,244421.6,paper_101/ablation/results/37702.out,37702
p3_tpsa_mofe_last_ffn_conloss,255,0.000009,0.1797,logged_terminal_batch_composite_loss,963.2,245384.7,paper_101/ablation/results/37702.out,37702
p3_tpsa_mofe_last_ffn_conloss,256,0.000009,0.2011,logged_terminal_batch_composite_loss,962.7,246347.4,paper_101/ablation/results/37702.out,37702
p3_tpsa_mofe_last_ffn_conloss,257,0.000009,0.1599,logged_terminal_batch_composite_loss,961.8,247309.2,paper_101/ablation/results/37702.out,37702
p3_tpsa_mofe_last_ffn_conloss,258,0.000009,0.1634,logged_terminal_batch_composite_loss,962.0,248271.2,paper_101/ablation/results/37702.out,37702
p3_tpsa_mofe_last_ffn_conloss,259,0.000009,0.2000,logged_terminal_batch_composite_loss,982.3,249253.4,paper_101/ablation/results/37702.out,37702
p3_tpsa_mofe_last_ffn_conloss,260,0.000009,0.1846,logged_terminal_batch_composite_loss,962.5,250215.9,paper_101/ablation/results/37702.out,37702
p3_tpsa_mofe_last_ffn_conloss,261,0.000009,0.1976,logged_terminal_batch_composite_loss,963.3,251179.3,paper_101/ablation/results/37702.out,37702
p3_tpsa_mofe_last_ffn_conloss,262,0.000009,0.1918,logged_terminal_batch_composite_loss,962.5,252141.8,paper_101/ablation/results/37702.out,37702
p3_tpsa_mofe_last_ffn_conloss,263,0.000009,0.1636,logged_terminal_batch_composite_loss,961.3,253103.1,paper_101/ablation/results/37702.out,37702
p3_tpsa_mofe_last_ffn_conloss,264,0.000009,0.2096,logged_terminal_batch_composite_loss,962.7,254065.8,paper_101/ablation/results/37702.out,37702
p3_tpsa_mofe_last_ffn_conloss,265,0.000009,0.2052,logged_terminal_batch_composite_loss,961.4,255027.2,paper_101/ablation/results/37702.out,37702
p3_tpsa_mofe_last_ffn_conloss,266,0.000009,0.1857,logged_terminal_batch_composite_loss,961.7,255988.9,paper_101/ablation/results/37702.out,37702
p3_tpsa_mofe_last_ffn_conloss,267,0.000009,0.1753,logged_terminal_batch_composite_loss,961.4,256950.3,paper_101/ablation/results/37702.out,37702
p3_tpsa_mofe_last_ffn_conloss,268,0.000009,0.1732,logged_terminal_batch_composite_loss,962.2,257912.5,paper_101/ablation/results/37702.out,37702
p3_tpsa_mofe_last_ffn_conloss,269,0.000009,0.2105,logged_terminal_batch_composite_loss,964.3,258876.8,paper_101/ablation/results/37702.out,37702
p3_tpsa_mofe_last_ffn_conloss,270,0.000009,0.1434,logged_terminal_batch_composite_loss,966.1,259842.8,paper_101/ablation/results/37702.out,37702
p3_tpsa_mofe_last_ffn_conloss,271,0.000009,0.1629,logged_terminal_batch_composite_loss,964.2,260807.1,paper_101/ablation/results/37702.out,37702
p3_tpsa_mofe_last_ffn_conloss,272,0.000009,0.1785,logged_terminal_batch_composite_loss,963.2,261770.3,paper_101/ablation/results/37702.out,37702
p3_tpsa_mofe_last_ffn_conloss,273,0.000009,0.1898,logged_terminal_batch_composite_loss,963.3,262733.6,paper_101/ablation/results/37702.out,37702
p3_tpsa_mofe_last_ffn_conloss,274,0.000009,0.1387,logged_terminal_batch_composite_loss,978.8,263712.5,paper_101/ablation/results/37702.out,37702
p3_tpsa_mofe_last_ffn_conloss,275,0.000009,0.1767,logged_terminal_batch_composite_loss,961.7,264674.2,paper_101/ablation/results/37702.out,37702
p3_tpsa_mofe_last_ffn_conloss,276,0.000009,0.1980,logged_terminal_batch_composite_loss,963.1,265637.3,paper_101/ablation/results/37702.out,37702
p3_tpsa_mofe_last_ffn_conloss,277,0.000008,0.1738,logged_terminal_batch_composite_loss,964.7,266602.0,paper_101/ablation/results/37702.out,37702
p3_tpsa_mofe_last_ffn_conloss,278,0.000008,0.2021,logged_terminal_batch_composite_loss,962.5,267564.5,paper_101/ablation/results/37702.out,37702
p3_tpsa_mofe_last_ffn_conloss,279,0.000008,0.1824,logged_terminal_batch_composite_loss,963.7,268528.2,paper_101/ablation/results/37702.out,37702
p3_tpsa_mofe_last_ffn_conloss,280,0.000008,0.1980,logged_terminal_batch_composite_loss,968.9,269497.1,paper_101/ablation/results/37702.out,37702
p3_tpsa_mofe_last_ffn_conloss,281,0.000008,0.1935,logged_terminal_batch_composite_loss,973.7,270470.9,paper_101/ablation/results/37702.out,37702
p3_tpsa_mofe_last_ffn_conloss,282,0.000008,0.1742,logged_terminal_batch_composite_loss,962.2,271433.0,paper_101/ablation/results/37702.out,37702
p3_tpsa_mofe_last_ffn_conloss,283,0.000008,0.1692,logged_terminal_batch_composite_loss,962.5,272395.5,paper_101/ablation/results/37702.out,37702
p3_tpsa_mofe_last_ffn_conloss,284,0.000008,0.1919,logged_terminal_batch_composite_loss,960.0,273355.5,paper_101/ablation/results/37702.out,37702
p3_tpsa_mofe_last_ffn_conloss,285,0.000008,0.1800,logged_terminal_batch_composite_loss,957.7,274313.2,paper_101/ablation/results/37702.out,37702
p3_tpsa_mofe_last_ffn_conloss,286,0.000008,0.1765,logged_terminal_batch_composite_loss,956.5,275269.7,paper_101/ablation/results/37702.out,37702
p3_tpsa_mofe_last_ffn_conloss,287,0.000008,0.1844,logged_terminal_batch_composite_loss,955.4,276225.1,paper_101/ablation/results/37702.out,37702
p3_tpsa_mofe_last_ffn_conloss,288,0.000008,0.1530,logged_terminal_batch_composite_loss,955.3,277180.5,paper_101/ablation/results/37702.out,37702
p3_tpsa_mofe_last_ffn_conloss,289,0.000008,0.1606,logged_terminal_batch_composite_loss,958.6,278139.1,paper_101/ablation/results/37702.out,37702
p3_tpsa_mofe_last_ffn_conloss,290,0.000008,0.2001,logged_terminal_batch_composite_loss,957.4,279096.4,paper_101/ablation/results/37702.out,37702
p3_tpsa_mofe_last_ffn_conloss,291,0.000008,0.1602,logged_terminal_batch_composite_loss,967.7,280064.1,paper_101/ablation/results/37702.out,37702
p3_tpsa_mofe_last_ffn_conloss,292,0.000008,0.1826,logged_terminal_batch_composite_loss,967.9,281032.0,paper_101/ablation/results/37702.out,37702
p3_tpsa_mofe_last_ffn_conloss,293,0.000008,0.2006,logged_terminal_batch_composite_loss,967.6,281999.5,paper_101/ablation/results/37702.out,37702
p3_tpsa_mofe_last_ffn_conloss,294,0.000008,0.1804,logged_terminal_batch_composite_loss,955.3,282954.9,paper_101/ablation/results/37702.out,37702
p3_tpsa_mofe_last_ffn_conloss,295,0.000008,0.1601,logged_terminal_batch_composite_loss,949.3,283904.2,paper_101/ablation/results/37702.out,37702
p3_tpsa_mofe_last_ffn_conloss,296,0.000008,0.2021,logged_terminal_batch_composite_loss,950.8,284855.0,paper_101/ablation/results/37702.out,37702
p3_tpsa_mofe_last_ffn_conloss,297,0.000008,0.2024,logged_terminal_batch_composite_loss,948.7,285803.7,paper_101/ablation/results/37702.out,37702
p3_tpsa_mofe_last_ffn_conloss,298,0.000008,0.1511,logged_terminal_batch_composite_loss,949.3,286753.0,paper_101/ablation/results/37702.out,37702
p3_tpsa_mofe_last_ffn_conloss,299,0.000008,0.1881,logged_terminal_batch_composite_loss,948.9,287701.9,paper_101/ablation/results/37702.out,37702
p3_tpsa_mofe_last_ffn_conloss,300,0.000008,0.1955,logged_terminal_batch_composite_loss,950.3,288652.2,paper_101/ablation/results/37702.out,37702
p5_logp_mofe_last_selected_kan,1,0.000001,3.6411,logged_terminal_batch_composite_loss,1039.3,1039.3,paper_101/ablation/results/50507.out,50507
p5_logp_mofe_last_selected_kan,2,0.000002,2.2886,logged_terminal_batch_composite_loss,999.4,2038.8,paper_101/ablation/results/50507.out,50507
p5_logp_mofe_last_selected_kan,3,0.000003,1.9102,logged_terminal_batch_composite_loss,1000.7,3039.5,paper_101/ablation/results/50507.out,50507
p5_logp_mofe_last_selected_kan,4,0.000003,1.9963,logged_terminal_batch_composite_loss,1004.2,4043.9,paper_101/ablation/results/50507.out,50507
p5_logp_mofe_last_selected_kan,5,0.000004,1.7258,logged_terminal_batch_composite_loss,1006.7,5050.5,paper_101/ablation/results/50507.out,50507
p5_logp_mofe_last_selected_kan,6,0.000005,1.4332,logged_terminal_batch_composite_loss,1006.9,6057.5,paper_101/ablation/results/50507.out,50507
p5_logp_mofe_last_selected_kan,7,0.000006,1.2983,logged_terminal_batch_composite_loss,1008.1,7065.7,paper_101/ablation/results/50507.out,50507
p5_logp_mofe_last_selected_kan,8,0.000007,0.7921,logged_terminal_batch_composite_loss,1010.6,8076.7,paper_101/ablation/results/50507.out,50507
p5_logp_mofe_last_selected_kan,9,0.000008,0.5594,logged_terminal_batch_composite_loss,1008.1,9084.9,paper_101/ablation/results/50507.out,50507
p5_logp_mofe_last_selected_kan,10,0.000009,0.4827,logged_terminal_batch_composite_loss,1005.7,10090.8,paper_101/ablation/results/50507.out,50507
p5_logp_mofe_last_selected_kan,11,0.000009,0.4845,logged_terminal_batch_composite_loss,1015.1,11106.0,paper_101/ablation/results/50507.out,50507
p5_logp_mofe_last_selected_kan,12,0.000010,0.3992,logged_terminal_batch_composite_loss,1022.8,12128.8,paper_101/ablation/results/50507.out,50507
p5_logp_mofe_last_selected_kan,13,0.000011,0.3967,logged_terminal_batch_composite_loss,1050.2,13179.1,paper_101/ablation/results/50507.out,50507
p5_logp_mofe_last_selected_kan,14,0.000012,0.3585,logged_terminal_batch_composite_loss,1054.9,14234.1,paper_101/ablation/results/50507.out,50507
p5_logp_mofe_last_selected_kan,15,0.000013,0.2752,logged_terminal_batch_composite_loss,1044.0,15278.1,paper_101/ablation/results/50507.out,50507
p5_logp_mofe_last_selected_kan,16,0.000014,0.2227,logged_terminal_batch_composite_loss,1044.7,16322.9,paper_101/ablation/results/50507.out,50507
p5_logp_mofe_last_selected_kan,17,0.000015,0.1440,logged_terminal_batch_composite_loss,1046.3,17369.4,paper_101/ablation/results/50507.out,50507
p5_logp_mofe_last_selected_kan,18,0.000015,0.2912,logged_terminal_batch_composite_loss,1046.1,18415.6,paper_101/ablation/results/50507.out,50507
p5_logp_mofe_last_selected_kan,19,0.000016,0.1695,logged_terminal_batch_composite_loss,1057.7,19473.3,paper_101/ablation/results/50507.out,50507
p5_logp_mofe_last_selected_kan,20,0.000017,0.1898,logged_terminal_batch_composite_loss,1086.6,20559.9,paper_101/ablation/results/50507.out,50507
p5_logp_mofe_last_selected_kan,21,0.000018,0.1879,logged_terminal_batch_composite_loss,1090.7,21650.6,paper_101/ablation/results/50507.out,50507
p5_logp_mofe_last_selected_kan,22,0.000019,0.1534,logged_terminal_batch_composite_loss,1088.7,22739.4,paper_101/ablation/results/50507.out,50507
p5_logp_mofe_last_selected_kan,23,0.000020,0.1776,logged_terminal_batch_composite_loss,1091.0,23830.4,paper_101/ablation/results/50507.out,50507
p5_logp_mofe_last_selected_kan,24,0.000021,0.2202,logged_terminal_batch_composite_loss,1090.2,24920.5,paper_101/ablation/results/50507.out,50507
p5_logp_mofe_last_selected_kan,25,0.000022,0.0930,logged_terminal_batch_composite_loss,1073.3,25993.8,paper_101/ablation/results/50507.out,50507
p5_logp_mofe_last_selected_kan,26,0.000022,0.1301,logged_terminal_batch_composite_loss,1045.4,27039.3,paper_101/ablation/results/50507.out,50507
p5_logp_mofe_last_selected_kan,27,0.000023,0.1276,logged_terminal_batch_composite_loss,1054.2,28093.4,paper_101/ablation/results/50507.out,50507
p5_logp_mofe_last_selected_kan,28,0.000024,0.0737,logged_terminal_batch_composite_loss,1066.1,29159.6,paper_101/ablation/results/50507.out,50507
p5_logp_mofe_last_selected_kan,29,0.000025,0.0809,logged_terminal_batch_composite_loss,1058.9,30218.6,paper_101/ablation/results/50507.out,50507
p5_logp_mofe_last_selected_kan,30,0.000026,0.0961,logged_terminal_batch_composite_loss,1059.7,31278.3,paper_101/ablation/results/50507.out,50507
p5_logp_mofe_last_selected_kan,31,0.000025,0.0585,logged_terminal_batch_composite_loss,1062.9,32341.2,paper_101/ablation/results/50507.out,50507
p5_logp_mofe_last_selected_kan,32,0.000025,0.0707,logged_terminal_batch_composite_loss,1059.5,33400.8,paper_101/ablation/results/50507.out,50507
p5_logp_mofe_last_selected_kan,33,0.000025,0.2252,logged_terminal_batch_composite_loss,1057.9,34458.7,paper_101/ablation/results/50507.out,50507
p5_logp_mofe_last_selected_kan,34,0.000024,0.1155,logged_terminal_batch_composite_loss,1061.0,35519.7,paper_101/ablation/results/50507.out,50507
p5_logp_mofe_last_selected_kan,35,0.000024,0.1218,logged_terminal_batch_composite_loss,1074.8,36594.5,paper_101/ablation/results/50507.out,50507
p5_logp_mofe_last_selected_kan,36,0.000024,0.0941,logged_terminal_batch_composite_loss,1057.2,37651.7,paper_101/ablation/results/50507.out,50507
p5_logp_mofe_last_selected_kan,37,0.000023,0.1254,logged_terminal_batch_composite_loss,1056.1,38707.8,paper_101/ablation/results/50507.out,50507
p5_logp_mofe_last_selected_kan,38,0.000023,0.0333,logged_terminal_batch_composite_loss,1061.4,39769.1,paper_101/ablation/results/50507.out,50507
p5_logp_mofe_last_selected_kan,39,0.000023,0.1110,logged_terminal_batch_composite_loss,1064.1,40833.4,paper_101/ablation/results/50507.out,50507
p5_logp_mofe_last_selected_kan,40,0.000022,0.1326,logged_terminal_batch_composite_loss,1063.8,41897.3,paper_101/ablation/results/50507.out,50507
p5_logp_mofe_last_selected_kan,41,0.000022,0.0844,logged_terminal_batch_composite_loss,1064.7,42962.0,paper_101/ablation/results/50507.out,50507
p5_logp_mofe_last_selected_kan,42,0.000022,0.0914,logged_terminal_batch_composite_loss,1065.2,44027.2,paper_101/ablation/results/50507.out,50507
p5_logp_mofe_last_selected_kan,43,0.000022,0.0308,logged_terminal_batch_composite_loss,1063.3,45090.5,paper_101/ablation/results/50507.out,50507
p5_logp_mofe_last_selected_kan,44,0.000021,0.0328,logged_terminal_batch_composite_loss,1062.8,46153.3,paper_101/ablation/results/50507.out,50507
p5_logp_mofe_last_selected_kan,45,0.000021,0.0410,logged_terminal_batch_composite_loss,1046.7,47200.0,paper_101/ablation/results/50507.out,50507
p5_logp_mofe_last_selected_kan,46,0.000021,0.0425,logged_terminal_batch_composite_loss,1047.6,48247.5,paper_101/ablation/results/50507.out,50507
p5_logp_mofe_last_selected_kan,47,0.000021,0.0188,logged_terminal_batch_composite_loss,1049.0,49296.6,paper_101/ablation/results/50507.out,50507
p5_logp_mofe_last_selected_kan,48,0.000020,0.0573,logged_terminal_batch_composite_loss,1045.6,50342.3,paper_101/ablation/results/50507.out,50507
p5_logp_mofe_last_selected_kan,49,0.000020,0.0587,logged_terminal_batch_composite_loss,1046.0,51388.3,paper_101/ablation/results/50507.out,50507
p5_logp_mofe_last_selected_kan,50,0.000020,0.1197,logged_terminal_batch_composite_loss,1028.0,52416.2,paper_101/ablation/results/50507.out,50507
p5_logp_mofe_last_selected_kan,51,0.000020,0.0643,logged_terminal_batch_composite_loss,1004.0,53420.3,paper_101/ablation/results/50507.out,50507
p5_logp_mofe_last_selected_kan,52,0.000020,0.0668,logged_terminal_batch_composite_loss,1005.8,54426.1,paper_101/ablation/results/50507.out,50507
p5_logp_mofe_last_selected_kan,53,0.000019,0.0364,logged_terminal_batch_composite_loss,1006.0,55432.1,paper_101/ablation/results/50507.out,50507
p5_logp_mofe_last_selected_kan,54,0.000019,0.0262,logged_terminal_batch_composite_loss,1004.5,56436.6,paper_101/ablation/results/50507.out,50507
p5_logp_mofe_last_selected_kan,55,0.000019,0.0281,logged_terminal_batch_composite_loss,1004.8,57441.4,paper_101/ablation/results/50507.out,50507
p5_logp_mofe_last_selected_kan,56,0.000019,0.0296,logged_terminal_batch_composite_loss,1005.0,58446.4,paper_101/ablation/results/50507.out,50507
p5_logp_mofe_last_selected_kan,57,0.000019,0.0217,logged_terminal_batch_composite_loss,1005.6,59452.0,paper_101/ablation/results/50507.out,50507
p5_logp_mofe_last_selected_kan,58,0.000019,0.0859,logged_terminal_batch_composite_loss,1004.5,60456.4,paper_101/ablation/results/50507.out,50507
p5_logp_mofe_last_selected_kan,59,0.000018,0.0306,logged_terminal_batch_composite_loss,1005.9,61462.4,paper_101/ablation/results/50507.out,50507
p5_logp_mofe_last_selected_kan,60,0.000018,0.0271,logged_terminal_batch_composite_loss,1004.9,62467.3,paper_101/ablation/results/50507.out,50507
p5_logp_mofe_last_selected_kan,61,0.000018,0.0382,logged_terminal_batch_composite_loss,1003.9,63471.2,paper_101/ablation/results/50507.out,50507
p5_logp_mofe_last_selected_kan,62,0.000018,0.0258,logged_terminal_batch_composite_loss,1004.5,64475.6,paper_101/ablation/results/50507.out,50507
p5_logp_mofe_last_selected_kan,63,0.000018,0.0075,logged_terminal_batch_composite_loss,1003.7,65479.3,paper_101/ablation/results/50507.out,50507
p5_logp_mofe_last_selected_kan,64,0.000018,0.0366,logged_terminal_batch_composite_loss,1019.9,66499.3,paper_101/ablation/results/50507.out,50507
p5_logp_mofe_last_selected_kan,65,0.000018,0.0495,logged_terminal_batch_composite_loss,1055.9,67555.2,paper_101/ablation/results/50507.out,50507
p5_logp_mofe_last_selected_kan,66,0.000017,0.0140,logged_terminal_batch_composite_loss,1054.4,68609.6,paper_101/ablation/results/50507.out,50507
p5_logp_mofe_last_selected_kan,67,0.000017,0.0215,logged_terminal_batch_composite_loss,1058.9,69668.5,paper_101/ablation/results/50507.out,50507
p5_logp_mofe_last_selected_kan,68,0.000017,0.0166,logged_terminal_batch_composite_loss,1058.3,70726.8,paper_101/ablation/results/50507.out,50507
p5_logp_mofe_last_selected_kan,69,0.000017,0.0252,logged_terminal_batch_composite_loss,1058.7,71785.5,paper_101/ablation/results/50507.out,50507
p5_logp_mofe_last_selected_kan,70,0.000017,0.0059,logged_terminal_batch_composite_loss,1058.6,72844.1,paper_101/ablation/results/50507.out,50507
p5_logp_mofe_last_selected_kan,71,0.000017,0.0474,logged_terminal_batch_composite_loss,1059.0,73903.2,paper_101/ablation/results/50507.out,50507
p5_logp_mofe_last_selected_kan,72,0.000017,0.0060,logged_terminal_batch_composite_loss,1063.2,74966.4,paper_101/ablation/results/50507.out,50507
p5_logp_mofe_last_selected_kan,73,0.000017,0.0285,logged_terminal_batch_composite_loss,1063.2,76029.5,paper_101/ablation/results/50507.out,50507
p5_logp_mofe_last_selected_kan,74,0.000016,0.0151,logged_terminal_batch_composite_loss,1027.1,77056.6,paper_101/ablation/results/50507.out,50507
p5_logp_mofe_last_selected_kan,75,0.000016,0.0089,logged_terminal_batch_composite_loss,1006.1,78062.7,paper_101/ablation/results/50507.out,50507
p5_logp_mofe_last_selected_kan,76,0.000016,0.0094,logged_terminal_batch_composite_loss,1007.6,79070.4,paper_101/ablation/results/50507.out,50507
p5_logp_mofe_last_selected_kan,77,0.000016,0.0098,logged_terminal_batch_composite_loss,1046.9,80117.3,paper_101/ablation/results/50507.out,50507
p5_logp_mofe_last_selected_kan,78,0.000016,0.0059,logged_terminal_batch_composite_loss,1050.1,81167.4,paper_101/ablation/results/50507.out,50507
p5_logp_mofe_last_selected_kan,79,0.000016,0.0071,logged_terminal_batch_composite_loss,1052.5,82219.9,paper_101/ablation/results/50507.out,50507
p5_logp_mofe_last_selected_kan,80,0.000016,0.0222,logged_terminal_batch_composite_loss,1053.1,83273.0,paper_101/ablation/results/50507.out,50507
p5_logp_mofe_last_selected_kan,81,0.000016,0.0071,logged_terminal_batch_composite_loss,1052.6,84325.6,paper_101/ablation/results/50507.out,50507
p5_logp_mofe_last_selected_kan,82,0.000016,0.0296,logged_terminal_batch_composite_loss,1053.0,85378.5,paper_101/ablation/results/50507.out,50507
p5_logp_mofe_last_selected_kan,83,0.000016,0.0237,logged_terminal_batch_composite_loss,1054.0,86432.5,paper_101/ablation/results/50507.out,50507
p5_logp_mofe_last_selected_kan,84,0.000015,0.0189,logged_terminal_batch_composite_loss,1048.4,87480.9,paper_101/ablation/results/50507.out,50507
p5_logp_mofe_last_selected_kan,85,0.000015,0.0153,logged_terminal_batch_composite_loss,1051.8,88532.7,paper_101/ablation/results/50507.out,50507
p5_logp_mofe_last_selected_kan,86,0.000015,0.0064,logged_terminal_batch_composite_loss,1049.2,89581.9,paper_101/ablation/results/50507.out,50507
p5_logp_mofe_last_selected_kan,87,0.000015,0.0116,logged_terminal_batch_composite_loss,1041.0,90622.9,paper_101/ablation/results/50507.out,50507
p5_logp_mofe_last_selected_kan,88,0.000015,0.0333,logged_terminal_batch_composite_loss,1023.3,91646.3,paper_101/ablation/results/50507.out,50507
p5_logp_mofe_last_selected_kan,89,0.000015,0.0032,logged_terminal_batch_composite_loss,1021.5,92667.7,paper_101/ablation/results/50507.out,50507
p5_logp_mofe_last_selected_kan,90,0.000015,0.0173,logged_terminal_batch_composite_loss,1026.7,93694.5,paper_101/ablation/results/50507.out,50507
p5_logp_mofe_last_selected_kan,91,0.000015,0.0034,logged_terminal_batch_composite_loss,1046.1,94740.6,paper_101/ablation/results/50507.out,50507
p5_logp_mofe_last_selected_kan,92,0.000015,0.0190,logged_terminal_batch_composite_loss,1045.8,95786.3,paper_101/ablation/results/50507.out,50507
p5_logp_mofe_last_selected_kan,93,0.000015,0.0109,logged_terminal_batch_composite_loss,1034.4,96820.7,paper_101/ablation/results/50507.out,50507
p5_logp_mofe_last_selected_kan,94,0.000015,0.0066,logged_terminal_batch_composite_loss,1052.8,97873.6,paper_101/ablation/results/50507.out,50507
p5_logp_mofe_last_selected_kan,95,0.000015,0.0071,logged_terminal_batch_composite_loss,1050.3,98923.9,paper_101/ablation/results/50507.out,50507
p5_logp_mofe_last_selected_kan,96,0.000014,0.0073,logged_terminal_batch_composite_loss,1050.1,99974.0,paper_101/ablation/results/50507.out,50507
p5_logp_mofe_last_selected_kan,97,0.000014,0.0025,logged_terminal_batch_composite_loss,1017.6,100991.5,paper_101/ablation/results/50507.out,50507
p5_logp_mofe_last_selected_kan,98,0.000014,0.0127,logged_terminal_batch_composite_loss,1019.6,102011.2,paper_101/ablation/results/50507.out,50507
p5_logp_mofe_last_selected_kan,99,0.000014,0.0204,logged_terminal_batch_composite_loss,1019.2,103030.3,paper_101/ablation/results/50507.out,50507
p5_logp_mofe_last_selected_kan,100,0.000014,0.0047,logged_terminal_batch_composite_loss,1018.0,104048.4,paper_101/ablation/results/50507.out,50507
p5_logp_mofe_last_selected_kan,101,0.000014,0.0177,logged_terminal_batch_composite_loss,1017.0,105065.5,paper_101/ablation/results/50507.out,50507
p5_logp_mofe_last_selected_kan,102,0.000014,0.0027,logged_terminal_batch_composite_loss,1018.1,106083.6,paper_101/ablation/results/50507.out,50507
p5_logp_mofe_last_selected_kan,103,0.000014,0.0060,logged_terminal_batch_composite_loss,1017.5,107101.1,paper_101/ablation/results/50507.out,50507
p5_logp_mofe_last_selected_kan,104,0.000014,0.0184,logged_terminal_batch_composite_loss,1019.7,108120.8,paper_101/ablation/results/50507.out,50507
p5_logp_mofe_last_selected_kan,105,0.000014,0.0035,logged_terminal_batch_composite_loss,1017.6,109138.4,paper_101/ablation/results/50507.out,50507
p5_logp_mofe_last_selected_kan,106,0.000014,0.0368,logged_terminal_batch_composite_loss,1017.7,110156.1,paper_101/ablation/results/50507.out,50507
p5_logp_mofe_last_selected_kan,107,0.000014,0.0028,logged_terminal_batch_composite_loss,1017.9,111174.0,paper_101/ablation/results/50507.out,50507
p5_logp_mofe_last_selected_kan,108,0.000014,0.0060,logged_terminal_batch_composite_loss,1016.9,112190.9,paper_101/ablation/results/50507.out,50507
p5_logp_mofe_last_selected_kan,109,0.000014,0.0060,logged_terminal_batch_composite_loss,1016.1,113207.1,paper_101/ablation/results/50507.out,50507
p5_logp_mofe_last_selected_kan,110,0.000013,0.0174,logged_terminal_batch_composite_loss,1017.6,114224.7,paper_101/ablation/results/50507.out,50507
p5_logp_mofe_last_selected_kan,111,0.000013,0.0085,logged_terminal_batch_composite_loss,1018.6,115243.3,paper_101/ablation/results/50507.out,50507
p5_logp_mofe_last_selected_kan,112,0.000013,0.0009,logged_terminal_batch_composite_loss,1018.3,116261.6,paper_101/ablation/results/50507.out,50507
p5_logp_mofe_last_selected_kan,113,0.000013,0.0040,logged_terminal_batch_composite_loss,1016.2,117277.9,paper_101/ablation/results/50507.out,50507
p5_logp_mofe_last_selected_kan,114,0.000013,0.0052,logged_terminal_batch_composite_loss,1012.9,118290.8,paper_101/ablation/results/50507.out,50507
p5_logp_mofe_last_selected_kan,115,0.000013,0.0149,logged_terminal_batch_composite_loss,1014.9,119305.7,paper_101/ablation/results/50507.out,50507
p5_logp_mofe_last_selected_kan,116,0.000013,0.0120,logged_terminal_batch_composite_loss,1019.5,120325.2,paper_101/ablation/results/50507.out,50507
p5_logp_mofe_last_selected_kan,117,0.000013,0.0049,logged_terminal_batch_composite_loss,1019.1,121344.2,paper_101/ablation/results/50507.out,50507
p5_logp_mofe_last_selected_kan,118,0.000013,0.0059,logged_terminal_batch_composite_loss,1019.0,122363.2,paper_101/ablation/results/50507.out,50507
p5_logp_mofe_last_selected_kan,119,0.000013,0.0109,logged_terminal_batch_composite_loss,1015.2,123378.5,paper_101/ablation/results/50507.out,50507
p5_logp_mofe_last_selected_kan,120,0.000013,0.0198,logged_terminal_batch_composite_loss,1018.3,124396.8,paper_101/ablation/results/50507.out,50507
p5_logp_mofe_last_selected_kan,121,0.000013,0.0300,logged_terminal_batch_composite_loss,1015.1,125411.9,paper_101/ablation/results/50507.out,50507
p5_logp_mofe_last_selected_kan,122,0.000013,0.0099,logged_terminal_batch_composite_loss,1016.5,126428.4,paper_101/ablation/results/50507.out,50507
p5_logp_mofe_last_selected_kan,123,0.000013,0.0062,logged_terminal_batch_composite_loss,1014.7,127443.1,paper_101/ablation/results/50507.out,50507
p5_logp_mofe_last_selected_kan,124,0.000013,0.0093,logged_terminal_batch_composite_loss,1014.6,128457.7,paper_101/ablation/results/50507.out,50507
p5_logp_mofe_last_selected_kan,125,0.000013,0.0158,logged_terminal_batch_composite_loss,1015.1,129472.9,paper_101/ablation/results/50507.out,50507
p5_logp_mofe_last_selected_kan,126,0.000013,0.0030,logged_terminal_batch_composite_loss,1017.5,130490.4,paper_101/ablation/results/50507.out,50507
p5_logp_mofe_last_selected_kan,127,0.000013,0.0066,logged_terminal_batch_composite_loss,1019.0,131509.4,paper_101/ablation/results/50507.out,50507
p5_logp_mofe_last_selected_kan,128,0.000013,0.0115,logged_terminal_batch_composite_loss,1017.7,132527.1,paper_101/ablation/results/50507.out,50507
p5_logp_mofe_last_selected_kan,129,0.000012,0.0066,logged_terminal_batch_composite_loss,1021.1,133548.2,paper_101/ablation/results/50507.out,50507
p5_logp_mofe_last_selected_kan,130,0.000012,0.0151,logged_terminal_batch_composite_loss,1024.9,134573.1,paper_101/ablation/results/50507.out,50507
p5_logp_mofe_last_selected_kan,131,0.000012,0.0022,logged_terminal_batch_composite_loss,1026.4,135599.5,paper_101/ablation/results/50507.out,50507
p5_logp_mofe_last_selected_kan,132,0.000012,0.0238,logged_terminal_batch_composite_loss,1024.3,136623.7,paper_101/ablation/results/50507.out,50507
p5_logp_mofe_last_selected_kan,133,0.000012,0.0234,logged_terminal_batch_composite_loss,1025.5,137649.3,paper_101/ablation/results/50507.out,50507
p5_logp_mofe_last_selected_kan,134,0.000012,0.0520,logged_terminal_batch_composite_loss,1023.7,138672.9,paper_101/ablation/results/50507.out,50507
p5_logp_mofe_last_selected_kan,135,0.000012,0.0108,logged_terminal_batch_composite_loss,1023.5,139696.5,paper_101/ablation/results/50507.out,50507
p5_logp_mofe_last_selected_kan,136,0.000012,0.0035,logged_terminal_batch_composite_loss,1013.2,140709.7,paper_101/ablation/results/50507.out,50507
p5_logp_mofe_last_selected_kan,137,0.000012,0.0309,logged_terminal_batch_composite_loss,1004.8,141714.5,paper_101/ablation/results/50507.out,50507
p5_logp_mofe_last_selected_kan,138,0.000012,0.0059,logged_terminal_batch_composite_loss,1001.1,142715.6,paper_101/ablation/results/50507.out,50507
p5_logp_mofe_last_selected_kan,139,0.000012,0.0029,logged_terminal_batch_composite_loss,1000.4,143716.0,paper_101/ablation/results/50507.out,50507
p5_logp_mofe_last_selected_kan,140,0.000012,0.0294,logged_terminal_batch_composite_loss,1000.9,144716.9,paper_101/ablation/results/50507.out,50507
p5_logp_mofe_last_selected_kan,141,0.000012,0.0044,logged_terminal_batch_composite_loss,1000.1,145717.0,paper_101/ablation/results/50507.out,50507
p5_logp_mofe_last_selected_kan,142,0.000012,0.0090,logged_terminal_batch_composite_loss,1001.0,146717.9,paper_101/ablation/results/50507.out,50507
p5_logp_mofe_last_selected_kan,143,0.000012,0.0059,logged_terminal_batch_composite_loss,1000.7,147718.7,paper_101/ablation/results/50507.out,50507
p5_logp_mofe_last_selected_kan,144,0.000012,0.0109,logged_terminal_batch_composite_loss,999.7,148718.4,paper_101/ablation/results/50507.out,50507
p5_logp_mofe_last_selected_kan,145,0.000012,0.0103,logged_terminal_batch_composite_loss,999.9,149718.3,paper_101/ablation/results/50507.out,50507
p5_logp_mofe_last_selected_kan,146,0.000012,0.0468,logged_terminal_batch_composite_loss,1000.9,150719.2,paper_101/ablation/results/50507.out,50507
p5_logp_mofe_last_selected_kan,147,0.000012,0.0061,logged_terminal_batch_composite_loss,1000.1,151719.3,paper_101/ablation/results/50507.out,50507
p5_logp_mofe_last_selected_kan,148,0.000012,0.0230,logged_terminal_batch_composite_loss,1001.5,152720.7,paper_101/ablation/results/50507.out,50507
p5_logp_mofe_last_selected_kan,149,0.000012,0.0146,logged_terminal_batch_composite_loss,1000.1,153720.9,paper_101/ablation/results/50507.out,50507
p5_logp_mofe_last_selected_kan,150,0.000012,0.0052,logged_terminal_batch_composite_loss,1000.0,154720.9,paper_101/ablation/results/50507.out,50507
p5_logp_mofe_last_selected_kan,151,0.000012,0.0045,logged_terminal_batch_composite_loss,1002.5,155723.5,paper_101/ablation/results/50507.out,50507
p5_logp_mofe_last_selected_kan,152,0.000011,0.0025,logged_terminal_batch_composite_loss,1004.4,156727.8,paper_101/ablation/results/50507.out,50507
p5_logp_mofe_last_selected_kan,153,0.000011,0.0145,logged_terminal_batch_composite_loss,1004.4,157732.3,paper_101/ablation/results/50507.out,50507
p5_logp_mofe_last_selected_kan,154,0.000011,0.0034,logged_terminal_batch_composite_loss,1004.9,158737.2,paper_101/ablation/results/50507.out,50507
p5_logp_mofe_last_selected_kan,155,0.000011,0.0049,logged_terminal_batch_composite_loss,1004.6,159741.8,paper_101/ablation/results/50507.out,50507
p5_logp_mofe_last_selected_kan,156,0.000011,0.0053,logged_terminal_batch_composite_loss,1004.7,160746.5,paper_101/ablation/results/50507.out,50507
p5_logp_mofe_last_selected_kan,157,0.000011,0.0030,logged_terminal_batch_composite_loss,1003.1,161749.6,paper_101/ablation/results/50507.out,50507
p5_logp_mofe_last_selected_kan,158,0.000011,0.0099,logged_terminal_batch_composite_loss,1007.3,162756.8,paper_101/ablation/results/50507.out,50507
p5_logp_mofe_last_selected_kan,159,0.000011,0.0014,logged_terminal_batch_composite_loss,1030.5,163787.3,paper_101/ablation/results/50507.out,50507
p5_logp_mofe_last_selected_kan,160,0.000011,0.0025,logged_terminal_batch_composite_loss,1035.1,164822.4,paper_101/ablation/results/50507.out,50507
p5_logp_mofe_last_selected_kan,161,0.000011,0.0045,logged_terminal_batch_composite_loss,1037.4,165859.8,paper_101/ablation/results/50507.out,50507
p5_logp_mofe_last_selected_kan,162,0.000011,0.0170,logged_terminal_batch_composite_loss,1036.0,166895.8,paper_101/ablation/results/50507.out,50507
p5_logp_mofe_last_selected_kan,163,0.000011,0.0061,logged_terminal_batch_composite_loss,1035.0,167930.8,paper_101/ablation/results/50507.out,50507
p5_logp_mofe_last_selected_kan,164,0.000011,0.0053,logged_terminal_batch_composite_loss,1036.7,168967.4,paper_101/ablation/results/50507.out,50507
p5_logp_mofe_last_selected_kan,165,0.000011,0.0035,logged_terminal_batch_composite_loss,1036.6,170004.0,paper_101/ablation/results/50507.out,50507
p5_logp_mofe_last_selected_kan,166,0.000011,0.0047,logged_terminal_batch_composite_loss,1031.9,171035.9,paper_101/ablation/results/50507.out,50507
p5_logp_mofe_last_selected_kan,167,0.000011,0.0037,logged_terminal_batch_composite_loss,1034.8,172070.7,paper_101/ablation/results/50507.out,50507
p5_logp_mofe_last_selected_kan,168,0.000011,0.0047,logged_terminal_batch_composite_loss,1039.4,173110.1,paper_101/ablation/results/50507.out,50507
p5_logp_mofe_last_selected_kan,169,0.000011,0.0040,logged_terminal_batch_composite_loss,1037.7,174147.8,paper_101/ablation/results/50507.out,50507
p5_logp_mofe_last_selected_kan,170,0.000011,0.0054,logged_terminal_batch_composite_loss,1040.7,175188.5,paper_101/ablation/results/50507.out,50507
p5_logp_mofe_last_selected_kan,171,0.000011,0.0044,logged_terminal_batch_composite_loss,1041.5,176230.0,paper_101/ablation/results/50507.out,50507
p5_logp_mofe_last_selected_kan,172,0.000011,0.0069,logged_terminal_batch_composite_loss,1041.1,177271.1,paper_101/ablation/results/50507.out,50507
p5_logp_mofe_last_selected_kan,173,0.000011,0.0099,logged_terminal_batch_composite_loss,1038.9,178310.0,paper_101/ablation/results/50507.out,50507
p5_logp_mofe_last_selected_kan,174,0.000011,0.0067,logged_terminal_batch_composite_loss,1041.2,179351.2,paper_101/ablation/results/50507.out,50507
p5_logp_mofe_last_selected_kan,175,0.000011,0.0248,logged_terminal_batch_composite_loss,1043.3,180394.5,paper_101/ablation/results/50507.out,50507
p5_logp_mofe_last_selected_kan,176,0.000011,0.0054,logged_terminal_batch_composite_loss,1043.5,181437.9,paper_101/ablation/results/50507.out,50507
p5_logp_mofe_last_selected_kan,177,0.000011,0.0031,logged_terminal_batch_composite_loss,1044.1,182482.0,paper_101/ablation/results/50507.out,50507
p5_logp_mofe_last_selected_kan,178,0.000011,0.0077,logged_terminal_batch_composite_loss,1041.7,183523.7,paper_101/ablation/results/50507.out,50507
p5_logp_mofe_last_selected_kan,179,0.000011,0.0028,logged_terminal_batch_composite_loss,1042.0,184565.7,paper_101/ablation/results/50507.out,50507
p5_logp_mofe_last_selected_kan,180,0.000011,0.0030,logged_terminal_batch_composite_loss,1033.4,185599.1,paper_101/ablation/results/50507.out,50507
p5_logp_mofe_last_selected_kan,181,0.000011,0.0030,logged_terminal_batch_composite_loss,1010.2,186609.3,paper_101/ablation/results/50507.out,50507
p5_logp_mofe_last_selected_kan,182,0.000010,0.0044,logged_terminal_batch_composite_loss,1009.5,187618.8,paper_101/ablation/results/50507.out,50507
p5_logp_mofe_last_selected_kan,183,0.000010,0.0083,logged_terminal_batch_composite_loss,1009.4,188628.2,paper_101/ablation/results/50507.out,50507
p5_logp_mofe_last_selected_kan,184,0.000010,0.0022,logged_terminal_batch_composite_loss,1009.1,189637.2,paper_101/ablation/results/50507.out,50507
p5_logp_mofe_last_selected_kan,185,0.000010,0.0036,logged_terminal_batch_composite_loss,1009.4,190646.7,paper_101/ablation/results/50507.out,50507
p5_logp_mofe_last_selected_kan,186,0.000010,0.0064,logged_terminal_batch_composite_loss,1019.1,191665.8,paper_101/ablation/results/50507.out,50507
p5_logp_mofe_last_selected_kan,187,0.000010,0.0026,logged_terminal_batch_composite_loss,1029.9,192695.7,paper_101/ablation/results/50507.out,50507
p5_logp_mofe_last_selected_kan,188,0.000010,0.0034,logged_terminal_batch_composite_loss,1037.9,193733.7,paper_101/ablation/results/50507.out,50507
p5_logp_mofe_last_selected_kan,189,0.000010,0.0029,logged_terminal_batch_composite_loss,1025.3,194758.9,paper_101/ablation/results/50507.out,50507
p5_logp_mofe_last_selected_kan,190,0.000010,0.0060,logged_terminal_batch_composite_loss,1024.6,195783.5,paper_101/ablation/results/50507.out,50507
p5_logp_mofe_last_selected_kan,191,0.000010,0.0038,logged_terminal_batch_composite_loss,1032.0,196815.5,paper_101/ablation/results/50507.out,50507
p5_logp_mofe_last_selected_kan,192,0.000010,0.0037,logged_terminal_batch_composite_loss,1027.0,197842.6,paper_101/ablation/results/50507.out,50507
p5_logp_mofe_last_selected_kan,193,0.000010,0.0059,logged_terminal_batch_composite_loss,1034.1,198876.7,paper_101/ablation/results/50507.out,50507
p5_logp_mofe_last_selected_kan,194,0.000010,0.0084,logged_terminal_batch_composite_loss,1036.8,199913.5,paper_101/ablation/results/50507.out,50507
p5_logp_mofe_last_selected_kan,195,0.000010,0.0065,logged_terminal_batch_composite_loss,1040.2,200953.7,paper_101/ablation/results/50507.out,50507
p5_logp_mofe_last_selected_kan,196,0.000010,0.0052,logged_terminal_batch_composite_loss,1040.2,201993.9,paper_101/ablation/results/50507.out,50507
p5_logp_mofe_last_selected_kan,197,0.000010,0.0175,logged_terminal_batch_composite_loss,1041.6,203035.5,paper_101/ablation/results/50507.out,50507
p5_logp_mofe_last_selected_kan,198,0.000010,0.0093,logged_terminal_batch_composite_loss,1042.7,204078.2,paper_101/ablation/results/50507.out,50507
p5_logp_mofe_last_selected_kan,199,0.000010,0.0030,logged_terminal_batch_composite_loss,1038.4,205116.6,paper_101/ablation/results/50507.out,50507
p5_logp_mofe_last_selected_kan,200,0.000010,0.0244,logged_terminal_batch_composite_loss,1031.8,206148.4,paper_101/ablation/results/50507.out,50507
p5_logp_mofe_last_selected_kan,201,0.000010,0.0039,logged_terminal_batch_composite_loss,1034.2,207182.7,paper_101/ablation/results/50507.out,50507
p5_logp_mofe_last_selected_kan,202,0.000010,0.0022,logged_terminal_batch_composite_loss,1031.6,208214.3,paper_101/ablation/results/50507.out,50507
p5_logp_mofe_last_selected_kan,203,0.000010,0.0018,logged_terminal_batch_composite_loss,1032.8,209247.0,paper_101/ablation/results/50507.out,50507
p5_logp_mofe_last_selected_kan,204,0.000010,0.0116,logged_terminal_batch_composite_loss,1034.0,210281.0,paper_101/ablation/results/50507.out,50507
p5_logp_mofe_last_selected_kan,205,0.000010,0.0048,logged_terminal_batch_composite_loss,1032.9,211313.9,paper_101/ablation/results/50507.out,50507
p5_logp_mofe_last_selected_kan,206,0.000010,0.0064,logged_terminal_batch_composite_loss,1034.1,212347.9,paper_101/ablation/results/50507.out,50507
p5_logp_mofe_last_selected_kan,207,0.000010,0.0036,logged_terminal_batch_composite_loss,1031.2,213379.1,paper_101/ablation/results/50507.out,50507
p5_logp_mofe_last_selected_kan,208,0.000010,0.0136,logged_terminal_batch_composite_loss,1035.0,214414.2,paper_101/ablation/results/50507.out,50507
p5_logp_mofe_last_selected_kan,209,0.000010,0.0018,logged_terminal_batch_composite_loss,1033.2,215447.4,paper_101/ablation/results/50507.out,50507
p5_logp_mofe_last_selected_kan,210,0.000010,0.0041,logged_terminal_batch_composite_loss,1033.0,216480.4,paper_101/ablation/results/50507.out,50507
p5_logp_mofe_last_selected_kan,211,0.000010,0.0051,logged_terminal_batch_composite_loss,1032.0,217512.4,paper_101/ablation/results/50507.out,50507
p5_logp_mofe_last_selected_kan,212,0.000010,0.0036,logged_terminal_batch_composite_loss,1033.0,218545.4,paper_101/ablation/results/50507.out,50507
p5_logp_mofe_last_selected_kan,213,0.000010,0.0021,logged_terminal_batch_composite_loss,1032.6,219578.0,paper_101/ablation/results/50507.out,50507
p5_logp_mofe_last_selected_kan,214,0.000010,0.0040,logged_terminal_batch_composite_loss,1031.0,220609.0,paper_101/ablation/results/50507.out,50507
p5_logp_mofe_last_selected_kan,215,0.000010,0.0016,logged_terminal_batch_composite_loss,1029.2,221638.2,paper_101/ablation/results/50507.out,50507
p5_logp_mofe_last_selected_kan,216,0.000010,0.0008,logged_terminal_batch_composite_loss,1032.2,222670.4,paper_101/ablation/results/50507.out,50507
p5_logp_mofe_last_selected_kan,217,0.000010,0.0028,logged_terminal_batch_composite_loss,1027.6,223698.1,paper_101/ablation/results/50507.out,50507
p5_logp_mofe_last_selected_kan,218,0.000010,0.0034,logged_terminal_batch_composite_loss,1027.9,224726.0,paper_101/ablation/results/50507.out,50507
p5_logp_mofe_last_selected_kan,219,0.000010,0.0030,logged_terminal_batch_composite_loss,1030.7,225756.7,paper_101/ablation/results/50507.out,50507
p5_logp_mofe_last_selected_kan,220,0.000010,0.0027,logged_terminal_batch_composite_loss,1026.6,226783.4,paper_101/ablation/results/50507.out,50507
p5_logp_mofe_last_selected_kan,221,0.000010,0.0023,logged_terminal_batch_composite_loss,1021.9,227805.3,paper_101/ablation/results/50507.out,50507
p5_logp_mofe_last_selected_kan,222,0.000009,0.0105,logged_terminal_batch_composite_loss,1022.6,228827.9,paper_101/ablation/results/50507.out,50507
p5_logp_mofe_last_selected_kan,223,0.000009,0.0021,logged_terminal_batch_composite_loss,1022.5,229850.4,paper_101/ablation/results/50507.out,50507
p5_logp_mofe_last_selected_kan,224,0.000009,0.0043,logged_terminal_batch_composite_loss,1025.7,230876.1,paper_101/ablation/results/50507.out,50507
p5_logp_mofe_last_selected_kan,225,0.000009,0.0018,logged_terminal_batch_composite_loss,1025.6,231901.7,paper_101/ablation/results/50507.out,50507
p5_logp_mofe_last_selected_kan,226,0.000009,0.0082,logged_terminal_batch_composite_loss,1028.1,232929.7,paper_101/ablation/results/50507.out,50507
p5_logp_mofe_last_selected_kan,227,0.000009,0.0084,logged_terminal_batch_composite_loss,1026.7,233956.4,paper_101/ablation/results/50507.out,50507
p5_logp_mofe_last_selected_kan,228,0.000009,0.0066,logged_terminal_batch_composite_loss,1029.2,234985.5,paper_101/ablation/results/50507.out,50507
p5_logp_mofe_last_selected_kan,229,0.000009,0.0041,logged_terminal_batch_composite_loss,1029.6,236015.1,paper_101/ablation/results/50507.out,50507
p5_logp_mofe_last_selected_kan,230,0.000009,0.0065,logged_terminal_batch_composite_loss,1028.3,237043.4,paper_101/ablation/results/50507.out,50507
p5_logp_mofe_last_selected_kan,231,0.000009,0.0061,logged_terminal_batch_composite_loss,1028.3,238071.7,paper_101/ablation/results/50507.out,50507
p5_logp_mofe_last_selected_kan,232,0.000009,0.0029,logged_terminal_batch_composite_loss,1057.7,239129.4,paper_101/ablation/results/50507.out,50507
p5_logp_mofe_last_selected_kan,233,0.000009,0.0047,logged_terminal_batch_composite_loss,1047.0,240176.4,paper_101/ablation/results/50507.out,50507
p5_logp_mofe_last_selected_kan,234,0.000009,0.0299,logged_terminal_batch_composite_loss,1070.9,241247.3,paper_101/ablation/results/50507.out,50507
p5_logp_mofe_last_selected_kan,235,0.000009,0.0058,logged_terminal_batch_composite_loss,1042.2,242289.4,paper_101/ablation/results/50507.out,50507
p5_logp_mofe_last_selected_kan,236,0.000009,0.0023,logged_terminal_batch_composite_loss,1038.3,243327.7,paper_101/ablation/results/50507.out,50507
p5_logp_mofe_last_selected_kan,237,0.000009,0.0046,logged_terminal_batch_composite_loss,1028.2,244355.9,paper_101/ablation/results/50507.out,50507
p5_logp_mofe_last_selected_kan,238,0.000009,0.0054,logged_terminal_batch_composite_loss,1027.9,245383.8,paper_101/ablation/results/50507.out,50507
p5_logp_mofe_last_selected_kan,239,0.000009,0.0068,logged_terminal_batch_composite_loss,1028.8,246412.7,paper_101/ablation/results/50507.out,50507
p5_logp_mofe_last_selected_kan,240,0.000009,0.0061,logged_terminal_batch_composite_loss,1029.3,247442.0,paper_101/ablation/results/50507.out,50507
p5_logp_mofe_last_selected_kan,241,0.000009,0.0207,logged_terminal_batch_composite_loss,1026.6,248468.6,paper_101/ablation/results/50507.out,50507
p5_logp_mofe_last_selected_kan,242,0.000009,0.0060,logged_terminal_batch_composite_loss,1025.6,249494.2,paper_101/ablation/results/50507.out,50507
p5_logp_mofe_last_selected_kan,243,0.000009,0.0108,logged_terminal_batch_composite_loss,1027.7,250521.8,paper_101/ablation/results/50507.out,50507
p5_logp_mofe_last_selected_kan,244,0.000009,0.0126,logged_terminal_batch_composite_loss,1027.8,251549.7,paper_101/ablation/results/50507.out,50507
p5_logp_mofe_last_selected_kan,245,0.000009,0.0028,logged_terminal_batch_composite_loss,1069.5,252619.2,paper_101/ablation/results/50507.out,50507
p5_logp_mofe_last_selected_kan,246,0.000009,0.0043,logged_terminal_batch_composite_loss,1055.5,253674.6,paper_101/ablation/results/50507.out,50507
p5_logp_mofe_last_selected_kan,247,0.000009,0.0059,logged_terminal_batch_composite_loss,1028.8,254703.4,paper_101/ablation/results/50507.out,50507
p5_logp_mofe_last_selected_kan,248,0.000009,0.0057,logged_terminal_batch_composite_loss,1030.6,255734.0,paper_101/ablation/results/50507.out,50507
p5_logp_mofe_last_selected_kan,249,0.000009,0.0132,logged_terminal_batch_composite_loss,1030.9,256764.9,paper_101/ablation/results/50507.out,50507
p5_logp_mofe_last_selected_kan,250,0.000009,0.0011,logged_terminal_batch_composite_loss,1031.2,257796.1,paper_101/ablation/results/50507.out,50507
p5_logp_mofe_last_selected_kan,251,0.000009,0.0023,logged_terminal_batch_composite_loss,1025.9,258822.0,paper_101/ablation/results/50507.out,50507
p5_logp_mofe_last_selected_kan,252,0.000009,0.0036,logged_terminal_batch_composite_loss,1025.3,259847.4,paper_101/ablation/results/50507.out,50507
p5_logp_mofe_last_selected_kan,253,0.000009,0.0162,logged_terminal_batch_composite_loss,1028.7,260876.1,paper_101/ablation/results/50507.out,50507
p5_logp_mofe_last_selected_kan,254,0.000009,0.0024,logged_terminal_batch_composite_loss,1029.9,261906.0,paper_101/ablation/results/50507.out,50507
p5_logp_mofe_last_selected_kan,255,0.000009,0.0045,logged_terminal_batch_composite_loss,1029.1,262935.1,paper_101/ablation/results/50507.out,50507
p5_logp_mofe_last_selected_kan,256,0.000009,0.0044,logged_terminal_batch_composite_loss,1030.5,263965.6,paper_101/ablation/results/50507.out,50507
p5_logp_mofe_last_selected_kan,257,0.000009,0.0072,logged_terminal_batch_composite_loss,1053.5,265019.2,paper_101/ablation/results/50507.out,50507
p5_logp_mofe_last_selected_kan,258,0.000009,0.0027,logged_terminal_batch_composite_loss,1059.7,266078.9,paper_101/ablation/results/50507.out,50507
p5_logp_mofe_last_selected_kan,259,0.000009,0.0035,logged_terminal_batch_composite_loss,1058.7,267137.6,paper_101/ablation/results/50507.out,50507
p5_logp_mofe_last_selected_kan,260,0.000009,0.0025,logged_terminal_batch_composite_loss,1036.5,268174.1,paper_101/ablation/results/50507.out,50507
p5_logp_mofe_last_selected_kan,261,0.000009,0.0035,logged_terminal_batch_composite_loss,1036.5,269210.6,paper_101/ablation/results/50507.out,50507
p5_logp_mofe_last_selected_kan,262,0.000009,0.0024,logged_terminal_batch_composite_loss,1036.3,270247.0,paper_101/ablation/results/50507.out,50507
p5_logp_mofe_last_selected_kan,263,0.000009,0.0044,logged_terminal_batch_composite_loss,1036.1,271283.1,paper_101/ablation/results/50507.out,50507
p5_logp_mofe_last_selected_kan,264,0.000009,0.0041,logged_terminal_batch_composite_loss,1051.9,272334.9,paper_101/ablation/results/50507.out,50507
p5_logp_mofe_last_selected_kan,265,0.000009,0.0188,logged_terminal_batch_composite_loss,1036.2,273371.1,paper_101/ablation/results/50507.out,50507
p5_logp_mofe_last_selected_kan,266,0.000009,0.0042,logged_terminal_batch_composite_loss,1049.3,274420.4,paper_101/ablation/results/50507.out,50507
p5_logp_mofe_last_selected_kan,267,0.000009,0.0033,logged_terminal_batch_composite_loss,1036.5,275456.8,paper_101/ablation/results/50507.out,50507
p5_logp_mofe_last_selected_kan,268,0.000009,0.0113,logged_terminal_batch_composite_loss,1036.2,276493.0,paper_101/ablation/results/50507.out,50507
p5_logp_mofe_last_selected_kan,269,0.000009,0.0039,logged_terminal_batch_composite_loss,1036.5,277529.5,paper_101/ablation/results/50507.out,50507
p5_logp_mofe_last_selected_kan,270,0.000009,0.0087,logged_terminal_batch_composite_loss,1025.4,278555.0,paper_101/ablation/results/50507.out,50507
p5_logp_mofe_last_selected_kan,271,0.000009,0.0037,logged_terminal_batch_composite_loss,1028.2,279583.2,paper_101/ablation/results/50507.out,50507
p5_logp_mofe_last_selected_kan,272,0.000009,0.0040,logged_terminal_batch_composite_loss,1033.1,280616.3,paper_101/ablation/results/50507.out,50507
p5_logp_mofe_last_selected_kan,273,0.000009,0.0026,logged_terminal_batch_composite_loss,1036.7,281653.0,paper_101/ablation/results/50507.out,50507
p5_logp_mofe_last_selected_kan,274,0.000009,0.0055,logged_terminal_batch_composite_loss,1039.0,282692.0,paper_101/ablation/results/50507.out,50507
p5_logp_mofe_last_selected_kan,275,0.000009,0.0048,logged_terminal_batch_composite_loss,1038.0,283730.0,paper_101/ablation/results/50507.out,50507
p5_logp_mofe_last_selected_kan,276,0.000009,0.0075,logged_terminal_batch_composite_loss,1039.1,284769.1,paper_101/ablation/results/50507.out,50507
p5_logp_mofe_last_selected_kan,277,0.000008,0.0044,logged_terminal_batch_composite_loss,1035.5,285804.6,paper_101/ablation/results/50507.out,50507
p5_logp_mofe_last_selected_kan,278,0.000008,0.0024,logged_terminal_batch_composite_loss,1038.5,286843.1,paper_101/ablation/results/50507.out,50507
p5_logp_mofe_last_selected_kan,279,0.000008,0.0050,logged_terminal_batch_composite_loss,1035.3,287878.5,paper_101/ablation/results/50507.out,50507
p5_logp_mofe_last_selected_kan,280,0.000008,0.0038,logged_terminal_batch_composite_loss,1039.0,288917.4,paper_101/ablation/results/50507.out,50507
p5_logp_mofe_last_selected_kan,281,0.000008,0.0040,logged_terminal_batch_composite_loss,1040.9,289958.4,paper_101/ablation/results/50507.out,50507
p5_logp_mofe_last_selected_kan,282,0.000008,0.0007,logged_terminal_batch_composite_loss,1044.3,291002.7,paper_101/ablation/results/50507.out,50507
p5_logp_mofe_last_selected_kan,283,0.000008,0.0049,logged_terminal_batch_composite_loss,1046.9,292049.6,paper_101/ablation/results/50507.out,50507
p5_logp_mofe_last_selected_kan,284,0.000008,0.0042,logged_terminal_batch_composite_loss,1042.2,293091.9,paper_101/ablation/results/50507.out,50507
p5_logp_mofe_last_selected_kan,285,0.000008,0.0018,logged_terminal_batch_composite_loss,1042.3,294134.2,paper_101/ablation/results/50507.out,50507
p5_logp_mofe_last_selected_kan,286,0.000008,0.0061,logged_terminal_batch_composite_loss,1048.8,295183.0,paper_101/ablation/results/50507.out,50507
p5_logp_mofe_last_selected_kan,287,0.000008,0.0076,logged_terminal_batch_composite_loss,1040.6,296223.5,paper_101/ablation/results/50507.out,50507
p5_logp_mofe_last_selected_kan,288,0.000008,0.0057,logged_terminal_batch_composite_loss,1041.2,297264.7,paper_101/ablation/results/50507.out,50507
p5_logp_mofe_last_selected_kan,289,0.000008,0.0032,logged_terminal_batch_composite_loss,1041.9,298306.7,paper_101/ablation/results/50507.out,50507
p5_logp_mofe_last_selected_kan,290,0.000008,0.0051,logged_terminal_batch_composite_loss,1038.8,299345.5,paper_101/ablation/results/50507.out,50507
p5_logp_mofe_last_selected_kan,291,0.000008,0.0063,logged_terminal_batch_composite_loss,1041.1,300386.5,paper_101/ablation/results/50507.out,50507
p5_logp_mofe_last_selected_kan,292,0.000008,0.0057,logged_terminal_batch_composite_loss,1040.4,301426.9,paper_101/ablation/results/50507.out,50507
p5_logp_mofe_last_selected_kan,293,0.000008,0.0051,logged_terminal_batch_composite_loss,1038.4,302465.4,paper_101/ablation/results/50507.out,50507
p5_logp_mofe_last_selected_kan,294,0.000008,0.0019,logged_terminal_batch_composite_loss,1042.8,303508.1,paper_101/ablation/results/50507.out,50507
p5_logp_mofe_last_selected_kan,295,0.000008,0.0038,logged_terminal_batch_composite_loss,1043.4,304551.5,paper_101/ablation/results/50507.out,50507
p5_logp_mofe_last_selected_kan,296,0.000008,0.0028,logged_terminal_batch_composite_loss,1041.7,305593.2,paper_101/ablation/results/50507.out,50507
p5_logp_mofe_last_selected_kan,297,0.000008,0.0021,logged_terminal_batch_composite_loss,1044.2,306637.4,paper_101/ablation/results/50507.out,50507
p5_logp_mofe_last_selected_kan,298,0.000008,0.0012,logged_terminal_batch_composite_loss,1040.0,307677.5,paper_101/ablation/results/50507.out,50507
p5_logp_mofe_last_selected_kan,299,0.000008,0.0048,logged_terminal_batch_composite_loss,1038.3,308715.8,paper_101/ablation/results/50507.out,50507
p5_logp_mofe_last_selected_kan,300,0.000008,0.0036,logged_terminal_batch_composite_loss,1039.8,309755.6,paper_101/ablation/results/50507.out,50507
p5_logp_mofe_last_selected_kan_conloss,1,0.000001,3.8012,logged_terminal_batch_composite_loss,1084.7,1084.7,paper_101/ablation/results/50509.out,50509
p5_logp_mofe_last_selected_kan_conloss,2,0.000002,2.4508,logged_terminal_batch_composite_loss,1066.4,2151.2,paper_101/ablation/results/50509.out,50509
p5_logp_mofe_last_selected_kan_conloss,3,0.000003,2.0759,logged_terminal_batch_composite_loss,1066.9,3218.2,paper_101/ablation/results/50509.out,50509
p5_logp_mofe_last_selected_kan_conloss,4,0.000003,2.2003,logged_terminal_batch_composite_loss,1085.7,4304.0,paper_101/ablation/results/50509.out,50509
p5_logp_mofe_last_selected_kan_conloss,5,0.000004,1.9464,logged_terminal_batch_composite_loss,1085.9,5389.9,paper_101/ablation/results/50509.out,50509
p5_logp_mofe_last_selected_kan_conloss,6,0.000005,1.7247,logged_terminal_batch_composite_loss,1082.6,6472.6,paper_101/ablation/results/50509.out,50509
p5_logp_mofe_last_selected_kan_conloss,7,0.000006,1.6104,logged_terminal_batch_composite_loss,1068.1,7540.8,paper_101/ablation/results/50509.out,50509
p5_logp_mofe_last_selected_kan_conloss,8,0.000007,1.1200,logged_terminal_batch_composite_loss,1067.7,8608.6,paper_101/ablation/results/50509.out,50509
p5_logp_mofe_last_selected_kan_conloss,9,0.000008,0.8813,logged_terminal_batch_composite_loss,1035.8,9644.5,paper_101/ablation/results/50509.out,50509
p5_logp_mofe_last_selected_kan_conloss,10,0.000009,0.8507,logged_terminal_batch_composite_loss,1024.3,10668.9,paper_101/ablation/results/50509.out,50509
p5_logp_mofe_last_selected_kan_conloss,11,0.000009,0.7564,logged_terminal_batch_composite_loss,1023.7,11692.7,paper_101/ablation/results/50509.out,50509
p5_logp_mofe_last_selected_kan_conloss,12,0.000010,0.7154,logged_terminal_batch_composite_loss,1023.8,12716.6,paper_101/ablation/results/50509.out,50509
p5_logp_mofe_last_selected_kan_conloss,13,0.000011,0.6582,logged_terminal_batch_composite_loss,1025.9,13742.6,paper_101/ablation/results/50509.out,50509
p5_logp_mofe_last_selected_kan_conloss,14,0.000012,0.5874,logged_terminal_batch_composite_loss,1020.1,14762.7,paper_101/ablation/results/50509.out,50509
p5_logp_mofe_last_selected_kan_conloss,15,0.000013,0.5614,logged_terminal_batch_composite_loss,1019.1,15781.9,paper_101/ablation/results/50509.out,50509
p5_logp_mofe_last_selected_kan_conloss,16,0.000014,0.3989,logged_terminal_batch_composite_loss,1034.4,16816.4,paper_101/ablation/results/50509.out,50509
p5_logp_mofe_last_selected_kan_conloss,17,0.000015,0.3154,logged_terminal_batch_composite_loss,1059.6,17876.1,paper_101/ablation/results/50509.out,50509
p5_logp_mofe_last_selected_kan_conloss,18,0.000015,0.4376,logged_terminal_batch_composite_loss,1049.9,18926.1,paper_101/ablation/results/50509.out,50509
p5_logp_mofe_last_selected_kan_conloss,19,0.000016,0.3208,logged_terminal_batch_composite_loss,1044.3,19970.4,paper_101/ablation/results/50509.out,50509
p5_logp_mofe_last_selected_kan_conloss,20,0.000017,0.3544,logged_terminal_batch_composite_loss,1020.8,20991.2,paper_101/ablation/results/50509.out,50509
p5_logp_mofe_last_selected_kan_conloss,21,0.000018,0.2906,logged_terminal_batch_composite_loss,1041.1,22032.3,paper_101/ablation/results/50509.out,50509
p5_logp_mofe_last_selected_kan_conloss,22,0.000019,0.3494,logged_terminal_batch_composite_loss,1057.5,23089.9,paper_101/ablation/results/50509.out,50509
p5_logp_mofe_last_selected_kan_conloss,23,0.000020,0.3248,logged_terminal_batch_composite_loss,1073.4,24163.3,paper_101/ablation/results/50509.out,50509
p5_logp_mofe_last_selected_kan_conloss,24,0.000021,0.3780,logged_terminal_batch_composite_loss,1047.9,25211.2,paper_101/ablation/results/50509.out,50509
p5_logp_mofe_last_selected_kan_conloss,25,0.000022,0.2985,logged_terminal_batch_composite_loss,1046.5,26257.7,paper_101/ablation/results/50509.out,50509
p5_logp_mofe_last_selected_kan_conloss,26,0.000022,0.3347,logged_terminal_batch_composite_loss,1053.9,27311.6,paper_101/ablation/results/50509.out,50509
p5_logp_mofe_last_selected_kan_conloss,27,0.000023,0.2699,logged_terminal_batch_composite_loss,1053.5,28365.2,paper_101/ablation/results/50509.out,50509
p5_logp_mofe_last_selected_kan_conloss,28,0.000024,0.2415,logged_terminal_batch_composite_loss,1111.7,29477.0,paper_101/ablation/results/50509.out,50509
p5_logp_mofe_last_selected_kan_conloss,29,0.000025,0.2530,logged_terminal_batch_composite_loss,1113.6,30590.7,paper_101/ablation/results/50509.out,50509
p5_logp_mofe_last_selected_kan_conloss,30,0.000026,0.2738,logged_terminal_batch_composite_loss,1112.2,31702.9,paper_101/ablation/results/50509.out,50509
p5_logp_mofe_last_selected_kan_conloss,31,0.000025,0.2294,logged_terminal_batch_composite_loss,1089.9,32792.9,paper_101/ablation/results/50509.out,50509
p5_logp_mofe_last_selected_kan_conloss,32,0.000025,0.2592,logged_terminal_batch_composite_loss,1083.3,33876.3,paper_101/ablation/results/50509.out,50509
p5_logp_mofe_last_selected_kan_conloss,33,0.000025,0.3233,logged_terminal_batch_composite_loss,1040.9,34917.2,paper_101/ablation/results/50509.out,50509
p5_logp_mofe_last_selected_kan_conloss,34,0.000024,0.2800,logged_terminal_batch_composite_loss,1024.4,35941.6,paper_101/ablation/results/50509.out,50509
p5_logp_mofe_last_selected_kan_conloss,35,0.000024,0.2485,logged_terminal_batch_composite_loss,996.6,36938.2,paper_101/ablation/results/50509.out,50509
p5_logp_mofe_last_selected_kan_conloss,36,0.000024,0.2654,logged_terminal_batch_composite_loss,1089.4,38027.7,paper_101/ablation/results/50509.out,50509
p5_logp_mofe_last_selected_kan_conloss,37,0.000023,0.2900,logged_terminal_batch_composite_loss,1107.8,39135.5,paper_101/ablation/results/50509.out,50509
p5_logp_mofe_last_selected_kan_conloss,38,0.000023,0.2013,logged_terminal_batch_composite_loss,1142.3,40277.7,paper_101/ablation/results/50509.out,50509
p5_logp_mofe_last_selected_kan_conloss,39,0.000023,0.2662,logged_terminal_batch_composite_loss,1132.6,41410.4,paper_101/ablation/results/50509.out,50509
p5_logp_mofe_last_selected_kan_conloss,40,0.000022,0.3010,logged_terminal_batch_composite_loss,1125.6,42536.0,paper_101/ablation/results/50509.out,50509
p5_logp_mofe_last_selected_kan_conloss,41,0.000022,0.2620,logged_terminal_batch_composite_loss,1128.3,43664.3,paper_101/ablation/results/50509.out,50509
p5_logp_mofe_last_selected_kan_conloss,42,0.000022,0.2447,logged_terminal_batch_composite_loss,1110.3,44774.7,paper_101/ablation/results/50509.out,50509
p5_logp_mofe_last_selected_kan_conloss,43,0.000022,0.2082,logged_terminal_batch_composite_loss,1077.6,45852.2,paper_101/ablation/results/50509.out,50509
p5_logp_mofe_last_selected_kan_conloss,44,0.000021,0.2115,logged_terminal_batch_composite_loss,1047.0,46899.2,paper_101/ablation/results/50509.out,50509
p5_logp_mofe_last_selected_kan_conloss,45,0.000021,0.1898,logged_terminal_batch_composite_loss,1047.0,47946.2,paper_101/ablation/results/50509.out,50509
p5_logp_mofe_last_selected_kan_conloss,46,0.000021,0.2058,logged_terminal_batch_composite_loss,1024.2,48970.4,paper_101/ablation/results/50509.out,50509
p5_logp_mofe_last_selected_kan_conloss,47,0.000021,0.1724,logged_terminal_batch_composite_loss,1006.4,49976.9,paper_101/ablation/results/50509.out,50509
p5_logp_mofe_last_selected_kan_conloss,48,0.000020,0.2026,logged_terminal_batch_composite_loss,987.8,50964.7,paper_101/ablation/results/50509.out,50509
p5_logp_mofe_last_selected_kan_conloss,49,0.000020,0.2166,logged_terminal_batch_composite_loss,987.7,51952.4,paper_101/ablation/results/50509.out,50509
p5_logp_mofe_last_selected_kan_conloss,50,0.000020,0.2647,logged_terminal_batch_composite_loss,984.4,52936.8,paper_101/ablation/results/50509.out,50509
p5_logp_mofe_last_selected_kan_conloss,51,0.000020,0.1942,logged_terminal_batch_composite_loss,984.5,53921.4,paper_101/ablation/results/50509.out,50509
p5_logp_mofe_last_selected_kan_conloss,52,0.000020,0.2061,logged_terminal_batch_composite_loss,983.8,54905.2,paper_101/ablation/results/50509.out,50509
p5_logp_mofe_last_selected_kan_conloss,53,0.000019,0.1946,logged_terminal_batch_composite_loss,985.1,55890.3,paper_101/ablation/results/50509.out,50509
p5_logp_mofe_last_selected_kan_conloss,54,0.000019,0.2082,logged_terminal_batch_composite_loss,983.1,56873.4,paper_101/ablation/results/50509.out,50509
p5_logp_mofe_last_selected_kan_conloss,55,0.000019,0.1814,logged_terminal_batch_composite_loss,985.1,57858.6,paper_101/ablation/results/50509.out,50509
p5_logp_mofe_last_selected_kan_conloss,56,0.000019,0.1825,logged_terminal_batch_composite_loss,984.8,58843.3,paper_101/ablation/results/50509.out,50509
p5_logp_mofe_last_selected_kan_conloss,57,0.000019,0.2346,logged_terminal_batch_composite_loss,983.6,59827.0,paper_101/ablation/results/50509.out,50509
p5_logp_mofe_last_selected_kan_conloss,58,0.000019,0.1776,logged_terminal_batch_composite_loss,977.4,60804.4,paper_101/ablation/results/50509.out,50509
p5_logp_mofe_last_selected_kan_conloss,59,0.000018,0.2116,logged_terminal_batch_composite_loss,975.2,61779.6,paper_101/ablation/results/50509.out,50509
p5_logp_mofe_last_selected_kan_conloss,60,0.000018,0.1858,logged_terminal_batch_composite_loss,975.8,62755.3,paper_101/ablation/results/50509.out,50509
p5_logp_mofe_last_selected_kan_conloss,61,0.000018,0.2231,logged_terminal_batch_composite_loss,975.8,63731.2,paper_101/ablation/results/50509.out,50509
p5_logp_mofe_last_selected_kan_conloss,62,0.000018,0.1909,logged_terminal_batch_composite_loss,976.0,64707.2,paper_101/ablation/results/50509.out,50509
p5_logp_mofe_last_selected_kan_conloss,63,0.000018,0.2000,logged_terminal_batch_composite_loss,976.8,65684.0,paper_101/ablation/results/50509.out,50509
p5_logp_mofe_last_selected_kan_conloss,64,0.000018,0.2208,logged_terminal_batch_composite_loss,975.7,66659.7,paper_101/ablation/results/50509.out,50509
p5_logp_mofe_last_selected_kan_conloss,65,0.000018,0.1915,logged_terminal_batch_composite_loss,976.4,67636.0,paper_101/ablation/results/50509.out,50509
p5_logp_mofe_last_selected_kan_conloss,66,0.000017,0.1921,logged_terminal_batch_composite_loss,974.7,68610.7,paper_101/ablation/results/50509.out,50509
p5_logp_mofe_last_selected_kan_conloss,67,0.000017,0.1946,logged_terminal_batch_composite_loss,975.5,69586.2,paper_101/ablation/results/50509.out,50509
p5_logp_mofe_last_selected_kan_conloss,68,0.000017,0.2022,logged_terminal_batch_composite_loss,975.0,70561.2,paper_101/ablation/results/50509.out,50509
p5_logp_mofe_last_selected_kan_conloss,69,0.000017,0.2101,logged_terminal_batch_composite_loss,975.1,71536.3,paper_101/ablation/results/50509.out,50509
p5_logp_mofe_last_selected_kan_conloss,70,0.000017,0.1757,logged_terminal_batch_composite_loss,974.8,72511.2,paper_101/ablation/results/50509.out,50509
p5_logp_mofe_last_selected_kan_conloss,71,0.000017,0.1834,logged_terminal_batch_composite_loss,974.0,73485.2,paper_101/ablation/results/50509.out,50509
p5_logp_mofe_last_selected_kan_conloss,72,0.000017,0.1776,logged_terminal_batch_composite_loss,974.0,74459.1,paper_101/ablation/results/50509.out,50509
p5_logp_mofe_last_selected_kan_conloss,73,0.000017,0.1823,logged_terminal_batch_composite_loss,976.6,75435.7,paper_101/ablation/results/50509.out,50509
p5_logp_mofe_last_selected_kan_conloss,74,0.000016,0.1950,logged_terminal_batch_composite_loss,976.0,76411.7,paper_101/ablation/results/50509.out,50509
p5_logp_mofe_last_selected_kan_conloss,75,0.000016,0.1581,logged_terminal_batch_composite_loss,977.8,77389.4,paper_101/ablation/results/50509.out,50509
p5_logp_mofe_last_selected_kan_conloss,76,0.000016,0.1850,logged_terminal_batch_composite_loss,976.1,78365.6,paper_101/ablation/results/50509.out,50509
p5_logp_mofe_last_selected_kan_conloss,77,0.000016,0.1733,logged_terminal_batch_composite_loss,986.9,79352.5,paper_101/ablation/results/50509.out,50509
p5_logp_mofe_last_selected_kan_conloss,78,0.000016,0.1773,logged_terminal_batch_composite_loss,1069.7,80422.2,paper_101/ablation/results/50509.out,50509
p5_logp_mofe_last_selected_kan_conloss,79,0.000016,0.1640,logged_terminal_batch_composite_loss,1072.7,81494.9,paper_101/ablation/results/50509.out,50509
p5_logp_mofe_last_selected_kan_conloss,80,0.000016,0.1853,logged_terminal_batch_composite_loss,1095.4,82590.3,paper_101/ablation/results/50509.out,50509
p5_logp_mofe_last_selected_kan_conloss,81,0.000016,0.1830,logged_terminal_batch_composite_loss,1093.3,83683.6,paper_101/ablation/results/50509.out,50509
p5_logp_mofe_last_selected_kan_conloss,82,0.000016,0.1881,logged_terminal_batch_composite_loss,1090.9,84774.5,paper_101/ablation/results/50509.out,50509
p5_logp_mofe_last_selected_kan_conloss,83,0.000016,0.2071,logged_terminal_batch_composite_loss,1069.8,85844.3,paper_101/ablation/results/50509.out,50509
p5_logp_mofe_last_selected_kan_conloss,84,0.000015,0.2117,logged_terminal_batch_composite_loss,1076.1,86920.4,paper_101/ablation/results/50509.out,50509
p5_logp_mofe_last_selected_kan_conloss,85,0.000015,0.1901,logged_terminal_batch_composite_loss,1074.1,87994.5,paper_101/ablation/results/50509.out,50509
p5_logp_mofe_last_selected_kan_conloss,86,0.000015,0.1838,logged_terminal_batch_composite_loss,1094.7,89089.2,paper_101/ablation/results/50509.out,50509
p5_logp_mofe_last_selected_kan_conloss,87,0.000015,0.1734,logged_terminal_batch_composite_loss,1093.9,90183.1,paper_101/ablation/results/50509.out,50509
p5_logp_mofe_last_selected_kan_conloss,88,0.000015,0.1917,logged_terminal_batch_composite_loss,1088.9,91272.0,paper_101/ablation/results/50509.out,50509
p5_logp_mofe_last_selected_kan_conloss,89,0.000015,0.1639,logged_terminal_batch_composite_loss,1051.8,92323.9,paper_101/ablation/results/50509.out,50509
p5_logp_mofe_last_selected_kan_conloss,90,0.000015,0.1838,logged_terminal_batch_composite_loss,1073.6,93397.5,paper_101/ablation/results/50509.out,50509
p5_logp_mofe_last_selected_kan_conloss,91,0.000015,0.1709,logged_terminal_batch_composite_loss,1081.8,94479.3,paper_101/ablation/results/50509.out,50509
p5_logp_mofe_last_selected_kan_conloss,92,0.000015,0.1755,logged_terminal_batch_composite_loss,1071.4,95550.6,paper_101/ablation/results/50509.out,50509
p5_logp_mofe_last_selected_kan_conloss,93,0.000015,0.1902,logged_terminal_batch_composite_loss,1071.8,96622.4,paper_101/ablation/results/50509.out,50509
p5_logp_mofe_last_selected_kan_conloss,94,0.000015,0.1847,logged_terminal_batch_composite_loss,1074.1,97696.5,paper_101/ablation/results/50509.out,50509
p5_logp_mofe_last_selected_kan_conloss,95,0.000015,0.1742,logged_terminal_batch_composite_loss,1082.7,98779.2,paper_101/ablation/results/50509.out,50509
p5_logp_mofe_last_selected_kan_conloss,96,0.000014,0.1831,logged_terminal_batch_composite_loss,1038.8,99818.1,paper_101/ablation/results/50509.out,50509
p5_logp_mofe_last_selected_kan_conloss,97,0.000014,0.1643,logged_terminal_batch_composite_loss,1047.1,100865.2,paper_101/ablation/results/50509.out,50509
p5_logp_mofe_last_selected_kan_conloss,98,0.000014,0.1935,logged_terminal_batch_composite_loss,1034.8,101900.0,paper_101/ablation/results/50509.out,50509
p5_logp_mofe_last_selected_kan_conloss,99,0.000014,0.1648,logged_terminal_batch_composite_loss,997.8,102897.7,paper_101/ablation/results/50509.out,50509
p5_logp_mofe_last_selected_kan_conloss,100,0.000014,0.1816,logged_terminal_batch_composite_loss,1000.1,103897.9,paper_101/ablation/results/50509.out,50509
p5_logp_mofe_last_selected_kan_conloss,101,0.000014,0.1780,logged_terminal_batch_composite_loss,1001.7,104899.7,paper_101/ablation/results/50509.out,50509
p5_logp_mofe_last_selected_kan_conloss,102,0.000014,0.1568,logged_terminal_batch_composite_loss,1000.6,105900.3,paper_101/ablation/results/50509.out,50509
p5_logp_mofe_last_selected_kan_conloss,103,0.000014,0.1687,logged_terminal_batch_composite_loss,1008.4,106908.8,paper_101/ablation/results/50509.out,50509
p5_logp_mofe_last_selected_kan_conloss,104,0.000014,0.1677,logged_terminal_batch_composite_loss,1010.5,107919.3,paper_101/ablation/results/50509.out,50509
p5_logp_mofe_last_selected_kan_conloss,105,0.000014,0.1653,logged_terminal_batch_composite_loss,1029.8,108949.1,paper_101/ablation/results/50509.out,50509
p5_logp_mofe_last_selected_kan_conloss,106,0.000014,0.1789,logged_terminal_batch_composite_loss,1003.9,109953.0,paper_101/ablation/results/50509.out,50509
p5_logp_mofe_last_selected_kan_conloss,107,0.000014,0.1617,logged_terminal_batch_composite_loss,1005.0,110958.1,paper_101/ablation/results/50509.out,50509
p5_logp_mofe_last_selected_kan_conloss,108,0.000014,0.1536,logged_terminal_batch_composite_loss,1002.7,111960.8,paper_101/ablation/results/50509.out,50509
p5_logp_mofe_last_selected_kan_conloss,109,0.000014,0.1713,logged_terminal_batch_composite_loss,1016.9,112977.8,paper_101/ablation/results/50509.out,50509
p5_logp_mofe_last_selected_kan_conloss,110,0.000013,0.1836,logged_terminal_batch_composite_loss,1026.5,114004.3,paper_101/ablation/results/50509.out,50509
p5_logp_mofe_last_selected_kan_conloss,111,0.000013,0.1552,logged_terminal_batch_composite_loss,1025.2,115029.5,paper_101/ablation/results/50509.out,50509
p5_logp_mofe_last_selected_kan_conloss,112,0.000013,0.1554,logged_terminal_batch_composite_loss,1022.7,116052.2,paper_101/ablation/results/50509.out,50509
p5_logp_mofe_last_selected_kan_conloss,113,0.000013,0.1979,logged_terminal_batch_composite_loss,1058.9,117111.1,paper_101/ablation/results/50509.out,50509
p5_logp_mofe_last_selected_kan_conloss,114,0.000013,0.1725,logged_terminal_batch_composite_loss,1036.4,118147.4,paper_101/ablation/results/50509.out,50509
p5_logp_mofe_last_selected_kan_conloss,115,0.000013,0.1651,logged_terminal_batch_composite_loss,1069.0,119216.4,paper_101/ablation/results/50509.out,50509
p5_logp_mofe_last_selected_kan_conloss,116,0.000013,0.1876,logged_terminal_batch_composite_loss,1064.6,120281.0,paper_101/ablation/results/50509.out,50509
p5_logp_mofe_last_selected_kan_conloss,117,0.000013,0.1525,logged_terminal_batch_composite_loss,1028.4,121309.4,paper_101/ablation/results/50509.out,50509
p5_logp_mofe_last_selected_kan_conloss,118,0.000013,0.1792,logged_terminal_batch_composite_loss,1027.2,122336.7,paper_101/ablation/results/50509.out,50509
p5_logp_mofe_last_selected_kan_conloss,119,0.000013,0.1574,logged_terminal_batch_composite_loss,1033.6,123370.3,paper_101/ablation/results/50509.out,50509
p5_logp_mofe_last_selected_kan_conloss,120,0.000013,0.1746,logged_terminal_batch_composite_loss,1065.1,124435.4,paper_101/ablation/results/50509.out,50509
p5_logp_mofe_last_selected_kan_conloss,121,0.000013,0.1545,logged_terminal_batch_composite_loss,1049.7,125485.2,paper_101/ablation/results/50509.out,50509
p5_logp_mofe_last_selected_kan_conloss,122,0.000013,0.1703,logged_terminal_batch_composite_loss,1048.1,126533.3,paper_101/ablation/results/50509.out,50509
p5_logp_mofe_last_selected_kan_conloss,123,0.000013,0.1615,logged_terminal_batch_composite_loss,1030.5,127563.8,paper_101/ablation/results/50509.out,50509
p5_logp_mofe_last_selected_kan_conloss,124,0.000013,0.1576,logged_terminal_batch_composite_loss,1032.1,128595.9,paper_101/ablation/results/50509.out,50509
p5_logp_mofe_last_selected_kan_conloss,125,0.000013,0.1578,logged_terminal_batch_composite_loss,1053.9,129649.8,paper_101/ablation/results/50509.out,50509
p5_logp_mofe_last_selected_kan_conloss,126,0.000013,0.2024,logged_terminal_batch_composite_loss,1024.8,130674.6,paper_101/ablation/results/50509.out,50509
p5_logp_mofe_last_selected_kan_conloss,127,0.000013,0.2032,logged_terminal_batch_composite_loss,1026.3,131700.9,paper_101/ablation/results/50509.out,50509
p5_logp_mofe_last_selected_kan_conloss,128,0.000013,0.1830,logged_terminal_batch_composite_loss,1025.4,132726.3,paper_101/ablation/results/50509.out,50509
p5_logp_mofe_last_selected_kan_conloss,129,0.000012,0.1723,logged_terminal_batch_composite_loss,1018.2,133744.5,paper_101/ablation/results/50509.out,50509
p5_logp_mofe_last_selected_kan_conloss,130,0.000012,0.1928,logged_terminal_batch_composite_loss,1019.8,134764.3,paper_101/ablation/results/50509.out,50509
p5_logp_mofe_last_selected_kan_conloss,131,0.000012,0.1692,logged_terminal_batch_composite_loss,1014.4,135778.7,paper_101/ablation/results/50509.out,50509
p5_logp_mofe_last_selected_kan_conloss,132,0.000012,0.1661,logged_terminal_batch_composite_loss,1006.9,136785.6,paper_101/ablation/results/50509.out,50509
p5_logp_mofe_last_selected_kan_conloss,133,0.000012,0.1650,logged_terminal_batch_composite_loss,1006.4,137792.0,paper_101/ablation/results/50509.out,50509
p5_logp_mofe_last_selected_kan_conloss,134,0.000012,0.1747,logged_terminal_batch_composite_loss,1008.3,138800.3,paper_101/ablation/results/50509.out,50509
p5_logp_mofe_last_selected_kan_conloss,135,0.000012,0.1617,logged_terminal_batch_composite_loss,1007.2,139807.5,paper_101/ablation/results/50509.out,50509
p5_logp_mofe_last_selected_kan_conloss,136,0.000012,0.1546,logged_terminal_batch_composite_loss,1006.3,140813.8,paper_101/ablation/results/50509.out,50509
p5_logp_mofe_last_selected_kan_conloss,137,0.000012,0.1679,logged_terminal_batch_composite_loss,1005.4,141819.2,paper_101/ablation/results/50509.out,50509
p5_logp_mofe_last_selected_kan_conloss,138,0.000012,0.1655,logged_terminal_batch_composite_loss,1005.2,142824.3,paper_101/ablation/results/50509.out,50509
p5_logp_mofe_last_selected_kan_conloss,139,0.000012,0.1690,logged_terminal_batch_composite_loss,1006.7,143831.1,paper_101/ablation/results/50509.out,50509
p5_logp_mofe_last_selected_kan_conloss,140,0.000012,0.1554,logged_terminal_batch_composite_loss,1004.8,144835.9,paper_101/ablation/results/50509.out,50509
p5_logp_mofe_last_selected_kan_conloss,141,0.000012,0.1760,logged_terminal_batch_composite_loss,1007.6,145843.4,paper_101/ablation/results/50509.out,50509
p5_logp_mofe_last_selected_kan_conloss,142,0.000012,0.2144,logged_terminal_batch_composite_loss,1001.6,146845.0,paper_101/ablation/results/50509.out,50509
p5_logp_mofe_last_selected_kan_conloss,143,0.000012,0.1630,logged_terminal_batch_composite_loss,991.7,147836.7,paper_101/ablation/results/50509.out,50509
p5_logp_mofe_last_selected_kan_conloss,144,0.000012,0.2275,logged_terminal_batch_composite_loss,998.2,148834.9,paper_101/ablation/results/50509.out,50509
p5_logp_mofe_last_selected_kan_conloss,145,0.000012,0.1725,logged_terminal_batch_composite_loss,989.3,149824.2,paper_101/ablation/results/50509.out,50509
p5_logp_mofe_last_selected_kan_conloss,146,0.000012,0.1625,logged_terminal_batch_composite_loss,989.7,150813.9,paper_101/ablation/results/50509.out,50509
p5_logp_mofe_last_selected_kan_conloss,147,0.000012,0.1846,logged_terminal_batch_composite_loss,991.0,151804.8,paper_101/ablation/results/50509.out,50509
p5_logp_mofe_last_selected_kan_conloss,148,0.000012,0.1931,logged_terminal_batch_composite_loss,985.9,152790.7,paper_101/ablation/results/50509.out,50509
p5_logp_mofe_last_selected_kan_conloss,149,0.000012,0.1716,logged_terminal_batch_composite_loss,983.6,153774.3,paper_101/ablation/results/50509.out,50509
p5_logp_mofe_last_selected_kan_conloss,150,0.000012,0.1618,logged_terminal_batch_composite_loss,984.9,154759.3,paper_101/ablation/results/50509.out,50509
p5_logp_mofe_last_selected_kan_conloss,151,0.000012,0.1649,logged_terminal_batch_composite_loss,983.9,155743.3,paper_101/ablation/results/50509.out,50509
p5_logp_mofe_last_selected_kan_conloss,152,0.000011,0.1642,logged_terminal_batch_composite_loss,990.2,156733.4,paper_101/ablation/results/50509.out,50509
p5_logp_mofe_last_selected_kan_conloss,153,0.000011,0.1723,logged_terminal_batch_composite_loss,987.8,157721.2,paper_101/ablation/results/50509.out,50509
p5_logp_mofe_last_selected_kan_conloss,154,0.000011,0.1690,logged_terminal_batch_composite_loss,988.1,158709.3,paper_101/ablation/results/50509.out,50509
p5_logp_mofe_last_selected_kan_conloss,155,0.000011,0.1601,logged_terminal_batch_composite_loss,984.1,159693.5,paper_101/ablation/results/50509.out,50509
p5_logp_mofe_last_selected_kan_conloss,156,0.000011,0.1869,logged_terminal_batch_composite_loss,986.7,160680.2,paper_101/ablation/results/50509.out,50509
p5_logp_mofe_last_selected_kan_conloss,157,0.000011,0.1661,logged_terminal_batch_composite_loss,985.5,161665.7,paper_101/ablation/results/50509.out,50509
p5_logp_mofe_last_selected_kan_conloss,158,0.000011,0.1735,logged_terminal_batch_composite_loss,991.7,162657.3,paper_101/ablation/results/50509.out,50509
p5_logp_mofe_last_selected_kan_conloss,159,0.000011,0.1583,logged_terminal_batch_composite_loss,995.3,163652.6,paper_101/ablation/results/50509.out,50509
p5_logp_mofe_last_selected_kan_conloss,160,0.000011,0.1694,logged_terminal_batch_composite_loss,994.4,164647.1,paper_101/ablation/results/50509.out,50509
p5_logp_mofe_last_selected_kan_conloss,161,0.000011,0.1850,logged_terminal_batch_composite_loss,989.6,165636.7,paper_101/ablation/results/50509.out,50509
p5_logp_mofe_last_selected_kan_conloss,162,0.000011,0.1954,logged_terminal_batch_composite_loss,991.4,166628.1,paper_101/ablation/results/50509.out,50509
p5_logp_mofe_last_selected_kan_conloss,163,0.000011,0.1692,logged_terminal_batch_composite_loss,992.2,167620.3,paper_101/ablation/results/50509.out,50509
p5_logp_mofe_last_selected_kan_conloss,164,0.000011,0.1623,logged_terminal_batch_composite_loss,987.5,168607.8,paper_101/ablation/results/50509.out,50509
p5_logp_mofe_last_selected_kan_conloss,165,0.000011,0.1630,logged_terminal_batch_composite_loss,988.4,169596.2,paper_101/ablation/results/50509.out,50509
p5_logp_mofe_last_selected_kan_conloss,166,0.000011,0.1912,logged_terminal_batch_composite_loss,985.2,170581.4,paper_101/ablation/results/50509.out,50509
p5_logp_mofe_last_selected_kan_conloss,167,0.000011,0.1760,logged_terminal_batch_composite_loss,983.6,171565.1,paper_101/ablation/results/50509.out,50509
p5_logp_mofe_last_selected_kan_conloss,168,0.000011,0.1604,logged_terminal_batch_composite_loss,1013.0,172578.0,paper_101/ablation/results/50509.out,50509
p5_logp_mofe_last_selected_kan_conloss,169,0.000011,0.1765,logged_terminal_batch_composite_loss,1001.0,173579.0,paper_101/ablation/results/50509.out,50509
p5_logp_mofe_last_selected_kan_conloss,170,0.000011,0.1585,logged_terminal_batch_composite_loss,1038.5,174617.5,paper_101/ablation/results/50509.out,50509
p5_logp_mofe_last_selected_kan_conloss,171,0.000011,0.1644,logged_terminal_batch_composite_loss,1031.0,175648.5,paper_101/ablation/results/50509.out,50509
p5_logp_mofe_last_selected_kan_conloss,172,0.000011,0.1611,logged_terminal_batch_composite_loss,1075.1,176723.5,paper_101/ablation/results/50509.out,50509
p5_logp_mofe_last_selected_kan_conloss,173,0.000011,0.1632,logged_terminal_batch_composite_loss,1004.3,177727.8,paper_101/ablation/results/50509.out,50509
p5_logp_mofe_last_selected_kan_conloss,174,0.000011,0.1616,logged_terminal_batch_composite_loss,1062.3,178790.2,paper_101/ablation/results/50509.out,50509
p5_logp_mofe_last_selected_kan_conloss,175,0.000011,0.1773,logged_terminal_batch_composite_loss,986.1,179776.3,paper_101/ablation/results/50509.out,50509
p5_logp_mofe_last_selected_kan_conloss,176,0.000011,0.1599,logged_terminal_batch_composite_loss,1043.0,180819.3,paper_101/ablation/results/50509.out,50509
p5_logp_mofe_last_selected_kan_conloss,177,0.000011,0.1583,logged_terminal_batch_composite_loss,1074.1,181893.4,paper_101/ablation/results/50509.out,50509
p5_logp_mofe_last_selected_kan_conloss,178,0.000011,0.1642,logged_terminal_batch_composite_loss,1076.1,182969.5,paper_101/ablation/results/50509.out,50509
p5_logp_mofe_last_selected_kan_conloss,179,0.000011,0.1720,logged_terminal_batch_composite_loss,1040.6,184010.0,paper_101/ablation/results/50509.out,50509
p5_logp_mofe_last_selected_kan_conloss,180,0.000011,0.1546,logged_terminal_batch_composite_loss,976.9,184986.9,paper_101/ablation/results/50509.out,50509
p5_logp_mofe_last_selected_kan_conloss,181,0.000011,0.1736,logged_terminal_batch_composite_loss,973.1,185960.0,paper_101/ablation/results/50509.out,50509
p5_logp_mofe_last_selected_kan_conloss,182,0.000010,0.1667,logged_terminal_batch_composite_loss,974.0,186934.0,paper_101/ablation/results/50509.out,50509
p5_logp_mofe_last_selected_kan_conloss,183,0.000010,0.1543,logged_terminal_batch_composite_loss,973.2,187907.2,paper_101/ablation/results/50509.out,50509
p5_logp_mofe_last_selected_kan_conloss,184,0.000010,0.1642,logged_terminal_batch_composite_loss,974.1,188881.3,paper_101/ablation/results/50509.out,50509
p5_logp_mofe_last_selected_kan_conloss,185,0.000010,0.1594,logged_terminal_batch_composite_loss,972.9,189854.3,paper_101/ablation/results/50509.out,50509
p5_logp_mofe_last_selected_kan_conloss,186,0.000010,0.1619,logged_terminal_batch_composite_loss,973.0,190827.3,paper_101/ablation/results/50509.out,50509
p5_logp_mofe_last_selected_kan_conloss,187,0.000010,0.1708,logged_terminal_batch_composite_loss,972.5,191799.8,paper_101/ablation/results/50509.out,50509
p5_logp_mofe_last_selected_kan_conloss,188,0.000010,0.1593,logged_terminal_batch_composite_loss,972.5,192772.3,paper_101/ablation/results/50509.out,50509
p5_logp_mofe_last_selected_kan_conloss,189,0.000010,0.1596,logged_terminal_batch_composite_loss,972.4,193744.7,paper_101/ablation/results/50509.out,50509
p5_logp_mofe_last_selected_kan_conloss,190,0.000010,0.1640,logged_terminal_batch_composite_loss,972.7,194717.4,paper_101/ablation/results/50509.out,50509
p5_logp_mofe_last_selected_kan_conloss,191,0.000010,0.1591,logged_terminal_batch_composite_loss,977.3,195694.7,paper_101/ablation/results/50509.out,50509
p5_logp_mofe_last_selected_kan_conloss,192,0.000010,0.1523,logged_terminal_batch_composite_loss,985.4,196680.0,paper_101/ablation/results/50509.out,50509
p5_logp_mofe_last_selected_kan_conloss,193,0.000010,0.1729,logged_terminal_batch_composite_loss,1014.1,197694.2,paper_101/ablation/results/50509.out,50509
p5_logp_mofe_last_selected_kan_conloss,194,0.000010,0.1828,logged_terminal_batch_composite_loss,1006.2,198700.4,paper_101/ablation/results/50509.out,50509
p5_logp_mofe_last_selected_kan_conloss,195,0.000010,0.2146,logged_terminal_batch_composite_loss,999.2,199699.6,paper_101/ablation/results/50509.out,50509
p5_logp_mofe_last_selected_kan_conloss,196,0.000010,0.1617,logged_terminal_batch_composite_loss,1001.4,200701.0,paper_101/ablation/results/50509.out,50509
p5_logp_mofe_last_selected_kan_conloss,197,0.000010,0.1752,logged_terminal_batch_composite_loss,1013.4,201714.5,paper_101/ablation/results/50509.out,50509
p5_logp_mofe_last_selected_kan_conloss,198,0.000010,0.1601,logged_terminal_batch_composite_loss,1006.7,202721.1,paper_101/ablation/results/50509.out,50509
p5_logp_mofe_last_selected_kan_conloss,199,0.000010,0.1659,logged_terminal_batch_composite_loss,1003.5,203724.6,paper_101/ablation/results/50509.out,50509
p5_logp_mofe_last_selected_kan_conloss,200,0.000010,0.1624,logged_terminal_batch_composite_loss,1000.1,204724.7,paper_101/ablation/results/50509.out,50509
p5_logp_mofe_last_selected_kan_conloss,201,0.000010,0.1812,logged_terminal_batch_composite_loss,1013.5,205738.3,paper_101/ablation/results/50509.out,50509
p5_logp_mofe_last_selected_kan_conloss,202,0.000010,0.1766,logged_terminal_batch_composite_loss,1000.1,206738.4,paper_101/ablation/results/50509.out,50509
p5_logp_mofe_last_selected_kan_conloss,203,0.000010,0.1542,logged_terminal_batch_composite_loss,1000.8,207739.1,paper_101/ablation/results/50509.out,50509
p5_logp_mofe_last_selected_kan_conloss,204,0.000010,0.1626,logged_terminal_batch_composite_loss,999.9,208739.1,paper_101/ablation/results/50509.out,50509
p5_logp_mofe_last_selected_kan_conloss,205,0.000010,0.1777,logged_terminal_batch_composite_loss,999.4,209738.5,paper_101/ablation/results/50509.out,50509
p5_logp_mofe_last_selected_kan_conloss,206,0.000010,0.1553,logged_terminal_batch_composite_loss,999.6,210738.0,paper_101/ablation/results/50509.out,50509
p5_logp_mofe_last_selected_kan_conloss,207,0.000010,0.1627,logged_terminal_batch_composite_loss,999.2,211737.3,paper_101/ablation/results/50509.out,50509
p5_logp_mofe_last_selected_kan_conloss,208,0.000010,0.2035,logged_terminal_batch_composite_loss,999.8,212737.1,paper_101/ablation/results/50509.out,50509
p5_logp_mofe_last_selected_kan_conloss,209,0.000010,0.1597,logged_terminal_batch_composite_loss,1007.7,213744.8,paper_101/ablation/results/50509.out,50509
p5_logp_mofe_last_selected_kan_conloss,210,0.000010,0.1584,logged_terminal_batch_composite_loss,1009.0,214753.8,paper_101/ablation/results/50509.out,50509
p5_logp_mofe_last_selected_kan_conloss,211,0.000010,0.1671,logged_terminal_batch_composite_loss,1007.6,215761.4,paper_101/ablation/results/50509.out,50509
p5_logp_mofe_last_selected_kan_conloss,212,0.000010,0.1573,logged_terminal_batch_composite_loss,1007.8,216769.2,paper_101/ablation/results/50509.out,50509
p5_logp_mofe_last_selected_kan_conloss,213,0.000010,0.1600,logged_terminal_batch_composite_loss,1007.8,217777.0,paper_101/ablation/results/50509.out,50509
p5_logp_mofe_last_selected_kan_conloss,214,0.000010,0.1588,logged_terminal_batch_composite_loss,1008.2,218785.2,paper_101/ablation/results/50509.out,50509
p5_logp_mofe_last_selected_kan_conloss,215,0.000010,0.1914,logged_terminal_batch_composite_loss,1008.6,219793.8,paper_101/ablation/results/50509.out,50509
p5_logp_mofe_last_selected_kan_conloss,216,0.000010,0.1490,logged_terminal_batch_composite_loss,1007.0,220800.9,paper_101/ablation/results/50509.out,50509
p5_logp_mofe_last_selected_kan_conloss,217,0.000010,0.1818,logged_terminal_batch_composite_loss,1002.1,221803.1,paper_101/ablation/results/50509.out,50509
p5_logp_mofe_last_selected_kan_conloss,218,0.000010,0.1612,logged_terminal_batch_composite_loss,999.6,222802.7,paper_101/ablation/results/50509.out,50509
p5_logp_mofe_last_selected_kan_conloss,219,0.000010,0.1840,logged_terminal_batch_composite_loss,1000.5,223803.2,paper_101/ablation/results/50509.out,50509
p5_logp_mofe_last_selected_kan_conloss,220,0.000010,0.1631,logged_terminal_batch_composite_loss,1000.9,224804.1,paper_101/ablation/results/50509.out,50509
p5_logp_mofe_last_selected_kan_conloss,221,0.000010,0.1677,logged_terminal_batch_composite_loss,1000.2,225804.3,paper_101/ablation/results/50509.out,50509
p5_logp_mofe_last_selected_kan_conloss,222,0.000009,0.1522,logged_terminal_batch_composite_loss,1000.2,226804.5,paper_101/ablation/results/50509.out,50509
p5_logp_mofe_last_selected_kan_conloss,223,0.000009,0.1770,logged_terminal_batch_composite_loss,999.0,227803.5,paper_101/ablation/results/50509.out,50509
p5_logp_mofe_last_selected_kan_conloss,224,0.000009,0.1756,logged_terminal_batch_composite_loss,999.3,228802.8,paper_101/ablation/results/50509.out,50509
p5_logp_mofe_last_selected_kan_conloss,225,0.000009,0.1508,logged_terminal_batch_composite_loss,998.5,229801.3,paper_101/ablation/results/50509.out,50509
p5_logp_mofe_last_selected_kan_conloss,226,0.000009,0.1738,logged_terminal_batch_composite_loss,1000.4,230801.6,paper_101/ablation/results/50509.out,50509
p5_logp_mofe_last_selected_kan_conloss,227,0.000009,0.1900,logged_terminal_batch_composite_loss,999.8,231801.5,paper_101/ablation/results/50509.out,50509
p5_logp_mofe_last_selected_kan_conloss,228,0.000009,0.1580,logged_terminal_batch_composite_loss,976.6,232778.0,paper_101/ablation/results/50509.out,50509
p5_logp_mofe_last_selected_kan_conloss,229,0.000009,0.1599,logged_terminal_batch_composite_loss,973.0,233751.1,paper_101/ablation/results/50509.out,50509
p5_logp_mofe_last_selected_kan_conloss,230,0.000009,0.1764,logged_terminal_batch_composite_loss,971.7,234722.8,paper_101/ablation/results/50509.out,50509
p5_logp_mofe_last_selected_kan_conloss,231,0.000009,0.1548,logged_terminal_batch_composite_loss,972.6,235695.4,paper_101/ablation/results/50509.out,50509
p5_logp_mofe_last_selected_kan_conloss,232,0.000009,0.1610,logged_terminal_batch_composite_loss,971.2,236666.6,paper_101/ablation/results/50509.out,50509
p5_logp_mofe_last_selected_kan_conloss,233,0.000009,0.1559,logged_terminal_batch_composite_loss,971.6,237638.2,paper_101/ablation/results/50509.out,50509
p5_logp_mofe_last_selected_kan_conloss,234,0.000009,0.1693,logged_terminal_batch_composite_loss,990.9,238629.1,paper_101/ablation/results/50509.out,50509
p5_logp_mofe_last_selected_kan_conloss,235,0.000009,0.1793,logged_terminal_batch_composite_loss,999.1,239628.2,paper_101/ablation/results/50509.out,50509
p5_logp_mofe_last_selected_kan_conloss,236,0.000009,0.1634,logged_terminal_batch_composite_loss,1005.5,240633.7,paper_101/ablation/results/50509.out,50509
p5_logp_mofe_last_selected_kan_conloss,237,0.000009,0.1693,logged_terminal_batch_composite_loss,1033.3,241667.0,paper_101/ablation/results/50509.out,50509
p5_logp_mofe_last_selected_kan_conloss,238,0.000009,0.1669,logged_terminal_batch_composite_loss,1010.1,242677.1,paper_101/ablation/results/50509.out,50509
p5_logp_mofe_last_selected_kan_conloss,239,0.000009,0.1568,logged_terminal_batch_composite_loss,973.1,243650.2,paper_101/ablation/results/50509.out,50509
p5_logp_mofe_last_selected_kan_conloss,240,0.000009,0.1613,logged_terminal_batch_composite_loss,973.5,244623.7,paper_101/ablation/results/50509.out,50509
p5_logp_mofe_last_selected_kan_conloss,241,0.000009,0.1680,logged_terminal_batch_composite_loss,973.0,245596.7,paper_101/ablation/results/50509.out,50509
p5_logp_mofe_last_selected_kan_conloss,242,0.000009,0.1648,logged_terminal_batch_composite_loss,971.8,246568.5,paper_101/ablation/results/50509.out,50509
p5_logp_mofe_last_selected_kan_conloss,243,0.000009,0.1882,logged_terminal_batch_composite_loss,972.3,247540.8,paper_101/ablation/results/50509.out,50509
p5_logp_mofe_last_selected_kan_conloss,244,0.000009,0.1760,logged_terminal_batch_composite_loss,972.9,248513.6,paper_101/ablation/results/50509.out,50509
p5_logp_mofe_last_selected_kan_conloss,245,0.000009,0.1529,logged_terminal_batch_composite_loss,972.5,249486.1,paper_101/ablation/results/50509.out,50509
p5_logp_mofe_last_selected_kan_conloss,246,0.000009,0.1629,logged_terminal_batch_composite_loss,973.8,250459.9,paper_101/ablation/results/50509.out,50509
p5_logp_mofe_last_selected_kan_conloss,247,0.000009,0.1896,logged_terminal_batch_composite_loss,972.4,251432.3,paper_101/ablation/results/50509.out,50509
p5_logp_mofe_last_selected_kan_conloss,248,0.000009,0.1558,logged_terminal_batch_composite_loss,1014.7,252447.0,paper_101/ablation/results/50509.out,50509
p5_logp_mofe_last_selected_kan_conloss,249,0.000009,0.1626,logged_terminal_batch_composite_loss,1034.3,253481.3,paper_101/ablation/results/50509.out,50509
p5_logp_mofe_last_selected_kan_conloss,250,0.000009,0.1625,logged_terminal_batch_composite_loss,1002.8,254484.1,paper_101/ablation/results/50509.out,50509
p5_logp_mofe_last_selected_kan_conloss,251,0.000009,0.1561,logged_terminal_batch_composite_loss,974.1,255458.3,paper_101/ablation/results/50509.out,50509
p5_logp_mofe_last_selected_kan_conloss,252,0.000009,0.1611,logged_terminal_batch_composite_loss,972.6,256430.9,paper_101/ablation/results/50509.out,50509
p5_logp_mofe_last_selected_kan_conloss,253,0.000009,0.1585,logged_terminal_batch_composite_loss,974.1,257405.0,paper_101/ablation/results/50509.out,50509
p5_logp_mofe_last_selected_kan_conloss,254,0.000009,0.1597,logged_terminal_batch_composite_loss,971.8,258376.8,paper_101/ablation/results/50509.out,50509
p5_logp_mofe_last_selected_kan_conloss,255,0.000009,0.1614,logged_terminal_batch_composite_loss,972.4,259349.2,paper_101/ablation/results/50509.out,50509
p5_logp_mofe_last_selected_kan_conloss,256,0.000009,0.1595,logged_terminal_batch_composite_loss,1016.4,260365.6,paper_101/ablation/results/50509.out,50509
p5_logp_mofe_last_selected_kan_conloss,257,0.000009,0.1674,logged_terminal_batch_composite_loss,966.6,261332.1,paper_101/ablation/results/50509.out,50509
p5_logp_mofe_last_selected_kan_conloss,258,0.000009,0.1768,logged_terminal_batch_composite_loss,973.4,262305.6,paper_101/ablation/results/50509.out,50509
p5_logp_mofe_last_selected_kan_conloss,259,0.000009,0.1564,logged_terminal_batch_composite_loss,973.0,263278.6,paper_101/ablation/results/50509.out,50509
p5_logp_mofe_last_selected_kan_conloss,260,0.000009,0.1645,logged_terminal_batch_composite_loss,1003.7,264282.3,paper_101/ablation/results/50509.out,50509
p5_logp_mofe_last_selected_kan_conloss,261,0.000009,0.1830,logged_terminal_batch_composite_loss,1053.0,265335.3,paper_101/ablation/results/50509.out,50509
p5_logp_mofe_last_selected_kan_conloss,262,0.000009,0.1712,logged_terminal_batch_composite_loss,1072.9,266408.2,paper_101/ablation/results/50509.out,50509
p5_logp_mofe_last_selected_kan_conloss,263,0.000009,0.1601,logged_terminal_batch_composite_loss,1029.4,267437.7,paper_101/ablation/results/50509.out,50509
p5_logp_mofe_last_selected_kan_conloss,264,0.000009,0.1704,logged_terminal_batch_composite_loss,1018.2,268455.9,paper_101/ablation/results/50509.out,50509
p5_logp_mofe_last_selected_kan_conloss,265,0.000009,0.1602,logged_terminal_batch_composite_loss,1006.2,269462.1,paper_101/ablation/results/50509.out,50509
p5_logp_mofe_last_selected_kan_conloss,266,0.000009,0.1773,logged_terminal_batch_composite_loss,1016.2,270478.3,paper_101/ablation/results/50509.out,50509
p5_logp_mofe_last_selected_kan_conloss,267,0.000009,0.1528,logged_terminal_batch_composite_loss,1005.1,271483.4,paper_101/ablation/results/50509.out,50509
p5_logp_mofe_last_selected_kan_conloss,268,0.000009,0.1745,logged_terminal_batch_composite_loss,1056.7,272540.1,paper_101/ablation/results/50509.out,50509
p5_logp_mofe_last_selected_kan_conloss,269,0.000009,0.1587,logged_terminal_batch_composite_loss,1006.9,273547.0,paper_101/ablation/results/50509.out,50509
p5_logp_mofe_last_selected_kan_conloss,270,0.000009,0.1601,logged_terminal_batch_composite_loss,1012.9,274560.0,paper_101/ablation/results/50509.out,50509
p5_logp_mofe_last_selected_kan_conloss,271,0.000009,0.1613,logged_terminal_batch_composite_loss,1009.0,275569.0,paper_101/ablation/results/50509.out,50509
p5_logp_mofe_last_selected_kan_conloss,272,0.000009,0.1704,logged_terminal_batch_composite_loss,1004.3,276573.3,paper_101/ablation/results/50509.out,50509
p5_logp_mofe_last_selected_kan_conloss,273,0.000009,0.1834,logged_terminal_batch_composite_loss,1016.3,277589.6,paper_101/ablation/results/50509.out,50509
p5_logp_mofe_last_selected_kan_conloss,274,0.000009,0.1737,logged_terminal_batch_composite_loss,1005.4,278595.0,paper_101/ablation/results/50509.out,50509
p5_logp_mofe_last_selected_kan_conloss,275,0.000009,0.1621,logged_terminal_batch_composite_loss,1017.0,279612.0,paper_101/ablation/results/50509.out,50509
p5_logp_mofe_last_selected_kan_conloss,276,0.000009,0.1593,logged_terminal_batch_composite_loss,1004.9,280616.8,paper_101/ablation/results/50509.out,50509
p5_logp_mofe_last_selected_kan_conloss,277,0.000008,0.1794,logged_terminal_batch_composite_loss,1015.8,281632.6,paper_101/ablation/results/50509.out,50509
p5_logp_mofe_last_selected_kan_conloss,278,0.000008,0.1541,logged_terminal_batch_composite_loss,1005.7,282638.4,paper_101/ablation/results/50509.out,50509
p5_logp_mofe_last_selected_kan_conloss,279,0.000008,0.1651,logged_terminal_batch_composite_loss,1015.0,283653.4,paper_101/ablation/results/50509.out,50509
p5_logp_mofe_last_selected_kan_conloss,280,0.000008,0.1675,logged_terminal_batch_composite_loss,1007.1,284660.5,paper_101/ablation/results/50509.out,50509
p5_logp_mofe_last_selected_kan_conloss,281,0.000008,0.1741,logged_terminal_batch_composite_loss,1015.8,285676.3,paper_101/ablation/results/50509.out,50509
p5_logp_mofe_last_selected_kan_conloss,282,0.000008,0.1612,logged_terminal_batch_composite_loss,1006.1,286682.4,paper_101/ablation/results/50509.out,50509
p5_logp_mofe_last_selected_kan_conloss,283,0.000008,0.1552,logged_terminal_batch_composite_loss,1004.0,287686.4,paper_101/ablation/results/50509.out,50509
p5_logp_mofe_last_selected_kan_conloss,284,0.000008,0.1622,logged_terminal_batch_composite_loss,1015.9,288702.3,paper_101/ablation/results/50509.out,50509
p5_logp_mofe_last_selected_kan_conloss,285,0.000008,0.1637,logged_terminal_batch_composite_loss,1008.6,289711.0,paper_101/ablation/results/50509.out,50509
p5_logp_mofe_last_selected_kan_conloss,286,0.000008,0.1830,logged_terminal_batch_composite_loss,1038.0,290749.0,paper_101/ablation/results/50509.out,50509
p5_logp_mofe_last_selected_kan_conloss,287,0.000008,0.1738,logged_terminal_batch_composite_loss,1032.8,291781.8,paper_101/ablation/results/50509.out,50509
p5_logp_mofe_last_selected_kan_conloss,288,0.000008,0.1579,logged_terminal_batch_composite_loss,1036.0,292817.8,paper_101/ablation/results/50509.out,50509
p5_logp_mofe_last_selected_kan_conloss,289,0.000008,0.1663,logged_terminal_batch_composite_loss,1034.0,293851.8,paper_101/ablation/results/50509.out,50509
p5_logp_mofe_last_selected_kan_conloss,290,0.000008,0.1867,logged_terminal_batch_composite_loss,1037.6,294889.4,paper_101/ablation/results/50509.out,50509
p5_logp_mofe_last_selected_kan_conloss,291,0.000008,0.1775,logged_terminal_batch_composite_loss,1026.4,295915.8,paper_101/ablation/results/50509.out,50509
p5_logp_mofe_last_selected_kan_conloss,292,0.000008,0.1568,logged_terminal_batch_composite_loss,1038.6,296954.4,paper_101/ablation/results/50509.out,50509
p5_logp_mofe_last_selected_kan_conloss,293,0.000008,0.1673,logged_terminal_batch_composite_loss,1032.2,297986.6,paper_101/ablation/results/50509.out,50509
p5_logp_mofe_last_selected_kan_conloss,294,0.000008,0.1536,logged_terminal_batch_composite_loss,1035.7,299022.3,paper_101/ablation/results/50509.out,50509
p5_logp_mofe_last_selected_kan_conloss,295,0.000008,0.1546,logged_terminal_batch_composite_loss,1036.0,300058.3,paper_101/ablation/results/50509.out,50509
p5_logp_mofe_last_selected_kan_conloss,296,0.000008,0.1632,logged_terminal_batch_composite_loss,1030.6,301088.9,paper_101/ablation/results/50509.out,50509
p5_logp_mofe_last_selected_kan_conloss,297,0.000008,0.1550,logged_terminal_batch_composite_loss,1037.1,302126.0,paper_101/ablation/results/50509.out,50509
p5_logp_mofe_last_selected_kan_conloss,298,0.000008,0.1573,logged_terminal_batch_composite_loss,1033.0,303159.0,paper_101/ablation/results/50509.out,50509
p5_logp_mofe_last_selected_kan_conloss,299,0.000008,0.1582,logged_terminal_batch_composite_loss,1038.8,304197.8,paper_101/ablation/results/50509.out,50509
p5_logp_mofe_last_selected_kan_conloss,300,0.000008,0.1544,logged_terminal_batch_composite_loss,1032.5,305230.3,paper_101/ablation/results/50509.out,50509
p5_tpsa_mofe_last_selected_kan,1,0.000001,3.6729,logged_terminal_batch_composite_loss,1037.2,1037.2,paper_101/ablation/results/50506.out,50506
p5_tpsa_mofe_last_selected_kan,2,0.000002,2.4253,logged_terminal_batch_composite_loss,1006.1,2043.4,paper_101/ablation/results/50506.out,50506
p5_tpsa_mofe_last_selected_kan,3,0.000003,1.9905,logged_terminal_batch_composite_loss,1008.9,3052.4,paper_101/ablation/results/50506.out,50506
p5_tpsa_mofe_last_selected_kan,4,0.000003,1.7172,logged_terminal_batch_composite_loss,1008.0,4060.5,paper_101/ablation/results/50506.out,50506
p5_tpsa_mofe_last_selected_kan,5,0.000004,1.6781,logged_terminal_batch_composite_loss,1012.0,5072.6,paper_101/ablation/results/50506.out,50506
p5_tpsa_mofe_last_selected_kan,6,0.000005,1.5286,logged_terminal_batch_composite_loss,1009.5,6082.2,paper_101/ablation/results/50506.out,50506
p5_tpsa_mofe_last_selected_kan,7,0.000006,1.2129,logged_terminal_batch_composite_loss,1010.2,7092.5,paper_101/ablation/results/50506.out,50506
p5_tpsa_mofe_last_selected_kan,8,0.000007,1.1054,logged_terminal_batch_composite_loss,1015.5,8108.6,paper_101/ablation/results/50506.out,50506
p5_tpsa_mofe_last_selected_kan,9,0.000008,0.7463,logged_terminal_batch_composite_loss,1011.5,9120.1,paper_101/ablation/results/50506.out,50506
p5_tpsa_mofe_last_selected_kan,10,0.000009,0.6531,logged_terminal_batch_composite_loss,1011.9,10132.5,paper_101/ablation/results/50506.out,50506
p5_tpsa_mofe_last_selected_kan,11,0.000009,0.4443,logged_terminal_batch_composite_loss,1024.1,11157.2,paper_101/ablation/results/50506.out,50506
p5_tpsa_mofe_last_selected_kan,12,0.000010,0.4091,logged_terminal_batch_composite_loss,1029.7,12187.0,paper_101/ablation/results/50506.out,50506
p5_tpsa_mofe_last_selected_kan,13,0.000011,0.3964,logged_terminal_batch_composite_loss,1056.0,13243.2,paper_101/ablation/results/50506.out,50506
p5_tpsa_mofe_last_selected_kan,14,0.000012,0.3922,logged_terminal_batch_composite_loss,1053.4,14296.7,paper_101/ablation/results/50506.out,50506
p5_tpsa_mofe_last_selected_kan,15,0.000013,0.3522,logged_terminal_batch_composite_loss,1049.8,15346.6,paper_101/ablation/results/50506.out,50506
p5_tpsa_mofe_last_selected_kan,16,0.000014,0.2862,logged_terminal_batch_composite_loss,1049.7,16396.4,paper_101/ablation/results/50506.out,50506
p5_tpsa_mofe_last_selected_kan,17,0.000015,0.2737,logged_terminal_batch_composite_loss,1051.4,17447.9,paper_101/ablation/results/50506.out,50506
p5_tpsa_mofe_last_selected_kan,18,0.000015,0.2978,logged_terminal_batch_composite_loss,1050.4,18498.4,paper_101/ablation/results/50506.out,50506
p5_tpsa_mofe_last_selected_kan,19,0.000016,0.3208,logged_terminal_batch_composite_loss,1064.9,19563.2,paper_101/ablation/results/50506.out,50506
p5_tpsa_mofe_last_selected_kan,20,0.000017,0.2044,logged_terminal_batch_composite_loss,1091.0,20654.2,paper_101/ablation/results/50506.out,50506
p5_tpsa_mofe_last_selected_kan,21,0.000018,0.2271,logged_terminal_batch_composite_loss,1091.2,21745.5,paper_101/ablation/results/50506.out,50506
p5_tpsa_mofe_last_selected_kan,22,0.000019,0.1895,logged_terminal_batch_composite_loss,1087.8,22833.2,paper_101/ablation/results/50506.out,50506
p5_tpsa_mofe_last_selected_kan,23,0.000020,0.2262,logged_terminal_batch_composite_loss,1092.4,23925.7,paper_101/ablation/results/50506.out,50506
p5_tpsa_mofe_last_selected_kan,24,0.000021,0.2563,logged_terminal_batch_composite_loss,1091.1,25016.8,paper_101/ablation/results/50506.out,50506
p5_tpsa_mofe_last_selected_kan,25,0.000022,0.1284,logged_terminal_batch_composite_loss,1073.8,26090.6,paper_101/ablation/results/50506.out,50506
p5_tpsa_mofe_last_selected_kan,26,0.000022,0.1481,logged_terminal_batch_composite_loss,1049.5,27140.2,paper_101/ablation/results/50506.out,50506
p5_tpsa_mofe_last_selected_kan,27,0.000023,0.0953,logged_terminal_batch_composite_loss,1057.7,28197.8,paper_101/ablation/results/50506.out,50506
p5_tpsa_mofe_last_selected_kan,28,0.000024,0.1476,logged_terminal_batch_composite_loss,1065.3,29263.3,paper_101/ablation/results/50506.out,50506
p5_tpsa_mofe_last_selected_kan,29,0.000025,0.1185,logged_terminal_batch_composite_loss,1063.6,30326.9,paper_101/ablation/results/50506.out,50506
p5_tpsa_mofe_last_selected_kan,30,0.000026,0.0901,logged_terminal_batch_composite_loss,1061.9,31388.8,paper_101/ablation/results/50506.out,50506
p5_tpsa_mofe_last_selected_kan,31,0.000025,0.1421,logged_terminal_batch_composite_loss,1062.1,32451.0,paper_101/ablation/results/50506.out,50506
p5_tpsa_mofe_last_selected_kan,32,0.000025,0.0842,logged_terminal_batch_composite_loss,1058.5,33509.4,paper_101/ablation/results/50506.out,50506
p5_tpsa_mofe_last_selected_kan,33,0.000025,0.0767,logged_terminal_batch_composite_loss,1060.3,34569.9,paper_101/ablation/results/50506.out,50506
p5_tpsa_mofe_last_selected_kan,34,0.000024,0.0816,logged_terminal_batch_composite_loss,1061.2,35631.2,paper_101/ablation/results/50506.out,50506
p5_tpsa_mofe_last_selected_kan,35,0.000024,0.0903,logged_terminal_batch_composite_loss,1072.3,36703.4,paper_101/ablation/results/50506.out,50506
p5_tpsa_mofe_last_selected_kan,36,0.000024,0.0777,logged_terminal_batch_composite_loss,1060.1,37763.5,paper_101/ablation/results/50506.out,50506
p5_tpsa_mofe_last_selected_kan,37,0.000023,0.0471,logged_terminal_batch_composite_loss,1058.2,38821.7,paper_101/ablation/results/50506.out,50506
p5_tpsa_mofe_last_selected_kan,38,0.000023,0.0447,logged_terminal_batch_composite_loss,1064.1,39885.9,paper_101/ablation/results/50506.out,50506
p5_tpsa_mofe_last_selected_kan,39,0.000023,0.0740,logged_terminal_batch_composite_loss,1064.6,40950.6,paper_101/ablation/results/50506.out,50506
p5_tpsa_mofe_last_selected_kan,40,0.000022,0.0668,logged_terminal_batch_composite_loss,1063.7,42014.2,paper_101/ablation/results/50506.out,50506
p5_tpsa_mofe_last_selected_kan,41,0.000022,0.0734,logged_terminal_batch_composite_loss,1064.8,43079.0,paper_101/ablation/results/50506.out,50506
p5_tpsa_mofe_last_selected_kan,42,0.000022,0.0547,logged_terminal_batch_composite_loss,1067.3,44146.3,paper_101/ablation/results/50506.out,50506
p5_tpsa_mofe_last_selected_kan,43,0.000022,0.0520,logged_terminal_batch_composite_loss,1067.3,45213.5,paper_101/ablation/results/50506.out,50506
p5_tpsa_mofe_last_selected_kan,44,0.000021,0.0468,logged_terminal_batch_composite_loss,1061.9,46275.4,paper_101/ablation/results/50506.out,50506
p5_tpsa_mofe_last_selected_kan,45,0.000021,0.0890,logged_terminal_batch_composite_loss,1050.1,47325.5,paper_101/ablation/results/50506.out,50506
p5_tpsa_mofe_last_selected_kan,46,0.000021,0.0755,logged_terminal_batch_composite_loss,1048.8,48374.3,paper_101/ablation/results/50506.out,50506
p5_tpsa_mofe_last_selected_kan,47,0.000021,0.0586,logged_terminal_batch_composite_loss,1049.5,49423.8,paper_101/ablation/results/50506.out,50506
p5_tpsa_mofe_last_selected_kan,48,0.000020,0.0679,logged_terminal_batch_composite_loss,1051.3,50475.1,paper_101/ablation/results/50506.out,50506
p5_tpsa_mofe_last_selected_kan,49,0.000020,0.0381,logged_terminal_batch_composite_loss,1051.9,51527.0,paper_101/ablation/results/50506.out,50506
p5_tpsa_mofe_last_selected_kan,50,0.000020,0.0307,logged_terminal_batch_composite_loss,1026.5,52553.6,paper_101/ablation/results/50506.out,50506
p5_tpsa_mofe_last_selected_kan,51,0.000020,0.0181,logged_terminal_batch_composite_loss,1010.1,53563.9,paper_101/ablation/results/50506.out,50506
p5_tpsa_mofe_last_selected_kan,52,0.000020,0.0216,logged_terminal_batch_composite_loss,1010.3,54574.2,paper_101/ablation/results/50506.out,50506
p5_tpsa_mofe_last_selected_kan,53,0.000019,0.0399,logged_terminal_batch_composite_loss,1010.5,55584.7,paper_101/ablation/results/50506.out,50506
p5_tpsa_mofe_last_selected_kan,54,0.000019,0.0325,logged_terminal_batch_composite_loss,1009.9,56594.6,paper_101/ablation/results/50506.out,50506
p5_tpsa_mofe_last_selected_kan,55,0.000019,0.0440,logged_terminal_batch_composite_loss,1009.8,57604.4,paper_101/ablation/results/50506.out,50506
p5_tpsa_mofe_last_selected_kan,56,0.000019,0.0215,logged_terminal_batch_composite_loss,1010.5,58614.9,paper_101/ablation/results/50506.out,50506
p5_tpsa_mofe_last_selected_kan,57,0.000019,0.0246,logged_terminal_batch_composite_loss,1009.9,59624.8,paper_101/ablation/results/50506.out,50506
p5_tpsa_mofe_last_selected_kan,58,0.000019,0.0318,logged_terminal_batch_composite_loss,1009.7,60634.6,paper_101/ablation/results/50506.out,50506
p5_tpsa_mofe_last_selected_kan,59,0.000018,0.1049,logged_terminal_batch_composite_loss,1010.0,61644.5,paper_101/ablation/results/50506.out,50506
p5_tpsa_mofe_last_selected_kan,60,0.000018,0.0228,logged_terminal_batch_composite_loss,1009.8,62654.3,paper_101/ablation/results/50506.out,50506
p5_tpsa_mofe_last_selected_kan,61,0.000018,0.0617,logged_terminal_batch_composite_loss,1009.3,63663.6,paper_101/ablation/results/50506.out,50506
p5_tpsa_mofe_last_selected_kan,62,0.000018,0.0578,logged_terminal_batch_composite_loss,1009.6,64673.2,paper_101/ablation/results/50506.out,50506
p5_tpsa_mofe_last_selected_kan,63,0.000018,0.0203,logged_terminal_batch_composite_loss,1009.9,65683.1,paper_101/ablation/results/50506.out,50506
p5_tpsa_mofe_last_selected_kan,64,0.000018,0.0356,logged_terminal_batch_composite_loss,1039.1,66722.2,paper_101/ablation/results/50506.out,50506
p5_tpsa_mofe_last_selected_kan,65,0.000018,0.0350,logged_terminal_batch_composite_loss,1059.8,67782.0,paper_101/ablation/results/50506.out,50506
p5_tpsa_mofe_last_selected_kan,66,0.000017,0.0415,logged_terminal_batch_composite_loss,1060.6,68842.6,paper_101/ablation/results/50506.out,50506
p5_tpsa_mofe_last_selected_kan,67,0.000017,0.0149,logged_terminal_batch_composite_loss,1062.5,69905.2,paper_101/ablation/results/50506.out,50506
p5_tpsa_mofe_last_selected_kan,68,0.000017,0.0562,logged_terminal_batch_composite_loss,1061.9,70967.1,paper_101/ablation/results/50506.out,50506
p5_tpsa_mofe_last_selected_kan,69,0.000017,0.0161,logged_terminal_batch_composite_loss,1061.5,72028.6,paper_101/ablation/results/50506.out,50506
p5_tpsa_mofe_last_selected_kan,70,0.000017,0.0240,logged_terminal_batch_composite_loss,1057.9,73086.5,paper_101/ablation/results/50506.out,50506
p5_tpsa_mofe_last_selected_kan,71,0.000017,0.0169,logged_terminal_batch_composite_loss,1058.9,74145.5,paper_101/ablation/results/50506.out,50506
p5_tpsa_mofe_last_selected_kan,72,0.000017,0.0164,logged_terminal_batch_composite_loss,1061.8,75207.3,paper_101/ablation/results/50506.out,50506
p5_tpsa_mofe_last_selected_kan,73,0.000017,0.0068,logged_terminal_batch_composite_loss,1060.3,76267.6,paper_101/ablation/results/50506.out,50506
p5_tpsa_mofe_last_selected_kan,74,0.000016,0.0251,logged_terminal_batch_composite_loss,1016.6,77284.3,paper_101/ablation/results/50506.out,50506
p5_tpsa_mofe_last_selected_kan,75,0.000016,0.0213,logged_terminal_batch_composite_loss,1008.2,78292.5,paper_101/ablation/results/50506.out,50506
p5_tpsa_mofe_last_selected_kan,76,0.000016,0.0184,logged_terminal_batch_composite_loss,1013.6,79306.2,paper_101/ablation/results/50506.out,50506
p5_tpsa_mofe_last_selected_kan,77,0.000016,0.0161,logged_terminal_batch_composite_loss,1050.6,80356.7,paper_101/ablation/results/50506.out,50506
p5_tpsa_mofe_last_selected_kan,78,0.000016,0.0228,logged_terminal_batch_composite_loss,1048.9,81405.7,paper_101/ablation/results/50506.out,50506
p5_tpsa_mofe_last_selected_kan,79,0.000016,0.0078,logged_terminal_batch_composite_loss,1050.8,82456.5,paper_101/ablation/results/50506.out,50506
p5_tpsa_mofe_last_selected_kan,80,0.000016,0.0276,logged_terminal_batch_composite_loss,1051.2,83507.7,paper_101/ablation/results/50506.out,50506
p5_tpsa_mofe_last_selected_kan,81,0.000016,0.0500,logged_terminal_batch_composite_loss,1051.8,84559.5,paper_101/ablation/results/50506.out,50506
p5_tpsa_mofe_last_selected_kan,82,0.000016,0.0055,logged_terminal_batch_composite_loss,1051.0,85610.5,paper_101/ablation/results/50506.out,50506
p5_tpsa_mofe_last_selected_kan,83,0.000016,0.0051,logged_terminal_batch_composite_loss,1052.9,86663.5,paper_101/ablation/results/50506.out,50506
p5_tpsa_mofe_last_selected_kan,84,0.000015,0.0233,logged_terminal_batch_composite_loss,1050.7,87714.3,paper_101/ablation/results/50506.out,50506
p5_tpsa_mofe_last_selected_kan,85,0.000015,0.0044,logged_terminal_batch_composite_loss,1052.4,88766.7,paper_101/ablation/results/50506.out,50506
p5_tpsa_mofe_last_selected_kan,86,0.000015,0.0085,logged_terminal_batch_composite_loss,1053.1,89819.9,paper_101/ablation/results/50506.out,50506
p5_tpsa_mofe_last_selected_kan,87,0.000015,0.0116,logged_terminal_batch_composite_loss,1040.0,90859.9,paper_101/ablation/results/50506.out,50506
p5_tpsa_mofe_last_selected_kan,88,0.000015,0.0075,logged_terminal_batch_composite_loss,1027.7,91887.6,paper_101/ablation/results/50506.out,50506
p5_tpsa_mofe_last_selected_kan,89,0.000015,0.0066,logged_terminal_batch_composite_loss,1027.0,92914.6,paper_101/ablation/results/50506.out,50506
p5_tpsa_mofe_last_selected_kan,90,0.000015,0.0065,logged_terminal_batch_composite_loss,1031.8,93946.3,paper_101/ablation/results/50506.out,50506
p5_tpsa_mofe_last_selected_kan,91,0.000015,0.0222,logged_terminal_batch_composite_loss,1052.1,94998.4,paper_101/ablation/results/50506.out,50506
p5_tpsa_mofe_last_selected_kan,92,0.000015,0.0305,logged_terminal_batch_composite_loss,1038.1,96036.6,paper_101/ablation/results/50506.out,50506
p5_tpsa_mofe_last_selected_kan,93,0.000015,0.0096,logged_terminal_batch_composite_loss,1039.9,97076.5,paper_101/ablation/results/50506.out,50506
p5_tpsa_mofe_last_selected_kan,94,0.000015,0.0131,logged_terminal_batch_composite_loss,1050.8,98127.3,paper_101/ablation/results/50506.out,50506
p5_tpsa_mofe_last_selected_kan,95,0.000015,0.0149,logged_terminal_batch_composite_loss,1050.4,99177.7,paper_101/ablation/results/50506.out,50506
p5_tpsa_mofe_last_selected_kan,96,0.000014,0.0097,logged_terminal_batch_composite_loss,1041.9,100219.6,paper_101/ablation/results/50506.out,50506
p5_tpsa_mofe_last_selected_kan,97,0.000014,0.0089,logged_terminal_batch_composite_loss,1019.9,101239.5,paper_101/ablation/results/50506.out,50506
p5_tpsa_mofe_last_selected_kan,98,0.000014,0.0034,logged_terminal_batch_composite_loss,1020.7,102260.3,paper_101/ablation/results/50506.out,50506
p5_tpsa_mofe_last_selected_kan,99,0.000014,0.0052,logged_terminal_batch_composite_loss,1022.0,103282.4,paper_101/ablation/results/50506.out,50506
p5_tpsa_mofe_last_selected_kan,100,0.000014,0.0046,logged_terminal_batch_composite_loss,1022.1,104304.5,paper_101/ablation/results/50506.out,50506
p5_tpsa_mofe_last_selected_kan,101,0.000014,0.0085,logged_terminal_batch_composite_loss,1022.2,105326.8,paper_101/ablation/results/50506.out,50506
p5_tpsa_mofe_last_selected_kan,102,0.000014,0.0036,logged_terminal_batch_composite_loss,1020.3,106347.0,paper_101/ablation/results/50506.out,50506
p5_tpsa_mofe_last_selected_kan,103,0.000014,0.0046,logged_terminal_batch_composite_loss,1020.9,107367.9,paper_101/ablation/results/50506.out,50506
p5_tpsa_mofe_last_selected_kan,104,0.000014,0.0049,logged_terminal_batch_composite_loss,1024.0,108392.0,paper_101/ablation/results/50506.out,50506
p5_tpsa_mofe_last_selected_kan,105,0.000014,0.0068,logged_terminal_batch_composite_loss,1021.8,109413.7,paper_101/ablation/results/50506.out,50506
p5_tpsa_mofe_last_selected_kan,106,0.000014,0.0050,logged_terminal_batch_composite_loss,1021.7,110435.4,paper_101/ablation/results/50506.out,50506
p5_tpsa_mofe_last_selected_kan,107,0.000014,0.0055,logged_terminal_batch_composite_loss,1023.2,111458.7,paper_101/ablation/results/50506.out,50506
p5_tpsa_mofe_last_selected_kan,108,0.000014,0.0047,logged_terminal_batch_composite_loss,1021.9,112480.6,paper_101/ablation/results/50506.out,50506
p5_tpsa_mofe_last_selected_kan,109,0.000014,0.0022,logged_terminal_batch_composite_loss,1023.9,113504.5,paper_101/ablation/results/50506.out,50506
p5_tpsa_mofe_last_selected_kan,110,0.000013,0.0070,logged_terminal_batch_composite_loss,1022.8,114527.4,paper_101/ablation/results/50506.out,50506
p5_tpsa_mofe_last_selected_kan,111,0.000013,0.0041,logged_terminal_batch_composite_loss,1023.0,115550.4,paper_101/ablation/results/50506.out,50506
p5_tpsa_mofe_last_selected_kan,112,0.000013,0.0051,logged_terminal_batch_composite_loss,1021.6,116572.1,paper_101/ablation/results/50506.out,50506
p5_tpsa_mofe_last_selected_kan,113,0.000013,0.0581,logged_terminal_batch_composite_loss,1024.2,117596.3,paper_101/ablation/results/50506.out,50506
p5_tpsa_mofe_last_selected_kan,114,0.000013,0.0087,logged_terminal_batch_composite_loss,1022.5,118618.8,paper_101/ablation/results/50506.out,50506
p5_tpsa_mofe_last_selected_kan,115,0.000013,0.0039,logged_terminal_batch_composite_loss,1023.5,119642.3,paper_101/ablation/results/50506.out,50506
p5_tpsa_mofe_last_selected_kan,116,0.000013,0.0059,logged_terminal_batch_composite_loss,1023.2,120665.5,paper_101/ablation/results/50506.out,50506
p5_tpsa_mofe_last_selected_kan,117,0.000013,0.0355,logged_terminal_batch_composite_loss,1022.1,121687.6,paper_101/ablation/results/50506.out,50506
p5_tpsa_mofe_last_selected_kan,118,0.000013,0.0045,logged_terminal_batch_composite_loss,1021.5,122709.1,paper_101/ablation/results/50506.out,50506
p5_tpsa_mofe_last_selected_kan,119,0.000013,0.0187,logged_terminal_batch_composite_loss,1020.2,123729.3,paper_101/ablation/results/50506.out,50506
p5_tpsa_mofe_last_selected_kan,120,0.000013,0.0063,logged_terminal_batch_composite_loss,1021.3,124750.6,paper_101/ablation/results/50506.out,50506
p5_tpsa_mofe_last_selected_kan,121,0.000013,0.0083,logged_terminal_batch_composite_loss,1022.8,125773.4,paper_101/ablation/results/50506.out,50506
p5_tpsa_mofe_last_selected_kan,122,0.000013,0.0060,logged_terminal_batch_composite_loss,1020.8,126794.2,paper_101/ablation/results/50506.out,50506
p5_tpsa_mofe_last_selected_kan,123,0.000013,0.0495,logged_terminal_batch_composite_loss,1022.0,127816.2,paper_101/ablation/results/50506.out,50506
p5_tpsa_mofe_last_selected_kan,124,0.000013,0.0135,logged_terminal_batch_composite_loss,1022.7,128838.9,paper_101/ablation/results/50506.out,50506
p5_tpsa_mofe_last_selected_kan,125,0.000013,0.0040,logged_terminal_batch_composite_loss,1019.9,129858.8,paper_101/ablation/results/50506.out,50506
p5_tpsa_mofe_last_selected_kan,126,0.000013,0.0402,logged_terminal_batch_composite_loss,1022.5,130881.3,paper_101/ablation/results/50506.out,50506
p5_tpsa_mofe_last_selected_kan,127,0.000013,0.0051,logged_terminal_batch_composite_loss,1023.6,131904.9,paper_101/ablation/results/50506.out,50506
p5_tpsa_mofe_last_selected_kan,128,0.000013,0.0027,logged_terminal_batch_composite_loss,1021.8,132926.7,paper_101/ablation/results/50506.out,50506
p5_tpsa_mofe_last_selected_kan,129,0.000012,0.0014,logged_terminal_batch_composite_loss,1028.0,133954.7,paper_101/ablation/results/50506.out,50506
p5_tpsa_mofe_last_selected_kan,130,0.000012,0.0041,logged_terminal_batch_composite_loss,1029.5,134984.3,paper_101/ablation/results/50506.out,50506
p5_tpsa_mofe_last_selected_kan,131,0.000012,0.0069,logged_terminal_batch_composite_loss,1031.7,136016.0,paper_101/ablation/results/50506.out,50506
p5_tpsa_mofe_last_selected_kan,132,0.000012,0.0049,logged_terminal_batch_composite_loss,1031.2,137047.2,paper_101/ablation/results/50506.out,50506
p5_tpsa_mofe_last_selected_kan,133,0.000012,0.0131,logged_terminal_batch_composite_loss,1030.6,138077.8,paper_101/ablation/results/50506.out,50506
p5_tpsa_mofe_last_selected_kan,134,0.000012,0.0031,logged_terminal_batch_composite_loss,1031.1,139108.9,paper_101/ablation/results/50506.out,50506
p5_tpsa_mofe_last_selected_kan,135,0.000012,0.0047,logged_terminal_batch_composite_loss,1026.2,140135.1,paper_101/ablation/results/50506.out,50506
p5_tpsa_mofe_last_selected_kan,136,0.000012,0.0024,logged_terminal_batch_composite_loss,1020.4,141155.5,paper_101/ablation/results/50506.out,50506
p5_tpsa_mofe_last_selected_kan,137,0.000012,0.0297,logged_terminal_batch_composite_loss,1010.0,142165.5,paper_101/ablation/results/50506.out,50506
p5_tpsa_mofe_last_selected_kan,138,0.000012,0.0034,logged_terminal_batch_composite_loss,1009.0,143174.5,paper_101/ablation/results/50506.out,50506
p5_tpsa_mofe_last_selected_kan,139,0.000012,0.0048,logged_terminal_batch_composite_loss,1009.6,144184.1,paper_101/ablation/results/50506.out,50506
p5_tpsa_mofe_last_selected_kan,140,0.000012,0.0041,logged_terminal_batch_composite_loss,1010.1,145194.2,paper_101/ablation/results/50506.out,50506
p5_tpsa_mofe_last_selected_kan,141,0.000012,0.0495,logged_terminal_batch_composite_loss,1009.0,146203.2,paper_101/ablation/results/50506.out,50506
p5_tpsa_mofe_last_selected_kan,142,0.000012,0.0052,logged_terminal_batch_composite_loss,1009.5,147212.8,paper_101/ablation/results/50506.out,50506
p5_tpsa_mofe_last_selected_kan,143,0.000012,0.0029,logged_terminal_batch_composite_loss,1010.4,148223.1,paper_101/ablation/results/50506.out,50506
p5_tpsa_mofe_last_selected_kan,144,0.000012,0.0048,logged_terminal_batch_composite_loss,1010.3,149233.4,paper_101/ablation/results/50506.out,50506
p5_tpsa_mofe_last_selected_kan,145,0.000012,0.0053,logged_terminal_batch_composite_loss,1010.3,150243.8,paper_101/ablation/results/50506.out,50506
p5_tpsa_mofe_last_selected_kan,146,0.000012,0.0087,logged_terminal_batch_composite_loss,1009.3,151253.1,paper_101/ablation/results/50506.out,50506
p5_tpsa_mofe_last_selected_kan,147,0.000012,0.0050,logged_terminal_batch_composite_loss,1009.8,152262.9,paper_101/ablation/results/50506.out,50506
p5_tpsa_mofe_last_selected_kan,148,0.000012,0.0066,logged_terminal_batch_composite_loss,1010.3,153273.2,paper_101/ablation/results/50506.out,50506
p5_tpsa_mofe_last_selected_kan,149,0.000012,0.0053,logged_terminal_batch_composite_loss,1009.8,154283.0,paper_101/ablation/results/50506.out,50506
p5_tpsa_mofe_last_selected_kan,150,0.000012,0.0030,logged_terminal_batch_composite_loss,1009.0,155292.0,paper_101/ablation/results/50506.out,50506
p5_tpsa_mofe_last_selected_kan,151,0.000012,0.0051,logged_terminal_batch_composite_loss,1008.9,156301.0,paper_101/ablation/results/50506.out,50506
p5_tpsa_mofe_last_selected_kan,152,0.000011,0.0121,logged_terminal_batch_composite_loss,1009.0,157310.0,paper_101/ablation/results/50506.out,50506
p5_tpsa_mofe_last_selected_kan,153,0.000011,0.0042,logged_terminal_batch_composite_loss,1009.4,158319.4,paper_101/ablation/results/50506.out,50506
p5_tpsa_mofe_last_selected_kan,154,0.000011,0.0033,logged_terminal_batch_composite_loss,1009.3,159328.7,paper_101/ablation/results/50506.out,50506
p5_tpsa_mofe_last_selected_kan,155,0.000011,0.0345,logged_terminal_batch_composite_loss,1009.4,160338.1,paper_101/ablation/results/50506.out,50506
p5_tpsa_mofe_last_selected_kan,156,0.000011,0.0043,logged_terminal_batch_composite_loss,1009.5,161347.6,paper_101/ablation/results/50506.out,50506
p5_tpsa_mofe_last_selected_kan,157,0.000011,0.0037,logged_terminal_batch_composite_loss,1010.0,162357.6,paper_101/ablation/results/50506.out,50506
p5_tpsa_mofe_last_selected_kan,158,0.000011,0.0078,logged_terminal_batch_composite_loss,1031.9,163389.5,paper_101/ablation/results/50506.out,50506
p5_tpsa_mofe_last_selected_kan,159,0.000011,0.0041,logged_terminal_batch_composite_loss,1040.5,164430.0,paper_101/ablation/results/50506.out,50506
p5_tpsa_mofe_last_selected_kan,160,0.000011,0.0184,logged_terminal_batch_composite_loss,1040.2,165470.2,paper_101/ablation/results/50506.out,50506
p5_tpsa_mofe_last_selected_kan,161,0.000011,0.0028,logged_terminal_batch_composite_loss,1040.5,166510.7,paper_101/ablation/results/50506.out,50506
p5_tpsa_mofe_last_selected_kan,162,0.000011,0.0034,logged_terminal_batch_composite_loss,1038.7,167549.4,paper_101/ablation/results/50506.out,50506
p5_tpsa_mofe_last_selected_kan,163,0.000011,0.0096,logged_terminal_batch_composite_loss,1039.7,168589.1,paper_101/ablation/results/50506.out,50506
p5_tpsa_mofe_last_selected_kan,164,0.000011,0.0104,logged_terminal_batch_composite_loss,1040.0,169629.2,paper_101/ablation/results/50506.out,50506
p5_tpsa_mofe_last_selected_kan,165,0.000011,0.0055,logged_terminal_batch_composite_loss,1035.6,170664.8,paper_101/ablation/results/50506.out,50506
p5_tpsa_mofe_last_selected_kan,166,0.000011,0.0044,logged_terminal_batch_composite_loss,1034.3,171699.1,paper_101/ablation/results/50506.out,50506
p5_tpsa_mofe_last_selected_kan,167,0.000011,0.0037,logged_terminal_batch_composite_loss,1040.2,172739.3,paper_101/ablation/results/50506.out,50506
p5_tpsa_mofe_last_selected_kan,168,0.000011,0.0061,logged_terminal_batch_composite_loss,1040.4,173779.7,paper_101/ablation/results/50506.out,50506
p5_tpsa_mofe_last_selected_kan,169,0.000011,0.0041,logged_terminal_batch_composite_loss,1040.2,174819.9,paper_101/ablation/results/50506.out,50506
p5_tpsa_mofe_last_selected_kan,170,0.000011,0.0147,logged_terminal_batch_composite_loss,1040.3,175860.2,paper_101/ablation/results/50506.out,50506
p5_tpsa_mofe_last_selected_kan,171,0.000011,0.0039,logged_terminal_batch_composite_loss,1041.7,176901.9,paper_101/ablation/results/50506.out,50506
p5_tpsa_mofe_last_selected_kan,172,0.000011,0.0051,logged_terminal_batch_composite_loss,1039.6,177941.4,paper_101/ablation/results/50506.out,50506
p5_tpsa_mofe_last_selected_kan,173,0.000011,0.0070,logged_terminal_batch_composite_loss,1038.0,178979.4,paper_101/ablation/results/50506.out,50506
p5_tpsa_mofe_last_selected_kan,174,0.000011,0.0060,logged_terminal_batch_composite_loss,1040.8,180020.2,paper_101/ablation/results/50506.out,50506
p5_tpsa_mofe_last_selected_kan,175,0.000011,0.0054,logged_terminal_batch_composite_loss,1041.9,181062.1,paper_101/ablation/results/50506.out,50506
p5_tpsa_mofe_last_selected_kan,176,0.000011,0.0061,logged_terminal_batch_composite_loss,1042.4,182104.5,paper_101/ablation/results/50506.out,50506
p5_tpsa_mofe_last_selected_kan,177,0.000011,0.0023,logged_terminal_batch_composite_loss,1041.7,183146.2,paper_101/ablation/results/50506.out,50506
p5_tpsa_mofe_last_selected_kan,178,0.000011,0.0150,logged_terminal_batch_composite_loss,1043.2,184189.4,paper_101/ablation/results/50506.out,50506
p5_tpsa_mofe_last_selected_kan,179,0.000011,0.0055,logged_terminal_batch_composite_loss,1041.9,185231.3,paper_101/ablation/results/50506.out,50506
p5_tpsa_mofe_last_selected_kan,180,0.000011,0.0035,logged_terminal_batch_composite_loss,1013.0,186244.2,paper_101/ablation/results/50506.out,50506
p5_tpsa_mofe_last_selected_kan,181,0.000011,0.0061,logged_terminal_batch_composite_loss,1009.6,187253.8,paper_101/ablation/results/50506.out,50506
p5_tpsa_mofe_last_selected_kan,182,0.000010,0.0033,logged_terminal_batch_composite_loss,1010.0,188263.8,paper_101/ablation/results/50506.out,50506
p5_tpsa_mofe_last_selected_kan,183,0.000010,0.0055,logged_terminal_batch_composite_loss,1010.0,189273.8,paper_101/ablation/results/50506.out,50506
p5_tpsa_mofe_last_selected_kan,184,0.000010,0.0035,logged_terminal_batch_composite_loss,1010.7,190284.4,paper_101/ablation/results/50506.out,50506
p5_tpsa_mofe_last_selected_kan,185,0.000010,0.0105,logged_terminal_batch_composite_loss,1010.7,191295.1,paper_101/ablation/results/50506.out,50506
p5_tpsa_mofe_last_selected_kan,186,0.000010,0.0055,logged_terminal_batch_composite_loss,1031.3,192326.4,paper_101/ablation/results/50506.out,50506
p5_tpsa_mofe_last_selected_kan,187,0.000010,0.0103,logged_terminal_batch_composite_loss,1027.9,193354.3,paper_101/ablation/results/50506.out,50506
p5_tpsa_mofe_last_selected_kan,188,0.000010,0.0024,logged_terminal_batch_composite_loss,1032.2,194386.5,paper_101/ablation/results/50506.out,50506
p5_tpsa_mofe_last_selected_kan,189,0.000010,0.0054,logged_terminal_batch_composite_loss,1027.2,195413.7,paper_101/ablation/results/50506.out,50506
p5_tpsa_mofe_last_selected_kan,190,0.000010,0.0065,logged_terminal_batch_composite_loss,1030.2,196443.9,paper_101/ablation/results/50506.out,50506
p5_tpsa_mofe_last_selected_kan,191,0.000010,0.0048,logged_terminal_batch_composite_loss,1033.8,197477.8,paper_101/ablation/results/50506.out,50506
p5_tpsa_mofe_last_selected_kan,192,0.000010,0.0044,logged_terminal_batch_composite_loss,1036.2,198514.0,paper_101/ablation/results/50506.out,50506
p5_tpsa_mofe_last_selected_kan,193,0.000010,0.0017,logged_terminal_batch_composite_loss,1037.9,199552.0,paper_101/ablation/results/50506.out,50506
p5_tpsa_mofe_last_selected_kan,194,0.000010,0.0039,logged_terminal_batch_composite_loss,1036.8,200588.7,paper_101/ablation/results/50506.out,50506
p5_tpsa_mofe_last_selected_kan,195,0.000010,0.0089,logged_terminal_batch_composite_loss,1038.1,201626.9,paper_101/ablation/results/50506.out,50506
p5_tpsa_mofe_last_selected_kan,196,0.000010,0.0051,logged_terminal_batch_composite_loss,1040.5,202667.4,paper_101/ablation/results/50506.out,50506
p5_tpsa_mofe_last_selected_kan,197,0.000010,0.0030,logged_terminal_batch_composite_loss,1039.4,203706.8,paper_101/ablation/results/50506.out,50506
p5_tpsa_mofe_last_selected_kan,198,0.000010,0.0132,logged_terminal_batch_composite_loss,1037.8,204744.7,paper_101/ablation/results/50506.out,50506
p5_tpsa_mofe_last_selected_kan,199,0.000010,0.0020,logged_terminal_batch_composite_loss,1033.0,205777.6,paper_101/ablation/results/50506.out,50506
p5_tpsa_mofe_last_selected_kan,200,0.000010,0.0020,logged_terminal_batch_composite_loss,1033.2,206810.9,paper_101/ablation/results/50506.out,50506
p5_tpsa_mofe_last_selected_kan,201,0.000010,0.0057,logged_terminal_batch_composite_loss,1030.6,207841.6,paper_101/ablation/results/50506.out,50506
p5_tpsa_mofe_last_selected_kan,202,0.000010,0.0056,logged_terminal_batch_composite_loss,1032.0,208873.6,paper_101/ablation/results/50506.out,50506
p5_tpsa_mofe_last_selected_kan,203,0.000010,0.0041,logged_terminal_batch_composite_loss,1033.0,209906.6,paper_101/ablation/results/50506.out,50506
p5_tpsa_mofe_last_selected_kan,204,0.000010,0.0052,logged_terminal_batch_composite_loss,1032.0,210938.6,paper_101/ablation/results/50506.out,50506
p5_tpsa_mofe_last_selected_kan,205,0.000010,0.0111,logged_terminal_batch_composite_loss,1031.6,211970.2,paper_101/ablation/results/50506.out,50506
p5_tpsa_mofe_last_selected_kan,206,0.000010,0.0250,logged_terminal_batch_composite_loss,1032.0,213002.1,paper_101/ablation/results/50506.out,50506
p5_tpsa_mofe_last_selected_kan,207,0.000010,0.0029,logged_terminal_batch_composite_loss,1033.0,214035.2,paper_101/ablation/results/50506.out,50506
p5_tpsa_mofe_last_selected_kan,208,0.000010,0.0080,logged_terminal_batch_composite_loss,1030.6,215065.8,paper_101/ablation/results/50506.out,50506
p5_tpsa_mofe_last_selected_kan,209,0.000010,0.0024,logged_terminal_batch_composite_loss,1033.6,216099.3,paper_101/ablation/results/50506.out,50506
p5_tpsa_mofe_last_selected_kan,210,0.000010,0.0047,logged_terminal_batch_composite_loss,1032.7,217132.0,paper_101/ablation/results/50506.out,50506
p5_tpsa_mofe_last_selected_kan,211,0.000010,0.0036,logged_terminal_batch_composite_loss,1032.0,218164.0,paper_101/ablation/results/50506.out,50506
p5_tpsa_mofe_last_selected_kan,212,0.000010,0.0019,logged_terminal_batch_composite_loss,1030.9,219194.9,paper_101/ablation/results/50506.out,50506
p5_tpsa_mofe_last_selected_kan,213,0.000010,0.0036,logged_terminal_batch_composite_loss,1032.1,220227.0,paper_101/ablation/results/50506.out,50506
p5_tpsa_mofe_last_selected_kan,214,0.000010,0.0036,logged_terminal_batch_composite_loss,1029.7,221256.7,paper_101/ablation/results/50506.out,50506
p5_tpsa_mofe_last_selected_kan,215,0.000010,0.0037,logged_terminal_batch_composite_loss,1030.8,222287.5,paper_101/ablation/results/50506.out,50506
p5_tpsa_mofe_last_selected_kan,216,0.000010,0.0034,logged_terminal_batch_composite_loss,1030.0,223317.5,paper_101/ablation/results/50506.out,50506
p5_tpsa_mofe_last_selected_kan,217,0.000010,0.0027,logged_terminal_batch_composite_loss,1031.1,224348.6,paper_101/ablation/results/50506.out,50506
p5_tpsa_mofe_last_selected_kan,218,0.000010,0.0035,logged_terminal_batch_composite_loss,1031.3,225379.9,paper_101/ablation/results/50506.out,50506
p5_tpsa_mofe_last_selected_kan,219,0.000010,0.0047,logged_terminal_batch_composite_loss,1033.9,226413.8,paper_101/ablation/results/50506.out,50506
p5_tpsa_mofe_last_selected_kan,220,0.000010,0.0026,logged_terminal_batch_composite_loss,1026.0,227439.7,paper_101/ablation/results/50506.out,50506
p5_tpsa_mofe_last_selected_kan,221,0.000010,0.0040,logged_terminal_batch_composite_loss,1026.4,228466.1,paper_101/ablation/results/50506.out,50506
p5_tpsa_mofe_last_selected_kan,222,0.000009,0.0062,logged_terminal_batch_composite_loss,1026.9,229493.1,paper_101/ablation/results/50506.out,50506
p5_tpsa_mofe_last_selected_kan,223,0.000009,0.0059,logged_terminal_batch_composite_loss,1027.4,230520.5,paper_101/ablation/results/50506.out,50506
p5_tpsa_mofe_last_selected_kan,224,0.000009,0.0069,logged_terminal_batch_composite_loss,1025.7,231546.2,paper_101/ablation/results/50506.out,50506
p5_tpsa_mofe_last_selected_kan,225,0.000009,0.0046,logged_terminal_batch_composite_loss,1024.9,232571.1,paper_101/ablation/results/50506.out,50506
p5_tpsa_mofe_last_selected_kan,226,0.000009,0.0040,logged_terminal_batch_composite_loss,1024.4,233595.5,paper_101/ablation/results/50506.out,50506
p5_tpsa_mofe_last_selected_kan,227,0.000009,0.0025,logged_terminal_batch_composite_loss,1025.7,234621.2,paper_101/ablation/results/50506.out,50506
p5_tpsa_mofe_last_selected_kan,228,0.000009,0.0062,logged_terminal_batch_composite_loss,1027.1,235648.3,paper_101/ablation/results/50506.out,50506
p5_tpsa_mofe_last_selected_kan,229,0.000009,0.0046,logged_terminal_batch_composite_loss,1026.8,236675.1,paper_101/ablation/results/50506.out,50506
p5_tpsa_mofe_last_selected_kan,230,0.000009,0.0070,logged_terminal_batch_composite_loss,1024.5,237699.6,paper_101/ablation/results/50506.out,50506
p5_tpsa_mofe_last_selected_kan,231,0.000009,0.0063,logged_terminal_batch_composite_loss,1040.1,238739.7,paper_101/ablation/results/50506.out,50506
p5_tpsa_mofe_last_selected_kan,232,0.000009,0.0084,logged_terminal_batch_composite_loss,1053.7,239793.4,paper_101/ablation/results/50506.out,50506
p5_tpsa_mofe_last_selected_kan,233,0.000009,0.0019,logged_terminal_batch_composite_loss,1057.6,240850.9,paper_101/ablation/results/50506.out,50506
p5_tpsa_mofe_last_selected_kan,234,0.000009,0.0043,logged_terminal_batch_composite_loss,1053.7,241904.6,paper_101/ablation/results/50506.out,50506
p5_tpsa_mofe_last_selected_kan,235,0.000009,0.0078,logged_terminal_batch_composite_loss,1040.0,242944.6,paper_101/ablation/results/50506.out,50506
p5_tpsa_mofe_last_selected_kan,236,0.000009,0.0058,logged_terminal_batch_composite_loss,1026.2,243970.8,paper_101/ablation/results/50506.out,50506
p5_tpsa_mofe_last_selected_kan,237,0.000009,0.0063,logged_terminal_batch_composite_loss,1025.9,244996.7,paper_101/ablation/results/50506.out,50506
p5_tpsa_mofe_last_selected_kan,238,0.000009,0.0132,logged_terminal_batch_composite_loss,1025.4,246022.0,paper_101/ablation/results/50506.out,50506
p5_tpsa_mofe_last_selected_kan,239,0.000009,0.0062,logged_terminal_batch_composite_loss,1031.3,247053.3,paper_101/ablation/results/50506.out,50506
p5_tpsa_mofe_last_selected_kan,240,0.000009,0.0072,logged_terminal_batch_composite_loss,1027.4,248080.7,paper_101/ablation/results/50506.out,50506
p5_tpsa_mofe_last_selected_kan,241,0.000009,0.0063,logged_terminal_batch_composite_loss,1026.6,249107.3,paper_101/ablation/results/50506.out,50506
p5_tpsa_mofe_last_selected_kan,242,0.000009,0.0041,logged_terminal_batch_composite_loss,1024.1,250131.3,paper_101/ablation/results/50506.out,50506
p5_tpsa_mofe_last_selected_kan,243,0.000009,0.0051,logged_terminal_batch_composite_loss,1025.0,251156.3,paper_101/ablation/results/50506.out,50506
p5_tpsa_mofe_last_selected_kan,244,0.000009,0.0010,logged_terminal_batch_composite_loss,1049.1,252205.4,paper_101/ablation/results/50506.out,50506
p5_tpsa_mofe_last_selected_kan,245,0.000009,0.0090,logged_terminal_batch_composite_loss,1064.7,253270.3,paper_101/ablation/results/50506.out,50506
p5_tpsa_mofe_last_selected_kan,246,0.000009,0.0031,logged_terminal_batch_composite_loss,1026.9,254297.2,paper_101/ablation/results/50506.out,50506
p5_tpsa_mofe_last_selected_kan,247,0.000009,0.0017,logged_terminal_batch_composite_loss,1027.0,255324.1,paper_101/ablation/results/50506.out,50506
p5_tpsa_mofe_last_selected_kan,248,0.000009,0.0027,logged_terminal_batch_composite_loss,1029.3,256353.4,paper_101/ablation/results/50506.out,50506
p5_tpsa_mofe_last_selected_kan,249,0.000009,0.0025,logged_terminal_batch_composite_loss,1027.9,257381.3,paper_101/ablation/results/50506.out,50506
p5_tpsa_mofe_last_selected_kan,250,0.000009,0.0037,logged_terminal_batch_composite_loss,1028.0,258409.3,paper_101/ablation/results/50506.out,50506
p5_tpsa_mofe_last_selected_kan,251,0.000009,0.0100,logged_terminal_batch_composite_loss,1028.9,259438.3,paper_101/ablation/results/50506.out,50506
p5_tpsa_mofe_last_selected_kan,252,0.000009,0.0049,logged_terminal_batch_composite_loss,1028.2,260466.5,paper_101/ablation/results/50506.out,50506
p5_tpsa_mofe_last_selected_kan,253,0.000009,0.0043,logged_terminal_batch_composite_loss,1027.0,261493.5,paper_101/ablation/results/50506.out,50506
p5_tpsa_mofe_last_selected_kan,254,0.000009,0.0028,logged_terminal_batch_composite_loss,1026.2,262519.8,paper_101/ablation/results/50506.out,50506
p5_tpsa_mofe_last_selected_kan,255,0.000009,0.0041,logged_terminal_batch_composite_loss,1026.6,263546.3,paper_101/ablation/results/50506.out,50506
p5_tpsa_mofe_last_selected_kan,256,0.000009,0.0023,logged_terminal_batch_composite_loss,1036.1,264582.4,paper_101/ablation/results/50506.out,50506
p5_tpsa_mofe_last_selected_kan,257,0.000009,0.0088,logged_terminal_batch_composite_loss,1057.3,265639.7,paper_101/ablation/results/50506.out,50506
p5_tpsa_mofe_last_selected_kan,258,0.000009,0.0030,logged_terminal_batch_composite_loss,1055.5,266695.2,paper_101/ablation/results/50506.out,50506
p5_tpsa_mofe_last_selected_kan,259,0.000009,0.0019,logged_terminal_batch_composite_loss,1042.8,267738.0,paper_101/ablation/results/50506.out,50506
p5_tpsa_mofe_last_selected_kan,260,0.000009,0.0065,logged_terminal_batch_composite_loss,1033.5,268771.5,paper_101/ablation/results/50506.out,50506
p5_tpsa_mofe_last_selected_kan,261,0.000009,0.0021,logged_terminal_batch_composite_loss,1034.9,269806.4,paper_101/ablation/results/50506.out,50506
p5_tpsa_mofe_last_selected_kan,262,0.000009,0.0028,logged_terminal_batch_composite_loss,1033.3,270839.6,paper_101/ablation/results/50506.out,50506
p5_tpsa_mofe_last_selected_kan,263,0.000009,0.0028,logged_terminal_batch_composite_loss,1040.0,271879.7,paper_101/ablation/results/50506.out,50506
p5_tpsa_mofe_last_selected_kan,264,0.000009,0.0109,logged_terminal_batch_composite_loss,1041.8,272921.5,paper_101/ablation/results/50506.out,50506
p5_tpsa_mofe_last_selected_kan,265,0.000009,0.0086,logged_terminal_batch_composite_loss,1038.3,273959.8,paper_101/ablation/results/50506.out,50506
p5_tpsa_mofe_last_selected_kan,266,0.000009,0.0059,logged_terminal_batch_composite_loss,1045.7,275005.4,paper_101/ablation/results/50506.out,50506
p5_tpsa_mofe_last_selected_kan,267,0.000009,0.0034,logged_terminal_batch_composite_loss,1036.9,276042.3,paper_101/ablation/results/50506.out,50506
p5_tpsa_mofe_last_selected_kan,268,0.000009,0.0068,logged_terminal_batch_composite_loss,1042.3,277084.6,paper_101/ablation/results/50506.out,50506
p5_tpsa_mofe_last_selected_kan,269,0.000009,0.0082,logged_terminal_batch_composite_loss,1028.4,278113.1,paper_101/ablation/results/50506.out,50506
p5_tpsa_mofe_last_selected_kan,270,0.000009,0.0063,logged_terminal_batch_composite_loss,1027.5,279140.6,paper_101/ablation/results/50506.out,50506
p5_tpsa_mofe_last_selected_kan,271,0.000009,0.0030,logged_terminal_batch_composite_loss,1028.2,280168.8,paper_101/ablation/results/50506.out,50506
p5_tpsa_mofe_last_selected_kan,272,0.000009,0.0041,logged_terminal_batch_composite_loss,1034.4,281203.2,paper_101/ablation/results/50506.out,50506
p5_tpsa_mofe_last_selected_kan,273,0.000009,0.0117,logged_terminal_batch_composite_loss,1036.1,282239.3,paper_101/ablation/results/50506.out,50506
p5_tpsa_mofe_last_selected_kan,274,0.000009,0.0017,logged_terminal_batch_composite_loss,1034.2,283273.5,paper_101/ablation/results/50506.out,50506
p5_tpsa_mofe_last_selected_kan,275,0.000009,0.0028,logged_terminal_batch_composite_loss,1036.3,284309.9,paper_101/ablation/results/50506.out,50506
p5_tpsa_mofe_last_selected_kan,276,0.000009,0.0050,logged_terminal_batch_composite_loss,1033.0,285342.9,paper_101/ablation/results/50506.out,50506
p5_tpsa_mofe_last_selected_kan,277,0.000008,0.0059,logged_terminal_batch_composite_loss,1034.2,286377.1,paper_101/ablation/results/50506.out,50506
p5_tpsa_mofe_last_selected_kan,278,0.000008,0.0032,logged_terminal_batch_composite_loss,1031.6,287408.7,paper_101/ablation/results/50506.out,50506
p5_tpsa_mofe_last_selected_kan,279,0.000008,0.0020,logged_terminal_batch_composite_loss,1036.2,288444.9,paper_101/ablation/results/50506.out,50506
p5_tpsa_mofe_last_selected_kan,280,0.000008,0.0046,logged_terminal_batch_composite_loss,1034.5,289479.5,paper_101/ablation/results/50506.out,50506
p5_tpsa_mofe_last_selected_kan,281,0.000008,0.0034,logged_terminal_batch_composite_loss,1043.0,290522.5,paper_101/ablation/results/50506.out,50506
p5_tpsa_mofe_last_selected_kan,282,0.000008,0.0045,logged_terminal_batch_composite_loss,1046.0,291568.5,paper_101/ablation/results/50506.out,50506
p5_tpsa_mofe_last_selected_kan,283,0.000008,0.0040,logged_terminal_batch_composite_loss,1042.1,292610.6,paper_101/ablation/results/50506.out,50506
p5_tpsa_mofe_last_selected_kan,284,0.000008,0.0018,logged_terminal_batch_composite_loss,1039.6,293650.2,paper_101/ablation/results/50506.out,50506
p5_tpsa_mofe_last_selected_kan,285,0.000008,0.0033,logged_terminal_batch_composite_loss,1041.2,294691.4,paper_101/ablation/results/50506.out,50506
p5_tpsa_mofe_last_selected_kan,286,0.000008,0.0082,logged_terminal_batch_composite_loss,1039.7,295731.2,paper_101/ablation/results/50506.out,50506
p5_tpsa_mofe_last_selected_kan,287,0.000008,0.0042,logged_terminal_batch_composite_loss,1038.7,296769.8,paper_101/ablation/results/50506.out,50506
p5_tpsa_mofe_last_selected_kan,288,0.000008,0.0046,logged_terminal_batch_composite_loss,1037.9,297807.8,paper_101/ablation/results/50506.out,50506
p5_tpsa_mofe_last_selected_kan,289,0.000008,0.0022,logged_terminal_batch_composite_loss,1036.3,298844.1,paper_101/ablation/results/50506.out,50506
p5_tpsa_mofe_last_selected_kan,290,0.000008,0.0053,logged_terminal_batch_composite_loss,1037.4,299881.4,paper_101/ablation/results/50506.out,50506
p5_tpsa_mofe_last_selected_kan,291,0.000008,0.0072,logged_terminal_batch_composite_loss,1037.3,300918.7,paper_101/ablation/results/50506.out,50506
p5_tpsa_mofe_last_selected_kan,292,0.000008,0.0028,logged_terminal_batch_composite_loss,1037.0,301955.7,paper_101/ablation/results/50506.out,50506
p5_tpsa_mofe_last_selected_kan,293,0.000008,0.0080,logged_terminal_batch_composite_loss,1038.0,302993.7,paper_101/ablation/results/50506.out,50506
p5_tpsa_mofe_last_selected_kan,294,0.000008,0.0056,logged_terminal_batch_composite_loss,1039.3,304033.0,paper_101/ablation/results/50506.out,50506
p5_tpsa_mofe_last_selected_kan,295,0.000008,0.0031,logged_terminal_batch_composite_loss,1039.1,305072.0,paper_101/ablation/results/50506.out,50506
p5_tpsa_mofe_last_selected_kan,296,0.000008,0.0040,logged_terminal_batch_composite_loss,1040.0,306112.0,paper_101/ablation/results/50506.out,50506
p5_tpsa_mofe_last_selected_kan,297,0.000008,0.0043,logged_terminal_batch_composite_loss,1038.5,307150.5,paper_101/ablation/results/50506.out,50506
p5_tpsa_mofe_last_selected_kan,298,0.000008,0.0062,logged_terminal_batch_composite_loss,1036.8,308187.3,paper_101/ablation/results/50506.out,50506
p5_tpsa_mofe_last_selected_kan,299,0.000008,0.0020,logged_terminal_batch_composite_loss,1041.6,309228.9,paper_101/ablation/results/50506.out,50506
p5_tpsa_mofe_last_selected_kan,300,0.000008,0.0057,logged_terminal_batch_composite_loss,1046.2,310275.1,paper_101/ablation/results/50506.out,50506
p5_tpsa_mofe_last_selected_kan_conloss,1,0.000001,3.8446,logged_terminal_batch_composite_loss,1037.1,1037.1,paper_101/ablation/results/50508.out,50508
p5_tpsa_mofe_last_selected_kan_conloss,2,0.000002,2.6048,logged_terminal_batch_composite_loss,1005.9,2043.1,paper_101/ablation/results/50508.out,50508
p5_tpsa_mofe_last_selected_kan_conloss,3,0.000003,2.1680,logged_terminal_batch_composite_loss,1009.2,3052.4,paper_101/ablation/results/50508.out,50508
p5_tpsa_mofe_last_selected_kan_conloss,4,0.000003,1.9319,logged_terminal_batch_composite_loss,1008.1,4060.5,paper_101/ablation/results/50508.out,50508
p5_tpsa_mofe_last_selected_kan_conloss,5,0.000004,1.8967,logged_terminal_batch_composite_loss,1012.1,5072.7,paper_101/ablation/results/50508.out,50508
p5_tpsa_mofe_last_selected_kan_conloss,6,0.000005,1.9705,logged_terminal_batch_composite_loss,1009.4,6082.2,paper_101/ablation/results/50508.out,50508
p5_tpsa_mofe_last_selected_kan_conloss,7,0.000006,1.6864,logged_terminal_batch_composite_loss,1010.3,7092.5,paper_101/ablation/results/50508.out,50508
p5_tpsa_mofe_last_selected_kan_conloss,8,0.000007,1.4429,logged_terminal_batch_composite_loss,1015.6,8108.5,paper_101/ablation/results/50508.out,50508
p5_tpsa_mofe_last_selected_kan_conloss,9,0.000008,1.1355,logged_terminal_batch_composite_loss,1011.5,9120.1,paper_101/ablation/results/50508.out,50508
p5_tpsa_mofe_last_selected_kan_conloss,10,0.000009,0.8944,logged_terminal_batch_composite_loss,1011.8,10132.5,paper_101/ablation/results/50508.out,50508
p5_tpsa_mofe_last_selected_kan_conloss,11,0.000009,0.7413,logged_terminal_batch_composite_loss,1024.2,11157.2,paper_101/ablation/results/50508.out,50508
p5_tpsa_mofe_last_selected_kan_conloss,12,0.000010,0.6203,logged_terminal_batch_composite_loss,1029.7,12187.0,paper_101/ablation/results/50508.out,50508
p5_tpsa_mofe_last_selected_kan_conloss,13,0.000011,0.6380,logged_terminal_batch_composite_loss,1056.1,13243.2,paper_101/ablation/results/50508.out,50508
p5_tpsa_mofe_last_selected_kan_conloss,14,0.000012,0.5922,logged_terminal_batch_composite_loss,1053.6,14296.8,paper_101/ablation/results/50508.out,50508
p5_tpsa_mofe_last_selected_kan_conloss,15,0.000013,0.5595,logged_terminal_batch_composite_loss,1049.7,15346.6,paper_101/ablation/results/50508.out,50508
p5_tpsa_mofe_last_selected_kan_conloss,16,0.000014,0.5429,logged_terminal_batch_composite_loss,1049.8,16396.5,paper_101/ablation/results/50508.out,50508
p5_tpsa_mofe_last_selected_kan_conloss,17,0.000015,0.4740,logged_terminal_batch_composite_loss,1051.3,17447.9,paper_101/ablation/results/50508.out,50508
p5_tpsa_mofe_last_selected_kan_conloss,18,0.000015,0.4950,logged_terminal_batch_composite_loss,1050.3,18498.3,paper_101/ablation/results/50508.out,50508
p5_tpsa_mofe_last_selected_kan_conloss,19,0.000016,0.4492,logged_terminal_batch_composite_loss,1064.9,19563.2,paper_101/ablation/results/50508.out,50508
p5_tpsa_mofe_last_selected_kan_conloss,20,0.000017,0.4395,logged_terminal_batch_composite_loss,1090.9,20654.2,paper_101/ablation/results/50508.out,50508
p5_tpsa_mofe_last_selected_kan_conloss,21,0.000018,0.3715,logged_terminal_batch_composite_loss,1091.2,21745.5,paper_101/ablation/results/50508.out,50508
p5_tpsa_mofe_last_selected_kan_conloss,22,0.000019,0.3302,logged_terminal_batch_composite_loss,1087.7,22833.2,paper_101/ablation/results/50508.out,50508
p5_tpsa_mofe_last_selected_kan_conloss,23,0.000020,0.3759,logged_terminal_batch_composite_loss,1092.2,23925.6,paper_101/ablation/results/50508.out,50508
p5_tpsa_mofe_last_selected_kan_conloss,24,0.000021,0.3885,logged_terminal_batch_composite_loss,1091.2,25016.8,paper_101/ablation/results/50508.out,50508
p5_tpsa_mofe_last_selected_kan_conloss,25,0.000022,0.3064,logged_terminal_batch_composite_loss,1073.8,26090.6,paper_101/ablation/results/50508.out,50508
p5_tpsa_mofe_last_selected_kan_conloss,26,0.000022,0.2735,logged_terminal_batch_composite_loss,1049.6,27140.3,paper_101/ablation/results/50508.out,50508
p5_tpsa_mofe_last_selected_kan_conloss,27,0.000023,0.3153,logged_terminal_batch_composite_loss,1057.4,28197.8,paper_101/ablation/results/50508.out,50508
p5_tpsa_mofe_last_selected_kan_conloss,28,0.000024,0.3041,logged_terminal_batch_composite_loss,1065.5,29263.3,paper_101/ablation/results/50508.out,50508
p5_tpsa_mofe_last_selected_kan_conloss,29,0.000025,0.3334,logged_terminal_batch_composite_loss,1063.4,30326.7,paper_101/ablation/results/50508.out,50508
p5_tpsa_mofe_last_selected_kan_conloss,30,0.000026,0.3392,logged_terminal_batch_composite_loss,1062.1,31388.8,paper_101/ablation/results/50508.out,50508
p5_tpsa_mofe_last_selected_kan_conloss,31,0.000025,0.2784,logged_terminal_batch_composite_loss,1062.2,32451.0,paper_101/ablation/results/50508.out,50508
p5_tpsa_mofe_last_selected_kan_conloss,32,0.000025,0.2721,logged_terminal_batch_composite_loss,1058.4,33509.4,paper_101/ablation/results/50508.out,50508
p5_tpsa_mofe_last_selected_kan_conloss,33,0.000025,0.2055,logged_terminal_batch_composite_loss,1060.4,34570.0,paper_101/ablation/results/50508.out,50508
p5_tpsa_mofe_last_selected_kan_conloss,34,0.000024,0.2887,logged_terminal_batch_composite_loss,1061.1,35631.2,paper_101/ablation/results/50508.out,50508
p5_tpsa_mofe_last_selected_kan_conloss,35,0.000024,0.2488,logged_terminal_batch_composite_loss,1072.2,36703.4,paper_101/ablation/results/50508.out,50508
p5_tpsa_mofe_last_selected_kan_conloss,36,0.000024,0.2556,logged_terminal_batch_composite_loss,1060.1,37763.5,paper_101/ablation/results/50508.out,50508
p5_tpsa_mofe_last_selected_kan_conloss,37,0.000023,0.2348,logged_terminal_batch_composite_loss,1058.5,38822.0,paper_101/ablation/results/50508.out,50508
p5_tpsa_mofe_last_selected_kan_conloss,38,0.000023,0.2544,logged_terminal_batch_composite_loss,1063.9,39885.9,paper_101/ablation/results/50508.out,50508
p5_tpsa_mofe_last_selected_kan_conloss,39,0.000023,0.2277,logged_terminal_batch_composite_loss,1064.6,40950.5,paper_101/ablation/results/50508.out,50508
p5_tpsa_mofe_last_selected_kan_conloss,40,0.000022,0.2340,logged_terminal_batch_composite_loss,1063.4,42013.9,paper_101/ablation/results/50508.out,50508
p5_tpsa_mofe_last_selected_kan_conloss,41,0.000022,0.2690,logged_terminal_batch_composite_loss,1065.0,43079.0,paper_101/ablation/results/50508.out,50508
p5_tpsa_mofe_last_selected_kan_conloss,42,0.000022,0.2129,logged_terminal_batch_composite_loss,1067.3,44146.2,paper_101/ablation/results/50508.out,50508
p5_tpsa_mofe_last_selected_kan_conloss,43,0.000022,0.2190,logged_terminal_batch_composite_loss,1067.1,45213.4,paper_101/ablation/results/50508.out,50508
p5_tpsa_mofe_last_selected_kan_conloss,44,0.000021,0.2085,logged_terminal_batch_composite_loss,1061.9,46275.3,paper_101/ablation/results/50508.out,50508
p5_tpsa_mofe_last_selected_kan_conloss,45,0.000021,0.1877,logged_terminal_batch_composite_loss,1050.2,47325.5,paper_101/ablation/results/50508.out,50508
p5_tpsa_mofe_last_selected_kan_conloss,46,0.000021,0.2644,logged_terminal_batch_composite_loss,1048.6,48374.4,paper_101/ablation/results/50508.out,50508
p5_tpsa_mofe_last_selected_kan_conloss,47,0.000021,0.2590,logged_terminal_batch_composite_loss,1049.4,49423.7,paper_101/ablation/results/50508.out,50508
p5_tpsa_mofe_last_selected_kan_conloss,48,0.000020,0.2131,logged_terminal_batch_composite_loss,1051.4,50475.1,paper_101/ablation/results/50508.out,50508
p5_tpsa_mofe_last_selected_kan_conloss,49,0.000020,0.2086,logged_terminal_batch_composite_loss,1051.9,51527.1,paper_101/ablation/results/50508.out,50508
p5_tpsa_mofe_last_selected_kan_conloss,50,0.000020,0.2206,logged_terminal_batch_composite_loss,1026.5,52553.6,paper_101/ablation/results/50508.out,50508
p5_tpsa_mofe_last_selected_kan_conloss,51,0.000020,0.2406,logged_terminal_batch_composite_loss,1010.2,53563.9,paper_101/ablation/results/50508.out,50508
p5_tpsa_mofe_last_selected_kan_conloss,52,0.000020,0.2029,logged_terminal_batch_composite_loss,1010.3,54574.2,paper_101/ablation/results/50508.out,50508
p5_tpsa_mofe_last_selected_kan_conloss,53,0.000019,0.2612,logged_terminal_batch_composite_loss,1010.5,55584.7,paper_101/ablation/results/50508.out,50508
p5_tpsa_mofe_last_selected_kan_conloss,54,0.000019,0.1912,logged_terminal_batch_composite_loss,1009.9,56594.6,paper_101/ablation/results/50508.out,50508
p5_tpsa_mofe_last_selected_kan_conloss,55,0.000019,0.1849,logged_terminal_batch_composite_loss,1009.8,57604.4,paper_101/ablation/results/50508.out,50508
p5_tpsa_mofe_last_selected_kan_conloss,56,0.000019,0.1952,logged_terminal_batch_composite_loss,1010.4,58614.9,paper_101/ablation/results/50508.out,50508
p5_tpsa_mofe_last_selected_kan_conloss,57,0.000019,0.2096,logged_terminal_batch_composite_loss,1009.9,59624.8,paper_101/ablation/results/50508.out,50508
p5_tpsa_mofe_last_selected_kan_conloss,58,0.000019,0.2285,logged_terminal_batch_composite_loss,1009.7,60634.6,paper_101/ablation/results/50508.out,50508
p5_tpsa_mofe_last_selected_kan_conloss,59,0.000018,0.2001,logged_terminal_batch_composite_loss,1010.0,61644.5,paper_101/ablation/results/50508.out,50508
p5_tpsa_mofe_last_selected_kan_conloss,60,0.000018,0.2380,logged_terminal_batch_composite_loss,1009.8,62654.3,paper_101/ablation/results/50508.out,50508
p5_tpsa_mofe_last_selected_kan_conloss,61,0.000018,0.1962,logged_terminal_batch_composite_loss,1009.3,63663.6,paper_101/ablation/results/50508.out,50508
p5_tpsa_mofe_last_selected_kan_conloss,62,0.000018,0.2288,logged_terminal_batch_composite_loss,1009.6,64673.2,paper_101/ablation/results/50508.out,50508
p5_tpsa_mofe_last_selected_kan_conloss,63,0.000018,0.1809,logged_terminal_batch_composite_loss,1009.9,65683.1,paper_101/ablation/results/50508.out,50508
p5_tpsa_mofe_last_selected_kan_conloss,64,0.000018,0.2224,logged_terminal_batch_composite_loss,1039.0,66722.2,paper_101/ablation/results/50508.out,50508
p5_tpsa_mofe_last_selected_kan_conloss,65,0.000018,0.2121,logged_terminal_batch_composite_loss,1059.8,67782.0,paper_101/ablation/results/50508.out,50508
p5_tpsa_mofe_last_selected_kan_conloss,66,0.000017,0.2510,logged_terminal_batch_composite_loss,1060.6,68842.6,paper_101/ablation/results/50508.out,50508
p5_tpsa_mofe_last_selected_kan_conloss,67,0.000017,0.1931,logged_terminal_batch_composite_loss,1062.5,69905.1,paper_101/ablation/results/50508.out,50508
p5_tpsa_mofe_last_selected_kan_conloss,68,0.000017,0.2029,logged_terminal_batch_composite_loss,1062.0,70967.1,paper_101/ablation/results/50508.out,50508
p5_tpsa_mofe_last_selected_kan_conloss,69,0.000017,0.1906,logged_terminal_batch_composite_loss,1061.5,72028.6,paper_101/ablation/results/50508.out,50508
p5_tpsa_mofe_last_selected_kan_conloss,70,0.000017,0.1698,logged_terminal_batch_composite_loss,1057.9,73086.5,paper_101/ablation/results/50508.out,50508
p5_tpsa_mofe_last_selected_kan_conloss,71,0.000017,0.1741,logged_terminal_batch_composite_loss,1058.8,74145.5,paper_101/ablation/results/50508.out,50508
p5_tpsa_mofe_last_selected_kan_conloss,72,0.000017,0.2032,logged_terminal_batch_composite_loss,1061.8,75207.3,paper_101/ablation/results/50508.out,50508
p5_tpsa_mofe_last_selected_kan_conloss,73,0.000017,0.1839,logged_terminal_batch_composite_loss,1060.2,76267.5,paper_101/ablation/results/50508.out,50508
p5_tpsa_mofe_last_selected_kan_conloss,74,0.000016,0.1803,logged_terminal_batch_composite_loss,1016.8,77284.3,paper_101/ablation/results/50508.out,50508
p5_tpsa_mofe_last_selected_kan_conloss,75,0.000016,0.2070,logged_terminal_batch_composite_loss,1008.6,78292.9,paper_101/ablation/results/50508.out,50508
p5_tpsa_mofe_last_selected_kan_conloss,76,0.000016,0.1741,logged_terminal_batch_composite_loss,1013.6,79306.5,paper_101/ablation/results/50508.out,50508
p5_tpsa_mofe_last_selected_kan_conloss,77,0.000016,0.1678,logged_terminal_batch_composite_loss,1050.2,80356.7,paper_101/ablation/results/50508.out,50508
p5_tpsa_mofe_last_selected_kan_conloss,78,0.000016,0.2019,logged_terminal_batch_composite_loss,1048.9,81405.7,paper_101/ablation/results/50508.out,50508
p5_tpsa_mofe_last_selected_kan_conloss,79,0.000016,0.2012,logged_terminal_batch_composite_loss,1050.8,82456.5,paper_101/ablation/results/50508.out,50508
p5_tpsa_mofe_last_selected_kan_conloss,80,0.000016,0.1831,logged_terminal_batch_composite_loss,1051.2,83507.7,paper_101/ablation/results/50508.out,50508
p5_tpsa_mofe_last_selected_kan_conloss,81,0.000016,0.1870,logged_terminal_batch_composite_loss,1051.8,84559.5,paper_101/ablation/results/50508.out,50508
p5_tpsa_mofe_last_selected_kan_conloss,82,0.000016,0.1788,logged_terminal_batch_composite_loss,1051.0,85610.5,paper_101/ablation/results/50508.out,50508
p5_tpsa_mofe_last_selected_kan_conloss,83,0.000016,0.1906,logged_terminal_batch_composite_loss,1053.0,86663.5,paper_101/ablation/results/50508.out,50508
p5_tpsa_mofe_last_selected_kan_conloss,84,0.000015,0.2113,logged_terminal_batch_composite_loss,1050.8,87714.3,paper_101/ablation/results/50508.out,50508
p5_tpsa_mofe_last_selected_kan_conloss,85,0.000015,0.1624,logged_terminal_batch_composite_loss,1052.4,88766.7,paper_101/ablation/results/50508.out,50508
p5_tpsa_mofe_last_selected_kan_conloss,86,0.000015,0.1929,logged_terminal_batch_composite_loss,1053.0,89819.8,paper_101/ablation/results/50508.out,50508
p5_tpsa_mofe_last_selected_kan_conloss,87,0.000015,0.2016,logged_terminal_batch_composite_loss,1040.0,90859.9,paper_101/ablation/results/50508.out,50508
p5_tpsa_mofe_last_selected_kan_conloss,88,0.000015,0.1693,logged_terminal_batch_composite_loss,1027.7,91887.6,paper_101/ablation/results/50508.out,50508
p5_tpsa_mofe_last_selected_kan_conloss,89,0.000015,0.1594,logged_terminal_batch_composite_loss,1027.0,92914.6,paper_101/ablation/results/50508.out,50508
p5_tpsa_mofe_last_selected_kan_conloss,90,0.000015,0.2079,logged_terminal_batch_composite_loss,1031.7,93946.3,paper_101/ablation/results/50508.out,50508
p5_tpsa_mofe_last_selected_kan_conloss,91,0.000015,0.2072,logged_terminal_batch_composite_loss,1052.1,94998.4,paper_101/ablation/results/50508.out,50508
p5_tpsa_mofe_last_selected_kan_conloss,92,0.000015,0.1961,logged_terminal_batch_composite_loss,1038.0,96036.5,paper_101/ablation/results/50508.out,50508
p5_tpsa_mofe_last_selected_kan_conloss,93,0.000015,0.1879,logged_terminal_batch_composite_loss,1040.0,97076.5,paper_101/ablation/results/50508.out,50508
p5_tpsa_mofe_last_selected_kan_conloss,94,0.000015,0.1597,logged_terminal_batch_composite_loss,1050.8,98127.3,paper_101/ablation/results/50508.out,50508
p5_tpsa_mofe_last_selected_kan_conloss,95,0.000015,0.1835,logged_terminal_batch_composite_loss,1050.1,99177.5,paper_101/ablation/results/50508.out,50508
p5_tpsa_mofe_last_selected_kan_conloss,96,0.000014,0.1981,logged_terminal_batch_composite_loss,1042.4,100219.9,paper_101/ablation/results/50508.out,50508
p5_tpsa_mofe_last_selected_kan_conloss,97,0.000014,0.1873,logged_terminal_batch_composite_loss,1019.7,101239.5,paper_101/ablation/results/50508.out,50508
p5_tpsa_mofe_last_selected_kan_conloss,98,0.000014,0.1622,logged_terminal_batch_composite_loss,1020.7,102260.3,paper_101/ablation/results/50508.out,50508
p5_tpsa_mofe_last_selected_kan_conloss,99,0.000014,0.2086,logged_terminal_batch_composite_loss,1022.1,103282.3,paper_101/ablation/results/50508.out,50508
p5_tpsa_mofe_last_selected_kan_conloss,100,0.000014,0.1923,logged_terminal_batch_composite_loss,1022.2,104304.5,paper_101/ablation/results/50508.out,50508
p5_tpsa_mofe_last_selected_kan_conloss,101,0.000014,0.1836,logged_terminal_batch_composite_loss,1022.5,105327.0,paper_101/ablation/results/50508.out,50508
p5_tpsa_mofe_last_selected_kan_conloss,102,0.000014,0.2004,logged_terminal_batch_composite_loss,1020.0,106347.0,paper_101/ablation/results/50508.out,50508
p5_tpsa_mofe_last_selected_kan_conloss,103,0.000014,0.2018,logged_terminal_batch_composite_loss,1020.9,107367.9,paper_101/ablation/results/50508.out,50508
p5_tpsa_mofe_last_selected_kan_conloss,104,0.000014,0.2107,logged_terminal_batch_composite_loss,1024.0,108392.0,paper_101/ablation/results/50508.out,50508
p5_tpsa_mofe_last_selected_kan_conloss,105,0.000014,0.1741,logged_terminal_batch_composite_loss,1021.8,109413.7,paper_101/ablation/results/50508.out,50508
p5_tpsa_mofe_last_selected_kan_conloss,106,0.000014,0.2140,logged_terminal_batch_composite_loss,1021.7,110435.4,paper_101/ablation/results/50508.out,50508
p5_tpsa_mofe_last_selected_kan_conloss,107,0.000014,0.1729,logged_terminal_batch_composite_loss,1023.2,111458.7,paper_101/ablation/results/50508.out,50508
p5_tpsa_mofe_last_selected_kan_conloss,108,0.000014,0.2072,logged_terminal_batch_composite_loss,1022.0,112480.7,paper_101/ablation/results/50508.out,50508
p5_tpsa_mofe_last_selected_kan_conloss,109,0.000014,0.1904,logged_terminal_batch_composite_loss,1023.8,113504.5,paper_101/ablation/results/50508.out,50508
p5_tpsa_mofe_last_selected_kan_conloss,110,0.000013,0.1716,logged_terminal_batch_composite_loss,1022.9,114527.4,paper_101/ablation/results/50508.out,50508
p5_tpsa_mofe_last_selected_kan_conloss,111,0.000013,0.1819,logged_terminal_batch_composite_loss,1023.0,115550.4,paper_101/ablation/results/50508.out,50508
p5_tpsa_mofe_last_selected_kan_conloss,112,0.000013,0.1646,logged_terminal_batch_composite_loss,1021.6,116572.0,paper_101/ablation/results/50508.out,50508
p5_tpsa_mofe_last_selected_kan_conloss,113,0.000013,0.1680,logged_terminal_batch_composite_loss,1024.2,117596.3,paper_101/ablation/results/50508.out,50508
p5_tpsa_mofe_last_selected_kan_conloss,114,0.000013,0.1544,logged_terminal_batch_composite_loss,1022.5,118618.8,paper_101/ablation/results/50508.out,50508
p5_tpsa_mofe_last_selected_kan_conloss,115,0.000013,0.1605,logged_terminal_batch_composite_loss,1023.4,119642.3,paper_101/ablation/results/50508.out,50508
p5_tpsa_mofe_last_selected_kan_conloss,116,0.000013,0.1621,logged_terminal_batch_composite_loss,1023.2,120665.5,paper_101/ablation/results/50508.out,50508
p5_tpsa_mofe_last_selected_kan_conloss,117,0.000013,0.2059,logged_terminal_batch_composite_loss,1022.1,121687.6,paper_101/ablation/results/50508.out,50508
p5_tpsa_mofe_last_selected_kan_conloss,118,0.000013,0.1950,logged_terminal_batch_composite_loss,1021.5,122709.2,paper_101/ablation/results/50508.out,50508
p5_tpsa_mofe_last_selected_kan_conloss,119,0.000013,0.1962,logged_terminal_batch_composite_loss,1020.2,123729.3,paper_101/ablation/results/50508.out,50508
p5_tpsa_mofe_last_selected_kan_conloss,120,0.000013,0.1589,logged_terminal_batch_composite_loss,1021.3,124750.7,paper_101/ablation/results/50508.out,50508
p5_tpsa_mofe_last_selected_kan_conloss,121,0.000013,0.1618,logged_terminal_batch_composite_loss,1022.8,125773.4,paper_101/ablation/results/50508.out,50508
p5_tpsa_mofe_last_selected_kan_conloss,122,0.000013,0.1912,logged_terminal_batch_composite_loss,1020.8,126794.2,paper_101/ablation/results/50508.out,50508
p5_tpsa_mofe_last_selected_kan_conloss,123,0.000013,0.1865,logged_terminal_batch_composite_loss,1022.0,127816.2,paper_101/ablation/results/50508.out,50508
p5_tpsa_mofe_last_selected_kan_conloss,124,0.000013,0.2222,logged_terminal_batch_composite_loss,1022.7,128838.9,paper_101/ablation/results/50508.out,50508
p5_tpsa_mofe_last_selected_kan_conloss,125,0.000013,0.2013,logged_terminal_batch_composite_loss,1019.9,129858.8,paper_101/ablation/results/50508.out,50508
p5_tpsa_mofe_last_selected_kan_conloss,126,0.000013,0.2119,logged_terminal_batch_composite_loss,1022.5,130881.3,paper_101/ablation/results/50508.out,50508
p5_tpsa_mofe_last_selected_kan_conloss,127,0.000013,0.1926,logged_terminal_batch_composite_loss,1023.6,131904.9,paper_101/ablation/results/50508.out,50508
p5_tpsa_mofe_last_selected_kan_conloss,128,0.000013,0.1674,logged_terminal_batch_composite_loss,1021.6,132926.5,paper_101/ablation/results/50508.out,50508
p5_tpsa_mofe_last_selected_kan_conloss,129,0.000012,0.1381,logged_terminal_batch_composite_loss,1028.2,133954.7,paper_101/ablation/results/50508.out,50508
p5_tpsa_mofe_last_selected_kan_conloss,130,0.000012,0.1636,logged_terminal_batch_composite_loss,1029.5,134984.3,paper_101/ablation/results/50508.out,50508
p5_tpsa_mofe_last_selected_kan_conloss,131,0.000012,0.1744,logged_terminal_batch_composite_loss,1031.7,136015.9,paper_101/ablation/results/50508.out,50508
p5_tpsa_mofe_last_selected_kan_conloss,132,0.000012,0.1920,logged_terminal_batch_composite_loss,1031.5,137047.5,paper_101/ablation/results/50508.out,50508
p5_tpsa_mofe_last_selected_kan_conloss,133,0.000012,0.1592,logged_terminal_batch_composite_loss,1030.4,138077.8,paper_101/ablation/results/50508.out,50508
p5_tpsa_mofe_last_selected_kan_conloss,134,0.000012,0.1840,logged_terminal_batch_composite_loss,1030.9,139108.7,paper_101/ablation/results/50508.out,50508
p5_tpsa_mofe_last_selected_kan_conloss,135,0.000012,0.1796,logged_terminal_batch_composite_loss,1026.4,140135.1,paper_101/ablation/results/50508.out,50508
p5_tpsa_mofe_last_selected_kan_conloss,136,0.000012,0.1514,logged_terminal_batch_composite_loss,1020.4,141155.5,paper_101/ablation/results/50508.out,50508
p5_tpsa_mofe_last_selected_kan_conloss,137,0.000012,0.1740,logged_terminal_batch_composite_loss,1010.0,142165.5,paper_101/ablation/results/50508.out,50508
p5_tpsa_mofe_last_selected_kan_conloss,138,0.000012,0.1729,logged_terminal_batch_composite_loss,1009.0,143174.5,paper_101/ablation/results/50508.out,50508
p5_tpsa_mofe_last_selected_kan_conloss,139,0.000012,0.1510,logged_terminal_batch_composite_loss,1009.6,144184.1,paper_101/ablation/results/50508.out,50508
p5_tpsa_mofe_last_selected_kan_conloss,140,0.000012,0.1647,logged_terminal_batch_composite_loss,1010.1,145194.2,paper_101/ablation/results/50508.out,50508
p5_tpsa_mofe_last_selected_kan_conloss,141,0.000012,0.1972,logged_terminal_batch_composite_loss,1009.0,146203.2,paper_101/ablation/results/50508.out,50508
p5_tpsa_mofe_last_selected_kan_conloss,142,0.000012,0.1558,logged_terminal_batch_composite_loss,1009.5,147212.7,paper_101/ablation/results/50508.out,50508
p5_tpsa_mofe_last_selected_kan_conloss,143,0.000012,0.1788,logged_terminal_batch_composite_loss,1010.4,148223.1,paper_101/ablation/results/50508.out,50508
p5_tpsa_mofe_last_selected_kan_conloss,144,0.000012,0.1776,logged_terminal_batch_composite_loss,1010.3,149233.4,paper_101/ablation/results/50508.out,50508
p5_tpsa_mofe_last_selected_kan_conloss,145,0.000012,0.1589,logged_terminal_batch_composite_loss,1010.3,150243.8,paper_101/ablation/results/50508.out,50508
p5_tpsa_mofe_last_selected_kan_conloss,146,0.000012,0.1881,logged_terminal_batch_composite_loss,1009.3,151253.1,paper_101/ablation/results/50508.out,50508
p5_tpsa_mofe_last_selected_kan_conloss,147,0.000012,0.2059,logged_terminal_batch_composite_loss,1009.8,152262.9,paper_101/ablation/results/50508.out,50508
p5_tpsa_mofe_last_selected_kan_conloss,148,0.000012,0.1853,logged_terminal_batch_composite_loss,1010.3,153273.2,paper_101/ablation/results/50508.out,50508
p5_tpsa_mofe_last_selected_kan_conloss,149,0.000012,0.1822,logged_terminal_batch_composite_loss,1009.8,154283.0,paper_101/ablation/results/50508.out,50508
p5_tpsa_mofe_last_selected_kan_conloss,150,0.000012,0.1500,logged_terminal_batch_composite_loss,1009.0,155292.0,paper_101/ablation/results/50508.out,50508
p5_tpsa_mofe_last_selected_kan_conloss,151,0.000012,0.1840,logged_terminal_batch_composite_loss,1009.0,156301.0,paper_101/ablation/results/50508.out,50508
p5_tpsa_mofe_last_selected_kan_conloss,152,0.000011,0.1686,logged_terminal_batch_composite_loss,1009.0,157310.0,paper_101/ablation/results/50508.out,50508
p5_tpsa_mofe_last_selected_kan_conloss,153,0.000011,0.1642,logged_terminal_batch_composite_loss,1009.4,158319.4,paper_101/ablation/results/50508.out,50508
p5_tpsa_mofe_last_selected_kan_conloss,154,0.000011,0.2061,logged_terminal_batch_composite_loss,1009.3,159328.7,paper_101/ablation/results/50508.out,50508
p5_tpsa_mofe_last_selected_kan_conloss,155,0.000011,0.2060,logged_terminal_batch_composite_loss,1009.4,160338.1,paper_101/ablation/results/50508.out,50508
p5_tpsa_mofe_last_selected_kan_conloss,156,0.000011,0.2016,logged_terminal_batch_composite_loss,1009.5,161347.6,paper_101/ablation/results/50508.out,50508
p5_tpsa_mofe_last_selected_kan_conloss,157,0.000011,0.1949,logged_terminal_batch_composite_loss,1010.0,162357.6,paper_101/ablation/results/50508.out,50508
p5_tpsa_mofe_last_selected_kan_conloss,158,0.000011,0.1784,logged_terminal_batch_composite_loss,1031.9,163389.5,paper_101/ablation/results/50508.out,50508
p5_tpsa_mofe_last_selected_kan_conloss,159,0.000011,0.1794,logged_terminal_batch_composite_loss,1040.6,164430.0,paper_101/ablation/results/50508.out,50508
p5_tpsa_mofe_last_selected_kan_conloss,160,0.000011,0.1707,logged_terminal_batch_composite_loss,1040.2,165470.2,paper_101/ablation/results/50508.out,50508
p5_tpsa_mofe_last_selected_kan_conloss,161,0.000011,0.1659,logged_terminal_batch_composite_loss,1040.5,166510.8,paper_101/ablation/results/50508.out,50508
p5_tpsa_mofe_last_selected_kan_conloss,162,0.000011,0.1623,logged_terminal_batch_composite_loss,1038.7,167549.4,paper_101/ablation/results/50508.out,50508
p5_tpsa_mofe_last_selected_kan_conloss,163,0.000011,0.1825,logged_terminal_batch_composite_loss,1039.7,168589.2,paper_101/ablation/results/50508.out,50508
p5_tpsa_mofe_last_selected_kan_conloss,164,0.000011,0.1947,logged_terminal_batch_composite_loss,1039.8,169629.0,paper_101/ablation/results/50508.out,50508
p5_tpsa_mofe_last_selected_kan_conloss,165,0.000011,0.1741,logged_terminal_batch_composite_loss,1035.8,170664.8,paper_101/ablation/results/50508.out,50508
p5_tpsa_mofe_last_selected_kan_conloss,166,0.000011,0.2207,logged_terminal_batch_composite_loss,1034.3,171699.2,paper_101/ablation/results/50508.out,50508
p5_tpsa_mofe_last_selected_kan_conloss,167,0.000011,0.1735,logged_terminal_batch_composite_loss,1040.2,172739.3,paper_101/ablation/results/50508.out,50508
p5_tpsa_mofe_last_selected_kan_conloss,168,0.000011,0.1647,logged_terminal_batch_composite_loss,1040.4,173779.7,paper_101/ablation/results/50508.out,50508
p5_tpsa_mofe_last_selected_kan_conloss,169,0.000011,0.2003,logged_terminal_batch_composite_loss,1040.2,174819.9,paper_101/ablation/results/50508.out,50508
p5_tpsa_mofe_last_selected_kan_conloss,170,0.000011,0.1698,logged_terminal_batch_composite_loss,1040.3,175860.2,paper_101/ablation/results/50508.out,50508
p5_tpsa_mofe_last_selected_kan_conloss,171,0.000011,0.1976,logged_terminal_batch_composite_loss,1041.6,176901.9,paper_101/ablation/results/50508.out,50508
p5_tpsa_mofe_last_selected_kan_conloss,172,0.000011,0.1895,logged_terminal_batch_composite_loss,1039.6,177941.4,paper_101/ablation/results/50508.out,50508
p5_tpsa_mofe_last_selected_kan_conloss,173,0.000011,0.1842,logged_terminal_batch_composite_loss,1038.0,178979.4,paper_101/ablation/results/50508.out,50508
p5_tpsa_mofe_last_selected_kan_conloss,174,0.000011,0.1645,logged_terminal_batch_composite_loss,1040.4,180019.9,paper_101/ablation/results/50508.out,50508
p5_tpsa_mofe_last_selected_kan_conloss,175,0.000011,0.1774,logged_terminal_batch_composite_loss,1042.2,181062.1,paper_101/ablation/results/50508.out,50508
p5_tpsa_mofe_last_selected_kan_conloss,176,0.000011,0.1942,logged_terminal_batch_composite_loss,1042.4,182104.5,paper_101/ablation/results/50508.out,50508
p5_tpsa_mofe_last_selected_kan_conloss,177,0.000011,0.1637,logged_terminal_batch_composite_loss,1041.9,183146.4,paper_101/ablation/results/50508.out,50508
p5_tpsa_mofe_last_selected_kan_conloss,178,0.000011,0.1680,logged_terminal_batch_composite_loss,1043.0,184189.4,paper_101/ablation/results/50508.out,50508
p5_tpsa_mofe_last_selected_kan_conloss,179,0.000011,0.1675,logged_terminal_batch_composite_loss,1042.0,185231.4,paper_101/ablation/results/50508.out,50508
p5_tpsa_mofe_last_selected_kan_conloss,180,0.000011,0.1619,logged_terminal_batch_composite_loss,1012.9,186244.2,paper_101/ablation/results/50508.out,50508
p5_tpsa_mofe_last_selected_kan_conloss,181,0.000011,0.1636,logged_terminal_batch_composite_loss,1009.6,187253.8,paper_101/ablation/results/50508.out,50508
p5_tpsa_mofe_last_selected_kan_conloss,182,0.000010,0.1835,logged_terminal_batch_composite_loss,1010.0,188263.8,paper_101/ablation/results/50508.out,50508
p5_tpsa_mofe_last_selected_kan_conloss,183,0.000010,0.1725,logged_terminal_batch_composite_loss,1009.9,189273.7,paper_101/ablation/results/50508.out,50508
p5_tpsa_mofe_last_selected_kan_conloss,184,0.000010,0.1762,logged_terminal_batch_composite_loss,1010.7,190284.4,paper_101/ablation/results/50508.out,50508
p5_tpsa_mofe_last_selected_kan_conloss,185,0.000010,0.1725,logged_terminal_batch_composite_loss,1010.7,191295.1,paper_101/ablation/results/50508.out,50508
p5_tpsa_mofe_last_selected_kan_conloss,186,0.000010,0.1637,logged_terminal_batch_composite_loss,1031.1,192326.2,paper_101/ablation/results/50508.out,50508
p5_tpsa_mofe_last_selected_kan_conloss,187,0.000010,0.2045,logged_terminal_batch_composite_loss,1028.1,193354.3,paper_101/ablation/results/50508.out,50508
p5_tpsa_mofe_last_selected_kan_conloss,188,0.000010,0.1637,logged_terminal_batch_composite_loss,1032.2,194386.5,paper_101/ablation/results/50508.out,50508
p5_tpsa_mofe_last_selected_kan_conloss,189,0.000010,0.1776,logged_terminal_batch_composite_loss,1027.1,195413.6,paper_101/ablation/results/50508.out,50508
p5_tpsa_mofe_last_selected_kan_conloss,190,0.000010,0.1884,logged_terminal_batch_composite_loss,1030.3,196443.9,paper_101/ablation/results/50508.out,50508
p5_tpsa_mofe_last_selected_kan_conloss,191,0.000010,0.1641,logged_terminal_batch_composite_loss,1033.8,197477.8,paper_101/ablation/results/50508.out,50508
p5_tpsa_mofe_last_selected_kan_conloss,192,0.000010,0.1762,logged_terminal_batch_composite_loss,1036.1,198513.8,paper_101/ablation/results/50508.out,50508
p5_tpsa_mofe_last_selected_kan_conloss,193,0.000010,0.2009,logged_terminal_batch_composite_loss,1037.9,199551.7,paper_101/ablation/results/50508.out,50508
p5_tpsa_mofe_last_selected_kan_conloss,194,0.000010,0.1534,logged_terminal_batch_composite_loss,1036.7,200588.4,paper_101/ablation/results/50508.out,50508
p5_tpsa_mofe_last_selected_kan_conloss,195,0.000010,0.1704,logged_terminal_batch_composite_loss,1038.5,201626.9,paper_101/ablation/results/50508.out,50508
p5_tpsa_mofe_last_selected_kan_conloss,196,0.000010,0.2000,logged_terminal_batch_composite_loss,1040.5,202667.4,paper_101/ablation/results/50508.out,50508
p5_tpsa_mofe_last_selected_kan_conloss,197,0.000010,0.1967,logged_terminal_batch_composite_loss,1039.4,203706.8,paper_101/ablation/results/50508.out,50508
p5_tpsa_mofe_last_selected_kan_conloss,198,0.000010,0.1644,logged_terminal_batch_composite_loss,1037.8,204744.7,paper_101/ablation/results/50508.out,50508
p5_tpsa_mofe_last_selected_kan_conloss,199,0.000010,0.1651,logged_terminal_batch_composite_loss,1033.0,205777.6,paper_101/ablation/results/50508.out,50508
p5_tpsa_mofe_last_selected_kan_conloss,200,0.000010,0.1655,logged_terminal_batch_composite_loss,1033.2,206810.9,paper_101/ablation/results/50508.out,50508
p5_tpsa_mofe_last_selected_kan_conloss,201,0.000010,0.1646,logged_terminal_batch_composite_loss,1030.8,207841.7,paper_101/ablation/results/50508.out,50508
p5_tpsa_mofe_last_selected_kan_conloss,202,0.000010,0.2023,logged_terminal_batch_composite_loss,1032.0,208873.7,paper_101/ablation/results/50508.out,50508
p5_tpsa_mofe_last_selected_kan_conloss,203,0.000010,0.1805,logged_terminal_batch_composite_loss,1033.0,209906.8,paper_101/ablation/results/50508.out,50508
p5_tpsa_mofe_last_selected_kan_conloss,204,0.000010,0.2010,logged_terminal_batch_composite_loss,1032.0,210938.8,paper_101/ablation/results/50508.out,50508
p5_tpsa_mofe_last_selected_kan_conloss,205,0.000010,0.1752,logged_terminal_batch_composite_loss,1031.8,211970.5,paper_101/ablation/results/50508.out,50508
p5_tpsa_mofe_last_selected_kan_conloss,206,0.000010,0.1796,logged_terminal_batch_composite_loss,1031.6,213002.2,paper_101/ablation/results/50508.out,50508
p5_tpsa_mofe_last_selected_kan_conloss,207,0.000010,0.1738,logged_terminal_batch_composite_loss,1033.0,214035.2,paper_101/ablation/results/50508.out,50508
p5_tpsa_mofe_last_selected_kan_conloss,208,0.000010,0.2095,logged_terminal_batch_composite_loss,1030.6,215065.8,paper_101/ablation/results/50508.out,50508
p5_tpsa_mofe_last_selected_kan_conloss,209,0.000010,0.1703,logged_terminal_batch_composite_loss,1033.5,216099.3,paper_101/ablation/results/50508.out,50508
p5_tpsa_mofe_last_selected_kan_conloss,210,0.000010,0.2371,logged_terminal_batch_composite_loss,1032.7,217132.0,paper_101/ablation/results/50508.out,50508
p5_tpsa_mofe_last_selected_kan_conloss,211,0.000010,0.1824,logged_terminal_batch_composite_loss,1031.9,218164.0,paper_101/ablation/results/50508.out,50508
p5_tpsa_mofe_last_selected_kan_conloss,212,0.000010,0.1938,logged_terminal_batch_composite_loss,1030.9,219194.9,paper_101/ablation/results/50508.out,50508
p5_tpsa_mofe_last_selected_kan_conloss,213,0.000010,0.1742,logged_terminal_batch_composite_loss,1032.1,220227.0,paper_101/ablation/results/50508.out,50508
p5_tpsa_mofe_last_selected_kan_conloss,214,0.000010,0.1744,logged_terminal_batch_composite_loss,1029.7,221256.7,paper_101/ablation/results/50508.out,50508
p5_tpsa_mofe_last_selected_kan_conloss,215,0.000010,0.1722,logged_terminal_batch_composite_loss,1030.8,222287.5,paper_101/ablation/results/50508.out,50508
p5_tpsa_mofe_last_selected_kan_conloss,216,0.000010,0.1759,logged_terminal_batch_composite_loss,1030.0,223317.5,paper_101/ablation/results/50508.out,50508
p5_tpsa_mofe_last_selected_kan_conloss,217,0.000010,0.1528,logged_terminal_batch_composite_loss,1031.2,224348.7,paper_101/ablation/results/50508.out,50508
p5_tpsa_mofe_last_selected_kan_conloss,218,0.000010,0.1704,logged_terminal_batch_composite_loss,1031.2,225379.9,paper_101/ablation/results/50508.out,50508
p5_tpsa_mofe_last_selected_kan_conloss,219,0.000010,0.1748,logged_terminal_batch_composite_loss,1033.9,226413.8,paper_101/ablation/results/50508.out,50508
p5_tpsa_mofe_last_selected_kan_conloss,220,0.000010,0.1741,logged_terminal_batch_composite_loss,1026.0,227439.8,paper_101/ablation/results/50508.out,50508
p5_tpsa_mofe_last_selected_kan_conloss,221,0.000010,0.1656,logged_terminal_batch_composite_loss,1026.5,228466.2,paper_101/ablation/results/50508.out,50508
p5_tpsa_mofe_last_selected_kan_conloss,222,0.000009,0.1574,logged_terminal_batch_composite_loss,1026.8,229493.0,paper_101/ablation/results/50508.out,50508
p5_tpsa_mofe_last_selected_kan_conloss,223,0.000009,0.1754,logged_terminal_batch_composite_loss,1027.2,230520.2,paper_101/ablation/results/50508.out,50508
p5_tpsa_mofe_last_selected_kan_conloss,224,0.000009,0.1671,logged_terminal_batch_composite_loss,1025.9,231546.1,paper_101/ablation/results/50508.out,50508
p5_tpsa_mofe_last_selected_kan_conloss,225,0.000009,0.1893,logged_terminal_batch_composite_loss,1025.1,232571.1,paper_101/ablation/results/50508.out,50508
p5_tpsa_mofe_last_selected_kan_conloss,226,0.000009,0.1559,logged_terminal_batch_composite_loss,1024.4,233595.5,paper_101/ablation/results/50508.out,50508
p5_tpsa_mofe_last_selected_kan_conloss,227,0.000009,0.1741,logged_terminal_batch_composite_loss,1025.7,234621.2,paper_101/ablation/results/50508.out,50508
p5_tpsa_mofe_last_selected_kan_conloss,228,0.000009,0.1840,logged_terminal_batch_composite_loss,1027.1,235648.3,paper_101/ablation/results/50508.out,50508
p5_tpsa_mofe_last_selected_kan_conloss,229,0.000009,0.1623,logged_terminal_batch_composite_loss,1027.0,236675.3,paper_101/ablation/results/50508.out,50508
p5_tpsa_mofe_last_selected_kan_conloss,230,0.000009,0.1674,logged_terminal_batch_composite_loss,1024.3,237699.7,paper_101/ablation/results/50508.out,50508
p5_tpsa_mofe_last_selected_kan_conloss,231,0.000009,0.1776,logged_terminal_batch_composite_loss,1040.1,238739.7,paper_101/ablation/results/50508.out,50508
p5_tpsa_mofe_last_selected_kan_conloss,232,0.000009,0.1855,logged_terminal_batch_composite_loss,1053.6,239793.4,paper_101/ablation/results/50508.out,50508
p5_tpsa_mofe_last_selected_kan_conloss,233,0.000009,0.1787,logged_terminal_batch_composite_loss,1057.6,240850.9,paper_101/ablation/results/50508.out,50508
p5_tpsa_mofe_last_selected_kan_conloss,234,0.000009,0.1867,logged_terminal_batch_composite_loss,1053.7,241904.6,paper_101/ablation/results/50508.out,50508
p5_tpsa_mofe_last_selected_kan_conloss,235,0.000009,0.2064,logged_terminal_batch_composite_loss,1040.3,242944.9,paper_101/ablation/results/50508.out,50508
p5_tpsa_mofe_last_selected_kan_conloss,236,0.000009,0.1856,logged_terminal_batch_composite_loss,1026.3,243971.2,paper_101/ablation/results/50508.out,50508
p5_tpsa_mofe_last_selected_kan_conloss,237,0.000009,0.1555,logged_terminal_batch_composite_loss,1025.3,244996.5,paper_101/ablation/results/50508.out,50508
p5_tpsa_mofe_last_selected_kan_conloss,238,0.000009,0.1557,logged_terminal_batch_composite_loss,1025.6,246022.0,paper_101/ablation/results/50508.out,50508
p5_tpsa_mofe_last_selected_kan_conloss,239,0.000009,0.2121,logged_terminal_batch_composite_loss,1031.2,247053.2,paper_101/ablation/results/50508.out,50508
p5_tpsa_mofe_last_selected_kan_conloss,240,0.000009,0.1646,logged_terminal_batch_composite_loss,1027.4,248080.7,paper_101/ablation/results/50508.out,50508
p5_tpsa_mofe_last_selected_kan_conloss,241,0.000009,0.1893,logged_terminal_batch_composite_loss,1026.7,249107.3,paper_101/ablation/results/50508.out,50508
p5_tpsa_mofe_last_selected_kan_conloss,242,0.000009,0.1714,logged_terminal_batch_composite_loss,1024.0,250131.3,paper_101/ablation/results/50508.out,50508
p5_tpsa_mofe_last_selected_kan_conloss,243,0.000009,0.1844,logged_terminal_batch_composite_loss,1025.0,251156.4,paper_101/ablation/results/50508.out,50508
p5_tpsa_mofe_last_selected_kan_conloss,244,0.000009,0.1748,logged_terminal_batch_composite_loss,1049.3,252205.6,paper_101/ablation/results/50508.out,50508
p5_tpsa_mofe_last_selected_kan_conloss,245,0.000009,0.1811,logged_terminal_batch_composite_loss,1064.7,253270.3,paper_101/ablation/results/50508.out,50508
p5_tpsa_mofe_last_selected_kan_conloss,246,0.000009,0.1668,logged_terminal_batch_composite_loss,1026.8,254297.1,paper_101/ablation/results/50508.out,50508
p5_tpsa_mofe_last_selected_kan_conloss,247,0.000009,0.1700,logged_terminal_batch_composite_loss,1027.2,255324.3,paper_101/ablation/results/50508.out,50508
p5_tpsa_mofe_last_selected_kan_conloss,248,0.000009,0.1529,logged_terminal_batch_composite_loss,1029.2,256353.5,paper_101/ablation/results/50508.out,50508
p5_tpsa_mofe_last_selected_kan_conloss,249,0.000009,0.1845,logged_terminal_batch_composite_loss,1027.8,257381.4,paper_101/ablation/results/50508.out,50508
p5_tpsa_mofe_last_selected_kan_conloss,250,0.000009,0.2053,logged_terminal_batch_composite_loss,1028.0,258409.4,paper_101/ablation/results/50508.out,50508
p5_tpsa_mofe_last_selected_kan_conloss,251,0.000009,0.1834,logged_terminal_batch_composite_loss,1028.9,259438.3,paper_101/ablation/results/50508.out,50508
p5_tpsa_mofe_last_selected_kan_conloss,252,0.000009,0.1624,logged_terminal_batch_composite_loss,1028.2,260466.5,paper_101/ablation/results/50508.out,50508
p5_tpsa_mofe_last_selected_kan_conloss,253,0.000009,0.1798,logged_terminal_batch_composite_loss,1027.0,261493.6,paper_101/ablation/results/50508.out,50508
p5_tpsa_mofe_last_selected_kan_conloss,254,0.000009,0.1898,logged_terminal_batch_composite_loss,1026.2,262519.8,paper_101/ablation/results/50508.out,50508
p5_tpsa_mofe_last_selected_kan_conloss,255,0.000009,0.1662,logged_terminal_batch_composite_loss,1026.2,263546.0,paper_101/ablation/results/50508.out,50508
p5_tpsa_mofe_last_selected_kan_conloss,256,0.000009,0.1755,logged_terminal_batch_composite_loss,1036.4,264582.4,paper_101/ablation/results/50508.out,50508
p5_tpsa_mofe_last_selected_kan_conloss,257,0.000009,0.1757,logged_terminal_batch_composite_loss,1057.7,265640.1,paper_101/ablation/results/50508.out,50508
p5_tpsa_mofe_last_selected_kan_conloss,258,0.000009,0.2352,logged_terminal_batch_composite_loss,1055.1,266695.2,paper_101/ablation/results/50508.out,50508
p5_tpsa_mofe_last_selected_kan_conloss,259,0.000009,0.1355,logged_terminal_batch_composite_loss,1042.8,267738.0,paper_101/ablation/results/50508.out,50508
p5_tpsa_mofe_last_selected_kan_conloss,260,0.000009,0.1404,logged_terminal_batch_composite_loss,1033.4,268771.5,paper_101/ablation/results/50508.out,50508
p5_tpsa_mofe_last_selected_kan_conloss,261,0.000009,0.2076,logged_terminal_batch_composite_loss,1034.9,269806.4,paper_101/ablation/results/50508.out,50508
p5_tpsa_mofe_last_selected_kan_conloss,262,0.000009,0.1534,logged_terminal_batch_composite_loss,1033.3,270839.6,paper_101/ablation/results/50508.out,50508
p5_tpsa_mofe_last_selected_kan_conloss,263,0.000009,0.1709,logged_terminal_batch_composite_loss,1040.2,271879.8,paper_101/ablation/results/50508.out,50508
p5_tpsa_mofe_last_selected_kan_conloss,264,0.000009,0.1901,logged_terminal_batch_composite_loss,1041.6,272921.5,paper_101/ablation/results/50508.out,50508
p5_tpsa_mofe_last_selected_kan_conloss,265,0.000009,0.1666,logged_terminal_batch_composite_loss,1038.3,273959.8,paper_101/ablation/results/50508.out,50508
p5_tpsa_mofe_last_selected_kan_conloss,266,0.000009,0.1853,logged_terminal_batch_composite_loss,1046.0,275005.8,paper_101/ablation/results/50508.out,50508
p5_tpsa_mofe_last_selected_kan_conloss,267,0.000009,0.1628,logged_terminal_batch_composite_loss,1036.6,276042.3,paper_101/ablation/results/50508.out,50508
p5_tpsa_mofe_last_selected_kan_conloss,268,0.000009,0.1701,logged_terminal_batch_composite_loss,1042.7,277085.1,paper_101/ablation/results/50508.out,50508
p5_tpsa_mofe_last_selected_kan_conloss,269,0.000009,0.1644,logged_terminal_batch_composite_loss,1028.2,278113.2,paper_101/ablation/results/50508.out,50508
p5_tpsa_mofe_last_selected_kan_conloss,270,0.000009,0.1835,logged_terminal_batch_composite_loss,1027.7,279140.9,paper_101/ablation/results/50508.out,50508
p5_tpsa_mofe_last_selected_kan_conloss,271,0.000009,0.1637,logged_terminal_batch_composite_loss,1027.9,280168.9,paper_101/ablation/results/50508.out,50508
p5_tpsa_mofe_last_selected_kan_conloss,272,0.000009,0.1667,logged_terminal_batch_composite_loss,1034.6,281203.4,paper_101/ablation/results/50508.out,50508
p5_tpsa_mofe_last_selected_kan_conloss,273,0.000009,0.1831,logged_terminal_batch_composite_loss,1035.9,282239.3,paper_101/ablation/results/50508.out,50508
p5_tpsa_mofe_last_selected_kan_conloss,274,0.000009,0.1589,logged_terminal_batch_composite_loss,1034.2,283273.6,paper_101/ablation/results/50508.out,50508
p5_tpsa_mofe_last_selected_kan_conloss,275,0.000009,0.1747,logged_terminal_batch_composite_loss,1036.7,284310.2,paper_101/ablation/results/50508.out,50508
p5_tpsa_mofe_last_selected_kan_conloss,276,0.000009,0.1604,logged_terminal_batch_composite_loss,1033.1,285343.3,paper_101/ablation/results/50508.out,50508
p5_tpsa_mofe_last_selected_kan_conloss,277,0.000008,0.1652,logged_terminal_batch_composite_loss,1033.7,286377.1,paper_101/ablation/results/50508.out,50508
p5_tpsa_mofe_last_selected_kan_conloss,278,0.000008,0.1577,logged_terminal_batch_composite_loss,1031.6,287408.7,paper_101/ablation/results/50508.out,50508
p5_tpsa_mofe_last_selected_kan_conloss,279,0.000008,0.1577,logged_terminal_batch_composite_loss,1036.2,288444.9,paper_101/ablation/results/50508.out,50508
p5_tpsa_mofe_last_selected_kan_conloss,280,0.000008,0.1641,logged_terminal_batch_composite_loss,1034.6,289479.4,paper_101/ablation/results/50508.out,50508
p5_tpsa_mofe_last_selected_kan_conloss,281,0.000008,0.1776,logged_terminal_batch_composite_loss,1042.7,290522.2,paper_101/ablation/results/50508.out,50508
p5_tpsa_mofe_last_selected_kan_conloss,282,0.000008,0.1673,logged_terminal_batch_composite_loss,1046.4,291568.6,paper_101/ablation/results/50508.out,50508
p5_tpsa_mofe_last_selected_kan_conloss,283,0.000008,0.2363,logged_terminal_batch_composite_loss,1042.0,292610.6,paper_101/ablation/results/50508.out,50508
p5_tpsa_mofe_last_selected_kan_conloss,284,0.000008,0.1827,logged_terminal_batch_composite_loss,1039.6,293650.2,paper_101/ablation/results/50508.out,50508
p5_tpsa_mofe_last_selected_kan_conloss,285,0.000008,0.1983,logged_terminal_batch_composite_loss,1041.2,294691.4,paper_101/ablation/results/50508.out,50508
p5_tpsa_mofe_last_selected_kan_conloss,286,0.000008,0.1679,logged_terminal_batch_composite_loss,1040.1,295731.4,paper_101/ablation/results/50508.out,50508
p5_tpsa_mofe_last_selected_kan_conloss,287,0.000008,0.1647,logged_terminal_batch_composite_loss,1038.4,296769.8,paper_101/ablation/results/50508.out,50508
p5_tpsa_mofe_last_selected_kan_conloss,288,0.000008,0.2045,logged_terminal_batch_composite_loss,1037.9,297807.8,paper_101/ablation/results/50508.out,50508
p5_tpsa_mofe_last_selected_kan_conloss,289,0.000008,0.1668,logged_terminal_batch_composite_loss,1036.3,298844.1,paper_101/ablation/results/50508.out,50508
p5_tpsa_mofe_last_selected_kan_conloss,290,0.000008,0.1547,logged_terminal_batch_composite_loss,1037.2,299881.3,paper_101/ablation/results/50508.out,50508
p5_tpsa_mofe_last_selected_kan_conloss,291,0.000008,0.1644,logged_terminal_batch_composite_loss,1037.4,300918.7,paper_101/ablation/results/50508.out,50508
p5_tpsa_mofe_last_selected_kan_conloss,292,0.000008,0.1733,logged_terminal_batch_composite_loss,1037.0,301955.7,paper_101/ablation/results/50508.out,50508
p5_tpsa_mofe_last_selected_kan_conloss,293,0.000008,0.1960,logged_terminal_batch_composite_loss,1038.0,302993.7,paper_101/ablation/results/50508.out,50508
p5_tpsa_mofe_last_selected_kan_conloss,294,0.000008,0.1803,logged_terminal_batch_composite_loss,1039.3,304032.9,paper_101/ablation/results/50508.out,50508
p5_tpsa_mofe_last_selected_kan_conloss,295,0.000008,0.1499,logged_terminal_batch_composite_loss,1039.1,305072.0,paper_101/ablation/results/50508.out,50508
p5_tpsa_mofe_last_selected_kan_conloss,296,0.000008,0.2039,logged_terminal_batch_composite_loss,1040.0,306112.0,paper_101/ablation/results/50508.out,50508
p5_tpsa_mofe_last_selected_kan_conloss,297,0.000008,0.1549,logged_terminal_batch_composite_loss,1038.5,307150.6,paper_101/ablation/results/50508.out,50508
p5_tpsa_mofe_last_selected_kan_conloss,298,0.000008,0.1955,logged_terminal_batch_composite_loss,1036.7,308187.3,paper_101/ablation/results/50508.out,50508
p5_tpsa_mofe_last_selected_kan_conloss,299,0.000008,0.1796,logged_terminal_batch_composite_loss,1041.6,309228.9,paper_101/ablation/results/50508.out,50508
p5_tpsa_mofe_last_selected_kan_conloss,300,0.000008,0.1806,logged_terminal_batch_composite_loss,1046.2,310275.1,paper_101/ablation/results/50508.out,50508
