model,epoch,job_id,seconds_per_epoch_raw,seconds_per_epoch_active,included,exclusion_reason,segment_first_epoch,q1_seconds,q3_seconds,iqr_seconds,upper_outer_fence_seconds,source_log
p2_mofe_ffn_logp_even,1,36956,1053.7000000000,,0,segment_startup,1,1010.1000000000,1059.1000000000,49.0000000000,1206.1000000000,paper_101/ablation/results/36956.out
p2_mofe_ffn_logp_even,2,36956,1056.2000000000,1056.2000000000,1,,1,1010.1000000000,1059.1000000000,49.0000000000,1206.1000000000,paper_101/ablation/results/36956.out
p2_mofe_ffn_logp_even,3,36956,1057.7000000000,1057.7000000000,1,,1,1010.1000000000,1059.1000000000,49.0000000000,1206.1000000000,paper_101/ablation/results/36956.out
p2_mofe_ffn_logp_even,4,36956,1058.5000000000,1058.5000000000,1,,1,1010.1000000000,1059.1000000000,49.0000000000,1206.1000000000,paper_101/ablation/results/36956.out
p2_mofe_ffn_logp_even,5,36956,1058.1000000000,1058.1000000000,1,,1,1010.1000000000,1059.1000000000,49.0000000000,1206.1000000000,paper_101/ablation/results/36956.out
p2_mofe_ffn_logp_even,6,36956,1059.2000000000,1059.2000000000,1,,1,1010.1000000000,1059.1000000000,49.0000000000,1206.1000000000,paper_101/ablation/results/36956.out
p2_mofe_ffn_logp_even,7,36956,1059.8000000000,1059.8000000000,1,,1,1010.1000000000,1059.1000000000,49.0000000000,1206.1000000000,paper_101/ablation/results/36956.out
p2_mofe_ffn_logp_even,8,36956,1059.7000000000,1059.7000000000,1,,1,1010.1000000000,1059.1000000000,49.0000000000,1206.1000000000,paper_101/ablation/results/36956.out
p2_mofe_ffn_logp_even,9,36956,1059.8000000000,1059.8000000000,1,,1,1010.1000000000,1059.1000000000,49.0000000000,1206.1000000000,paper_101/ablation/results/36956.out
p2_mofe_ffn_logp_even,10,36956,1060.6000000000,1060.6000000000,1,,1,1010.1000000000,1059.1000000000,49.0000000000,1206.1000000000,paper_101/ablation/results/36956.out
p2_mofe_ffn_logp_even,11,36956,1058.8000000000,1058.8000000000,1,,1,1010.1000000000,1059.1000000000,49.0000000000,1206.1000000000,paper_101/ablation/results/36956.out
p2_mofe_ffn_logp_even,12,36956,1059.0000000000,1059.0000000000,1,,1,1010.1000000000,1059.1000000000,49.0000000000,1206.1000000000,paper_101/ablation/results/36956.out
p2_mofe_ffn_logp_even,13,36956,1060.3000000000,1060.3000000000,1,,1,1010.1000000000,1059.1000000000,49.0000000000,1206.1000000000,paper_101/ablation/results/36956.out
p2_mofe_ffn_logp_even,14,36956,1058.6000000000,1058.6000000000,1,,1,1010.1000000000,1059.1000000000,49.0000000000,1206.1000000000,paper_101/ablation/results/36956.out
p2_mofe_ffn_logp_even,15,36956,1059.5000000000,1059.5000000000,1,,1,1010.1000000000,1059.1000000000,49.0000000000,1206.1000000000,paper_101/ablation/results/36956.out
p2_mofe_ffn_logp_even,16,36956,1060.5000000000,1060.5000000000,1,,1,1010.1000000000,1059.1000000000,49.0000000000,1206.1000000000,paper_101/ablation/results/36956.out
p2_mofe_ffn_logp_even,17,36956,1059.6000000000,1059.6000000000,1,,1,1010.1000000000,1059.1000000000,49.0000000000,1206.1000000000,paper_101/ablation/results/36956.out
p2_mofe_ffn_logp_even,18,36956,1059.0000000000,1059.0000000000,1,,1,1010.1000000000,1059.1000000000,49.0000000000,1206.1000000000,paper_101/ablation/results/36956.out
p2_mofe_ffn_logp_even,19,36956,1059.7000000000,1059.7000000000,1,,1,1010.1000000000,1059.1000000000,49.0000000000,1206.1000000000,paper_101/ablation/results/36956.out
p2_mofe_ffn_logp_even,20,36956,1059.3000000000,1059.3000000000,1,,1,1010.1000000000,1059.1000000000,49.0000000000,1206.1000000000,paper_101/ablation/results/36956.out
p2_mofe_ffn_logp_even,21,36956,1059.9000000000,1059.9000000000,1,,1,1010.1000000000,1059.1000000000,49.0000000000,1206.1000000000,paper_101/ablation/results/36956.out
p2_mofe_ffn_logp_even,22,36956,1060.4000000000,1060.4000000000,1,,1,1010.1000000000,1059.1000000000,49.0000000000,1206.1000000000,paper_101/ablation/results/36956.out
p2_mofe_ffn_logp_even,23,36956,1059.4000000000,1059.4000000000,1,,1,1010.1000000000,1059.1000000000,49.0000000000,1206.1000000000,paper_101/ablation/results/36956.out
p2_mofe_ffn_logp_even,24,36956,1059.8000000000,1059.8000000000,1,,1,1010.1000000000,1059.1000000000,49.0000000000,1206.1000000000,paper_101/ablation/results/36956.out
p2_mofe_ffn_logp_even,25,36956,1057.8000000000,1057.8000000000,1,,1,1010.1000000000,1059.1000000000,49.0000000000,1206.1000000000,paper_101/ablation/results/36956.out
p2_mofe_ffn_logp_even,26,36956,1061.8000000000,1061.8000000000,1,,1,1010.1000000000,1059.1000000000,49.0000000000,1206.1000000000,paper_101/ablation/results/36956.out
p2_mofe_ffn_logp_even,27,36956,1065.0000000000,1065.0000000000,1,,1,1010.1000000000,1059.1000000000,49.0000000000,1206.1000000000,paper_101/ablation/results/36956.out
p2_mofe_ffn_logp_even,28,36956,1062.8000000000,1062.8000000000,1,,1,1010.1000000000,1059.1000000000,49.0000000000,1206.1000000000,paper_101/ablation/results/36956.out
p2_mofe_ffn_logp_even,29,36956,1063.0000000000,1063.0000000000,1,,1,1010.1000000000,1059.1000000000,49.0000000000,1206.1000000000,paper_101/ablation/results/36956.out
p2_mofe_ffn_logp_even,30,36956,1065.1000000000,1065.1000000000,1,,1,1010.1000000000,1059.1000000000,49.0000000000,1206.1000000000,paper_101/ablation/results/36956.out
p2_mofe_ffn_logp_even,31,36956,1063.6000000000,1063.6000000000,1,,1,1010.1000000000,1059.1000000000,49.0000000000,1206.1000000000,paper_101/ablation/results/36956.out
p2_mofe_ffn_logp_even,32,36956,1064.9000000000,1064.9000000000,1,,1,1010.1000000000,1059.1000000000,49.0000000000,1206.1000000000,paper_101/ablation/results/36956.out
p2_mofe_ffn_logp_even,33,36956,1063.6000000000,1063.6000000000,1,,1,1010.1000000000,1059.1000000000,49.0000000000,1206.1000000000,paper_101/ablation/results/36956.out
p2_mofe_ffn_logp_even,34,36956,1063.3000000000,1063.3000000000,1,,1,1010.1000000000,1059.1000000000,49.0000000000,1206.1000000000,paper_101/ablation/results/36956.out
p2_mofe_ffn_logp_even,35,36956,1064.5000000000,1064.5000000000,1,,1,1010.1000000000,1059.1000000000,49.0000000000,1206.1000000000,paper_101/ablation/results/36956.out
p2_mofe_ffn_logp_even,36,36956,1063.9000000000,1063.9000000000,1,,1,1010.1000000000,1059.1000000000,49.0000000000,1206.1000000000,paper_101/ablation/results/36956.out
p2_mofe_ffn_logp_even,37,36956,1064.5000000000,1064.5000000000,1,,1,1010.1000000000,1059.1000000000,49.0000000000,1206.1000000000,paper_101/ablation/results/36956.out
p2_mofe_ffn_logp_even,38,36956,1064.2000000000,1064.2000000000,1,,1,1010.1000000000,1059.1000000000,49.0000000000,1206.1000000000,paper_101/ablation/results/36956.out
p2_mofe_ffn_logp_even,39,36956,1064.2000000000,1064.2000000000,1,,1,1010.1000000000,1059.1000000000,49.0000000000,1206.1000000000,paper_101/ablation/results/36956.out
p2_mofe_ffn_logp_even,40,36956,1064.5000000000,1064.5000000000,1,,1,1010.1000000000,1059.1000000000,49.0000000000,1206.1000000000,paper_101/ablation/results/36956.out
p2_mofe_ffn_logp_even,41,36956,1063.7000000000,1063.7000000000,1,,1,1010.1000000000,1059.1000000000,49.0000000000,1206.1000000000,paper_101/ablation/results/36956.out
p2_mofe_ffn_logp_even,42,36956,1063.3000000000,1063.3000000000,1,,1,1010.1000000000,1059.1000000000,49.0000000000,1206.1000000000,paper_101/ablation/results/36956.out
p2_mofe_ffn_logp_even,43,36956,1062.7000000000,1062.7000000000,1,,1,1010.1000000000,1059.1000000000,49.0000000000,1206.1000000000,paper_101/ablation/results/36956.out
p2_mofe_ffn_logp_even,44,36956,1064.7000000000,1064.7000000000,1,,1,1010.1000000000,1059.1000000000,49.0000000000,1206.1000000000,paper_101/ablation/results/36956.out
p2_mofe_ffn_logp_even,45,36956,1064.7000000000,1064.7000000000,1,,1,1010.1000000000,1059.1000000000,49.0000000000,1206.1000000000,paper_101/ablation/results/36956.out
p2_mofe_ffn_logp_even,46,36956,1065.3000000000,1065.3000000000,1,,1,1010.1000000000,1059.1000000000,49.0000000000,1206.1000000000,paper_101/ablation/results/36956.out
p2_mofe_ffn_logp_even,47,36956,1064.7000000000,1064.7000000000,1,,1,1010.1000000000,1059.1000000000,49.0000000000,1206.1000000000,paper_101/ablation/results/36956.out
p2_mofe_ffn_logp_even,48,36956,1063.4000000000,1063.4000000000,1,,1,1010.1000000000,1059.1000000000,49.0000000000,1206.1000000000,paper_101/ablation/results/36956.out
p2_mofe_ffn_logp_even,49,36956,1064.2000000000,1064.2000000000,1,,1,1010.1000000000,1059.1000000000,49.0000000000,1206.1000000000,paper_101/ablation/results/36956.out
p2_mofe_ffn_logp_even,50,36956,1062.3000000000,1062.3000000000,1,,1,1010.1000000000,1059.1000000000,49.0000000000,1206.1000000000,paper_101/ablation/results/36956.out
p2_mofe_ffn_logp_even,51,36956,1063.6000000000,1063.6000000000,1,,1,1010.1000000000,1059.1000000000,49.0000000000,1206.1000000000,paper_101/ablation/results/36956.out
p2_mofe_ffn_logp_even,52,36956,1062.9000000000,1062.9000000000,1,,1,1010.1000000000,1059.1000000000,49.0000000000,1206.1000000000,paper_101/ablation/results/36956.out
p2_mofe_ffn_logp_even,53,36956,1062.8000000000,1062.8000000000,1,,1,1010.1000000000,1059.1000000000,49.0000000000,1206.1000000000,paper_101/ablation/results/36956.out
p2_mofe_ffn_logp_even,54,36956,1060.9000000000,1060.9000000000,1,,1,1010.1000000000,1059.1000000000,49.0000000000,1206.1000000000,paper_101/ablation/results/36956.out
p2_mofe_ffn_logp_even,55,36956,1060.9000000000,1060.9000000000,1,,1,1010.1000000000,1059.1000000000,49.0000000000,1206.1000000000,paper_101/ablation/results/36956.out
p2_mofe_ffn_logp_even,56,36956,1059.6000000000,1059.6000000000,1,,1,1010.1000000000,1059.1000000000,49.0000000000,1206.1000000000,paper_101/ablation/results/36956.out
p2_mofe_ffn_logp_even,57,36956,1060.3000000000,1060.3000000000,1,,1,1010.1000000000,1059.1000000000,49.0000000000,1206.1000000000,paper_101/ablation/results/36956.out
p2_mofe_ffn_logp_even,58,36956,1059.4000000000,1059.4000000000,1,,1,1010.1000000000,1059.1000000000,49.0000000000,1206.1000000000,paper_101/ablation/results/36956.out
p2_mofe_ffn_logp_even,59,36956,1058.3000000000,1058.3000000000,1,,1,1010.1000000000,1059.1000000000,49.0000000000,1206.1000000000,paper_101/ablation/results/36956.out
p2_mofe_ffn_logp_even,60,36956,1059.1000000000,1059.1000000000,1,,1,1010.1000000000,1059.1000000000,49.0000000000,1206.1000000000,paper_101/ablation/results/36956.out
p2_mofe_ffn_logp_even,61,36956,1058.2000000000,1058.2000000000,1,,1,1010.1000000000,1059.1000000000,49.0000000000,1206.1000000000,paper_101/ablation/results/36956.out
p2_mofe_ffn_logp_even,62,36956,1059.1000000000,1059.1000000000,1,,1,1010.1000000000,1059.1000000000,49.0000000000,1206.1000000000,paper_101/ablation/results/36956.out
p2_mofe_ffn_logp_even,63,36956,1061.6000000000,1061.6000000000,1,,1,1010.1000000000,1059.1000000000,49.0000000000,1206.1000000000,paper_101/ablation/results/36956.out
p2_mofe_ffn_logp_even,64,36956,1058.1000000000,1058.1000000000,1,,1,1010.1000000000,1059.1000000000,49.0000000000,1206.1000000000,paper_101/ablation/results/36956.out
p2_mofe_ffn_logp_even,65,36956,1057.6000000000,1057.6000000000,1,,1,1010.1000000000,1059.1000000000,49.0000000000,1206.1000000000,paper_101/ablation/results/36956.out
p2_mofe_ffn_logp_even,66,36956,1057.9000000000,1057.9000000000,1,,1,1010.1000000000,1059.1000000000,49.0000000000,1206.1000000000,paper_101/ablation/results/36956.out
p2_mofe_ffn_logp_even,67,36956,1057.7000000000,1057.7000000000,1,,1,1010.1000000000,1059.1000000000,49.0000000000,1206.1000000000,paper_101/ablation/results/36956.out
p2_mofe_ffn_logp_even,68,36956,1060.3000000000,1060.3000000000,1,,1,1010.1000000000,1059.1000000000,49.0000000000,1206.1000000000,paper_101/ablation/results/36956.out
p2_mofe_ffn_logp_even,69,36956,1057.4000000000,1057.4000000000,1,,1,1010.1000000000,1059.1000000000,49.0000000000,1206.1000000000,paper_101/ablation/results/36956.out
p2_mofe_ffn_logp_even,70,36956,1057.6000000000,1057.6000000000,1,,1,1010.1000000000,1059.1000000000,49.0000000000,1206.1000000000,paper_101/ablation/results/36956.out
p2_mofe_ffn_logp_even,71,36956,1058.1000000000,1058.1000000000,1,,1,1010.1000000000,1059.1000000000,49.0000000000,1206.1000000000,paper_101/ablation/results/36956.out
p2_mofe_ffn_logp_even,72,36956,1057.8000000000,1057.8000000000,1,,1,1010.1000000000,1059.1000000000,49.0000000000,1206.1000000000,paper_101/ablation/results/36956.out
p2_mofe_ffn_logp_even,73,36956,1057.7000000000,1057.7000000000,1,,1,1010.1000000000,1059.1000000000,49.0000000000,1206.1000000000,paper_101/ablation/results/36956.out
p2_mofe_ffn_logp_even,74,36956,1057.4000000000,1057.4000000000,1,,1,1010.1000000000,1059.1000000000,49.0000000000,1206.1000000000,paper_101/ablation/results/36956.out
p2_mofe_ffn_logp_even,75,36956,1057.4000000000,1057.4000000000,1,,1,1010.1000000000,1059.1000000000,49.0000000000,1206.1000000000,paper_101/ablation/results/36956.out
p2_mofe_ffn_logp_even,76,36956,1057.4000000000,1057.4000000000,1,,1,1010.1000000000,1059.1000000000,49.0000000000,1206.1000000000,paper_101/ablation/results/36956.out
p2_mofe_ffn_logp_even,77,36956,1059.0000000000,1059.0000000000,1,,1,1010.1000000000,1059.1000000000,49.0000000000,1206.1000000000,paper_101/ablation/results/36956.out
p2_mofe_ffn_logp_even,78,36956,1058.1000000000,1058.1000000000,1,,1,1010.1000000000,1059.1000000000,49.0000000000,1206.1000000000,paper_101/ablation/results/36956.out
p2_mofe_ffn_logp_even,79,36956,1057.1000000000,1057.1000000000,1,,1,1010.1000000000,1059.1000000000,49.0000000000,1206.1000000000,paper_101/ablation/results/36956.out
p2_mofe_ffn_logp_even,80,36956,1057.5000000000,1057.5000000000,1,,1,1010.1000000000,1059.1000000000,49.0000000000,1206.1000000000,paper_101/ablation/results/36956.out
p2_mofe_ffn_logp_even,81,36956,1057.0000000000,1057.0000000000,1,,1,1010.1000000000,1059.1000000000,49.0000000000,1206.1000000000,paper_101/ablation/results/36956.out
p2_mofe_ffn_logp_even,82,36956,1056.6000000000,1056.6000000000,1,,1,1010.1000000000,1059.1000000000,49.0000000000,1206.1000000000,paper_101/ablation/results/36956.out
p2_mofe_ffn_logp_even,83,36956,1056.2000000000,1056.2000000000,1,,1,1010.1000000000,1059.1000000000,49.0000000000,1206.1000000000,paper_101/ablation/results/36956.out
p2_mofe_ffn_logp_even,84,36956,1055.6000000000,1055.6000000000,1,,1,1010.1000000000,1059.1000000000,49.0000000000,1206.1000000000,paper_101/ablation/results/36956.out
p2_mofe_ffn_logp_even,85,36956,1056.0000000000,1056.0000000000,1,,1,1010.1000000000,1059.1000000000,49.0000000000,1206.1000000000,paper_101/ablation/results/36956.out
p2_mofe_ffn_logp_even,86,36956,1058.7000000000,1058.7000000000,1,,1,1010.1000000000,1059.1000000000,49.0000000000,1206.1000000000,paper_101/ablation/results/36956.out
p2_mofe_ffn_logp_even,87,36956,1056.6000000000,1056.6000000000,1,,1,1010.1000000000,1059.1000000000,49.0000000000,1206.1000000000,paper_101/ablation/results/36956.out
p2_mofe_ffn_logp_even,88,36956,1058.1000000000,1058.1000000000,1,,1,1010.1000000000,1059.1000000000,49.0000000000,1206.1000000000,paper_101/ablation/results/36956.out
p2_mofe_ffn_logp_even,89,36956,1058.2000000000,1058.2000000000,1,,1,1010.1000000000,1059.1000000000,49.0000000000,1206.1000000000,paper_101/ablation/results/36956.out
p2_mofe_ffn_logp_even,90,36956,1047.8000000000,1047.8000000000,1,,1,1010.1000000000,1059.1000000000,49.0000000000,1206.1000000000,paper_101/ablation/results/36956.out
p2_mofe_ffn_logp_even,91,36956,1043.4000000000,1043.4000000000,1,,1,1010.1000000000,1059.1000000000,49.0000000000,1206.1000000000,paper_101/ablation/results/36956.out
p2_mofe_ffn_logp_even,92,36956,1043.2000000000,1043.2000000000,1,,1,1010.1000000000,1059.1000000000,49.0000000000,1206.1000000000,paper_101/ablation/results/36956.out
p2_mofe_ffn_logp_even,93,36956,1037.4000000000,1037.4000000000,1,,1,1010.1000000000,1059.1000000000,49.0000000000,1206.1000000000,paper_101/ablation/results/36956.out
p2_mofe_ffn_logp_even,94,36956,1037.3000000000,1037.3000000000,1,,1,1010.1000000000,1059.1000000000,49.0000000000,1206.1000000000,paper_101/ablation/results/36956.out
p2_mofe_ffn_logp_even,95,36956,1037.8000000000,1037.8000000000,1,,1,1010.1000000000,1059.1000000000,49.0000000000,1206.1000000000,paper_101/ablation/results/36956.out
p2_mofe_ffn_logp_even,96,36956,1036.7000000000,1036.7000000000,1,,1,1010.1000000000,1059.1000000000,49.0000000000,1206.1000000000,paper_101/ablation/results/36956.out
p2_mofe_ffn_logp_even,97,36956,1035.3000000000,1035.3000000000,1,,1,1010.1000000000,1059.1000000000,49.0000000000,1206.1000000000,paper_101/ablation/results/36956.out
p2_mofe_ffn_logp_even,98,36956,1036.4000000000,1036.4000000000,1,,1,1010.1000000000,1059.1000000000,49.0000000000,1206.1000000000,paper_101/ablation/results/36956.out
p2_mofe_ffn_logp_even,99,36956,1036.1000000000,1036.1000000000,1,,1,1010.1000000000,1059.1000000000,49.0000000000,1206.1000000000,paper_101/ablation/results/36956.out
p2_mofe_ffn_logp_even,100,36956,1038.0000000000,1038.0000000000,1,,1,1010.1000000000,1059.1000000000,49.0000000000,1206.1000000000,paper_101/ablation/results/36956.out
p2_mofe_ffn_logp_even,101,36956,1039.6000000000,1039.6000000000,1,,1,1010.1000000000,1059.1000000000,49.0000000000,1206.1000000000,paper_101/ablation/results/36956.out
p2_mofe_ffn_logp_even,102,36956,1038.8000000000,1038.8000000000,1,,1,1010.1000000000,1059.1000000000,49.0000000000,1206.1000000000,paper_101/ablation/results/36956.out
p2_mofe_ffn_logp_even,103,36956,1038.4000000000,1038.4000000000,1,,1,1010.1000000000,1059.1000000000,49.0000000000,1206.1000000000,paper_101/ablation/results/36956.out
p2_mofe_ffn_logp_even,104,36956,1039.2000000000,1039.2000000000,1,,1,1010.1000000000,1059.1000000000,49.0000000000,1206.1000000000,paper_101/ablation/results/36956.out
p2_mofe_ffn_logp_even,105,36956,1038.6000000000,1038.6000000000,1,,1,1010.1000000000,1059.1000000000,49.0000000000,1206.1000000000,paper_101/ablation/results/36956.out
p2_mofe_ffn_logp_even,106,36956,1038.6000000000,1038.6000000000,1,,1,1010.1000000000,1059.1000000000,49.0000000000,1206.1000000000,paper_101/ablation/results/36956.out
p2_mofe_ffn_logp_even,107,36956,1038.7000000000,1038.7000000000,1,,1,1010.1000000000,1059.1000000000,49.0000000000,1206.1000000000,paper_101/ablation/results/36956.out
p2_mofe_ffn_logp_even,108,36956,1037.4000000000,1037.4000000000,1,,1,1010.1000000000,1059.1000000000,49.0000000000,1206.1000000000,paper_101/ablation/results/36956.out
p2_mofe_ffn_logp_even,109,36956,1037.6000000000,1037.6000000000,1,,1,1010.1000000000,1059.1000000000,49.0000000000,1206.1000000000,paper_101/ablation/results/36956.out
p2_mofe_ffn_logp_even,110,36956,1037.2000000000,1037.2000000000,1,,1,1010.1000000000,1059.1000000000,49.0000000000,1206.1000000000,paper_101/ablation/results/36956.out
p2_mofe_ffn_logp_even,111,36956,1036.9000000000,1036.9000000000,1,,1,1010.1000000000,1059.1000000000,49.0000000000,1206.1000000000,paper_101/ablation/results/36956.out
p2_mofe_ffn_logp_even,112,36956,1037.1000000000,1037.1000000000,1,,1,1010.1000000000,1059.1000000000,49.0000000000,1206.1000000000,paper_101/ablation/results/36956.out
p2_mofe_ffn_logp_even,113,36956,1036.8000000000,1036.8000000000,1,,1,1010.1000000000,1059.1000000000,49.0000000000,1206.1000000000,paper_101/ablation/results/36956.out
p2_mofe_ffn_logp_even,114,36956,1036.9000000000,1036.9000000000,1,,1,1010.1000000000,1059.1000000000,49.0000000000,1206.1000000000,paper_101/ablation/results/36956.out
p2_mofe_ffn_logp_even,115,36956,1038.1000000000,1038.1000000000,1,,1,1010.1000000000,1059.1000000000,49.0000000000,1206.1000000000,paper_101/ablation/results/36956.out
p2_mofe_ffn_logp_even,116,36956,1036.8000000000,1036.8000000000,1,,1,1010.1000000000,1059.1000000000,49.0000000000,1206.1000000000,paper_101/ablation/results/36956.out
p2_mofe_ffn_logp_even,117,36956,1036.4000000000,1036.4000000000,1,,1,1010.1000000000,1059.1000000000,49.0000000000,1206.1000000000,paper_101/ablation/results/36956.out
p2_mofe_ffn_logp_even,118,36956,1035.4000000000,1035.4000000000,1,,1,1010.1000000000,1059.1000000000,49.0000000000,1206.1000000000,paper_101/ablation/results/36956.out
p2_mofe_ffn_logp_even,119,36956,1036.3000000000,1036.3000000000,1,,1,1010.1000000000,1059.1000000000,49.0000000000,1206.1000000000,paper_101/ablation/results/36956.out
p2_mofe_ffn_logp_even,120,36956,1036.3000000000,1036.3000000000,1,,1,1010.1000000000,1059.1000000000,49.0000000000,1206.1000000000,paper_101/ablation/results/36956.out
p2_mofe_ffn_logp_even,121,36956,1036.9000000000,1036.9000000000,1,,1,1010.1000000000,1059.1000000000,49.0000000000,1206.1000000000,paper_101/ablation/results/36956.out
p2_mofe_ffn_logp_even,122,36956,1036.5000000000,1036.5000000000,1,,1,1010.1000000000,1059.1000000000,49.0000000000,1206.1000000000,paper_101/ablation/results/36956.out
p2_mofe_ffn_logp_even,123,36956,1035.6000000000,1035.6000000000,1,,1,1010.1000000000,1059.1000000000,49.0000000000,1206.1000000000,paper_101/ablation/results/36956.out
p2_mofe_ffn_logp_even,124,36956,1035.9000000000,1035.9000000000,1,,1,1010.1000000000,1059.1000000000,49.0000000000,1206.1000000000,paper_101/ablation/results/36956.out
p2_mofe_ffn_logp_even,125,36956,1035.7000000000,1035.7000000000,1,,1,1010.1000000000,1059.1000000000,49.0000000000,1206.1000000000,paper_101/ablation/results/36956.out
p2_mofe_ffn_logp_even,126,36956,1035.6000000000,1035.6000000000,1,,1,1010.1000000000,1059.1000000000,49.0000000000,1206.1000000000,paper_101/ablation/results/36956.out
p2_mofe_ffn_logp_even,127,36956,1036.7000000000,1036.7000000000,1,,1,1010.1000000000,1059.1000000000,49.0000000000,1206.1000000000,paper_101/ablation/results/36956.out
p2_mofe_ffn_logp_even,128,36956,1035.7000000000,1035.7000000000,1,,1,1010.1000000000,1059.1000000000,49.0000000000,1206.1000000000,paper_101/ablation/results/36956.out
p2_mofe_ffn_logp_even,129,36956,1036.1000000000,1036.1000000000,1,,1,1010.1000000000,1059.1000000000,49.0000000000,1206.1000000000,paper_101/ablation/results/36956.out
p2_mofe_ffn_logp_even,130,36956,1035.2000000000,1035.2000000000,1,,1,1010.1000000000,1059.1000000000,49.0000000000,1206.1000000000,paper_101/ablation/results/36956.out
p2_mofe_ffn_logp_even,131,36956,1035.4000000000,1035.4000000000,1,,1,1010.1000000000,1059.1000000000,49.0000000000,1206.1000000000,paper_101/ablation/results/36956.out
p2_mofe_ffn_logp_even,132,36956,1031.6000000000,1031.6000000000,1,,1,1010.1000000000,1059.1000000000,49.0000000000,1206.1000000000,paper_101/ablation/results/36956.out
p2_mofe_ffn_logp_even,133,36956,1028.2000000000,1028.2000000000,1,,1,1010.1000000000,1059.1000000000,49.0000000000,1206.1000000000,paper_101/ablation/results/36956.out
p2_mofe_ffn_logp_even,134,36956,1029.7000000000,1029.7000000000,1,,1,1010.1000000000,1059.1000000000,49.0000000000,1206.1000000000,paper_101/ablation/results/36956.out
p2_mofe_ffn_logp_even,135,36956,1027.3000000000,1027.3000000000,1,,1,1010.1000000000,1059.1000000000,49.0000000000,1206.1000000000,paper_101/ablation/results/36956.out
p2_mofe_ffn_logp_even,136,36956,1026.9000000000,1026.9000000000,1,,1,1010.1000000000,1059.1000000000,49.0000000000,1206.1000000000,paper_101/ablation/results/36956.out
p2_mofe_ffn_logp_even,137,36956,1028.2000000000,1028.2000000000,1,,1,1010.1000000000,1059.1000000000,49.0000000000,1206.1000000000,paper_101/ablation/results/36956.out
p2_mofe_ffn_logp_even,138,36956,1028.8000000000,1028.8000000000,1,,1,1010.1000000000,1059.1000000000,49.0000000000,1206.1000000000,paper_101/ablation/results/36956.out
p2_mofe_ffn_logp_even,139,36956,1027.6000000000,1027.6000000000,1,,1,1010.1000000000,1059.1000000000,49.0000000000,1206.1000000000,paper_101/ablation/results/36956.out
p2_mofe_ffn_logp_even,140,36956,1027.7000000000,1027.7000000000,1,,1,1010.1000000000,1059.1000000000,49.0000000000,1206.1000000000,paper_101/ablation/results/36956.out
p2_mofe_ffn_logp_even,141,36956,1027.7000000000,1027.7000000000,1,,1,1010.1000000000,1059.1000000000,49.0000000000,1206.1000000000,paper_101/ablation/results/36956.out
p2_mofe_ffn_logp_even,142,36956,1028.2000000000,1028.2000000000,1,,1,1010.1000000000,1059.1000000000,49.0000000000,1206.1000000000,paper_101/ablation/results/36956.out
p2_mofe_ffn_logp_even,143,36956,1028.2000000000,1028.2000000000,1,,1,1010.1000000000,1059.1000000000,49.0000000000,1206.1000000000,paper_101/ablation/results/36956.out
p2_mofe_ffn_logp_even,144,36956,1027.9000000000,1027.9000000000,1,,1,1010.1000000000,1059.1000000000,49.0000000000,1206.1000000000,paper_101/ablation/results/36956.out
p2_mofe_ffn_logp_even,145,36956,1028.3000000000,1028.3000000000,1,,1,1010.1000000000,1059.1000000000,49.0000000000,1206.1000000000,paper_101/ablation/results/36956.out
p2_mofe_ffn_logp_even,146,36956,1029.1000000000,1029.1000000000,1,,1,1010.1000000000,1059.1000000000,49.0000000000,1206.1000000000,paper_101/ablation/results/36956.out
p2_mofe_ffn_logp_even,147,36956,1030.0000000000,1030.0000000000,1,,1,1010.1000000000,1059.1000000000,49.0000000000,1206.1000000000,paper_101/ablation/results/36956.out
p2_mofe_ffn_logp_even,148,36956,1028.0000000000,1028.0000000000,1,,1,1010.1000000000,1059.1000000000,49.0000000000,1206.1000000000,paper_101/ablation/results/36956.out
p2_mofe_ffn_logp_even,149,36956,1029.0000000000,1029.0000000000,1,,1,1010.1000000000,1059.1000000000,49.0000000000,1206.1000000000,paper_101/ablation/results/36956.out
p2_mofe_ffn_logp_even,150,36956,1029.6000000000,1029.6000000000,1,,1,1010.1000000000,1059.1000000000,49.0000000000,1206.1000000000,paper_101/ablation/results/36956.out
p2_mofe_ffn_logp_even,151,36956,1029.0000000000,1029.0000000000,1,,1,1010.1000000000,1059.1000000000,49.0000000000,1206.1000000000,paper_101/ablation/results/36956.out
p2_mofe_ffn_logp_even,152,36956,1028.4000000000,1028.4000000000,1,,1,1010.1000000000,1059.1000000000,49.0000000000,1206.1000000000,paper_101/ablation/results/36956.out
p2_mofe_ffn_logp_even,153,36956,1019.0000000000,1019.0000000000,1,,1,1010.1000000000,1059.1000000000,49.0000000000,1206.1000000000,paper_101/ablation/results/36956.out
p2_mofe_ffn_logp_even,154,36956,1029.0000000000,1029.0000000000,1,,1,1010.1000000000,1059.1000000000,49.0000000000,1206.1000000000,paper_101/ablation/results/36956.out
p2_mofe_ffn_logp_even,155,36956,1027.2000000000,1027.2000000000,1,,1,1010.1000000000,1059.1000000000,49.0000000000,1206.1000000000,paper_101/ablation/results/36956.out
p2_mofe_ffn_logp_even,156,36956,1018.7000000000,1018.7000000000,1,,1,1010.1000000000,1059.1000000000,49.0000000000,1206.1000000000,paper_101/ablation/results/36956.out
p2_mofe_ffn_logp_even,157,36956,1037.0000000000,1037.0000000000,1,,1,1010.1000000000,1059.1000000000,49.0000000000,1206.1000000000,paper_101/ablation/results/36956.out
p2_mofe_ffn_logp_even,158,36956,1020.4000000000,1020.4000000000,1,,1,1010.1000000000,1059.1000000000,49.0000000000,1206.1000000000,paper_101/ablation/results/36956.out
p2_mofe_ffn_logp_even,159,36956,1018.9000000000,1018.9000000000,1,,1,1010.1000000000,1059.1000000000,49.0000000000,1206.1000000000,paper_101/ablation/results/36956.out
p2_mofe_ffn_logp_even,160,36956,1019.2000000000,1019.2000000000,1,,1,1010.1000000000,1059.1000000000,49.0000000000,1206.1000000000,paper_101/ablation/results/36956.out
p2_mofe_ffn_logp_even,161,36956,1019.7000000000,1019.7000000000,1,,1,1010.1000000000,1059.1000000000,49.0000000000,1206.1000000000,paper_101/ablation/results/36956.out
p2_mofe_ffn_logp_even,162,36956,1021.4000000000,1021.4000000000,1,,1,1010.1000000000,1059.1000000000,49.0000000000,1206.1000000000,paper_101/ablation/results/36956.out
p2_mofe_ffn_logp_even,163,36956,1022.9000000000,1022.9000000000,1,,1,1010.1000000000,1059.1000000000,49.0000000000,1206.1000000000,paper_101/ablation/results/36956.out
p2_mofe_ffn_logp_even,164,36956,1029.3000000000,1029.3000000000,1,,1,1010.1000000000,1059.1000000000,49.0000000000,1206.1000000000,paper_101/ablation/results/36956.out
p2_mofe_ffn_logp_even,165,36956,1028.6000000000,1028.6000000000,1,,1,1010.1000000000,1059.1000000000,49.0000000000,1206.1000000000,paper_101/ablation/results/36956.out
p2_mofe_ffn_logp_even,166,36956,1029.8000000000,1029.8000000000,1,,1,1010.1000000000,1059.1000000000,49.0000000000,1206.1000000000,paper_101/ablation/results/36956.out
p2_mofe_ffn_logp_even,167,36956,1029.8000000000,1029.8000000000,1,,1,1010.1000000000,1059.1000000000,49.0000000000,1206.1000000000,paper_101/ablation/results/36956.out
p2_mofe_ffn_logp_even,168,36956,1028.6000000000,1028.6000000000,1,,1,1010.1000000000,1059.1000000000,49.0000000000,1206.1000000000,paper_101/ablation/results/36956.out
p2_mofe_ffn_logp_even,169,36956,1028.5000000000,1028.5000000000,1,,1,1010.1000000000,1059.1000000000,49.0000000000,1206.1000000000,paper_101/ablation/results/36956.out
p2_mofe_ffn_logp_even,170,36956,1028.2000000000,1028.2000000000,1,,1,1010.1000000000,1059.1000000000,49.0000000000,1206.1000000000,paper_101/ablation/results/36956.out
p2_mofe_ffn_logp_even,171,36956,1027.7000000000,1027.7000000000,1,,1,1010.1000000000,1059.1000000000,49.0000000000,1206.1000000000,paper_101/ablation/results/36956.out
p2_mofe_ffn_logp_even,172,36956,1028.0000000000,1028.0000000000,1,,1,1010.1000000000,1059.1000000000,49.0000000000,1206.1000000000,paper_101/ablation/results/36956.out
p2_mofe_ffn_logp_even,173,36956,1028.5000000000,1028.5000000000,1,,1,1010.1000000000,1059.1000000000,49.0000000000,1206.1000000000,paper_101/ablation/results/36956.out
p2_mofe_ffn_logp_even,174,36956,1028.7000000000,1028.7000000000,1,,1,1010.1000000000,1059.1000000000,49.0000000000,1206.1000000000,paper_101/ablation/results/36956.out
p2_mofe_ffn_logp_even,175,36956,1027.5000000000,1027.5000000000,1,,1,1010.1000000000,1059.1000000000,49.0000000000,1206.1000000000,paper_101/ablation/results/36956.out
p2_mofe_ffn_logp_even,176,36956,1029.0000000000,1029.0000000000,1,,1,1010.1000000000,1059.1000000000,49.0000000000,1206.1000000000,paper_101/ablation/results/36956.out
p2_mofe_ffn_logp_even,177,36956,1027.5000000000,1027.5000000000,1,,1,1010.1000000000,1059.1000000000,49.0000000000,1206.1000000000,paper_101/ablation/results/36956.out
p2_mofe_ffn_logp_even,178,36956,1026.8000000000,1026.8000000000,1,,1,1010.1000000000,1059.1000000000,49.0000000000,1206.1000000000,paper_101/ablation/results/36956.out
p2_mofe_ffn_logp_even,179,36956,1023.5000000000,1023.5000000000,1,,1,1010.1000000000,1059.1000000000,49.0000000000,1206.1000000000,paper_101/ablation/results/36956.out
p2_mofe_ffn_logp_even,180,36956,1022.3000000000,1022.3000000000,1,,1,1010.1000000000,1059.1000000000,49.0000000000,1206.1000000000,paper_101/ablation/results/36956.out
p2_mofe_ffn_logp_even,181,36956,1023.2000000000,1023.2000000000,1,,1,1010.1000000000,1059.1000000000,49.0000000000,1206.1000000000,paper_101/ablation/results/36956.out
p2_mofe_ffn_logp_even,182,36956,1024.5000000000,1024.5000000000,1,,1,1010.1000000000,1059.1000000000,49.0000000000,1206.1000000000,paper_101/ablation/results/36956.out
p2_mofe_ffn_logp_even,183,36956,1025.9000000000,1025.9000000000,1,,1,1010.1000000000,1059.1000000000,49.0000000000,1206.1000000000,paper_101/ablation/results/36956.out
p2_mofe_ffn_logp_even,184,36956,1025.7000000000,1025.7000000000,1,,1,1010.1000000000,1059.1000000000,49.0000000000,1206.1000000000,paper_101/ablation/results/36956.out
p2_mofe_ffn_logp_even,185,36956,1025.2000000000,1025.2000000000,1,,1,1010.1000000000,1059.1000000000,49.0000000000,1206.1000000000,paper_101/ablation/results/36956.out
p2_mofe_ffn_logp_even,186,36956,1023.3000000000,1023.3000000000,1,,1,1010.1000000000,1059.1000000000,49.0000000000,1206.1000000000,paper_101/ablation/results/36956.out
p2_mofe_ffn_logp_even,187,36956,1030.1000000000,1030.1000000000,1,,1,1010.1000000000,1059.1000000000,49.0000000000,1206.1000000000,paper_101/ablation/results/36956.out
p2_mofe_ffn_logp_even,188,36956,1026.6000000000,1026.6000000000,1,,1,1010.1000000000,1059.1000000000,49.0000000000,1206.1000000000,paper_101/ablation/results/36956.out
p2_mofe_ffn_logp_even,189,36956,1020.7000000000,1020.7000000000,1,,1,1010.1000000000,1059.1000000000,49.0000000000,1206.1000000000,paper_101/ablation/results/36956.out
p2_mofe_ffn_logp_even,190,36956,1008.0000000000,1008.0000000000,1,,1,1010.1000000000,1059.1000000000,49.0000000000,1206.1000000000,paper_101/ablation/results/36956.out
p2_mofe_ffn_logp_even,191,36956,1008.6000000000,1008.6000000000,1,,1,1010.1000000000,1059.1000000000,49.0000000000,1206.1000000000,paper_101/ablation/results/36956.out
p2_mofe_ffn_logp_even,192,36956,1008.5000000000,1008.5000000000,1,,1,1010.1000000000,1059.1000000000,49.0000000000,1206.1000000000,paper_101/ablation/results/36956.out
p2_mofe_ffn_logp_even,193,36956,1008.5000000000,1008.5000000000,1,,1,1010.1000000000,1059.1000000000,49.0000000000,1206.1000000000,paper_101/ablation/results/36956.out
p2_mofe_ffn_logp_even,194,36956,1009.0000000000,1009.0000000000,1,,1,1010.1000000000,1059.1000000000,49.0000000000,1206.1000000000,paper_101/ablation/results/36956.out
p2_mofe_ffn_logp_even,195,36956,1009.0000000000,1009.0000000000,1,,1,1010.1000000000,1059.1000000000,49.0000000000,1206.1000000000,paper_101/ablation/results/36956.out
p2_mofe_ffn_logp_even,196,36956,1010.1000000000,1010.1000000000,1,,1,1010.1000000000,1059.1000000000,49.0000000000,1206.1000000000,paper_101/ablation/results/36956.out
p2_mofe_ffn_logp_even,197,36956,1009.6000000000,1009.6000000000,1,,1,1010.1000000000,1059.1000000000,49.0000000000,1206.1000000000,paper_101/ablation/results/36956.out
p2_mofe_ffn_logp_even,198,36956,1009.9000000000,1009.9000000000,1,,1,1010.1000000000,1059.1000000000,49.0000000000,1206.1000000000,paper_101/ablation/results/36956.out
p2_mofe_ffn_logp_even,199,36956,1009.1000000000,1009.1000000000,1,,1,1010.1000000000,1059.1000000000,49.0000000000,1206.1000000000,paper_101/ablation/results/36956.out
p2_mofe_ffn_logp_even,200,36956,1009.3000000000,1009.3000000000,1,,1,1010.1000000000,1059.1000000000,49.0000000000,1206.1000000000,paper_101/ablation/results/36956.out
p2_mofe_ffn_logp_even,201,36956,1010.1000000000,1010.1000000000,1,,1,1010.1000000000,1059.1000000000,49.0000000000,1206.1000000000,paper_101/ablation/results/36956.out
p2_mofe_ffn_logp_even,202,36956,1010.1000000000,1010.1000000000,1,,1,1010.1000000000,1059.1000000000,49.0000000000,1206.1000000000,paper_101/ablation/results/36956.out
p2_mofe_ffn_logp_even,203,36956,1011.3000000000,1011.3000000000,1,,1,1010.1000000000,1059.1000000000,49.0000000000,1206.1000000000,paper_101/ablation/results/36956.out
p2_mofe_ffn_logp_even,204,36956,1010.5000000000,1010.5000000000,1,,1,1010.1000000000,1059.1000000000,49.0000000000,1206.1000000000,paper_101/ablation/results/36956.out
p2_mofe_ffn_logp_even,205,36956,1011.1000000000,1011.1000000000,1,,1,1010.1000000000,1059.1000000000,49.0000000000,1206.1000000000,paper_101/ablation/results/36956.out
p2_mofe_ffn_logp_even,206,36956,1010.7000000000,1010.7000000000,1,,1,1010.1000000000,1059.1000000000,49.0000000000,1206.1000000000,paper_101/ablation/results/36956.out
p2_mofe_ffn_logp_even,207,36956,1009.4000000000,1009.4000000000,1,,1,1010.1000000000,1059.1000000000,49.0000000000,1206.1000000000,paper_101/ablation/results/36956.out
p2_mofe_ffn_logp_even,208,36956,1011.7000000000,1011.7000000000,1,,1,1010.1000000000,1059.1000000000,49.0000000000,1206.1000000000,paper_101/ablation/results/36956.out
p2_mofe_ffn_logp_even,209,36956,1011.3000000000,1011.3000000000,1,,1,1010.1000000000,1059.1000000000,49.0000000000,1206.1000000000,paper_101/ablation/results/36956.out
p2_mofe_ffn_logp_even,210,36956,1010.2000000000,1010.2000000000,1,,1,1010.1000000000,1059.1000000000,49.0000000000,1206.1000000000,paper_101/ablation/results/36956.out
p2_mofe_ffn_logp_even,211,36956,1010.5000000000,1010.5000000000,1,,1,1010.1000000000,1059.1000000000,49.0000000000,1206.1000000000,paper_101/ablation/results/36956.out
p2_mofe_ffn_logp_even,212,36956,1010.5000000000,1010.5000000000,1,,1,1010.1000000000,1059.1000000000,49.0000000000,1206.1000000000,paper_101/ablation/results/36956.out
p2_mofe_ffn_logp_even,213,36956,1009.3000000000,1009.3000000000,1,,1,1010.1000000000,1059.1000000000,49.0000000000,1206.1000000000,paper_101/ablation/results/36956.out
p2_mofe_ffn_logp_even,214,36956,1008.9000000000,1008.9000000000,1,,1,1010.1000000000,1059.1000000000,49.0000000000,1206.1000000000,paper_101/ablation/results/36956.out
p2_mofe_ffn_logp_even,215,36956,1009.2000000000,1009.2000000000,1,,1,1010.1000000000,1059.1000000000,49.0000000000,1206.1000000000,paper_101/ablation/results/36956.out
p2_mofe_ffn_logp_even,216,36956,1009.6000000000,1009.6000000000,1,,1,1010.1000000000,1059.1000000000,49.0000000000,1206.1000000000,paper_101/ablation/results/36956.out
p2_mofe_ffn_logp_even,217,36956,1008.7000000000,1008.7000000000,1,,1,1010.1000000000,1059.1000000000,49.0000000000,1206.1000000000,paper_101/ablation/results/36956.out
p2_mofe_ffn_logp_even,218,36956,1009.0000000000,1009.0000000000,1,,1,1010.1000000000,1059.1000000000,49.0000000000,1206.1000000000,paper_101/ablation/results/36956.out
p2_mofe_ffn_logp_even,219,36956,1008.4000000000,1008.4000000000,1,,1,1010.1000000000,1059.1000000000,49.0000000000,1206.1000000000,paper_101/ablation/results/36956.out
p2_mofe_ffn_logp_even,220,36956,1009.7000000000,1009.7000000000,1,,1,1010.1000000000,1059.1000000000,49.0000000000,1206.1000000000,paper_101/ablation/results/36956.out
p2_mofe_ffn_logp_even,221,36956,1008.4000000000,1008.4000000000,1,,1,1010.1000000000,1059.1000000000,49.0000000000,1206.1000000000,paper_101/ablation/results/36956.out
p2_mofe_ffn_logp_even,222,36956,1008.5000000000,1008.5000000000,1,,1,1010.1000000000,1059.1000000000,49.0000000000,1206.1000000000,paper_101/ablation/results/36956.out
p2_mofe_ffn_logp_even,223,36956,1009.0000000000,1009.0000000000,1,,1,1010.1000000000,1059.1000000000,49.0000000000,1206.1000000000,paper_101/ablation/results/36956.out
p2_mofe_ffn_logp_even,224,36956,1009.3000000000,1009.3000000000,1,,1,1010.1000000000,1059.1000000000,49.0000000000,1206.1000000000,paper_101/ablation/results/36956.out
p2_mofe_ffn_logp_even,225,36956,1009.9000000000,1009.9000000000,1,,1,1010.1000000000,1059.1000000000,49.0000000000,1206.1000000000,paper_101/ablation/results/36956.out
p2_mofe_ffn_logp_even,226,36956,1008.6000000000,1008.6000000000,1,,1,1010.1000000000,1059.1000000000,49.0000000000,1206.1000000000,paper_101/ablation/results/36956.out
p2_mofe_ffn_logp_even,227,36956,1007.7000000000,1007.7000000000,1,,1,1010.1000000000,1059.1000000000,49.0000000000,1206.1000000000,paper_101/ablation/results/36956.out
p2_mofe_ffn_logp_even,228,36956,1008.9000000000,1008.9000000000,1,,1,1010.1000000000,1059.1000000000,49.0000000000,1206.1000000000,paper_101/ablation/results/36956.out
p2_mofe_ffn_logp_even,229,36956,1008.2000000000,1008.2000000000,1,,1,1010.1000000000,1059.1000000000,49.0000000000,1206.1000000000,paper_101/ablation/results/36956.out
p2_mofe_ffn_logp_even,230,36956,1009.4000000000,1009.4000000000,1,,1,1010.1000000000,1059.1000000000,49.0000000000,1206.1000000000,paper_101/ablation/results/36956.out
p2_mofe_ffn_logp_even,231,36956,1007.9000000000,1007.9000000000,1,,1,1010.1000000000,1059.1000000000,49.0000000000,1206.1000000000,paper_101/ablation/results/36956.out
p2_mofe_ffn_logp_even,232,36956,1008.3000000000,1008.3000000000,1,,1,1010.1000000000,1059.1000000000,49.0000000000,1206.1000000000,paper_101/ablation/results/36956.out
p2_mofe_ffn_logp_even,233,36956,1008.3000000000,1008.3000000000,1,,1,1010.1000000000,1059.1000000000,49.0000000000,1206.1000000000,paper_101/ablation/results/36956.out
p2_mofe_ffn_logp_even,234,36956,1008.4000000000,1008.4000000000,1,,1,1010.1000000000,1059.1000000000,49.0000000000,1206.1000000000,paper_101/ablation/results/36956.out
p2_mofe_ffn_logp_even,235,36956,1009.1000000000,1009.1000000000,1,,1,1010.1000000000,1059.1000000000,49.0000000000,1206.1000000000,paper_101/ablation/results/36956.out
p2_mofe_ffn_logp_even,236,36956,1008.0000000000,1008.0000000000,1,,1,1010.1000000000,1059.1000000000,49.0000000000,1206.1000000000,paper_101/ablation/results/36956.out
p2_mofe_ffn_logp_even,237,36956,1008.9000000000,1008.9000000000,1,,1,1010.1000000000,1059.1000000000,49.0000000000,1206.1000000000,paper_101/ablation/results/36956.out
p2_mofe_ffn_logp_even,238,36956,1011.1000000000,1011.1000000000,1,,1,1010.1000000000,1059.1000000000,49.0000000000,1206.1000000000,paper_101/ablation/results/36956.out
p2_mofe_ffn_logp_even,239,36956,1007.6000000000,1007.6000000000,1,,1,1010.1000000000,1059.1000000000,49.0000000000,1206.1000000000,paper_101/ablation/results/36956.out
p2_mofe_ffn_logp_even,240,36956,1008.1000000000,1008.1000000000,1,,1,1010.1000000000,1059.1000000000,49.0000000000,1206.1000000000,paper_101/ablation/results/36956.out
p2_mofe_ffn_logp_even,241,36956,1008.9000000000,1008.9000000000,1,,1,1010.1000000000,1059.1000000000,49.0000000000,1206.1000000000,paper_101/ablation/results/36956.out
p2_mofe_ffn_logp_even,242,36956,1009.3000000000,1009.3000000000,1,,1,1010.1000000000,1059.1000000000,49.0000000000,1206.1000000000,paper_101/ablation/results/36956.out
p2_mofe_ffn_logp_even,243,36956,1008.9000000000,1008.9000000000,1,,1,1010.1000000000,1059.1000000000,49.0000000000,1206.1000000000,paper_101/ablation/results/36956.out
p2_mofe_ffn_logp_even,244,36956,1010.3000000000,1010.3000000000,1,,1,1010.1000000000,1059.1000000000,49.0000000000,1206.1000000000,paper_101/ablation/results/36956.out
p2_mofe_ffn_logp_even,245,36956,1117.2000000000,1117.2000000000,1,,1,1010.1000000000,1059.1000000000,49.0000000000,1206.1000000000,paper_101/ablation/results/36956.out
p2_mofe_ffn_logp_even,246,36956,1151.7000000000,1151.7000000000,1,,1,1010.1000000000,1059.1000000000,49.0000000000,1206.1000000000,paper_101/ablation/results/36956.out
p2_mofe_ffn_logp_even,247,36956,1153.8000000000,1153.8000000000,1,,1,1010.1000000000,1059.1000000000,49.0000000000,1206.1000000000,paper_101/ablation/results/36956.out
p2_mofe_ffn_logp_even,248,36956,1156.0000000000,1156.0000000000,1,,1,1010.1000000000,1059.1000000000,49.0000000000,1206.1000000000,paper_101/ablation/results/36956.out
p2_mofe_ffn_logp_even,249,36956,1155.1000000000,1155.1000000000,1,,1,1010.1000000000,1059.1000000000,49.0000000000,1206.1000000000,paper_101/ablation/results/36956.out
p2_mofe_ffn_logp_even,250,36956,1155.0000000000,1155.0000000000,1,,1,1010.1000000000,1059.1000000000,49.0000000000,1206.1000000000,paper_101/ablation/results/36956.out
p2_mofe_ffn_logp_even,251,36956,1154.3000000000,1154.3000000000,1,,1,1010.1000000000,1059.1000000000,49.0000000000,1206.1000000000,paper_101/ablation/results/36956.out
p2_mofe_ffn_logp_even,252,36956,1153.9000000000,1153.9000000000,1,,1,1010.1000000000,1059.1000000000,49.0000000000,1206.1000000000,paper_101/ablation/results/36956.out
p2_mofe_ffn_logp_even,253,36956,1152.3000000000,1152.3000000000,1,,1,1010.1000000000,1059.1000000000,49.0000000000,1206.1000000000,paper_101/ablation/results/36956.out
p2_mofe_ffn_logp_even,254,36956,1155.9000000000,1155.9000000000,1,,1,1010.1000000000,1059.1000000000,49.0000000000,1206.1000000000,paper_101/ablation/results/36956.out
p2_mofe_ffn_logp_even,255,36956,1155.4000000000,1155.4000000000,1,,1,1010.1000000000,1059.1000000000,49.0000000000,1206.1000000000,paper_101/ablation/results/36956.out
p2_mofe_ffn_logp_even,256,36956,1148.4000000000,1148.4000000000,1,,1,1010.1000000000,1059.1000000000,49.0000000000,1206.1000000000,paper_101/ablation/results/36956.out
p2_mofe_ffn_logp_even,257,36956,1149.6000000000,1149.6000000000,1,,1,1010.1000000000,1059.1000000000,49.0000000000,1206.1000000000,paper_101/ablation/results/36956.out
p2_mofe_ffn_logp_even,258,36956,1156.6000000000,1156.6000000000,1,,1,1010.1000000000,1059.1000000000,49.0000000000,1206.1000000000,paper_101/ablation/results/36956.out
p2_mofe_ffn_logp_even,259,36956,1159.4000000000,1159.4000000000,1,,1,1010.1000000000,1059.1000000000,49.0000000000,1206.1000000000,paper_101/ablation/results/36956.out
p2_mofe_ffn_logp_even,260,36956,1154.6000000000,1154.6000000000,1,,1,1010.1000000000,1059.1000000000,49.0000000000,1206.1000000000,paper_101/ablation/results/36956.out
p2_mofe_ffn_logp_even,261,36956,1155.6000000000,1155.6000000000,1,,1,1010.1000000000,1059.1000000000,49.0000000000,1206.1000000000,paper_101/ablation/results/36956.out
p2_mofe_ffn_logp_even,262,36956,1156.1000000000,1156.1000000000,1,,1,1010.1000000000,1059.1000000000,49.0000000000,1206.1000000000,paper_101/ablation/results/36956.out
p2_mofe_ffn_logp_even,263,36956,1156.3000000000,1156.3000000000,1,,1,1010.1000000000,1059.1000000000,49.0000000000,1206.1000000000,paper_101/ablation/results/36956.out
p2_mofe_ffn_logp_even,264,36956,1155.7000000000,1155.7000000000,1,,1,1010.1000000000,1059.1000000000,49.0000000000,1206.1000000000,paper_101/ablation/results/36956.out
p2_mofe_ffn_logp_even,265,36956,1156.4000000000,1156.4000000000,1,,1,1010.1000000000,1059.1000000000,49.0000000000,1206.1000000000,paper_101/ablation/results/36956.out
p2_mofe_ffn_logp_even,266,36956,1157.2000000000,1157.2000000000,1,,1,1010.1000000000,1059.1000000000,49.0000000000,1206.1000000000,paper_101/ablation/results/36956.out
p2_mofe_ffn_logp_even,267,36956,1155.1000000000,1155.1000000000,1,,1,1010.1000000000,1059.1000000000,49.0000000000,1206.1000000000,paper_101/ablation/results/36956.out
p2_mofe_ffn_logp_even,268,36956,1101.9000000000,1101.9000000000,1,,1,1010.1000000000,1059.1000000000,49.0000000000,1206.1000000000,paper_101/ablation/results/36956.out
p2_mofe_ffn_logp_even,269,36956,1008.6000000000,1008.6000000000,1,,1,1010.1000000000,1059.1000000000,49.0000000000,1206.1000000000,paper_101/ablation/results/36956.out
p2_mofe_ffn_logp_even,270,36956,1008.9000000000,1008.9000000000,1,,1,1010.1000000000,1059.1000000000,49.0000000000,1206.1000000000,paper_101/ablation/results/36956.out
p2_mofe_ffn_logp_even,271,36956,1008.4000000000,1008.4000000000,1,,1,1010.1000000000,1059.1000000000,49.0000000000,1206.1000000000,paper_101/ablation/results/36956.out
p2_mofe_ffn_logp_even,272,36956,1009.0000000000,1009.0000000000,1,,1,1010.1000000000,1059.1000000000,49.0000000000,1206.1000000000,paper_101/ablation/results/36956.out
p2_mofe_ffn_logp_even,273,36956,1008.7000000000,1008.7000000000,1,,1,1010.1000000000,1059.1000000000,49.0000000000,1206.1000000000,paper_101/ablation/results/36956.out
p2_mofe_ffn_logp_even,274,36956,1008.2000000000,1008.2000000000,1,,1,1010.1000000000,1059.1000000000,49.0000000000,1206.1000000000,paper_101/ablation/results/36956.out
p2_mofe_ffn_logp_even,275,36956,1008.3000000000,1008.3000000000,1,,1,1010.1000000000,1059.1000000000,49.0000000000,1206.1000000000,paper_101/ablation/results/36956.out
p2_mofe_ffn_logp_even,276,36956,1009.4000000000,1009.4000000000,1,,1,1010.1000000000,1059.1000000000,49.0000000000,1206.1000000000,paper_101/ablation/results/36956.out
p2_mofe_ffn_logp_even,277,36956,1008.3000000000,1008.3000000000,1,,1,1010.1000000000,1059.1000000000,49.0000000000,1206.1000000000,paper_101/ablation/results/36956.out
p2_mofe_ffn_logp_even,278,36956,1008.2000000000,1008.2000000000,1,,1,1010.1000000000,1059.1000000000,49.0000000000,1206.1000000000,paper_101/ablation/results/36956.out
p2_mofe_ffn_logp_even,279,36956,1009.2000000000,1009.2000000000,1,,1,1010.1000000000,1059.1000000000,49.0000000000,1206.1000000000,paper_101/ablation/results/36956.out
p2_mofe_ffn_logp_even,280,36956,1009.0000000000,1009.0000000000,1,,1,1010.1000000000,1059.1000000000,49.0000000000,1206.1000000000,paper_101/ablation/results/36956.out
p2_mofe_ffn_logp_even,281,36956,1009.2000000000,1009.2000000000,1,,1,1010.1000000000,1059.1000000000,49.0000000000,1206.1000000000,paper_101/ablation/results/36956.out
p2_mofe_ffn_logp_even,282,36956,1007.9000000000,1007.9000000000,1,,1,1010.1000000000,1059.1000000000,49.0000000000,1206.1000000000,paper_101/ablation/results/36956.out
p2_mofe_ffn_logp_even,283,36956,1007.9000000000,1007.9000000000,1,,1,1010.1000000000,1059.1000000000,49.0000000000,1206.1000000000,paper_101/ablation/results/36956.out
p2_mofe_ffn_logp_even,284,36956,1007.9000000000,1007.9000000000,1,,1,1010.1000000000,1059.1000000000,49.0000000000,1206.1000000000,paper_101/ablation/results/36956.out
p2_mofe_ffn_logp_even,285,36956,1007.8000000000,1007.8000000000,1,,1,1010.1000000000,1059.1000000000,49.0000000000,1206.1000000000,paper_101/ablation/results/36956.out
p2_mofe_ffn_logp_even,286,36956,1007.7000000000,1007.7000000000,1,,1,1010.1000000000,1059.1000000000,49.0000000000,1206.1000000000,paper_101/ablation/results/36956.out
p2_mofe_ffn_logp_even,287,36956,1007.3000000000,1007.3000000000,1,,1,1010.1000000000,1059.1000000000,49.0000000000,1206.1000000000,paper_101/ablation/results/36956.out
p2_mofe_ffn_logp_even,288,36956,1005.6000000000,1005.6000000000,1,,1,1010.1000000000,1059.1000000000,49.0000000000,1206.1000000000,paper_101/ablation/results/36956.out
p2_mofe_ffn_logp_even,289,36956,1005.8000000000,1005.8000000000,1,,1,1010.1000000000,1059.1000000000,49.0000000000,1206.1000000000,paper_101/ablation/results/36956.out
p2_mofe_ffn_logp_even,290,36956,1006.0000000000,1006.0000000000,1,,1,1010.1000000000,1059.1000000000,49.0000000000,1206.1000000000,paper_101/ablation/results/36956.out
p2_mofe_ffn_logp_even,291,36956,1007.6000000000,1007.6000000000,1,,1,1010.1000000000,1059.1000000000,49.0000000000,1206.1000000000,paper_101/ablation/results/36956.out
p2_mofe_ffn_logp_even,292,36956,1007.2000000000,1007.2000000000,1,,1,1010.1000000000,1059.1000000000,49.0000000000,1206.1000000000,paper_101/ablation/results/36956.out
p2_mofe_ffn_logp_even,293,36956,1006.3000000000,1006.3000000000,1,,1,1010.1000000000,1059.1000000000,49.0000000000,1206.1000000000,paper_101/ablation/results/36956.out
p2_mofe_ffn_logp_even,294,36956,1006.0000000000,1006.0000000000,1,,1,1010.1000000000,1059.1000000000,49.0000000000,1206.1000000000,paper_101/ablation/results/36956.out
p2_mofe_ffn_logp_even,295,36956,1006.8000000000,1006.8000000000,1,,1,1010.1000000000,1059.1000000000,49.0000000000,1206.1000000000,paper_101/ablation/results/36956.out
p2_mofe_ffn_logp_even,296,36956,1006.0000000000,1006.0000000000,1,,1,1010.1000000000,1059.1000000000,49.0000000000,1206.1000000000,paper_101/ablation/results/36956.out
p2_mofe_ffn_logp_even,297,36956,1007.0000000000,1007.0000000000,1,,1,1010.1000000000,1059.1000000000,49.0000000000,1206.1000000000,paper_101/ablation/results/36956.out
p2_mofe_ffn_logp_even,298,36956,1005.2000000000,1005.2000000000,1,,1,1010.1000000000,1059.1000000000,49.0000000000,1206.1000000000,paper_101/ablation/results/36956.out
p2_mofe_ffn_logp_even,299,36956,1005.2000000000,1005.2000000000,1,,1,1010.1000000000,1059.1000000000,49.0000000000,1206.1000000000,paper_101/ablation/results/36956.out
p2_mofe_ffn_logp_even,300,36956,1005.5000000000,1005.5000000000,1,,1,1010.1000000000,1059.1000000000,49.0000000000,1206.1000000000,paper_101/ablation/results/36956.out
p2_mofe_ffn_logp_last,1,36954,916.7000000000,,0,segment_startup,1,890.6000000000,942.0500000000,51.4500000000,1096.4000000000,paper_101/ablation/results/36954.out
p2_mofe_ffn_logp_last,2,36954,918.9000000000,918.9000000000,1,,1,890.6000000000,942.0500000000,51.4500000000,1096.4000000000,paper_101/ablation/results/36954.out
p2_mofe_ffn_logp_last,3,36954,917.7000000000,917.7000000000,1,,1,890.6000000000,942.0500000000,51.4500000000,1096.4000000000,paper_101/ablation/results/36954.out
p2_mofe_ffn_logp_last,4,36954,919.4000000000,919.4000000000,1,,1,890.6000000000,942.0500000000,51.4500000000,1096.4000000000,paper_101/ablation/results/36954.out
p2_mofe_ffn_logp_last,5,36954,917.5000000000,917.5000000000,1,,1,890.6000000000,942.0500000000,51.4500000000,1096.4000000000,paper_101/ablation/results/36954.out
p2_mofe_ffn_logp_last,6,36954,918.6000000000,918.6000000000,1,,1,890.6000000000,942.0500000000,51.4500000000,1096.4000000000,paper_101/ablation/results/36954.out
p2_mofe_ffn_logp_last,7,36954,918.9000000000,918.9000000000,1,,1,890.6000000000,942.0500000000,51.4500000000,1096.4000000000,paper_101/ablation/results/36954.out
p2_mofe_ffn_logp_last,8,36954,918.7000000000,918.7000000000,1,,1,890.6000000000,942.0500000000,51.4500000000,1096.4000000000,paper_101/ablation/results/36954.out
p2_mofe_ffn_logp_last,9,36954,918.4000000000,918.4000000000,1,,1,890.6000000000,942.0500000000,51.4500000000,1096.4000000000,paper_101/ablation/results/36954.out
p2_mofe_ffn_logp_last,10,36954,919.0000000000,919.0000000000,1,,1,890.6000000000,942.0500000000,51.4500000000,1096.4000000000,paper_101/ablation/results/36954.out
p2_mofe_ffn_logp_last,11,36954,918.4000000000,918.4000000000,1,,1,890.6000000000,942.0500000000,51.4500000000,1096.4000000000,paper_101/ablation/results/36954.out
p2_mofe_ffn_logp_last,12,36954,916.7000000000,916.7000000000,1,,1,890.6000000000,942.0500000000,51.4500000000,1096.4000000000,paper_101/ablation/results/36954.out
p2_mofe_ffn_logp_last,13,36954,917.9000000000,917.9000000000,1,,1,890.6000000000,942.0500000000,51.4500000000,1096.4000000000,paper_101/ablation/results/36954.out
p2_mofe_ffn_logp_last,14,36954,917.5000000000,917.5000000000,1,,1,890.6000000000,942.0500000000,51.4500000000,1096.4000000000,paper_101/ablation/results/36954.out
p2_mofe_ffn_logp_last,15,36954,917.9000000000,917.9000000000,1,,1,890.6000000000,942.0500000000,51.4500000000,1096.4000000000,paper_101/ablation/results/36954.out
p2_mofe_ffn_logp_last,16,36954,919.6000000000,919.6000000000,1,,1,890.6000000000,942.0500000000,51.4500000000,1096.4000000000,paper_101/ablation/results/36954.out
p2_mofe_ffn_logp_last,17,36954,918.5000000000,918.5000000000,1,,1,890.6000000000,942.0500000000,51.4500000000,1096.4000000000,paper_101/ablation/results/36954.out
p2_mofe_ffn_logp_last,18,36954,918.0000000000,918.0000000000,1,,1,890.6000000000,942.0500000000,51.4500000000,1096.4000000000,paper_101/ablation/results/36954.out
p2_mofe_ffn_logp_last,19,36954,918.7000000000,918.7000000000,1,,1,890.6000000000,942.0500000000,51.4500000000,1096.4000000000,paper_101/ablation/results/36954.out
p2_mofe_ffn_logp_last,20,36954,918.2000000000,918.2000000000,1,,1,890.6000000000,942.0500000000,51.4500000000,1096.4000000000,paper_101/ablation/results/36954.out
p2_mofe_ffn_logp_last,21,36954,918.5000000000,918.5000000000,1,,1,890.6000000000,942.0500000000,51.4500000000,1096.4000000000,paper_101/ablation/results/36954.out
p2_mofe_ffn_logp_last,22,36954,918.6000000000,918.6000000000,1,,1,890.6000000000,942.0500000000,51.4500000000,1096.4000000000,paper_101/ablation/results/36954.out
p2_mofe_ffn_logp_last,23,36954,917.8000000000,917.8000000000,1,,1,890.6000000000,942.0500000000,51.4500000000,1096.4000000000,paper_101/ablation/results/36954.out
p2_mofe_ffn_logp_last,24,36954,917.0000000000,917.0000000000,1,,1,890.6000000000,942.0500000000,51.4500000000,1096.4000000000,paper_101/ablation/results/36954.out
p2_mofe_ffn_logp_last,25,36954,916.0000000000,916.0000000000,1,,1,890.6000000000,942.0500000000,51.4500000000,1096.4000000000,paper_101/ablation/results/36954.out
p2_mofe_ffn_logp_last,26,36954,918.8000000000,918.8000000000,1,,1,890.6000000000,942.0500000000,51.4500000000,1096.4000000000,paper_101/ablation/results/36954.out
p2_mofe_ffn_logp_last,27,36954,918.9000000000,918.9000000000,1,,1,890.6000000000,942.0500000000,51.4500000000,1096.4000000000,paper_101/ablation/results/36954.out
p2_mofe_ffn_logp_last,28,36954,916.8000000000,916.8000000000,1,,1,890.6000000000,942.0500000000,51.4500000000,1096.4000000000,paper_101/ablation/results/36954.out
p2_mofe_ffn_logp_last,29,36954,917.3000000000,917.3000000000,1,,1,890.6000000000,942.0500000000,51.4500000000,1096.4000000000,paper_101/ablation/results/36954.out
p2_mofe_ffn_logp_last,30,36954,920.0000000000,920.0000000000,1,,1,890.6000000000,942.0500000000,51.4500000000,1096.4000000000,paper_101/ablation/results/36954.out
p2_mofe_ffn_logp_last,31,36954,917.2000000000,917.2000000000,1,,1,890.6000000000,942.0500000000,51.4500000000,1096.4000000000,paper_101/ablation/results/36954.out
p2_mofe_ffn_logp_last,32,36954,918.1000000000,918.1000000000,1,,1,890.6000000000,942.0500000000,51.4500000000,1096.4000000000,paper_101/ablation/results/36954.out
p2_mofe_ffn_logp_last,33,36954,916.9000000000,916.9000000000,1,,1,890.6000000000,942.0500000000,51.4500000000,1096.4000000000,paper_101/ablation/results/36954.out
p2_mofe_ffn_logp_last,34,36954,909.9000000000,909.9000000000,1,,1,890.6000000000,942.0500000000,51.4500000000,1096.4000000000,paper_101/ablation/results/36954.out
p2_mofe_ffn_logp_last,35,36954,908.8000000000,908.8000000000,1,,1,890.6000000000,942.0500000000,51.4500000000,1096.4000000000,paper_101/ablation/results/36954.out
p2_mofe_ffn_logp_last,36,36954,908.2000000000,908.2000000000,1,,1,890.6000000000,942.0500000000,51.4500000000,1096.4000000000,paper_101/ablation/results/36954.out
p2_mofe_ffn_logp_last,37,36954,908.9000000000,908.9000000000,1,,1,890.6000000000,942.0500000000,51.4500000000,1096.4000000000,paper_101/ablation/results/36954.out
p2_mofe_ffn_logp_last,38,36954,907.3000000000,907.3000000000,1,,1,890.6000000000,942.0500000000,51.4500000000,1096.4000000000,paper_101/ablation/results/36954.out
p2_mofe_ffn_logp_last,39,36954,924.2000000000,924.2000000000,1,,1,890.6000000000,942.0500000000,51.4500000000,1096.4000000000,paper_101/ablation/results/36954.out
p2_mofe_ffn_logp_last,40,36954,908.9000000000,908.9000000000,1,,1,890.6000000000,942.0500000000,51.4500000000,1096.4000000000,paper_101/ablation/results/36954.out
p2_mofe_ffn_logp_last,41,36954,909.4000000000,909.4000000000,1,,1,890.6000000000,942.0500000000,51.4500000000,1096.4000000000,paper_101/ablation/results/36954.out
p2_mofe_ffn_logp_last,42,36954,908.6000000000,908.6000000000,1,,1,890.6000000000,942.0500000000,51.4500000000,1096.4000000000,paper_101/ablation/results/36954.out
p2_mofe_ffn_logp_last,43,36954,908.7000000000,908.7000000000,1,,1,890.6000000000,942.0500000000,51.4500000000,1096.4000000000,paper_101/ablation/results/36954.out
p2_mofe_ffn_logp_last,44,36954,908.7000000000,908.7000000000,1,,1,890.6000000000,942.0500000000,51.4500000000,1096.4000000000,paper_101/ablation/results/36954.out
p2_mofe_ffn_logp_last,45,36954,910.1000000000,910.1000000000,1,,1,890.6000000000,942.0500000000,51.4500000000,1096.4000000000,paper_101/ablation/results/36954.out
p2_mofe_ffn_logp_last,46,36954,901.9000000000,901.9000000000,1,,1,890.6000000000,942.0500000000,51.4500000000,1096.4000000000,paper_101/ablation/results/36954.out
p2_mofe_ffn_logp_last,47,36954,895.7000000000,895.7000000000,1,,1,890.6000000000,942.0500000000,51.4500000000,1096.4000000000,paper_101/ablation/results/36954.out
p2_mofe_ffn_logp_last,48,36954,896.5000000000,896.5000000000,1,,1,890.6000000000,942.0500000000,51.4500000000,1096.4000000000,paper_101/ablation/results/36954.out
p2_mofe_ffn_logp_last,49,36954,896.6000000000,896.6000000000,1,,1,890.6000000000,942.0500000000,51.4500000000,1096.4000000000,paper_101/ablation/results/36954.out
p2_mofe_ffn_logp_last,50,36954,896.6000000000,896.6000000000,1,,1,890.6000000000,942.0500000000,51.4500000000,1096.4000000000,paper_101/ablation/results/36954.out
p2_mofe_ffn_logp_last,51,36954,896.2000000000,896.2000000000,1,,1,890.6000000000,942.0500000000,51.4500000000,1096.4000000000,paper_101/ablation/results/36954.out
p2_mofe_ffn_logp_last,52,36954,897.2000000000,897.2000000000,1,,1,890.6000000000,942.0500000000,51.4500000000,1096.4000000000,paper_101/ablation/results/36954.out
p2_mofe_ffn_logp_last,53,36954,887.7000000000,887.7000000000,1,,1,890.6000000000,942.0500000000,51.4500000000,1096.4000000000,paper_101/ablation/results/36954.out
p2_mofe_ffn_logp_last,54,36954,882.7000000000,882.7000000000,1,,1,890.6000000000,942.0500000000,51.4500000000,1096.4000000000,paper_101/ablation/results/36954.out
p2_mofe_ffn_logp_last,55,36954,882.2000000000,882.2000000000,1,,1,890.6000000000,942.0500000000,51.4500000000,1096.4000000000,paper_101/ablation/results/36954.out
p2_mofe_ffn_logp_last,56,36954,881.0000000000,881.0000000000,1,,1,890.6000000000,942.0500000000,51.4500000000,1096.4000000000,paper_101/ablation/results/36954.out
p2_mofe_ffn_logp_last,57,36954,880.7000000000,880.7000000000,1,,1,890.6000000000,942.0500000000,51.4500000000,1096.4000000000,paper_101/ablation/results/36954.out
p2_mofe_ffn_logp_last,58,36954,882.8000000000,882.8000000000,1,,1,890.6000000000,942.0500000000,51.4500000000,1096.4000000000,paper_101/ablation/results/36954.out
p2_mofe_ffn_logp_last,59,36954,885.6000000000,885.6000000000,1,,1,890.6000000000,942.0500000000,51.4500000000,1096.4000000000,paper_101/ablation/results/36954.out
p2_mofe_ffn_logp_last,60,36954,913.2000000000,913.2000000000,1,,1,890.6000000000,942.0500000000,51.4500000000,1096.4000000000,paper_101/ablation/results/36954.out
p2_mofe_ffn_logp_last,61,36954,925.7000000000,925.7000000000,1,,1,890.6000000000,942.0500000000,51.4500000000,1096.4000000000,paper_101/ablation/results/36954.out
p2_mofe_ffn_logp_last,62,36954,921.8000000000,921.8000000000,1,,1,890.6000000000,942.0500000000,51.4500000000,1096.4000000000,paper_101/ablation/results/36954.out
p2_mofe_ffn_logp_last,63,36954,886.7000000000,886.7000000000,1,,1,890.6000000000,942.0500000000,51.4500000000,1096.4000000000,paper_101/ablation/results/36954.out
p2_mofe_ffn_logp_last,64,36954,890.8000000000,890.8000000000,1,,1,890.6000000000,942.0500000000,51.4500000000,1096.4000000000,paper_101/ablation/results/36954.out
p2_mofe_ffn_logp_last,65,36954,892.3000000000,892.3000000000,1,,1,890.6000000000,942.0500000000,51.4500000000,1096.4000000000,paper_101/ablation/results/36954.out
p2_mofe_ffn_logp_last,66,36954,892.0000000000,892.0000000000,1,,1,890.6000000000,942.0500000000,51.4500000000,1096.4000000000,paper_101/ablation/results/36954.out
p2_mofe_ffn_logp_last,67,36954,893.8000000000,893.8000000000,1,,1,890.6000000000,942.0500000000,51.4500000000,1096.4000000000,paper_101/ablation/results/36954.out
p2_mofe_ffn_logp_last,68,36954,895.9000000000,895.9000000000,1,,1,890.6000000000,942.0500000000,51.4500000000,1096.4000000000,paper_101/ablation/results/36954.out
p2_mofe_ffn_logp_last,69,36954,893.4000000000,893.4000000000,1,,1,890.6000000000,942.0500000000,51.4500000000,1096.4000000000,paper_101/ablation/results/36954.out
p2_mofe_ffn_logp_last,70,36954,894.2000000000,894.2000000000,1,,1,890.6000000000,942.0500000000,51.4500000000,1096.4000000000,paper_101/ablation/results/36954.out
p2_mofe_ffn_logp_last,71,36954,898.1000000000,898.1000000000,1,,1,890.6000000000,942.0500000000,51.4500000000,1096.4000000000,paper_101/ablation/results/36954.out
p2_mofe_ffn_logp_last,72,36954,930.8000000000,930.8000000000,1,,1,890.6000000000,942.0500000000,51.4500000000,1096.4000000000,paper_101/ablation/results/36954.out
p2_mofe_ffn_logp_last,73,36954,951.8000000000,951.8000000000,1,,1,890.6000000000,942.0500000000,51.4500000000,1096.4000000000,paper_101/ablation/results/36954.out
p2_mofe_ffn_logp_last,74,36954,951.8000000000,951.8000000000,1,,1,890.6000000000,942.0500000000,51.4500000000,1096.4000000000,paper_101/ablation/results/36954.out
p2_mofe_ffn_logp_last,75,36954,951.4000000000,951.4000000000,1,,1,890.6000000000,942.0500000000,51.4500000000,1096.4000000000,paper_101/ablation/results/36954.out
p2_mofe_ffn_logp_last,76,36954,951.1000000000,951.1000000000,1,,1,890.6000000000,942.0500000000,51.4500000000,1096.4000000000,paper_101/ablation/results/36954.out
p2_mofe_ffn_logp_last,77,36954,952.0000000000,952.0000000000,1,,1,890.6000000000,942.0500000000,51.4500000000,1096.4000000000,paper_101/ablation/results/36954.out
p2_mofe_ffn_logp_last,78,36954,952.7000000000,952.7000000000,1,,1,890.6000000000,942.0500000000,51.4500000000,1096.4000000000,paper_101/ablation/results/36954.out
p2_mofe_ffn_logp_last,79,36954,953.3000000000,953.3000000000,1,,1,890.6000000000,942.0500000000,51.4500000000,1096.4000000000,paper_101/ablation/results/36954.out
p2_mofe_ffn_logp_last,80,36954,950.9000000000,950.9000000000,1,,1,890.6000000000,942.0500000000,51.4500000000,1096.4000000000,paper_101/ablation/results/36954.out
p2_mofe_ffn_logp_last,81,36954,952.1000000000,952.1000000000,1,,1,890.6000000000,942.0500000000,51.4500000000,1096.4000000000,paper_101/ablation/results/36954.out
p2_mofe_ffn_logp_last,82,36954,953.2000000000,953.2000000000,1,,1,890.6000000000,942.0500000000,51.4500000000,1096.4000000000,paper_101/ablation/results/36954.out
p2_mofe_ffn_logp_last,83,36954,953.0000000000,953.0000000000,1,,1,890.6000000000,942.0500000000,51.4500000000,1096.4000000000,paper_101/ablation/results/36954.out
p2_mofe_ffn_logp_last,84,36954,955.0000000000,955.0000000000,1,,1,890.6000000000,942.0500000000,51.4500000000,1096.4000000000,paper_101/ablation/results/36954.out
p2_mofe_ffn_logp_last,85,36954,954.0000000000,954.0000000000,1,,1,890.6000000000,942.0500000000,51.4500000000,1096.4000000000,paper_101/ablation/results/36954.out
p2_mofe_ffn_logp_last,86,36954,954.3000000000,954.3000000000,1,,1,890.6000000000,942.0500000000,51.4500000000,1096.4000000000,paper_101/ablation/results/36954.out
p2_mofe_ffn_logp_last,87,36954,955.2000000000,955.2000000000,1,,1,890.6000000000,942.0500000000,51.4500000000,1096.4000000000,paper_101/ablation/results/36954.out
p2_mofe_ffn_logp_last,88,36954,953.5000000000,953.5000000000,1,,1,890.6000000000,942.0500000000,51.4500000000,1096.4000000000,paper_101/ablation/results/36954.out
p2_mofe_ffn_logp_last,89,36954,954.8000000000,954.8000000000,1,,1,890.6000000000,942.0500000000,51.4500000000,1096.4000000000,paper_101/ablation/results/36954.out
p2_mofe_ffn_logp_last,90,36954,955.1000000000,955.1000000000,1,,1,890.6000000000,942.0500000000,51.4500000000,1096.4000000000,paper_101/ablation/results/36954.out
p2_mofe_ffn_logp_last,91,36954,944.3000000000,944.3000000000,1,,1,890.6000000000,942.0500000000,51.4500000000,1096.4000000000,paper_101/ablation/results/36954.out
p2_mofe_ffn_logp_last,92,36954,946.2000000000,946.2000000000,1,,1,890.6000000000,942.0500000000,51.4500000000,1096.4000000000,paper_101/ablation/results/36954.out
p2_mofe_ffn_logp_last,93,36954,946.9000000000,946.9000000000,1,,1,890.6000000000,942.0500000000,51.4500000000,1096.4000000000,paper_101/ablation/results/36954.out
p2_mofe_ffn_logp_last,94,36954,946.7000000000,946.7000000000,1,,1,890.6000000000,942.0500000000,51.4500000000,1096.4000000000,paper_101/ablation/results/36954.out
p2_mofe_ffn_logp_last,95,36954,945.9000000000,945.9000000000,1,,1,890.6000000000,942.0500000000,51.4500000000,1096.4000000000,paper_101/ablation/results/36954.out
p2_mofe_ffn_logp_last,96,36954,945.2000000000,945.2000000000,1,,1,890.6000000000,942.0500000000,51.4500000000,1096.4000000000,paper_101/ablation/results/36954.out
p2_mofe_ffn_logp_last,97,36954,943.8000000000,943.8000000000,1,,1,890.6000000000,942.0500000000,51.4500000000,1096.4000000000,paper_101/ablation/results/36954.out
p2_mofe_ffn_logp_last,98,36954,944.8000000000,944.8000000000,1,,1,890.6000000000,942.0500000000,51.4500000000,1096.4000000000,paper_101/ablation/results/36954.out
p2_mofe_ffn_logp_last,99,36954,944.7000000000,944.7000000000,1,,1,890.6000000000,942.0500000000,51.4500000000,1096.4000000000,paper_101/ablation/results/36954.out
p2_mofe_ffn_logp_last,100,36954,944.0000000000,944.0000000000,1,,1,890.6000000000,942.0500000000,51.4500000000,1096.4000000000,paper_101/ablation/results/36954.out
p2_mofe_ffn_logp_last,101,36954,945.0000000000,945.0000000000,1,,1,890.6000000000,942.0500000000,51.4500000000,1096.4000000000,paper_101/ablation/results/36954.out
p2_mofe_ffn_logp_last,102,36954,944.3000000000,944.3000000000,1,,1,890.6000000000,942.0500000000,51.4500000000,1096.4000000000,paper_101/ablation/results/36954.out
p2_mofe_ffn_logp_last,103,36954,942.9000000000,942.9000000000,1,,1,890.6000000000,942.0500000000,51.4500000000,1096.4000000000,paper_101/ablation/results/36954.out
p2_mofe_ffn_logp_last,104,36954,943.3000000000,943.3000000000,1,,1,890.6000000000,942.0500000000,51.4500000000,1096.4000000000,paper_101/ablation/results/36954.out
p2_mofe_ffn_logp_last,105,36954,944.6000000000,944.6000000000,1,,1,890.6000000000,942.0500000000,51.4500000000,1096.4000000000,paper_101/ablation/results/36954.out
p2_mofe_ffn_logp_last,106,36954,942.8000000000,942.8000000000,1,,1,890.6000000000,942.0500000000,51.4500000000,1096.4000000000,paper_101/ablation/results/36954.out
p2_mofe_ffn_logp_last,107,36954,942.2000000000,942.2000000000,1,,1,890.6000000000,942.0500000000,51.4500000000,1096.4000000000,paper_101/ablation/results/36954.out
p2_mofe_ffn_logp_last,108,36954,944.8000000000,944.8000000000,1,,1,890.6000000000,942.0500000000,51.4500000000,1096.4000000000,paper_101/ablation/results/36954.out
p2_mofe_ffn_logp_last,109,36954,942.7000000000,942.7000000000,1,,1,890.6000000000,942.0500000000,51.4500000000,1096.4000000000,paper_101/ablation/results/36954.out
p2_mofe_ffn_logp_last,110,36954,943.4000000000,943.4000000000,1,,1,890.6000000000,942.0500000000,51.4500000000,1096.4000000000,paper_101/ablation/results/36954.out
p2_mofe_ffn_logp_last,111,36954,941.6000000000,941.6000000000,1,,1,890.6000000000,942.0500000000,51.4500000000,1096.4000000000,paper_101/ablation/results/36954.out
p2_mofe_ffn_logp_last,112,36954,941.0000000000,941.0000000000,1,,1,890.6000000000,942.0500000000,51.4500000000,1096.4000000000,paper_101/ablation/results/36954.out
p2_mofe_ffn_logp_last,113,36954,938.7000000000,938.7000000000,1,,1,890.6000000000,942.0500000000,51.4500000000,1096.4000000000,paper_101/ablation/results/36954.out
p2_mofe_ffn_logp_last,114,36954,936.7000000000,936.7000000000,1,,1,890.6000000000,942.0500000000,51.4500000000,1096.4000000000,paper_101/ablation/results/36954.out
p2_mofe_ffn_logp_last,115,36954,940.7000000000,940.7000000000,1,,1,890.6000000000,942.0500000000,51.4500000000,1096.4000000000,paper_101/ablation/results/36954.out
p2_mofe_ffn_logp_last,116,36954,941.2000000000,941.2000000000,1,,1,890.6000000000,942.0500000000,51.4500000000,1096.4000000000,paper_101/ablation/results/36954.out
p2_mofe_ffn_logp_last,117,36954,939.6000000000,939.6000000000,1,,1,890.6000000000,942.0500000000,51.4500000000,1096.4000000000,paper_101/ablation/results/36954.out
p2_mofe_ffn_logp_last,118,36954,939.5000000000,939.5000000000,1,,1,890.6000000000,942.0500000000,51.4500000000,1096.4000000000,paper_101/ablation/results/36954.out
p2_mofe_ffn_logp_last,119,36954,939.7000000000,939.7000000000,1,,1,890.6000000000,942.0500000000,51.4500000000,1096.4000000000,paper_101/ablation/results/36954.out
p2_mofe_ffn_logp_last,120,36954,938.9000000000,938.9000000000,1,,1,890.6000000000,942.0500000000,51.4500000000,1096.4000000000,paper_101/ablation/results/36954.out
p2_mofe_ffn_logp_last,121,36954,940.1000000000,940.1000000000,1,,1,890.6000000000,942.0500000000,51.4500000000,1096.4000000000,paper_101/ablation/results/36954.out
p2_mofe_ffn_logp_last,122,36954,939.7000000000,939.7000000000,1,,1,890.6000000000,942.0500000000,51.4500000000,1096.4000000000,paper_101/ablation/results/36954.out
p2_mofe_ffn_logp_last,123,36954,938.0000000000,938.0000000000,1,,1,890.6000000000,942.0500000000,51.4500000000,1096.4000000000,paper_101/ablation/results/36954.out
p2_mofe_ffn_logp_last,124,36954,937.9000000000,937.9000000000,1,,1,890.6000000000,942.0500000000,51.4500000000,1096.4000000000,paper_101/ablation/results/36954.out
p2_mofe_ffn_logp_last,125,36954,937.7000000000,937.7000000000,1,,1,890.6000000000,942.0500000000,51.4500000000,1096.4000000000,paper_101/ablation/results/36954.out
p2_mofe_ffn_logp_last,126,36954,941.1000000000,941.1000000000,1,,1,890.6000000000,942.0500000000,51.4500000000,1096.4000000000,paper_101/ablation/results/36954.out
p2_mofe_ffn_logp_last,127,36954,940.0000000000,940.0000000000,1,,1,890.6000000000,942.0500000000,51.4500000000,1096.4000000000,paper_101/ablation/results/36954.out
p2_mofe_ffn_logp_last,128,36954,940.6000000000,940.6000000000,1,,1,890.6000000000,942.0500000000,51.4500000000,1096.4000000000,paper_101/ablation/results/36954.out
p2_mofe_ffn_logp_last,129,36954,941.9000000000,941.9000000000,1,,1,890.6000000000,942.0500000000,51.4500000000,1096.4000000000,paper_101/ablation/results/36954.out
p2_mofe_ffn_logp_last,130,36954,941.2000000000,941.2000000000,1,,1,890.6000000000,942.0500000000,51.4500000000,1096.4000000000,paper_101/ablation/results/36954.out
p2_mofe_ffn_logp_last,131,36954,940.2000000000,940.2000000000,1,,1,890.6000000000,942.0500000000,51.4500000000,1096.4000000000,paper_101/ablation/results/36954.out
p2_mofe_ffn_logp_last,132,36954,942.4000000000,942.4000000000,1,,1,890.6000000000,942.0500000000,51.4500000000,1096.4000000000,paper_101/ablation/results/36954.out
p2_mofe_ffn_logp_last,133,36954,944.3000000000,944.3000000000,1,,1,890.6000000000,942.0500000000,51.4500000000,1096.4000000000,paper_101/ablation/results/36954.out
p2_mofe_ffn_logp_last,134,36954,944.6000000000,944.6000000000,1,,1,890.6000000000,942.0500000000,51.4500000000,1096.4000000000,paper_101/ablation/results/36954.out
p2_mofe_ffn_logp_last,135,36954,947.4000000000,947.4000000000,1,,1,890.6000000000,942.0500000000,51.4500000000,1096.4000000000,paper_101/ablation/results/36954.out
p2_mofe_ffn_logp_last,136,36954,946.2000000000,946.2000000000,1,,1,890.6000000000,942.0500000000,51.4500000000,1096.4000000000,paper_101/ablation/results/36954.out
p2_mofe_ffn_logp_last,137,36954,943.5000000000,943.5000000000,1,,1,890.6000000000,942.0500000000,51.4500000000,1096.4000000000,paper_101/ablation/results/36954.out
p2_mofe_ffn_logp_last,138,36954,945.8000000000,945.8000000000,1,,1,890.6000000000,942.0500000000,51.4500000000,1096.4000000000,paper_101/ablation/results/36954.out
p2_mofe_ffn_logp_last,139,36954,945.6000000000,945.6000000000,1,,1,890.6000000000,942.0500000000,51.4500000000,1096.4000000000,paper_101/ablation/results/36954.out
p2_mofe_ffn_logp_last,140,36954,946.0000000000,946.0000000000,1,,1,890.6000000000,942.0500000000,51.4500000000,1096.4000000000,paper_101/ablation/results/36954.out
p2_mofe_ffn_logp_last,141,36954,947.0000000000,947.0000000000,1,,1,890.6000000000,942.0500000000,51.4500000000,1096.4000000000,paper_101/ablation/results/36954.out
p2_mofe_ffn_logp_last,142,36954,946.9000000000,946.9000000000,1,,1,890.6000000000,942.0500000000,51.4500000000,1096.4000000000,paper_101/ablation/results/36954.out
p2_mofe_ffn_logp_last,143,36954,944.3000000000,944.3000000000,1,,1,890.6000000000,942.0500000000,51.4500000000,1096.4000000000,paper_101/ablation/results/36954.out
p2_mofe_ffn_logp_last,144,36954,944.7000000000,944.7000000000,1,,1,890.6000000000,942.0500000000,51.4500000000,1096.4000000000,paper_101/ablation/results/36954.out
p2_mofe_ffn_logp_last,145,36954,941.2000000000,941.2000000000,1,,1,890.6000000000,942.0500000000,51.4500000000,1096.4000000000,paper_101/ablation/results/36954.out
p2_mofe_ffn_logp_last,146,36954,944.8000000000,944.8000000000,1,,1,890.6000000000,942.0500000000,51.4500000000,1096.4000000000,paper_101/ablation/results/36954.out
p2_mofe_ffn_logp_last,147,36954,948.6000000000,948.6000000000,1,,1,890.6000000000,942.0500000000,51.4500000000,1096.4000000000,paper_101/ablation/results/36954.out
p2_mofe_ffn_logp_last,148,36954,949.2000000000,949.2000000000,1,,1,890.6000000000,942.0500000000,51.4500000000,1096.4000000000,paper_101/ablation/results/36954.out
p2_mofe_ffn_logp_last,149,36954,949.0000000000,949.0000000000,1,,1,890.6000000000,942.0500000000,51.4500000000,1096.4000000000,paper_101/ablation/results/36954.out
p2_mofe_ffn_logp_last,150,36954,950.5000000000,950.5000000000,1,,1,890.6000000000,942.0500000000,51.4500000000,1096.4000000000,paper_101/ablation/results/36954.out
p2_mofe_ffn_logp_last,151,36954,951.3000000000,951.3000000000,1,,1,890.6000000000,942.0500000000,51.4500000000,1096.4000000000,paper_101/ablation/results/36954.out
p2_mofe_ffn_logp_last,152,36954,951.0000000000,951.0000000000,1,,1,890.6000000000,942.0500000000,51.4500000000,1096.4000000000,paper_101/ablation/results/36954.out
p2_mofe_ffn_logp_last,153,36954,950.0000000000,950.0000000000,1,,1,890.6000000000,942.0500000000,51.4500000000,1096.4000000000,paper_101/ablation/results/36954.out
p2_mofe_ffn_logp_last,154,36954,949.0000000000,949.0000000000,1,,1,890.6000000000,942.0500000000,51.4500000000,1096.4000000000,paper_101/ablation/results/36954.out
p2_mofe_ffn_logp_last,155,36954,947.8000000000,947.8000000000,1,,1,890.6000000000,942.0500000000,51.4500000000,1096.4000000000,paper_101/ablation/results/36954.out
p2_mofe_ffn_logp_last,156,36954,949.0000000000,949.0000000000,1,,1,890.6000000000,942.0500000000,51.4500000000,1096.4000000000,paper_101/ablation/results/36954.out
p2_mofe_ffn_logp_last,157,36954,942.8000000000,942.8000000000,1,,1,890.6000000000,942.0500000000,51.4500000000,1096.4000000000,paper_101/ablation/results/36954.out
p2_mofe_ffn_logp_last,158,36954,947.1000000000,947.1000000000,1,,1,890.6000000000,942.0500000000,51.4500000000,1096.4000000000,paper_101/ablation/results/36954.out
p2_mofe_ffn_logp_last,159,36954,947.5000000000,947.5000000000,1,,1,890.6000000000,942.0500000000,51.4500000000,1096.4000000000,paper_101/ablation/results/36954.out
p2_mofe_ffn_logp_last,160,36954,949.1000000000,949.1000000000,1,,1,890.6000000000,942.0500000000,51.4500000000,1096.4000000000,paper_101/ablation/results/36954.out
p2_mofe_ffn_logp_last,161,36954,947.9000000000,947.9000000000,1,,1,890.6000000000,942.0500000000,51.4500000000,1096.4000000000,paper_101/ablation/results/36954.out
p2_mofe_ffn_logp_last,162,36954,951.7000000000,951.7000000000,1,,1,890.6000000000,942.0500000000,51.4500000000,1096.4000000000,paper_101/ablation/results/36954.out
p2_mofe_ffn_logp_last,163,36954,946.2000000000,946.2000000000,1,,1,890.6000000000,942.0500000000,51.4500000000,1096.4000000000,paper_101/ablation/results/36954.out
p2_mofe_ffn_logp_last,164,36954,945.2000000000,945.2000000000,1,,1,890.6000000000,942.0500000000,51.4500000000,1096.4000000000,paper_101/ablation/results/36954.out
p2_mofe_ffn_logp_last,165,36954,947.2000000000,947.2000000000,1,,1,890.6000000000,942.0500000000,51.4500000000,1096.4000000000,paper_101/ablation/results/36954.out
p2_mofe_ffn_logp_last,166,36954,947.2000000000,947.2000000000,1,,1,890.6000000000,942.0500000000,51.4500000000,1096.4000000000,paper_101/ablation/results/36954.out
p2_mofe_ffn_logp_last,167,36954,947.0000000000,947.0000000000,1,,1,890.6000000000,942.0500000000,51.4500000000,1096.4000000000,paper_101/ablation/results/36954.out
p2_mofe_ffn_logp_last,168,36954,947.3000000000,947.3000000000,1,,1,890.6000000000,942.0500000000,51.4500000000,1096.4000000000,paper_101/ablation/results/36954.out
p2_mofe_ffn_logp_last,169,36954,946.4000000000,946.4000000000,1,,1,890.6000000000,942.0500000000,51.4500000000,1096.4000000000,paper_101/ablation/results/36954.out
p2_mofe_ffn_logp_last,170,36954,938.6000000000,938.6000000000,1,,1,890.6000000000,942.0500000000,51.4500000000,1096.4000000000,paper_101/ablation/results/36954.out
p2_mofe_ffn_logp_last,171,36954,928.7000000000,928.7000000000,1,,1,890.6000000000,942.0500000000,51.4500000000,1096.4000000000,paper_101/ablation/results/36954.out
p2_mofe_ffn_logp_last,172,36954,927.9000000000,927.9000000000,1,,1,890.6000000000,942.0500000000,51.4500000000,1096.4000000000,paper_101/ablation/results/36954.out
p2_mofe_ffn_logp_last,173,36954,925.9000000000,925.9000000000,1,,1,890.6000000000,942.0500000000,51.4500000000,1096.4000000000,paper_101/ablation/results/36954.out
p2_mofe_ffn_logp_last,174,36954,913.1000000000,913.1000000000,1,,1,890.6000000000,942.0500000000,51.4500000000,1096.4000000000,paper_101/ablation/results/36954.out
p2_mofe_ffn_logp_last,175,36954,910.8000000000,910.8000000000,1,,1,890.6000000000,942.0500000000,51.4500000000,1096.4000000000,paper_101/ablation/results/36954.out
p2_mofe_ffn_logp_last,176,36954,910.8000000000,910.8000000000,1,,1,890.6000000000,942.0500000000,51.4500000000,1096.4000000000,paper_101/ablation/results/36954.out
p2_mofe_ffn_logp_last,177,36954,892.1000000000,892.1000000000,1,,1,890.6000000000,942.0500000000,51.4500000000,1096.4000000000,paper_101/ablation/results/36954.out
p2_mofe_ffn_logp_last,178,36954,891.4000000000,891.4000000000,1,,1,890.6000000000,942.0500000000,51.4500000000,1096.4000000000,paper_101/ablation/results/36954.out
p2_mofe_ffn_logp_last,179,36954,892.1000000000,892.1000000000,1,,1,890.6000000000,942.0500000000,51.4500000000,1096.4000000000,paper_101/ablation/results/36954.out
p2_mofe_ffn_logp_last,180,36954,891.5000000000,891.5000000000,1,,1,890.6000000000,942.0500000000,51.4500000000,1096.4000000000,paper_101/ablation/results/36954.out
p2_mofe_ffn_logp_last,181,36954,891.7000000000,891.7000000000,1,,1,890.6000000000,942.0500000000,51.4500000000,1096.4000000000,paper_101/ablation/results/36954.out
p2_mofe_ffn_logp_last,182,36954,891.1000000000,891.1000000000,1,,1,890.6000000000,942.0500000000,51.4500000000,1096.4000000000,paper_101/ablation/results/36954.out
p2_mofe_ffn_logp_last,183,36954,891.3000000000,891.3000000000,1,,1,890.6000000000,942.0500000000,51.4500000000,1096.4000000000,paper_101/ablation/results/36954.out
p2_mofe_ffn_logp_last,184,36954,892.4000000000,892.4000000000,1,,1,890.6000000000,942.0500000000,51.4500000000,1096.4000000000,paper_101/ablation/results/36954.out
p2_mofe_ffn_logp_last,185,36954,891.9000000000,891.9000000000,1,,1,890.6000000000,942.0500000000,51.4500000000,1096.4000000000,paper_101/ablation/results/36954.out
p2_mofe_ffn_logp_last,186,36954,891.4000000000,891.4000000000,1,,1,890.6000000000,942.0500000000,51.4500000000,1096.4000000000,paper_101/ablation/results/36954.out
p2_mofe_ffn_logp_last,187,36954,890.4000000000,890.4000000000,1,,1,890.6000000000,942.0500000000,51.4500000000,1096.4000000000,paper_101/ablation/results/36954.out
p2_mofe_ffn_logp_last,188,36954,889.6000000000,889.6000000000,1,,1,890.6000000000,942.0500000000,51.4500000000,1096.4000000000,paper_101/ablation/results/36954.out
p2_mofe_ffn_logp_last,189,36954,890.9000000000,890.9000000000,1,,1,890.6000000000,942.0500000000,51.4500000000,1096.4000000000,paper_101/ablation/results/36954.out
p2_mofe_ffn_logp_last,190,36954,889.9000000000,889.9000000000,1,,1,890.6000000000,942.0500000000,51.4500000000,1096.4000000000,paper_101/ablation/results/36954.out
p2_mofe_ffn_logp_last,191,36954,890.2000000000,890.2000000000,1,,1,890.6000000000,942.0500000000,51.4500000000,1096.4000000000,paper_101/ablation/results/36954.out
p2_mofe_ffn_logp_last,192,36954,890.1000000000,890.1000000000,1,,1,890.6000000000,942.0500000000,51.4500000000,1096.4000000000,paper_101/ablation/results/36954.out
p2_mofe_ffn_logp_last,193,36954,889.2000000000,889.2000000000,1,,1,890.6000000000,942.0500000000,51.4500000000,1096.4000000000,paper_101/ablation/results/36954.out
p2_mofe_ffn_logp_last,194,36954,890.3000000000,890.3000000000,1,,1,890.6000000000,942.0500000000,51.4500000000,1096.4000000000,paper_101/ablation/results/36954.out
p2_mofe_ffn_logp_last,195,36954,891.1000000000,891.1000000000,1,,1,890.6000000000,942.0500000000,51.4500000000,1096.4000000000,paper_101/ablation/results/36954.out
p2_mofe_ffn_logp_last,196,36954,891.4000000000,891.4000000000,1,,1,890.6000000000,942.0500000000,51.4500000000,1096.4000000000,paper_101/ablation/results/36954.out
p2_mofe_ffn_logp_last,197,36954,892.3000000000,892.3000000000,1,,1,890.6000000000,942.0500000000,51.4500000000,1096.4000000000,paper_101/ablation/results/36954.out
p2_mofe_ffn_logp_last,198,36954,890.9000000000,890.9000000000,1,,1,890.6000000000,942.0500000000,51.4500000000,1096.4000000000,paper_101/ablation/results/36954.out
p2_mofe_ffn_logp_last,199,36954,891.2000000000,891.2000000000,1,,1,890.6000000000,942.0500000000,51.4500000000,1096.4000000000,paper_101/ablation/results/36954.out
p2_mofe_ffn_logp_last,200,36954,892.1000000000,892.1000000000,1,,1,890.6000000000,942.0500000000,51.4500000000,1096.4000000000,paper_101/ablation/results/36954.out
p2_mofe_ffn_logp_last,201,36954,890.8000000000,890.8000000000,1,,1,890.6000000000,942.0500000000,51.4500000000,1096.4000000000,paper_101/ablation/results/36954.out
p2_mofe_ffn_logp_last,202,36954,890.8000000000,890.8000000000,1,,1,890.6000000000,942.0500000000,51.4500000000,1096.4000000000,paper_101/ablation/results/36954.out
p2_mofe_ffn_logp_last,203,36954,891.5000000000,891.5000000000,1,,1,890.6000000000,942.0500000000,51.4500000000,1096.4000000000,paper_101/ablation/results/36954.out
p2_mofe_ffn_logp_last,204,36954,891.2000000000,891.2000000000,1,,1,890.6000000000,942.0500000000,51.4500000000,1096.4000000000,paper_101/ablation/results/36954.out
p2_mofe_ffn_logp_last,205,36954,890.9000000000,890.9000000000,1,,1,890.6000000000,942.0500000000,51.4500000000,1096.4000000000,paper_101/ablation/results/36954.out
p2_mofe_ffn_logp_last,206,36954,891.6000000000,891.6000000000,1,,1,890.6000000000,942.0500000000,51.4500000000,1096.4000000000,paper_101/ablation/results/36954.out
p2_mofe_ffn_logp_last,207,36954,891.1000000000,891.1000000000,1,,1,890.6000000000,942.0500000000,51.4500000000,1096.4000000000,paper_101/ablation/results/36954.out
p2_mofe_ffn_logp_last,208,36954,890.4000000000,890.4000000000,1,,1,890.6000000000,942.0500000000,51.4500000000,1096.4000000000,paper_101/ablation/results/36954.out
p2_mofe_ffn_logp_last,209,36954,890.9000000000,890.9000000000,1,,1,890.6000000000,942.0500000000,51.4500000000,1096.4000000000,paper_101/ablation/results/36954.out
p2_mofe_ffn_logp_last,210,36954,891.7000000000,891.7000000000,1,,1,890.6000000000,942.0500000000,51.4500000000,1096.4000000000,paper_101/ablation/results/36954.out
p2_mofe_ffn_logp_last,211,36954,889.6000000000,889.6000000000,1,,1,890.6000000000,942.0500000000,51.4500000000,1096.4000000000,paper_101/ablation/results/36954.out
p2_mofe_ffn_logp_last,212,36954,890.4000000000,890.4000000000,1,,1,890.6000000000,942.0500000000,51.4500000000,1096.4000000000,paper_101/ablation/results/36954.out
p2_mofe_ffn_logp_last,213,36954,891.2000000000,891.2000000000,1,,1,890.6000000000,942.0500000000,51.4500000000,1096.4000000000,paper_101/ablation/results/36954.out
p2_mofe_ffn_logp_last,214,36954,891.7000000000,891.7000000000,1,,1,890.6000000000,942.0500000000,51.4500000000,1096.4000000000,paper_101/ablation/results/36954.out
p2_mofe_ffn_logp_last,215,36954,891.4000000000,891.4000000000,1,,1,890.6000000000,942.0500000000,51.4500000000,1096.4000000000,paper_101/ablation/results/36954.out
p2_mofe_ffn_logp_last,216,36954,889.4000000000,889.4000000000,1,,1,890.6000000000,942.0500000000,51.4500000000,1096.4000000000,paper_101/ablation/results/36954.out
p2_mofe_ffn_logp_last,217,36954,889.7000000000,889.7000000000,1,,1,890.6000000000,942.0500000000,51.4500000000,1096.4000000000,paper_101/ablation/results/36954.out
p2_mofe_ffn_logp_last,218,36954,890.0000000000,890.0000000000,1,,1,890.6000000000,942.0500000000,51.4500000000,1096.4000000000,paper_101/ablation/results/36954.out
p2_mofe_ffn_logp_last,219,36954,889.5000000000,889.5000000000,1,,1,890.6000000000,942.0500000000,51.4500000000,1096.4000000000,paper_101/ablation/results/36954.out
p2_mofe_ffn_logp_last,220,36954,889.9000000000,889.9000000000,1,,1,890.6000000000,942.0500000000,51.4500000000,1096.4000000000,paper_101/ablation/results/36954.out
p2_mofe_ffn_logp_last,221,36954,889.7000000000,889.7000000000,1,,1,890.6000000000,942.0500000000,51.4500000000,1096.4000000000,paper_101/ablation/results/36954.out
p2_mofe_ffn_logp_last,222,36954,889.9000000000,889.9000000000,1,,1,890.6000000000,942.0500000000,51.4500000000,1096.4000000000,paper_101/ablation/results/36954.out
p2_mofe_ffn_logp_last,223,36954,889.1000000000,889.1000000000,1,,1,890.6000000000,942.0500000000,51.4500000000,1096.4000000000,paper_101/ablation/results/36954.out
p2_mofe_ffn_logp_last,224,36954,889.8000000000,889.8000000000,1,,1,890.6000000000,942.0500000000,51.4500000000,1096.4000000000,paper_101/ablation/results/36954.out
p2_mofe_ffn_logp_last,225,36954,888.9000000000,888.9000000000,1,,1,890.6000000000,942.0500000000,51.4500000000,1096.4000000000,paper_101/ablation/results/36954.out
p2_mofe_ffn_logp_last,226,36954,888.2000000000,888.2000000000,1,,1,890.6000000000,942.0500000000,51.4500000000,1096.4000000000,paper_101/ablation/results/36954.out
p2_mofe_ffn_logp_last,227,36954,889.0000000000,889.0000000000,1,,1,890.6000000000,942.0500000000,51.4500000000,1096.4000000000,paper_101/ablation/results/36954.out
p2_mofe_ffn_logp_last,228,36954,888.9000000000,888.9000000000,1,,1,890.6000000000,942.0500000000,51.4500000000,1096.4000000000,paper_101/ablation/results/36954.out
p2_mofe_ffn_logp_last,229,36954,887.7000000000,887.7000000000,1,,1,890.6000000000,942.0500000000,51.4500000000,1096.4000000000,paper_101/ablation/results/36954.out
p2_mofe_ffn_logp_last,230,36954,888.7000000000,888.7000000000,1,,1,890.6000000000,942.0500000000,51.4500000000,1096.4000000000,paper_101/ablation/results/36954.out
p2_mofe_ffn_logp_last,231,36954,888.1000000000,888.1000000000,1,,1,890.6000000000,942.0500000000,51.4500000000,1096.4000000000,paper_101/ablation/results/36954.out
p2_mofe_ffn_logp_last,232,36954,887.7000000000,887.7000000000,1,,1,890.6000000000,942.0500000000,51.4500000000,1096.4000000000,paper_101/ablation/results/36954.out
p2_mofe_ffn_logp_last,233,36954,888.4000000000,888.4000000000,1,,1,890.6000000000,942.0500000000,51.4500000000,1096.4000000000,paper_101/ablation/results/36954.out
p2_mofe_ffn_logp_last,234,36954,887.7000000000,887.7000000000,1,,1,890.6000000000,942.0500000000,51.4500000000,1096.4000000000,paper_101/ablation/results/36954.out
p2_mofe_ffn_logp_last,235,36954,887.6000000000,887.6000000000,1,,1,890.6000000000,942.0500000000,51.4500000000,1096.4000000000,paper_101/ablation/results/36954.out
p2_mofe_ffn_logp_last,236,36954,889.8000000000,889.8000000000,1,,1,890.6000000000,942.0500000000,51.4500000000,1096.4000000000,paper_101/ablation/results/36954.out
p2_mofe_ffn_logp_last,237,36954,888.8000000000,888.8000000000,1,,1,890.6000000000,942.0500000000,51.4500000000,1096.4000000000,paper_101/ablation/results/36954.out
p2_mofe_ffn_logp_last,238,36954,889.3000000000,889.3000000000,1,,1,890.6000000000,942.0500000000,51.4500000000,1096.4000000000,paper_101/ablation/results/36954.out
p2_mofe_ffn_logp_last,239,36954,889.0000000000,889.0000000000,1,,1,890.6000000000,942.0500000000,51.4500000000,1096.4000000000,paper_101/ablation/results/36954.out
p2_mofe_ffn_logp_last,240,36954,891.0000000000,891.0000000000,1,,1,890.6000000000,942.0500000000,51.4500000000,1096.4000000000,paper_101/ablation/results/36954.out
p2_mofe_ffn_logp_last,241,36954,890.8000000000,890.8000000000,1,,1,890.6000000000,942.0500000000,51.4500000000,1096.4000000000,paper_101/ablation/results/36954.out
p2_mofe_ffn_logp_last,242,36954,890.6000000000,890.6000000000,1,,1,890.6000000000,942.0500000000,51.4500000000,1096.4000000000,paper_101/ablation/results/36954.out
p2_mofe_ffn_logp_last,243,36954,889.2000000000,889.2000000000,1,,1,890.6000000000,942.0500000000,51.4500000000,1096.4000000000,paper_101/ablation/results/36954.out
p2_mofe_ffn_logp_last,244,36954,890.9000000000,890.9000000000,1,,1,890.6000000000,942.0500000000,51.4500000000,1096.4000000000,paper_101/ablation/results/36954.out
p2_mofe_ffn_logp_last,245,36954,892.8000000000,892.8000000000,1,,1,890.6000000000,942.0500000000,51.4500000000,1096.4000000000,paper_101/ablation/results/36954.out
p2_mofe_ffn_logp_last,246,36954,890.8000000000,890.8000000000,1,,1,890.6000000000,942.0500000000,51.4500000000,1096.4000000000,paper_101/ablation/results/36954.out
p2_mofe_ffn_logp_last,247,36954,891.0000000000,891.0000000000,1,,1,890.6000000000,942.0500000000,51.4500000000,1096.4000000000,paper_101/ablation/results/36954.out
p2_mofe_ffn_logp_last,248,36954,890.4000000000,890.4000000000,1,,1,890.6000000000,942.0500000000,51.4500000000,1096.4000000000,paper_101/ablation/results/36954.out
p2_mofe_ffn_logp_last,249,36954,890.9000000000,890.9000000000,1,,1,890.6000000000,942.0500000000,51.4500000000,1096.4000000000,paper_101/ablation/results/36954.out
p2_mofe_ffn_logp_last,250,36954,891.1000000000,891.1000000000,1,,1,890.6000000000,942.0500000000,51.4500000000,1096.4000000000,paper_101/ablation/results/36954.out
p2_mofe_ffn_logp_last,251,36954,890.5000000000,890.5000000000,1,,1,890.6000000000,942.0500000000,51.4500000000,1096.4000000000,paper_101/ablation/results/36954.out
p2_mofe_ffn_logp_last,252,36954,891.5000000000,891.5000000000,1,,1,890.6000000000,942.0500000000,51.4500000000,1096.4000000000,paper_101/ablation/results/36954.out
p2_mofe_ffn_logp_last,253,36954,891.2000000000,891.2000000000,1,,1,890.6000000000,942.0500000000,51.4500000000,1096.4000000000,paper_101/ablation/results/36954.out
p2_mofe_ffn_logp_last,254,36954,891.1000000000,891.1000000000,1,,1,890.6000000000,942.0500000000,51.4500000000,1096.4000000000,paper_101/ablation/results/36954.out
p2_mofe_ffn_logp_last,255,36954,891.6000000000,891.6000000000,1,,1,890.6000000000,942.0500000000,51.4500000000,1096.4000000000,paper_101/ablation/results/36954.out
p2_mofe_ffn_logp_last,256,36954,890.3000000000,890.3000000000,1,,1,890.6000000000,942.0500000000,51.4500000000,1096.4000000000,paper_101/ablation/results/36954.out
p2_mofe_ffn_logp_last,257,36954,890.7000000000,890.7000000000,1,,1,890.6000000000,942.0500000000,51.4500000000,1096.4000000000,paper_101/ablation/results/36954.out
p2_mofe_ffn_logp_last,258,36954,891.3000000000,891.3000000000,1,,1,890.6000000000,942.0500000000,51.4500000000,1096.4000000000,paper_101/ablation/results/36954.out
p2_mofe_ffn_logp_last,259,36954,889.9000000000,889.9000000000,1,,1,890.6000000000,942.0500000000,51.4500000000,1096.4000000000,paper_101/ablation/results/36954.out
p2_mofe_ffn_logp_last,260,36954,890.7000000000,890.7000000000,1,,1,890.6000000000,942.0500000000,51.4500000000,1096.4000000000,paper_101/ablation/results/36954.out
p2_mofe_ffn_logp_last,261,36954,890.7000000000,890.7000000000,1,,1,890.6000000000,942.0500000000,51.4500000000,1096.4000000000,paper_101/ablation/results/36954.out
p2_mofe_ffn_logp_last,262,36954,890.3000000000,890.3000000000,1,,1,890.6000000000,942.0500000000,51.4500000000,1096.4000000000,paper_101/ablation/results/36954.out
p2_mofe_ffn_logp_last,263,36954,891.8000000000,891.8000000000,1,,1,890.6000000000,942.0500000000,51.4500000000,1096.4000000000,paper_101/ablation/results/36954.out
p2_mofe_ffn_logp_last,264,36954,891.0000000000,891.0000000000,1,,1,890.6000000000,942.0500000000,51.4500000000,1096.4000000000,paper_101/ablation/results/36954.out
p2_mofe_ffn_logp_last,265,36954,891.4000000000,891.4000000000,1,,1,890.6000000000,942.0500000000,51.4500000000,1096.4000000000,paper_101/ablation/results/36954.out
p2_mofe_ffn_logp_last,266,36954,890.0000000000,890.0000000000,1,,1,890.6000000000,942.0500000000,51.4500000000,1096.4000000000,paper_101/ablation/results/36954.out
p2_mofe_ffn_logp_last,267,36954,891.6000000000,891.6000000000,1,,1,890.6000000000,942.0500000000,51.4500000000,1096.4000000000,paper_101/ablation/results/36954.out
p2_mofe_ffn_logp_last,268,36954,891.2000000000,891.2000000000,1,,1,890.6000000000,942.0500000000,51.4500000000,1096.4000000000,paper_101/ablation/results/36954.out
p2_mofe_ffn_logp_last,269,36954,891.3000000000,891.3000000000,1,,1,890.6000000000,942.0500000000,51.4500000000,1096.4000000000,paper_101/ablation/results/36954.out
p2_mofe_ffn_logp_last,270,36954,890.5000000000,890.5000000000,1,,1,890.6000000000,942.0500000000,51.4500000000,1096.4000000000,paper_101/ablation/results/36954.out
p2_mofe_ffn_logp_last,271,36954,890.6000000000,890.6000000000,1,,1,890.6000000000,942.0500000000,51.4500000000,1096.4000000000,paper_101/ablation/results/36954.out
p2_mofe_ffn_logp_last,272,36954,889.9000000000,889.9000000000,1,,1,890.6000000000,942.0500000000,51.4500000000,1096.4000000000,paper_101/ablation/results/36954.out
p2_mofe_ffn_logp_last,273,36954,891.9000000000,891.9000000000,1,,1,890.6000000000,942.0500000000,51.4500000000,1096.4000000000,paper_101/ablation/results/36954.out
p2_mofe_ffn_logp_last,274,36954,890.3000000000,890.3000000000,1,,1,890.6000000000,942.0500000000,51.4500000000,1096.4000000000,paper_101/ablation/results/36954.out
p2_mofe_ffn_logp_last,275,36954,891.0000000000,891.0000000000,1,,1,890.6000000000,942.0500000000,51.4500000000,1096.4000000000,paper_101/ablation/results/36954.out
p2_mofe_ffn_logp_last,276,36954,891.4000000000,891.4000000000,1,,1,890.6000000000,942.0500000000,51.4500000000,1096.4000000000,paper_101/ablation/results/36954.out
p2_mofe_ffn_logp_last,277,36954,891.0000000000,891.0000000000,1,,1,890.6000000000,942.0500000000,51.4500000000,1096.4000000000,paper_101/ablation/results/36954.out
p2_mofe_ffn_logp_last,278,36954,890.5000000000,890.5000000000,1,,1,890.6000000000,942.0500000000,51.4500000000,1096.4000000000,paper_101/ablation/results/36954.out
p2_mofe_ffn_logp_last,279,36954,889.7000000000,889.7000000000,1,,1,890.6000000000,942.0500000000,51.4500000000,1096.4000000000,paper_101/ablation/results/36954.out
p2_mofe_ffn_logp_last,280,36954,891.3000000000,891.3000000000,1,,1,890.6000000000,942.0500000000,51.4500000000,1096.4000000000,paper_101/ablation/results/36954.out
p2_mofe_ffn_logp_last,281,36954,889.9000000000,889.9000000000,1,,1,890.6000000000,942.0500000000,51.4500000000,1096.4000000000,paper_101/ablation/results/36954.out
p2_mofe_ffn_logp_last,282,36954,890.2000000000,890.2000000000,1,,1,890.6000000000,942.0500000000,51.4500000000,1096.4000000000,paper_101/ablation/results/36954.out
p2_mofe_ffn_logp_last,283,36954,890.0000000000,890.0000000000,1,,1,890.6000000000,942.0500000000,51.4500000000,1096.4000000000,paper_101/ablation/results/36954.out
p2_mofe_ffn_logp_last,284,36954,890.0000000000,890.0000000000,1,,1,890.6000000000,942.0500000000,51.4500000000,1096.4000000000,paper_101/ablation/results/36954.out
p2_mofe_ffn_logp_last,285,36954,889.0000000000,889.0000000000,1,,1,890.6000000000,942.0500000000,51.4500000000,1096.4000000000,paper_101/ablation/results/36954.out
p2_mofe_ffn_logp_last,286,36954,889.5000000000,889.5000000000,1,,1,890.6000000000,942.0500000000,51.4500000000,1096.4000000000,paper_101/ablation/results/36954.out
p2_mofe_ffn_logp_last,287,36954,886.8000000000,886.8000000000,1,,1,890.6000000000,942.0500000000,51.4500000000,1096.4000000000,paper_101/ablation/results/36954.out
p2_mofe_ffn_logp_last,288,36954,888.3000000000,888.3000000000,1,,1,890.6000000000,942.0500000000,51.4500000000,1096.4000000000,paper_101/ablation/results/36954.out
p2_mofe_ffn_logp_last,289,36954,887.9000000000,887.9000000000,1,,1,890.6000000000,942.0500000000,51.4500000000,1096.4000000000,paper_101/ablation/results/36954.out
p2_mofe_ffn_logp_last,290,36954,887.4000000000,887.4000000000,1,,1,890.6000000000,942.0500000000,51.4500000000,1096.4000000000,paper_101/ablation/results/36954.out
p2_mofe_ffn_logp_last,291,36954,887.5000000000,887.5000000000,1,,1,890.6000000000,942.0500000000,51.4500000000,1096.4000000000,paper_101/ablation/results/36954.out
p2_mofe_ffn_logp_last,292,36954,889.3000000000,889.3000000000,1,,1,890.6000000000,942.0500000000,51.4500000000,1096.4000000000,paper_101/ablation/results/36954.out
p2_mofe_ffn_logp_last,293,36954,887.4000000000,887.4000000000,1,,1,890.6000000000,942.0500000000,51.4500000000,1096.4000000000,paper_101/ablation/results/36954.out
p2_mofe_ffn_logp_last,294,36954,888.6000000000,888.6000000000,1,,1,890.6000000000,942.0500000000,51.4500000000,1096.4000000000,paper_101/ablation/results/36954.out
p2_mofe_ffn_logp_last,295,36954,888.3000000000,888.3000000000,1,,1,890.6000000000,942.0500000000,51.4500000000,1096.4000000000,paper_101/ablation/results/36954.out
p2_mofe_ffn_logp_last,296,36954,887.7000000000,887.7000000000,1,,1,890.6000000000,942.0500000000,51.4500000000,1096.4000000000,paper_101/ablation/results/36954.out
p2_mofe_ffn_logp_last,297,36954,887.9000000000,887.9000000000,1,,1,890.6000000000,942.0500000000,51.4500000000,1096.4000000000,paper_101/ablation/results/36954.out
p2_mofe_ffn_logp_last,298,36954,889.1000000000,889.1000000000,1,,1,890.6000000000,942.0500000000,51.4500000000,1096.4000000000,paper_101/ablation/results/36954.out
p2_mofe_ffn_logp_last,299,36954,889.3000000000,889.3000000000,1,,1,890.6000000000,942.0500000000,51.4500000000,1096.4000000000,paper_101/ablation/results/36954.out
p2_mofe_ffn_logp_last,300,36954,889.3000000000,889.3000000000,1,,1,890.6000000000,942.0500000000,51.4500000000,1096.4000000000,paper_101/ablation/results/36954.out
p2_mofe_ffn_logp_odd,1,36955,1056.8000000000,,0,segment_startup,1,1010.2000000000,1059.2000000000,49.0000000000,1206.2000000000,paper_101/ablation/results/36955.out
p2_mofe_ffn_logp_odd,2,36955,1056.2000000000,1056.2000000000,1,,1,1010.2000000000,1059.2000000000,49.0000000000,1206.2000000000,paper_101/ablation/results/36955.out
p2_mofe_ffn_logp_odd,3,36955,1057.7000000000,1057.7000000000,1,,1,1010.2000000000,1059.2000000000,49.0000000000,1206.2000000000,paper_101/ablation/results/36955.out
p2_mofe_ffn_logp_odd,4,36955,1058.5000000000,1058.5000000000,1,,1,1010.2000000000,1059.2000000000,49.0000000000,1206.2000000000,paper_101/ablation/results/36955.out
p2_mofe_ffn_logp_odd,5,36955,1058.1000000000,1058.1000000000,1,,1,1010.2000000000,1059.2000000000,49.0000000000,1206.2000000000,paper_101/ablation/results/36955.out
p2_mofe_ffn_logp_odd,6,36955,1059.3000000000,1059.3000000000,1,,1,1010.2000000000,1059.2000000000,49.0000000000,1206.2000000000,paper_101/ablation/results/36955.out
p2_mofe_ffn_logp_odd,7,36955,1059.8000000000,1059.8000000000,1,,1,1010.2000000000,1059.2000000000,49.0000000000,1206.2000000000,paper_101/ablation/results/36955.out
p2_mofe_ffn_logp_odd,8,36955,1059.7000000000,1059.7000000000,1,,1,1010.2000000000,1059.2000000000,49.0000000000,1206.2000000000,paper_101/ablation/results/36955.out
p2_mofe_ffn_logp_odd,9,36955,1059.7000000000,1059.7000000000,1,,1,1010.2000000000,1059.2000000000,49.0000000000,1206.2000000000,paper_101/ablation/results/36955.out
p2_mofe_ffn_logp_odd,10,36955,1060.6000000000,1060.6000000000,1,,1,1010.2000000000,1059.2000000000,49.0000000000,1206.2000000000,paper_101/ablation/results/36955.out
p2_mofe_ffn_logp_odd,11,36955,1058.8000000000,1058.8000000000,1,,1,1010.2000000000,1059.2000000000,49.0000000000,1206.2000000000,paper_101/ablation/results/36955.out
p2_mofe_ffn_logp_odd,12,36955,1059.0000000000,1059.0000000000,1,,1,1010.2000000000,1059.2000000000,49.0000000000,1206.2000000000,paper_101/ablation/results/36955.out
p2_mofe_ffn_logp_odd,13,36955,1060.3000000000,1060.3000000000,1,,1,1010.2000000000,1059.2000000000,49.0000000000,1206.2000000000,paper_101/ablation/results/36955.out
p2_mofe_ffn_logp_odd,14,36955,1058.6000000000,1058.6000000000,1,,1,1010.2000000000,1059.2000000000,49.0000000000,1206.2000000000,paper_101/ablation/results/36955.out
p2_mofe_ffn_logp_odd,15,36955,1059.6000000000,1059.6000000000,1,,1,1010.2000000000,1059.2000000000,49.0000000000,1206.2000000000,paper_101/ablation/results/36955.out
p2_mofe_ffn_logp_odd,16,36955,1060.5000000000,1060.5000000000,1,,1,1010.2000000000,1059.2000000000,49.0000000000,1206.2000000000,paper_101/ablation/results/36955.out
p2_mofe_ffn_logp_odd,17,36955,1059.6000000000,1059.6000000000,1,,1,1010.2000000000,1059.2000000000,49.0000000000,1206.2000000000,paper_101/ablation/results/36955.out
p2_mofe_ffn_logp_odd,18,36955,1059.0000000000,1059.0000000000,1,,1,1010.2000000000,1059.2000000000,49.0000000000,1206.2000000000,paper_101/ablation/results/36955.out
p2_mofe_ffn_logp_odd,19,36955,1059.7000000000,1059.7000000000,1,,1,1010.2000000000,1059.2000000000,49.0000000000,1206.2000000000,paper_101/ablation/results/36955.out
p2_mofe_ffn_logp_odd,20,36955,1059.3000000000,1059.3000000000,1,,1,1010.2000000000,1059.2000000000,49.0000000000,1206.2000000000,paper_101/ablation/results/36955.out
p2_mofe_ffn_logp_odd,21,36955,1059.7000000000,1059.7000000000,1,,1,1010.2000000000,1059.2000000000,49.0000000000,1206.2000000000,paper_101/ablation/results/36955.out
p2_mofe_ffn_logp_odd,22,36955,1060.5000000000,1060.5000000000,1,,1,1010.2000000000,1059.2000000000,49.0000000000,1206.2000000000,paper_101/ablation/results/36955.out
p2_mofe_ffn_logp_odd,23,36955,1059.4000000000,1059.4000000000,1,,1,1010.2000000000,1059.2000000000,49.0000000000,1206.2000000000,paper_101/ablation/results/36955.out
p2_mofe_ffn_logp_odd,24,36955,1059.8000000000,1059.8000000000,1,,1,1010.2000000000,1059.2000000000,49.0000000000,1206.2000000000,paper_101/ablation/results/36955.out
p2_mofe_ffn_logp_odd,25,36955,1057.7000000000,1057.7000000000,1,,1,1010.2000000000,1059.2000000000,49.0000000000,1206.2000000000,paper_101/ablation/results/36955.out
p2_mofe_ffn_logp_odd,26,36955,1061.8000000000,1061.8000000000,1,,1,1010.2000000000,1059.2000000000,49.0000000000,1206.2000000000,paper_101/ablation/results/36955.out
p2_mofe_ffn_logp_odd,27,36955,1065.1000000000,1065.1000000000,1,,1,1010.2000000000,1059.2000000000,49.0000000000,1206.2000000000,paper_101/ablation/results/36955.out
p2_mofe_ffn_logp_odd,28,36955,1062.7000000000,1062.7000000000,1,,1,1010.2000000000,1059.2000000000,49.0000000000,1206.2000000000,paper_101/ablation/results/36955.out
p2_mofe_ffn_logp_odd,29,36955,1062.9000000000,1062.9000000000,1,,1,1010.2000000000,1059.2000000000,49.0000000000,1206.2000000000,paper_101/ablation/results/36955.out
p2_mofe_ffn_logp_odd,30,36955,1065.1000000000,1065.1000000000,1,,1,1010.2000000000,1059.2000000000,49.0000000000,1206.2000000000,paper_101/ablation/results/36955.out
p2_mofe_ffn_logp_odd,31,36955,1063.6000000000,1063.6000000000,1,,1,1010.2000000000,1059.2000000000,49.0000000000,1206.2000000000,paper_101/ablation/results/36955.out
p2_mofe_ffn_logp_odd,32,36955,1064.8000000000,1064.8000000000,1,,1,1010.2000000000,1059.2000000000,49.0000000000,1206.2000000000,paper_101/ablation/results/36955.out
p2_mofe_ffn_logp_odd,33,36955,1063.7000000000,1063.7000000000,1,,1,1010.2000000000,1059.2000000000,49.0000000000,1206.2000000000,paper_101/ablation/results/36955.out
p2_mofe_ffn_logp_odd,34,36955,1063.3000000000,1063.3000000000,1,,1,1010.2000000000,1059.2000000000,49.0000000000,1206.2000000000,paper_101/ablation/results/36955.out
p2_mofe_ffn_logp_odd,35,36955,1064.5000000000,1064.5000000000,1,,1,1010.2000000000,1059.2000000000,49.0000000000,1206.2000000000,paper_101/ablation/results/36955.out
p2_mofe_ffn_logp_odd,36,36955,1063.9000000000,1063.9000000000,1,,1,1010.2000000000,1059.2000000000,49.0000000000,1206.2000000000,paper_101/ablation/results/36955.out
p2_mofe_ffn_logp_odd,37,36955,1064.4000000000,1064.4000000000,1,,1,1010.2000000000,1059.2000000000,49.0000000000,1206.2000000000,paper_101/ablation/results/36955.out
p2_mofe_ffn_logp_odd,38,36955,1064.2000000000,1064.2000000000,1,,1,1010.2000000000,1059.2000000000,49.0000000000,1206.2000000000,paper_101/ablation/results/36955.out
p2_mofe_ffn_logp_odd,39,36955,1064.2000000000,1064.2000000000,1,,1,1010.2000000000,1059.2000000000,49.0000000000,1206.2000000000,paper_101/ablation/results/36955.out
p2_mofe_ffn_logp_odd,40,36955,1064.5000000000,1064.5000000000,1,,1,1010.2000000000,1059.2000000000,49.0000000000,1206.2000000000,paper_101/ablation/results/36955.out
p2_mofe_ffn_logp_odd,41,36955,1063.8000000000,1063.8000000000,1,,1,1010.2000000000,1059.2000000000,49.0000000000,1206.2000000000,paper_101/ablation/results/36955.out
p2_mofe_ffn_logp_odd,42,36955,1063.2000000000,1063.2000000000,1,,1,1010.2000000000,1059.2000000000,49.0000000000,1206.2000000000,paper_101/ablation/results/36955.out
p2_mofe_ffn_logp_odd,43,36955,1062.7000000000,1062.7000000000,1,,1,1010.2000000000,1059.2000000000,49.0000000000,1206.2000000000,paper_101/ablation/results/36955.out
p2_mofe_ffn_logp_odd,44,36955,1064.7000000000,1064.7000000000,1,,1,1010.2000000000,1059.2000000000,49.0000000000,1206.2000000000,paper_101/ablation/results/36955.out
p2_mofe_ffn_logp_odd,45,36955,1064.7000000000,1064.7000000000,1,,1,1010.2000000000,1059.2000000000,49.0000000000,1206.2000000000,paper_101/ablation/results/36955.out
p2_mofe_ffn_logp_odd,46,36955,1065.3000000000,1065.3000000000,1,,1,1010.2000000000,1059.2000000000,49.0000000000,1206.2000000000,paper_101/ablation/results/36955.out
p2_mofe_ffn_logp_odd,47,36955,1064.6000000000,1064.6000000000,1,,1,1010.2000000000,1059.2000000000,49.0000000000,1206.2000000000,paper_101/ablation/results/36955.out
p2_mofe_ffn_logp_odd,48,36955,1063.4000000000,1063.4000000000,1,,1,1010.2000000000,1059.2000000000,49.0000000000,1206.2000000000,paper_101/ablation/results/36955.out
p2_mofe_ffn_logp_odd,49,36955,1064.3000000000,1064.3000000000,1,,1,1010.2000000000,1059.2000000000,49.0000000000,1206.2000000000,paper_101/ablation/results/36955.out
p2_mofe_ffn_logp_odd,50,36955,1062.3000000000,1062.3000000000,1,,1,1010.2000000000,1059.2000000000,49.0000000000,1206.2000000000,paper_101/ablation/results/36955.out
p2_mofe_ffn_logp_odd,51,36955,1063.6000000000,1063.6000000000,1,,1,1010.2000000000,1059.2000000000,49.0000000000,1206.2000000000,paper_101/ablation/results/36955.out
p2_mofe_ffn_logp_odd,52,36955,1062.8000000000,1062.8000000000,1,,1,1010.2000000000,1059.2000000000,49.0000000000,1206.2000000000,paper_101/ablation/results/36955.out
p2_mofe_ffn_logp_odd,53,36955,1062.8000000000,1062.8000000000,1,,1,1010.2000000000,1059.2000000000,49.0000000000,1206.2000000000,paper_101/ablation/results/36955.out
p2_mofe_ffn_logp_odd,54,36955,1060.9000000000,1060.9000000000,1,,1,1010.2000000000,1059.2000000000,49.0000000000,1206.2000000000,paper_101/ablation/results/36955.out
p2_mofe_ffn_logp_odd,55,36955,1060.8000000000,1060.8000000000,1,,1,1010.2000000000,1059.2000000000,49.0000000000,1206.2000000000,paper_101/ablation/results/36955.out
p2_mofe_ffn_logp_odd,56,36955,1059.5000000000,1059.5000000000,1,,1,1010.2000000000,1059.2000000000,49.0000000000,1206.2000000000,paper_101/ablation/results/36955.out
p2_mofe_ffn_logp_odd,57,36955,1060.5000000000,1060.5000000000,1,,1,1010.2000000000,1059.2000000000,49.0000000000,1206.2000000000,paper_101/ablation/results/36955.out
p2_mofe_ffn_logp_odd,58,36955,1059.2000000000,1059.2000000000,1,,1,1010.2000000000,1059.2000000000,49.0000000000,1206.2000000000,paper_101/ablation/results/36955.out
p2_mofe_ffn_logp_odd,59,36955,1058.3000000000,1058.3000000000,1,,1,1010.2000000000,1059.2000000000,49.0000000000,1206.2000000000,paper_101/ablation/results/36955.out
p2_mofe_ffn_logp_odd,60,36955,1058.7000000000,1058.7000000000,1,,1,1010.2000000000,1059.2000000000,49.0000000000,1206.2000000000,paper_101/ablation/results/36955.out
p2_mofe_ffn_logp_odd,61,36955,1058.6000000000,1058.6000000000,1,,1,1010.2000000000,1059.2000000000,49.0000000000,1206.2000000000,paper_101/ablation/results/36955.out
p2_mofe_ffn_logp_odd,62,36955,1059.2000000000,1059.2000000000,1,,1,1010.2000000000,1059.2000000000,49.0000000000,1206.2000000000,paper_101/ablation/results/36955.out
p2_mofe_ffn_logp_odd,63,36955,1061.5000000000,1061.5000000000,1,,1,1010.2000000000,1059.2000000000,49.0000000000,1206.2000000000,paper_101/ablation/results/36955.out
p2_mofe_ffn_logp_odd,64,36955,1058.1000000000,1058.1000000000,1,,1,1010.2000000000,1059.2000000000,49.0000000000,1206.2000000000,paper_101/ablation/results/36955.out
p2_mofe_ffn_logp_odd,65,36955,1057.6000000000,1057.6000000000,1,,1,1010.2000000000,1059.2000000000,49.0000000000,1206.2000000000,paper_101/ablation/results/36955.out
p2_mofe_ffn_logp_odd,66,36955,1057.9000000000,1057.9000000000,1,,1,1010.2000000000,1059.2000000000,49.0000000000,1206.2000000000,paper_101/ablation/results/36955.out
p2_mofe_ffn_logp_odd,67,36955,1057.7000000000,1057.7000000000,1,,1,1010.2000000000,1059.2000000000,49.0000000000,1206.2000000000,paper_101/ablation/results/36955.out
p2_mofe_ffn_logp_odd,68,36955,1060.3000000000,1060.3000000000,1,,1,1010.2000000000,1059.2000000000,49.0000000000,1206.2000000000,paper_101/ablation/results/36955.out
p2_mofe_ffn_logp_odd,69,36955,1057.5000000000,1057.5000000000,1,,1,1010.2000000000,1059.2000000000,49.0000000000,1206.2000000000,paper_101/ablation/results/36955.out
p2_mofe_ffn_logp_odd,70,36955,1057.6000000000,1057.6000000000,1,,1,1010.2000000000,1059.2000000000,49.0000000000,1206.2000000000,paper_101/ablation/results/36955.out
p2_mofe_ffn_logp_odd,71,36955,1058.1000000000,1058.1000000000,1,,1,1010.2000000000,1059.2000000000,49.0000000000,1206.2000000000,paper_101/ablation/results/36955.out
p2_mofe_ffn_logp_odd,72,36955,1057.8000000000,1057.8000000000,1,,1,1010.2000000000,1059.2000000000,49.0000000000,1206.2000000000,paper_101/ablation/results/36955.out
p2_mofe_ffn_logp_odd,73,36955,1057.7000000000,1057.7000000000,1,,1,1010.2000000000,1059.2000000000,49.0000000000,1206.2000000000,paper_101/ablation/results/36955.out
p2_mofe_ffn_logp_odd,74,36955,1057.3000000000,1057.3000000000,1,,1,1010.2000000000,1059.2000000000,49.0000000000,1206.2000000000,paper_101/ablation/results/36955.out
p2_mofe_ffn_logp_odd,75,36955,1057.5000000000,1057.5000000000,1,,1,1010.2000000000,1059.2000000000,49.0000000000,1206.2000000000,paper_101/ablation/results/36955.out
p2_mofe_ffn_logp_odd,76,36955,1057.0000000000,1057.0000000000,1,,1,1010.2000000000,1059.2000000000,49.0000000000,1206.2000000000,paper_101/ablation/results/36955.out
p2_mofe_ffn_logp_odd,77,36955,1059.3000000000,1059.3000000000,1,,1,1010.2000000000,1059.2000000000,49.0000000000,1206.2000000000,paper_101/ablation/results/36955.out
p2_mofe_ffn_logp_odd,78,36955,1058.0000000000,1058.0000000000,1,,1,1010.2000000000,1059.2000000000,49.0000000000,1206.2000000000,paper_101/ablation/results/36955.out
p2_mofe_ffn_logp_odd,79,36955,1057.1000000000,1057.1000000000,1,,1,1010.2000000000,1059.2000000000,49.0000000000,1206.2000000000,paper_101/ablation/results/36955.out
p2_mofe_ffn_logp_odd,80,36955,1057.5000000000,1057.5000000000,1,,1,1010.2000000000,1059.2000000000,49.0000000000,1206.2000000000,paper_101/ablation/results/36955.out
p2_mofe_ffn_logp_odd,81,36955,1057.0000000000,1057.0000000000,1,,1,1010.2000000000,1059.2000000000,49.0000000000,1206.2000000000,paper_101/ablation/results/36955.out
p2_mofe_ffn_logp_odd,82,36955,1056.6000000000,1056.6000000000,1,,1,1010.2000000000,1059.2000000000,49.0000000000,1206.2000000000,paper_101/ablation/results/36955.out
p2_mofe_ffn_logp_odd,83,36955,1056.2000000000,1056.2000000000,1,,1,1010.2000000000,1059.2000000000,49.0000000000,1206.2000000000,paper_101/ablation/results/36955.out
p2_mofe_ffn_logp_odd,84,36955,1055.6000000000,1055.6000000000,1,,1,1010.2000000000,1059.2000000000,49.0000000000,1206.2000000000,paper_101/ablation/results/36955.out
p2_mofe_ffn_logp_odd,85,36955,1056.0000000000,1056.0000000000,1,,1,1010.2000000000,1059.2000000000,49.0000000000,1206.2000000000,paper_101/ablation/results/36955.out
p2_mofe_ffn_logp_odd,86,36955,1058.7000000000,1058.7000000000,1,,1,1010.2000000000,1059.2000000000,49.0000000000,1206.2000000000,paper_101/ablation/results/36955.out
p2_mofe_ffn_logp_odd,87,36955,1056.5000000000,1056.5000000000,1,,1,1010.2000000000,1059.2000000000,49.0000000000,1206.2000000000,paper_101/ablation/results/36955.out
p2_mofe_ffn_logp_odd,88,36955,1058.2000000000,1058.2000000000,1,,1,1010.2000000000,1059.2000000000,49.0000000000,1206.2000000000,paper_101/ablation/results/36955.out
p2_mofe_ffn_logp_odd,89,36955,1058.2000000000,1058.2000000000,1,,1,1010.2000000000,1059.2000000000,49.0000000000,1206.2000000000,paper_101/ablation/results/36955.out
p2_mofe_ffn_logp_odd,90,36955,1047.8000000000,1047.8000000000,1,,1,1010.2000000000,1059.2000000000,49.0000000000,1206.2000000000,paper_101/ablation/results/36955.out
p2_mofe_ffn_logp_odd,91,36955,1043.4000000000,1043.4000000000,1,,1,1010.2000000000,1059.2000000000,49.0000000000,1206.2000000000,paper_101/ablation/results/36955.out
p2_mofe_ffn_logp_odd,92,36955,1043.2000000000,1043.2000000000,1,,1,1010.2000000000,1059.2000000000,49.0000000000,1206.2000000000,paper_101/ablation/results/36955.out
p2_mofe_ffn_logp_odd,93,36955,1037.4000000000,1037.4000000000,1,,1,1010.2000000000,1059.2000000000,49.0000000000,1206.2000000000,paper_101/ablation/results/36955.out
p2_mofe_ffn_logp_odd,94,36955,1037.3000000000,1037.3000000000,1,,1,1010.2000000000,1059.2000000000,49.0000000000,1206.2000000000,paper_101/ablation/results/36955.out
p2_mofe_ffn_logp_odd,95,36955,1037.8000000000,1037.8000000000,1,,1,1010.2000000000,1059.2000000000,49.0000000000,1206.2000000000,paper_101/ablation/results/36955.out
p2_mofe_ffn_logp_odd,96,36955,1036.8000000000,1036.8000000000,1,,1,1010.2000000000,1059.2000000000,49.0000000000,1206.2000000000,paper_101/ablation/results/36955.out
p2_mofe_ffn_logp_odd,97,36955,1035.2000000000,1035.2000000000,1,,1,1010.2000000000,1059.2000000000,49.0000000000,1206.2000000000,paper_101/ablation/results/36955.out
p2_mofe_ffn_logp_odd,98,36955,1036.3000000000,1036.3000000000,1,,1,1010.2000000000,1059.2000000000,49.0000000000,1206.2000000000,paper_101/ablation/results/36955.out
p2_mofe_ffn_logp_odd,99,36955,1036.1000000000,1036.1000000000,1,,1,1010.2000000000,1059.2000000000,49.0000000000,1206.2000000000,paper_101/ablation/results/36955.out
p2_mofe_ffn_logp_odd,100,36955,1037.9000000000,1037.9000000000,1,,1,1010.2000000000,1059.2000000000,49.0000000000,1206.2000000000,paper_101/ablation/results/36955.out
p2_mofe_ffn_logp_odd,101,36955,1039.6000000000,1039.6000000000,1,,1,1010.2000000000,1059.2000000000,49.0000000000,1206.2000000000,paper_101/ablation/results/36955.out
p2_mofe_ffn_logp_odd,102,36955,1038.8000000000,1038.8000000000,1,,1,1010.2000000000,1059.2000000000,49.0000000000,1206.2000000000,paper_101/ablation/results/36955.out
p2_mofe_ffn_logp_odd,103,36955,1038.3000000000,1038.3000000000,1,,1,1010.2000000000,1059.2000000000,49.0000000000,1206.2000000000,paper_101/ablation/results/36955.out
p2_mofe_ffn_logp_odd,104,36955,1039.2000000000,1039.2000000000,1,,1,1010.2000000000,1059.2000000000,49.0000000000,1206.2000000000,paper_101/ablation/results/36955.out
p2_mofe_ffn_logp_odd,105,36955,1038.7000000000,1038.7000000000,1,,1,1010.2000000000,1059.2000000000,49.0000000000,1206.2000000000,paper_101/ablation/results/36955.out
p2_mofe_ffn_logp_odd,106,36955,1038.6000000000,1038.6000000000,1,,1,1010.2000000000,1059.2000000000,49.0000000000,1206.2000000000,paper_101/ablation/results/36955.out
p2_mofe_ffn_logp_odd,107,36955,1038.7000000000,1038.7000000000,1,,1,1010.2000000000,1059.2000000000,49.0000000000,1206.2000000000,paper_101/ablation/results/36955.out
p2_mofe_ffn_logp_odd,108,36955,1037.4000000000,1037.4000000000,1,,1,1010.2000000000,1059.2000000000,49.0000000000,1206.2000000000,paper_101/ablation/results/36955.out
p2_mofe_ffn_logp_odd,109,36955,1037.6000000000,1037.6000000000,1,,1,1010.2000000000,1059.2000000000,49.0000000000,1206.2000000000,paper_101/ablation/results/36955.out
p2_mofe_ffn_logp_odd,110,36955,1037.2000000000,1037.2000000000,1,,1,1010.2000000000,1059.2000000000,49.0000000000,1206.2000000000,paper_101/ablation/results/36955.out
p2_mofe_ffn_logp_odd,111,36955,1036.9000000000,1036.9000000000,1,,1,1010.2000000000,1059.2000000000,49.0000000000,1206.2000000000,paper_101/ablation/results/36955.out
p2_mofe_ffn_logp_odd,112,36955,1037.1000000000,1037.1000000000,1,,1,1010.2000000000,1059.2000000000,49.0000000000,1206.2000000000,paper_101/ablation/results/36955.out
p2_mofe_ffn_logp_odd,113,36955,1036.8000000000,1036.8000000000,1,,1,1010.2000000000,1059.2000000000,49.0000000000,1206.2000000000,paper_101/ablation/results/36955.out
p2_mofe_ffn_logp_odd,114,36955,1036.9000000000,1036.9000000000,1,,1,1010.2000000000,1059.2000000000,49.0000000000,1206.2000000000,paper_101/ablation/results/36955.out
p2_mofe_ffn_logp_odd,115,36955,1038.1000000000,1038.1000000000,1,,1,1010.2000000000,1059.2000000000,49.0000000000,1206.2000000000,paper_101/ablation/results/36955.out
p2_mofe_ffn_logp_odd,116,36955,1036.6000000000,1036.6000000000,1,,1,1010.2000000000,1059.2000000000,49.0000000000,1206.2000000000,paper_101/ablation/results/36955.out
p2_mofe_ffn_logp_odd,117,36955,1036.6000000000,1036.6000000000,1,,1,1010.2000000000,1059.2000000000,49.0000000000,1206.2000000000,paper_101/ablation/results/36955.out
p2_mofe_ffn_logp_odd,118,36955,1035.6000000000,1035.6000000000,1,,1,1010.2000000000,1059.2000000000,49.0000000000,1206.2000000000,paper_101/ablation/results/36955.out
p2_mofe_ffn_logp_odd,119,36955,1036.1000000000,1036.1000000000,1,,1,1010.2000000000,1059.2000000000,49.0000000000,1206.2000000000,paper_101/ablation/results/36955.out
p2_mofe_ffn_logp_odd,120,36955,1036.4000000000,1036.4000000000,1,,1,1010.2000000000,1059.2000000000,49.0000000000,1206.2000000000,paper_101/ablation/results/36955.out
p2_mofe_ffn_logp_odd,121,36955,1036.9000000000,1036.9000000000,1,,1,1010.2000000000,1059.2000000000,49.0000000000,1206.2000000000,paper_101/ablation/results/36955.out
p2_mofe_ffn_logp_odd,122,36955,1036.5000000000,1036.5000000000,1,,1,1010.2000000000,1059.2000000000,49.0000000000,1206.2000000000,paper_101/ablation/results/36955.out
p2_mofe_ffn_logp_odd,123,36955,1035.6000000000,1035.6000000000,1,,1,1010.2000000000,1059.2000000000,49.0000000000,1206.2000000000,paper_101/ablation/results/36955.out
p2_mofe_ffn_logp_odd,124,36955,1035.9000000000,1035.9000000000,1,,1,1010.2000000000,1059.2000000000,49.0000000000,1206.2000000000,paper_101/ablation/results/36955.out
p2_mofe_ffn_logp_odd,125,36955,1035.6000000000,1035.6000000000,1,,1,1010.2000000000,1059.2000000000,49.0000000000,1206.2000000000,paper_101/ablation/results/36955.out
p2_mofe_ffn_logp_odd,126,36955,1035.8000000000,1035.8000000000,1,,1,1010.2000000000,1059.2000000000,49.0000000000,1206.2000000000,paper_101/ablation/results/36955.out
p2_mofe_ffn_logp_odd,127,36955,1036.7000000000,1036.7000000000,1,,1,1010.2000000000,1059.2000000000,49.0000000000,1206.2000000000,paper_101/ablation/results/36955.out
p2_mofe_ffn_logp_odd,128,36955,1035.7000000000,1035.7000000000,1,,1,1010.2000000000,1059.2000000000,49.0000000000,1206.2000000000,paper_101/ablation/results/36955.out
p2_mofe_ffn_logp_odd,129,36955,1036.0000000000,1036.0000000000,1,,1,1010.2000000000,1059.2000000000,49.0000000000,1206.2000000000,paper_101/ablation/results/36955.out
p2_mofe_ffn_logp_odd,130,36955,1035.2000000000,1035.2000000000,1,,1,1010.2000000000,1059.2000000000,49.0000000000,1206.2000000000,paper_101/ablation/results/36955.out
p2_mofe_ffn_logp_odd,131,36955,1035.3000000000,1035.3000000000,1,,1,1010.2000000000,1059.2000000000,49.0000000000,1206.2000000000,paper_101/ablation/results/36955.out
p2_mofe_ffn_logp_odd,132,36955,1031.6000000000,1031.6000000000,1,,1,1010.2000000000,1059.2000000000,49.0000000000,1206.2000000000,paper_101/ablation/results/36955.out
p2_mofe_ffn_logp_odd,133,36955,1028.2000000000,1028.2000000000,1,,1,1010.2000000000,1059.2000000000,49.0000000000,1206.2000000000,paper_101/ablation/results/36955.out
p2_mofe_ffn_logp_odd,134,36955,1029.6000000000,1029.6000000000,1,,1,1010.2000000000,1059.2000000000,49.0000000000,1206.2000000000,paper_101/ablation/results/36955.out
p2_mofe_ffn_logp_odd,135,36955,1027.3000000000,1027.3000000000,1,,1,1010.2000000000,1059.2000000000,49.0000000000,1206.2000000000,paper_101/ablation/results/36955.out
p2_mofe_ffn_logp_odd,136,36955,1026.9000000000,1026.9000000000,1,,1,1010.2000000000,1059.2000000000,49.0000000000,1206.2000000000,paper_101/ablation/results/36955.out
p2_mofe_ffn_logp_odd,137,36955,1028.2000000000,1028.2000000000,1,,1,1010.2000000000,1059.2000000000,49.0000000000,1206.2000000000,paper_101/ablation/results/36955.out
p2_mofe_ffn_logp_odd,138,36955,1028.8000000000,1028.8000000000,1,,1,1010.2000000000,1059.2000000000,49.0000000000,1206.2000000000,paper_101/ablation/results/36955.out
p2_mofe_ffn_logp_odd,139,36955,1027.6000000000,1027.6000000000,1,,1,1010.2000000000,1059.2000000000,49.0000000000,1206.2000000000,paper_101/ablation/results/36955.out
p2_mofe_ffn_logp_odd,140,36955,1028.0000000000,1028.0000000000,1,,1,1010.2000000000,1059.2000000000,49.0000000000,1206.2000000000,paper_101/ablation/results/36955.out
p2_mofe_ffn_logp_odd,141,36955,1027.5000000000,1027.5000000000,1,,1,1010.2000000000,1059.2000000000,49.0000000000,1206.2000000000,paper_101/ablation/results/36955.out
p2_mofe_ffn_logp_odd,142,36955,1028.5000000000,1028.5000000000,1,,1,1010.2000000000,1059.2000000000,49.0000000000,1206.2000000000,paper_101/ablation/results/36955.out
p2_mofe_ffn_logp_odd,143,36955,1027.9000000000,1027.9000000000,1,,1,1010.2000000000,1059.2000000000,49.0000000000,1206.2000000000,paper_101/ablation/results/36955.out
p2_mofe_ffn_logp_odd,144,36955,1027.9000000000,1027.9000000000,1,,1,1010.2000000000,1059.2000000000,49.0000000000,1206.2000000000,paper_101/ablation/results/36955.out
p2_mofe_ffn_logp_odd,145,36955,1028.3000000000,1028.3000000000,1,,1,1010.2000000000,1059.2000000000,49.0000000000,1206.2000000000,paper_101/ablation/results/36955.out
p2_mofe_ffn_logp_odd,146,36955,1029.1000000000,1029.1000000000,1,,1,1010.2000000000,1059.2000000000,49.0000000000,1206.2000000000,paper_101/ablation/results/36955.out
p2_mofe_ffn_logp_odd,147,36955,1030.2000000000,1030.2000000000,1,,1,1010.2000000000,1059.2000000000,49.0000000000,1206.2000000000,paper_101/ablation/results/36955.out
p2_mofe_ffn_logp_odd,148,36955,1027.8000000000,1027.8000000000,1,,1,1010.2000000000,1059.2000000000,49.0000000000,1206.2000000000,paper_101/ablation/results/36955.out
p2_mofe_ffn_logp_odd,149,36955,1028.9000000000,1028.9000000000,1,,1,1010.2000000000,1059.2000000000,49.0000000000,1206.2000000000,paper_101/ablation/results/36955.out
p2_mofe_ffn_logp_odd,150,36955,1029.6000000000,1029.6000000000,1,,1,1010.2000000000,1059.2000000000,49.0000000000,1206.2000000000,paper_101/ablation/results/36955.out
p2_mofe_ffn_logp_odd,151,36955,1028.6000000000,1028.6000000000,1,,1,1010.2000000000,1059.2000000000,49.0000000000,1206.2000000000,paper_101/ablation/results/36955.out
p2_mofe_ffn_logp_odd,152,36955,1028.8000000000,1028.8000000000,1,,1,1010.2000000000,1059.2000000000,49.0000000000,1206.2000000000,paper_101/ablation/results/36955.out
p2_mofe_ffn_logp_odd,153,36955,1019.0000000000,1019.0000000000,1,,1,1010.2000000000,1059.2000000000,49.0000000000,1206.2000000000,paper_101/ablation/results/36955.out
p2_mofe_ffn_logp_odd,154,36955,1029.0000000000,1029.0000000000,1,,1,1010.2000000000,1059.2000000000,49.0000000000,1206.2000000000,paper_101/ablation/results/36955.out
p2_mofe_ffn_logp_odd,155,36955,1027.2000000000,1027.2000000000,1,,1,1010.2000000000,1059.2000000000,49.0000000000,1206.2000000000,paper_101/ablation/results/36955.out
p2_mofe_ffn_logp_odd,156,36955,1018.7000000000,1018.7000000000,1,,1,1010.2000000000,1059.2000000000,49.0000000000,1206.2000000000,paper_101/ablation/results/36955.out
p2_mofe_ffn_logp_odd,157,36955,1037.0000000000,1037.0000000000,1,,1,1010.2000000000,1059.2000000000,49.0000000000,1206.2000000000,paper_101/ablation/results/36955.out
p2_mofe_ffn_logp_odd,158,36955,1020.4000000000,1020.4000000000,1,,1,1010.2000000000,1059.2000000000,49.0000000000,1206.2000000000,paper_101/ablation/results/36955.out
p2_mofe_ffn_logp_odd,159,36955,1018.9000000000,1018.9000000000,1,,1,1010.2000000000,1059.2000000000,49.0000000000,1206.2000000000,paper_101/ablation/results/36955.out
p2_mofe_ffn_logp_odd,160,36955,1019.2000000000,1019.2000000000,1,,1,1010.2000000000,1059.2000000000,49.0000000000,1206.2000000000,paper_101/ablation/results/36955.out
p2_mofe_ffn_logp_odd,161,36955,1019.7000000000,1019.7000000000,1,,1,1010.2000000000,1059.2000000000,49.0000000000,1206.2000000000,paper_101/ablation/results/36955.out
p2_mofe_ffn_logp_odd,162,36955,1021.4000000000,1021.4000000000,1,,1,1010.2000000000,1059.2000000000,49.0000000000,1206.2000000000,paper_101/ablation/results/36955.out
p2_mofe_ffn_logp_odd,163,36955,1022.9000000000,1022.9000000000,1,,1,1010.2000000000,1059.2000000000,49.0000000000,1206.2000000000,paper_101/ablation/results/36955.out
p2_mofe_ffn_logp_odd,164,36955,1029.3000000000,1029.3000000000,1,,1,1010.2000000000,1059.2000000000,49.0000000000,1206.2000000000,paper_101/ablation/results/36955.out
p2_mofe_ffn_logp_odd,165,36955,1028.6000000000,1028.6000000000,1,,1,1010.2000000000,1059.2000000000,49.0000000000,1206.2000000000,paper_101/ablation/results/36955.out
p2_mofe_ffn_logp_odd,166,36955,1029.7000000000,1029.7000000000,1,,1,1010.2000000000,1059.2000000000,49.0000000000,1206.2000000000,paper_101/ablation/results/36955.out
p2_mofe_ffn_logp_odd,167,36955,1029.8000000000,1029.8000000000,1,,1,1010.2000000000,1059.2000000000,49.0000000000,1206.2000000000,paper_101/ablation/results/36955.out
p2_mofe_ffn_logp_odd,168,36955,1028.6000000000,1028.6000000000,1,,1,1010.2000000000,1059.2000000000,49.0000000000,1206.2000000000,paper_101/ablation/results/36955.out
p2_mofe_ffn_logp_odd,169,36955,1028.5000000000,1028.5000000000,1,,1,1010.2000000000,1059.2000000000,49.0000000000,1206.2000000000,paper_101/ablation/results/36955.out
p2_mofe_ffn_logp_odd,170,36955,1028.2000000000,1028.2000000000,1,,1,1010.2000000000,1059.2000000000,49.0000000000,1206.2000000000,paper_101/ablation/results/36955.out
p2_mofe_ffn_logp_odd,171,36955,1027.7000000000,1027.7000000000,1,,1,1010.2000000000,1059.2000000000,49.0000000000,1206.2000000000,paper_101/ablation/results/36955.out
p2_mofe_ffn_logp_odd,172,36955,1028.0000000000,1028.0000000000,1,,1,1010.2000000000,1059.2000000000,49.0000000000,1206.2000000000,paper_101/ablation/results/36955.out
p2_mofe_ffn_logp_odd,173,36955,1028.6000000000,1028.6000000000,1,,1,1010.2000000000,1059.2000000000,49.0000000000,1206.2000000000,paper_101/ablation/results/36955.out
p2_mofe_ffn_logp_odd,174,36955,1028.7000000000,1028.7000000000,1,,1,1010.2000000000,1059.2000000000,49.0000000000,1206.2000000000,paper_101/ablation/results/36955.out
p2_mofe_ffn_logp_odd,175,36955,1027.5000000000,1027.5000000000,1,,1,1010.2000000000,1059.2000000000,49.0000000000,1206.2000000000,paper_101/ablation/results/36955.out
p2_mofe_ffn_logp_odd,176,36955,1029.0000000000,1029.0000000000,1,,1,1010.2000000000,1059.2000000000,49.0000000000,1206.2000000000,paper_101/ablation/results/36955.out
p2_mofe_ffn_logp_odd,177,36955,1027.5000000000,1027.5000000000,1,,1,1010.2000000000,1059.2000000000,49.0000000000,1206.2000000000,paper_101/ablation/results/36955.out
p2_mofe_ffn_logp_odd,178,36955,1026.8000000000,1026.8000000000,1,,1,1010.2000000000,1059.2000000000,49.0000000000,1206.2000000000,paper_101/ablation/results/36955.out
p2_mofe_ffn_logp_odd,179,36955,1023.4000000000,1023.4000000000,1,,1,1010.2000000000,1059.2000000000,49.0000000000,1206.2000000000,paper_101/ablation/results/36955.out
p2_mofe_ffn_logp_odd,180,36955,1022.5000000000,1022.5000000000,1,,1,1010.2000000000,1059.2000000000,49.0000000000,1206.2000000000,paper_101/ablation/results/36955.out
p2_mofe_ffn_logp_odd,181,36955,1023.2000000000,1023.2000000000,1,,1,1010.2000000000,1059.2000000000,49.0000000000,1206.2000000000,paper_101/ablation/results/36955.out
p2_mofe_ffn_logp_odd,182,36955,1024.5000000000,1024.5000000000,1,,1,1010.2000000000,1059.2000000000,49.0000000000,1206.2000000000,paper_101/ablation/results/36955.out
p2_mofe_ffn_logp_odd,183,36955,1026.0000000000,1026.0000000000,1,,1,1010.2000000000,1059.2000000000,49.0000000000,1206.2000000000,paper_101/ablation/results/36955.out
p2_mofe_ffn_logp_odd,184,36955,1025.7000000000,1025.7000000000,1,,1,1010.2000000000,1059.2000000000,49.0000000000,1206.2000000000,paper_101/ablation/results/36955.out
p2_mofe_ffn_logp_odd,185,36955,1025.2000000000,1025.2000000000,1,,1,1010.2000000000,1059.2000000000,49.0000000000,1206.2000000000,paper_101/ablation/results/36955.out
p2_mofe_ffn_logp_odd,186,36955,1023.2000000000,1023.2000000000,1,,1,1010.2000000000,1059.2000000000,49.0000000000,1206.2000000000,paper_101/ablation/results/36955.out
p2_mofe_ffn_logp_odd,187,36955,1030.1000000000,1030.1000000000,1,,1,1010.2000000000,1059.2000000000,49.0000000000,1206.2000000000,paper_101/ablation/results/36955.out
p2_mofe_ffn_logp_odd,188,36955,1026.6000000000,1026.6000000000,1,,1,1010.2000000000,1059.2000000000,49.0000000000,1206.2000000000,paper_101/ablation/results/36955.out
p2_mofe_ffn_logp_odd,189,36955,1020.7000000000,1020.7000000000,1,,1,1010.2000000000,1059.2000000000,49.0000000000,1206.2000000000,paper_101/ablation/results/36955.out
p2_mofe_ffn_logp_odd,190,36955,1008.0000000000,1008.0000000000,1,,1,1010.2000000000,1059.2000000000,49.0000000000,1206.2000000000,paper_101/ablation/results/36955.out
p2_mofe_ffn_logp_odd,191,36955,1008.6000000000,1008.6000000000,1,,1,1010.2000000000,1059.2000000000,49.0000000000,1206.2000000000,paper_101/ablation/results/36955.out
p2_mofe_ffn_logp_odd,192,36955,1008.5000000000,1008.5000000000,1,,1,1010.2000000000,1059.2000000000,49.0000000000,1206.2000000000,paper_101/ablation/results/36955.out
p2_mofe_ffn_logp_odd,193,36955,1008.5000000000,1008.5000000000,1,,1,1010.2000000000,1059.2000000000,49.0000000000,1206.2000000000,paper_101/ablation/results/36955.out
p2_mofe_ffn_logp_odd,194,36955,1009.0000000000,1009.0000000000,1,,1,1010.2000000000,1059.2000000000,49.0000000000,1206.2000000000,paper_101/ablation/results/36955.out
p2_mofe_ffn_logp_odd,195,36955,1009.0000000000,1009.0000000000,1,,1,1010.2000000000,1059.2000000000,49.0000000000,1206.2000000000,paper_101/ablation/results/36955.out
p2_mofe_ffn_logp_odd,196,36955,1009.8000000000,1009.8000000000,1,,1,1010.2000000000,1059.2000000000,49.0000000000,1206.2000000000,paper_101/ablation/results/36955.out
p2_mofe_ffn_logp_odd,197,36955,1010.0000000000,1010.0000000000,1,,1,1010.2000000000,1059.2000000000,49.0000000000,1206.2000000000,paper_101/ablation/results/36955.out
p2_mofe_ffn_logp_odd,198,36955,1009.7000000000,1009.7000000000,1,,1,1010.2000000000,1059.2000000000,49.0000000000,1206.2000000000,paper_101/ablation/results/36955.out
p2_mofe_ffn_logp_odd,199,36955,1009.2000000000,1009.2000000000,1,,1,1010.2000000000,1059.2000000000,49.0000000000,1206.2000000000,paper_101/ablation/results/36955.out
p2_mofe_ffn_logp_odd,200,36955,1009.3000000000,1009.3000000000,1,,1,1010.2000000000,1059.2000000000,49.0000000000,1206.2000000000,paper_101/ablation/results/36955.out
p2_mofe_ffn_logp_odd,201,36955,1010.4000000000,1010.4000000000,1,,1,1010.2000000000,1059.2000000000,49.0000000000,1206.2000000000,paper_101/ablation/results/36955.out
p2_mofe_ffn_logp_odd,202,36955,1009.8000000000,1009.8000000000,1,,1,1010.2000000000,1059.2000000000,49.0000000000,1206.2000000000,paper_101/ablation/results/36955.out
p2_mofe_ffn_logp_odd,203,36955,1011.3000000000,1011.3000000000,1,,1,1010.2000000000,1059.2000000000,49.0000000000,1206.2000000000,paper_101/ablation/results/36955.out
p2_mofe_ffn_logp_odd,204,36955,1010.4000000000,1010.4000000000,1,,1,1010.2000000000,1059.2000000000,49.0000000000,1206.2000000000,paper_101/ablation/results/36955.out
p2_mofe_ffn_logp_odd,205,36955,1011.1000000000,1011.1000000000,1,,1,1010.2000000000,1059.2000000000,49.0000000000,1206.2000000000,paper_101/ablation/results/36955.out
p2_mofe_ffn_logp_odd,206,36955,1010.7000000000,1010.7000000000,1,,1,1010.2000000000,1059.2000000000,49.0000000000,1206.2000000000,paper_101/ablation/results/36955.out
p2_mofe_ffn_logp_odd,207,36955,1009.4000000000,1009.4000000000,1,,1,1010.2000000000,1059.2000000000,49.0000000000,1206.2000000000,paper_101/ablation/results/36955.out
p2_mofe_ffn_logp_odd,208,36955,1011.8000000000,1011.8000000000,1,,1,1010.2000000000,1059.2000000000,49.0000000000,1206.2000000000,paper_101/ablation/results/36955.out
p2_mofe_ffn_logp_odd,209,36955,1011.3000000000,1011.3000000000,1,,1,1010.2000000000,1059.2000000000,49.0000000000,1206.2000000000,paper_101/ablation/results/36955.out
p2_mofe_ffn_logp_odd,210,36955,1010.2000000000,1010.2000000000,1,,1,1010.2000000000,1059.2000000000,49.0000000000,1206.2000000000,paper_101/ablation/results/36955.out
p2_mofe_ffn_logp_odd,211,36955,1010.5000000000,1010.5000000000,1,,1,1010.2000000000,1059.2000000000,49.0000000000,1206.2000000000,paper_101/ablation/results/36955.out
p2_mofe_ffn_logp_odd,212,36955,1010.5000000000,1010.5000000000,1,,1,1010.2000000000,1059.2000000000,49.0000000000,1206.2000000000,paper_101/ablation/results/36955.out
p2_mofe_ffn_logp_odd,213,36955,1009.3000000000,1009.3000000000,1,,1,1010.2000000000,1059.2000000000,49.0000000000,1206.2000000000,paper_101/ablation/results/36955.out
p2_mofe_ffn_logp_odd,214,36955,1008.9000000000,1008.9000000000,1,,1,1010.2000000000,1059.2000000000,49.0000000000,1206.2000000000,paper_101/ablation/results/36955.out
p2_mofe_ffn_logp_odd,215,36955,1009.2000000000,1009.2000000000,1,,1,1010.2000000000,1059.2000000000,49.0000000000,1206.2000000000,paper_101/ablation/results/36955.out
p2_mofe_ffn_logp_odd,216,36955,1009.6000000000,1009.6000000000,1,,1,1010.2000000000,1059.2000000000,49.0000000000,1206.2000000000,paper_101/ablation/results/36955.out
p2_mofe_ffn_logp_odd,217,36955,1008.7000000000,1008.7000000000,1,,1,1010.2000000000,1059.2000000000,49.0000000000,1206.2000000000,paper_101/ablation/results/36955.out
p2_mofe_ffn_logp_odd,218,36955,1009.0000000000,1009.0000000000,1,,1,1010.2000000000,1059.2000000000,49.0000000000,1206.2000000000,paper_101/ablation/results/36955.out
p2_mofe_ffn_logp_odd,219,36955,1008.4000000000,1008.4000000000,1,,1,1010.2000000000,1059.2000000000,49.0000000000,1206.2000000000,paper_101/ablation/results/36955.out
p2_mofe_ffn_logp_odd,220,36955,1009.8000000000,1009.8000000000,1,,1,1010.2000000000,1059.2000000000,49.0000000000,1206.2000000000,paper_101/ablation/results/36955.out
p2_mofe_ffn_logp_odd,221,36955,1008.3000000000,1008.3000000000,1,,1,1010.2000000000,1059.2000000000,49.0000000000,1206.2000000000,paper_101/ablation/results/36955.out
p2_mofe_ffn_logp_odd,222,36955,1008.5000000000,1008.5000000000,1,,1,1010.2000000000,1059.2000000000,49.0000000000,1206.2000000000,paper_101/ablation/results/36955.out
p2_mofe_ffn_logp_odd,223,36955,1009.0000000000,1009.0000000000,1,,1,1010.2000000000,1059.2000000000,49.0000000000,1206.2000000000,paper_101/ablation/results/36955.out
p2_mofe_ffn_logp_odd,224,36955,1008.9000000000,1008.9000000000,1,,1,1010.2000000000,1059.2000000000,49.0000000000,1206.2000000000,paper_101/ablation/results/36955.out
p2_mofe_ffn_logp_odd,225,36955,1010.2000000000,1010.2000000000,1,,1,1010.2000000000,1059.2000000000,49.0000000000,1206.2000000000,paper_101/ablation/results/36955.out
p2_mofe_ffn_logp_odd,226,36955,1008.3000000000,1008.3000000000,1,,1,1010.2000000000,1059.2000000000,49.0000000000,1206.2000000000,paper_101/ablation/results/36955.out
p2_mofe_ffn_logp_odd,227,36955,1008.0000000000,1008.0000000000,1,,1,1010.2000000000,1059.2000000000,49.0000000000,1206.2000000000,paper_101/ablation/results/36955.out
p2_mofe_ffn_logp_odd,228,36955,1008.9000000000,1008.9000000000,1,,1,1010.2000000000,1059.2000000000,49.0000000000,1206.2000000000,paper_101/ablation/results/36955.out
p2_mofe_ffn_logp_odd,229,36955,1007.9000000000,1007.9000000000,1,,1,1010.2000000000,1059.2000000000,49.0000000000,1206.2000000000,paper_101/ablation/results/36955.out
p2_mofe_ffn_logp_odd,230,36955,1009.7000000000,1009.7000000000,1,,1,1010.2000000000,1059.2000000000,49.0000000000,1206.2000000000,paper_101/ablation/results/36955.out
p2_mofe_ffn_logp_odd,231,36955,1007.6000000000,1007.6000000000,1,,1,1010.2000000000,1059.2000000000,49.0000000000,1206.2000000000,paper_101/ablation/results/36955.out
p2_mofe_ffn_logp_odd,232,36955,1008.5000000000,1008.5000000000,1,,1,1010.2000000000,1059.2000000000,49.0000000000,1206.2000000000,paper_101/ablation/results/36955.out
p2_mofe_ffn_logp_odd,233,36955,1008.3000000000,1008.3000000000,1,,1,1010.2000000000,1059.2000000000,49.0000000000,1206.2000000000,paper_101/ablation/results/36955.out
p2_mofe_ffn_logp_odd,234,36955,1008.4000000000,1008.4000000000,1,,1,1010.2000000000,1059.2000000000,49.0000000000,1206.2000000000,paper_101/ablation/results/36955.out
p2_mofe_ffn_logp_odd,235,36955,1009.1000000000,1009.1000000000,1,,1,1010.2000000000,1059.2000000000,49.0000000000,1206.2000000000,paper_101/ablation/results/36955.out
p2_mofe_ffn_logp_odd,236,36955,1008.0000000000,1008.0000000000,1,,1,1010.2000000000,1059.2000000000,49.0000000000,1206.2000000000,paper_101/ablation/results/36955.out
p2_mofe_ffn_logp_odd,237,36955,1008.5000000000,1008.5000000000,1,,1,1010.2000000000,1059.2000000000,49.0000000000,1206.2000000000,paper_101/ablation/results/36955.out
p2_mofe_ffn_logp_odd,238,36955,1011.5000000000,1011.5000000000,1,,1,1010.2000000000,1059.2000000000,49.0000000000,1206.2000000000,paper_101/ablation/results/36955.out
p2_mofe_ffn_logp_odd,239,36955,1008.1000000000,1008.1000000000,1,,1,1010.2000000000,1059.2000000000,49.0000000000,1206.2000000000,paper_101/ablation/results/36955.out
p2_mofe_ffn_logp_odd,240,36955,1007.6000000000,1007.6000000000,1,,1,1010.2000000000,1059.2000000000,49.0000000000,1206.2000000000,paper_101/ablation/results/36955.out
p2_mofe_ffn_logp_odd,241,36955,1008.9000000000,1008.9000000000,1,,1,1010.2000000000,1059.2000000000,49.0000000000,1206.2000000000,paper_101/ablation/results/36955.out
p2_mofe_ffn_logp_odd,242,36955,1009.3000000000,1009.3000000000,1,,1,1010.2000000000,1059.2000000000,49.0000000000,1206.2000000000,paper_101/ablation/results/36955.out
p2_mofe_ffn_logp_odd,243,36955,1008.9000000000,1008.9000000000,1,,1,1010.2000000000,1059.2000000000,49.0000000000,1206.2000000000,paper_101/ablation/results/36955.out
p2_mofe_ffn_logp_odd,244,36955,1010.3000000000,1010.3000000000,1,,1,1010.2000000000,1059.2000000000,49.0000000000,1206.2000000000,paper_101/ablation/results/36955.out
p2_mofe_ffn_logp_odd,245,36955,1117.1000000000,1117.1000000000,1,,1,1010.2000000000,1059.2000000000,49.0000000000,1206.2000000000,paper_101/ablation/results/36955.out
p2_mofe_ffn_logp_odd,246,36955,1151.8000000000,1151.8000000000,1,,1,1010.2000000000,1059.2000000000,49.0000000000,1206.2000000000,paper_101/ablation/results/36955.out
p2_mofe_ffn_logp_odd,247,36955,1153.8000000000,1153.8000000000,1,,1,1010.2000000000,1059.2000000000,49.0000000000,1206.2000000000,paper_101/ablation/results/36955.out
p2_mofe_ffn_logp_odd,248,36955,1156.0000000000,1156.0000000000,1,,1,1010.2000000000,1059.2000000000,49.0000000000,1206.2000000000,paper_101/ablation/results/36955.out
p2_mofe_ffn_logp_odd,249,36955,1155.0000000000,1155.0000000000,1,,1,1010.2000000000,1059.2000000000,49.0000000000,1206.2000000000,paper_101/ablation/results/36955.out
p2_mofe_ffn_logp_odd,250,36955,1155.1000000000,1155.1000000000,1,,1,1010.2000000000,1059.2000000000,49.0000000000,1206.2000000000,paper_101/ablation/results/36955.out
p2_mofe_ffn_logp_odd,251,36955,1154.3000000000,1154.3000000000,1,,1,1010.2000000000,1059.2000000000,49.0000000000,1206.2000000000,paper_101/ablation/results/36955.out
p2_mofe_ffn_logp_odd,252,36955,1153.9000000000,1153.9000000000,1,,1,1010.2000000000,1059.2000000000,49.0000000000,1206.2000000000,paper_101/ablation/results/36955.out
p2_mofe_ffn_logp_odd,253,36955,1152.1000000000,1152.1000000000,1,,1,1010.2000000000,1059.2000000000,49.0000000000,1206.2000000000,paper_101/ablation/results/36955.out
p2_mofe_ffn_logp_odd,254,36955,1156.1000000000,1156.1000000000,1,,1,1010.2000000000,1059.2000000000,49.0000000000,1206.2000000000,paper_101/ablation/results/36955.out
p2_mofe_ffn_logp_odd,255,36955,1155.3000000000,1155.3000000000,1,,1,1010.2000000000,1059.2000000000,49.0000000000,1206.2000000000,paper_101/ablation/results/36955.out
p2_mofe_ffn_logp_odd,256,36955,1148.4000000000,1148.4000000000,1,,1,1010.2000000000,1059.2000000000,49.0000000000,1206.2000000000,paper_101/ablation/results/36955.out
p2_mofe_ffn_logp_odd,257,36955,1149.6000000000,1149.6000000000,1,,1,1010.2000000000,1059.2000000000,49.0000000000,1206.2000000000,paper_101/ablation/results/36955.out
p2_mofe_ffn_logp_odd,258,36955,1156.6000000000,1156.6000000000,1,,1,1010.2000000000,1059.2000000000,49.0000000000,1206.2000000000,paper_101/ablation/results/36955.out
p2_mofe_ffn_logp_odd,259,36955,1159.4000000000,1159.4000000000,1,,1,1010.2000000000,1059.2000000000,49.0000000000,1206.2000000000,paper_101/ablation/results/36955.out
p2_mofe_ffn_logp_odd,260,36955,1154.6000000000,1154.6000000000,1,,1,1010.2000000000,1059.2000000000,49.0000000000,1206.2000000000,paper_101/ablation/results/36955.out
p2_mofe_ffn_logp_odd,261,36955,1155.6000000000,1155.6000000000,1,,1,1010.2000000000,1059.2000000000,49.0000000000,1206.2000000000,paper_101/ablation/results/36955.out
p2_mofe_ffn_logp_odd,262,36955,1156.0000000000,1156.0000000000,1,,1,1010.2000000000,1059.2000000000,49.0000000000,1206.2000000000,paper_101/ablation/results/36955.out
p2_mofe_ffn_logp_odd,263,36955,1156.3000000000,1156.3000000000,1,,1,1010.2000000000,1059.2000000000,49.0000000000,1206.2000000000,paper_101/ablation/results/36955.out
p2_mofe_ffn_logp_odd,264,36955,1155.7000000000,1155.7000000000,1,,1,1010.2000000000,1059.2000000000,49.0000000000,1206.2000000000,paper_101/ablation/results/36955.out
p2_mofe_ffn_logp_odd,265,36955,1156.5000000000,1156.5000000000,1,,1,1010.2000000000,1059.2000000000,49.0000000000,1206.2000000000,paper_101/ablation/results/36955.out
p2_mofe_ffn_logp_odd,266,36955,1157.2000000000,1157.2000000000,1,,1,1010.2000000000,1059.2000000000,49.0000000000,1206.2000000000,paper_101/ablation/results/36955.out
p2_mofe_ffn_logp_odd,267,36955,1155.1000000000,1155.1000000000,1,,1,1010.2000000000,1059.2000000000,49.0000000000,1206.2000000000,paper_101/ablation/results/36955.out
p2_mofe_ffn_logp_odd,268,36955,1101.9000000000,1101.9000000000,1,,1,1010.2000000000,1059.2000000000,49.0000000000,1206.2000000000,paper_101/ablation/results/36955.out
p2_mofe_ffn_logp_odd,269,36955,1008.6000000000,1008.6000000000,1,,1,1010.2000000000,1059.2000000000,49.0000000000,1206.2000000000,paper_101/ablation/results/36955.out
p2_mofe_ffn_logp_odd,270,36955,1008.9000000000,1008.9000000000,1,,1,1010.2000000000,1059.2000000000,49.0000000000,1206.2000000000,paper_101/ablation/results/36955.out
p2_mofe_ffn_logp_odd,271,36955,1008.2000000000,1008.2000000000,1,,1,1010.2000000000,1059.2000000000,49.0000000000,1206.2000000000,paper_101/ablation/results/36955.out
p2_mofe_ffn_logp_odd,272,36955,1009.1000000000,1009.1000000000,1,,1,1010.2000000000,1059.2000000000,49.0000000000,1206.2000000000,paper_101/ablation/results/36955.out
p2_mofe_ffn_logp_odd,273,36955,1008.7000000000,1008.7000000000,1,,1,1010.2000000000,1059.2000000000,49.0000000000,1206.2000000000,paper_101/ablation/results/36955.out
p2_mofe_ffn_logp_odd,274,36955,1008.3000000000,1008.3000000000,1,,1,1010.2000000000,1059.2000000000,49.0000000000,1206.2000000000,paper_101/ablation/results/36955.out
p2_mofe_ffn_logp_odd,275,36955,1008.3000000000,1008.3000000000,1,,1,1010.2000000000,1059.2000000000,49.0000000000,1206.2000000000,paper_101/ablation/results/36955.out
p2_mofe_ffn_logp_odd,276,36955,1009.5000000000,1009.5000000000,1,,1,1010.2000000000,1059.2000000000,49.0000000000,1206.2000000000,paper_101/ablation/results/36955.out
p2_mofe_ffn_logp_odd,277,36955,1008.2000000000,1008.2000000000,1,,1,1010.2000000000,1059.2000000000,49.0000000000,1206.2000000000,paper_101/ablation/results/36955.out
p2_mofe_ffn_logp_odd,278,36955,1008.2000000000,1008.2000000000,1,,1,1010.2000000000,1059.2000000000,49.0000000000,1206.2000000000,paper_101/ablation/results/36955.out
p2_mofe_ffn_logp_odd,279,36955,1009.3000000000,1009.3000000000,1,,1,1010.2000000000,1059.2000000000,49.0000000000,1206.2000000000,paper_101/ablation/results/36955.out
p2_mofe_ffn_logp_odd,280,36955,1009.0000000000,1009.0000000000,1,,1,1010.2000000000,1059.2000000000,49.0000000000,1206.2000000000,paper_101/ablation/results/36955.out
p2_mofe_ffn_logp_odd,281,36955,1009.2000000000,1009.2000000000,1,,1,1010.2000000000,1059.2000000000,49.0000000000,1206.2000000000,paper_101/ablation/results/36955.out
p2_mofe_ffn_logp_odd,282,36955,1007.9000000000,1007.9000000000,1,,1,1010.2000000000,1059.2000000000,49.0000000000,1206.2000000000,paper_101/ablation/results/36955.out
p2_mofe_ffn_logp_odd,283,36955,1007.9000000000,1007.9000000000,1,,1,1010.2000000000,1059.2000000000,49.0000000000,1206.2000000000,paper_101/ablation/results/36955.out
p2_mofe_ffn_logp_odd,284,36955,1007.9000000000,1007.9000000000,1,,1,1010.2000000000,1059.2000000000,49.0000000000,1206.2000000000,paper_101/ablation/results/36955.out
p2_mofe_ffn_logp_odd,285,36955,1008.0000000000,1008.0000000000,1,,1,1010.2000000000,1059.2000000000,49.0000000000,1206.2000000000,paper_101/ablation/results/36955.out
p2_mofe_ffn_logp_odd,286,36955,1007.5000000000,1007.5000000000,1,,1,1010.2000000000,1059.2000000000,49.0000000000,1206.2000000000,paper_101/ablation/results/36955.out
p2_mofe_ffn_logp_odd,287,36955,1006.9000000000,1006.9000000000,1,,1,1010.2000000000,1059.2000000000,49.0000000000,1206.2000000000,paper_101/ablation/results/36955.out
p2_mofe_ffn_logp_odd,288,36955,1006.0000000000,1006.0000000000,1,,1,1010.2000000000,1059.2000000000,49.0000000000,1206.2000000000,paper_101/ablation/results/36955.out
p2_mofe_ffn_logp_odd,289,36955,1005.7000000000,1005.7000000000,1,,1,1010.2000000000,1059.2000000000,49.0000000000,1206.2000000000,paper_101/ablation/results/36955.out
p2_mofe_ffn_logp_odd,290,36955,1006.0000000000,1006.0000000000,1,,1,1010.2000000000,1059.2000000000,49.0000000000,1206.2000000000,paper_101/ablation/results/36955.out
p2_mofe_ffn_logp_odd,291,36955,1007.6000000000,1007.6000000000,1,,1,1010.2000000000,1059.2000000000,49.0000000000,1206.2000000000,paper_101/ablation/results/36955.out
p2_mofe_ffn_logp_odd,292,36955,1007.2000000000,1007.2000000000,1,,1,1010.2000000000,1059.2000000000,49.0000000000,1206.2000000000,paper_101/ablation/results/36955.out
p2_mofe_ffn_logp_odd,293,36955,1006.3000000000,1006.3000000000,1,,1,1010.2000000000,1059.2000000000,49.0000000000,1206.2000000000,paper_101/ablation/results/36955.out
p2_mofe_ffn_logp_odd,294,36955,1006.0000000000,1006.0000000000,1,,1,1010.2000000000,1059.2000000000,49.0000000000,1206.2000000000,paper_101/ablation/results/36955.out
p2_mofe_ffn_logp_odd,295,36955,1006.8000000000,1006.8000000000,1,,1,1010.2000000000,1059.2000000000,49.0000000000,1206.2000000000,paper_101/ablation/results/36955.out
p2_mofe_ffn_logp_odd,296,36955,1006.0000000000,1006.0000000000,1,,1,1010.2000000000,1059.2000000000,49.0000000000,1206.2000000000,paper_101/ablation/results/36955.out
p2_mofe_ffn_logp_odd,297,36955,1007.0000000000,1007.0000000000,1,,1,1010.2000000000,1059.2000000000,49.0000000000,1206.2000000000,paper_101/ablation/results/36955.out
p2_mofe_ffn_logp_odd,298,36955,1005.2000000000,1005.2000000000,1,,1,1010.2000000000,1059.2000000000,49.0000000000,1206.2000000000,paper_101/ablation/results/36955.out
p2_mofe_ffn_logp_odd,299,36955,1005.2000000000,1005.2000000000,1,,1,1010.2000000000,1059.2000000000,49.0000000000,1206.2000000000,paper_101/ablation/results/36955.out
p2_mofe_ffn_logp_odd,300,36955,1005.5000000000,1005.5000000000,1,,1,1010.2000000000,1059.2000000000,49.0000000000,1206.2000000000,paper_101/ablation/results/36955.out
p3_base_vanilla,1,37692,1251.0000000000,,0,segment_startup,1,906.3500000000,912.9000000000,6.5500000000,932.5500000000,paper_101/ablation/results/37692.out
p3_base_vanilla,2,37692,929.6000000000,929.6000000000,1,,1,906.3500000000,912.9000000000,6.5500000000,932.5500000000,paper_101/ablation/results/37692.out
p3_base_vanilla,3,37692,909.7000000000,909.7000000000,1,,1,906.3500000000,912.9000000000,6.5500000000,932.5500000000,paper_101/ablation/results/37692.out
p3_base_vanilla,4,37692,909.4000000000,909.4000000000,1,,1,906.3500000000,912.9000000000,6.5500000000,932.5500000000,paper_101/ablation/results/37692.out
p3_base_vanilla,5,37692,910.0000000000,910.0000000000,1,,1,906.3500000000,912.9000000000,6.5500000000,932.5500000000,paper_101/ablation/results/37692.out
p3_base_vanilla,6,37692,903.8000000000,903.8000000000,1,,1,906.3500000000,912.9000000000,6.5500000000,932.5500000000,paper_101/ablation/results/37692.out
p3_base_vanilla,7,37692,903.1000000000,903.1000000000,1,,1,906.3500000000,912.9000000000,6.5500000000,932.5500000000,paper_101/ablation/results/37692.out
p3_base_vanilla,8,37692,902.4000000000,902.4000000000,1,,1,906.3500000000,912.9000000000,6.5500000000,932.5500000000,paper_101/ablation/results/37692.out
p3_base_vanilla,9,37692,903.4000000000,903.4000000000,1,,1,906.3500000000,912.9000000000,6.5500000000,932.5500000000,paper_101/ablation/results/37692.out
p3_base_vanilla,10,37692,903.4000000000,903.4000000000,1,,1,906.3500000000,912.9000000000,6.5500000000,932.5500000000,paper_101/ablation/results/37692.out
p3_base_vanilla,11,37692,905.0000000000,905.0000000000,1,,1,906.3500000000,912.9000000000,6.5500000000,932.5500000000,paper_101/ablation/results/37692.out
p3_base_vanilla,12,37692,905.8000000000,905.8000000000,1,,1,906.3500000000,912.9000000000,6.5500000000,932.5500000000,paper_101/ablation/results/37692.out
p3_base_vanilla,13,37692,905.1000000000,905.1000000000,1,,1,906.3500000000,912.9000000000,6.5500000000,932.5500000000,paper_101/ablation/results/37692.out
p3_base_vanilla,14,37692,905.1000000000,905.1000000000,1,,1,906.3500000000,912.9000000000,6.5500000000,932.5500000000,paper_101/ablation/results/37692.out
p3_base_vanilla,15,37692,902.3000000000,902.3000000000,1,,1,906.3500000000,912.9000000000,6.5500000000,932.5500000000,paper_101/ablation/results/37692.out
p3_base_vanilla,16,37692,902.7000000000,902.7000000000,1,,1,906.3500000000,912.9000000000,6.5500000000,932.5500000000,paper_101/ablation/results/37692.out
p3_base_vanilla,17,37692,903.1000000000,903.1000000000,1,,1,906.3500000000,912.9000000000,6.5500000000,932.5500000000,paper_101/ablation/results/37692.out
p3_base_vanilla,18,37692,902.1000000000,902.1000000000,1,,1,906.3500000000,912.9000000000,6.5500000000,932.5500000000,paper_101/ablation/results/37692.out
p3_base_vanilla,19,37692,902.0000000000,902.0000000000,1,,1,906.3500000000,912.9000000000,6.5500000000,932.5500000000,paper_101/ablation/results/37692.out
p3_base_vanilla,20,37692,902.3000000000,902.3000000000,1,,1,906.3500000000,912.9000000000,6.5500000000,932.5500000000,paper_101/ablation/results/37692.out
p3_base_vanilla,21,37692,904.6000000000,904.6000000000,1,,1,906.3500000000,912.9000000000,6.5500000000,932.5500000000,paper_101/ablation/results/37692.out
p3_base_vanilla,22,37692,904.2000000000,904.2000000000,1,,1,906.3500000000,912.9000000000,6.5500000000,932.5500000000,paper_101/ablation/results/37692.out
p3_base_vanilla,23,37692,907.2000000000,907.2000000000,1,,1,906.3500000000,912.9000000000,6.5500000000,932.5500000000,paper_101/ablation/results/37692.out
p3_base_vanilla,24,37692,910.6000000000,910.6000000000,1,,1,906.3500000000,912.9000000000,6.5500000000,932.5500000000,paper_101/ablation/results/37692.out
p3_base_vanilla,25,37692,909.8000000000,909.8000000000,1,,1,906.3500000000,912.9000000000,6.5500000000,932.5500000000,paper_101/ablation/results/37692.out
p3_base_vanilla,26,37692,911.1000000000,911.1000000000,1,,1,906.3500000000,912.9000000000,6.5500000000,932.5500000000,paper_101/ablation/results/37692.out
p3_base_vanilla,27,37692,909.5000000000,909.5000000000,1,,1,906.3500000000,912.9000000000,6.5500000000,932.5500000000,paper_101/ablation/results/37692.out
p3_base_vanilla,28,37692,911.3000000000,911.3000000000,1,,1,906.3500000000,912.9000000000,6.5500000000,932.5500000000,paper_101/ablation/results/37692.out
p3_base_vanilla,29,37692,912.3000000000,912.3000000000,1,,1,906.3500000000,912.9000000000,6.5500000000,932.5500000000,paper_101/ablation/results/37692.out
p3_base_vanilla,30,37692,913.4000000000,913.4000000000,1,,1,906.3500000000,912.9000000000,6.5500000000,932.5500000000,paper_101/ablation/results/37692.out
p3_base_vanilla,31,37692,913.1000000000,913.1000000000,1,,1,906.3500000000,912.9000000000,6.5500000000,932.5500000000,paper_101/ablation/results/37692.out
p3_base_vanilla,32,37692,913.8000000000,913.8000000000,1,,1,906.3500000000,912.9000000000,6.5500000000,932.5500000000,paper_101/ablation/results/37692.out
p3_base_vanilla,33,37692,913.1000000000,913.1000000000,1,,1,906.3500000000,912.9000000000,6.5500000000,932.5500000000,paper_101/ablation/results/37692.out
p3_base_vanilla,34,37692,912.7000000000,912.7000000000,1,,1,906.3500000000,912.9000000000,6.5500000000,932.5500000000,paper_101/ablation/results/37692.out
p3_base_vanilla,35,37692,914.2000000000,914.2000000000,1,,1,906.3500000000,912.9000000000,6.5500000000,932.5500000000,paper_101/ablation/results/37692.out
p3_base_vanilla,36,37692,915.0000000000,915.0000000000,1,,1,906.3500000000,912.9000000000,6.5500000000,932.5500000000,paper_101/ablation/results/37692.out
p3_base_vanilla,37,37692,915.1000000000,915.1000000000,1,,1,906.3500000000,912.9000000000,6.5500000000,932.5500000000,paper_101/ablation/results/37692.out
p3_base_vanilla,38,37692,915.5000000000,915.5000000000,1,,1,906.3500000000,912.9000000000,6.5500000000,932.5500000000,paper_101/ablation/results/37692.out
p3_base_vanilla,39,37692,915.8000000000,915.8000000000,1,,1,906.3500000000,912.9000000000,6.5500000000,932.5500000000,paper_101/ablation/results/37692.out
p3_base_vanilla,40,37692,916.7000000000,916.7000000000,1,,1,906.3500000000,912.9000000000,6.5500000000,932.5500000000,paper_101/ablation/results/37692.out
p3_base_vanilla,41,37692,915.7000000000,915.7000000000,1,,1,906.3500000000,912.9000000000,6.5500000000,932.5500000000,paper_101/ablation/results/37692.out
p3_base_vanilla,42,37692,916.7000000000,916.7000000000,1,,1,906.3500000000,912.9000000000,6.5500000000,932.5500000000,paper_101/ablation/results/37692.out
p3_base_vanilla,43,37692,916.4000000000,916.4000000000,1,,1,906.3500000000,912.9000000000,6.5500000000,932.5500000000,paper_101/ablation/results/37692.out
p3_base_vanilla,44,37692,915.7000000000,915.7000000000,1,,1,906.3500000000,912.9000000000,6.5500000000,932.5500000000,paper_101/ablation/results/37692.out
p3_base_vanilla,45,37692,916.0000000000,916.0000000000,1,,1,906.3500000000,912.9000000000,6.5500000000,932.5500000000,paper_101/ablation/results/37692.out
p3_base_vanilla,46,37692,918.2000000000,918.2000000000,1,,1,906.3500000000,912.9000000000,6.5500000000,932.5500000000,paper_101/ablation/results/37692.out
p3_base_vanilla,47,37692,928.9000000000,928.9000000000,1,,1,906.3500000000,912.9000000000,6.5500000000,932.5500000000,paper_101/ablation/results/37692.out
p3_base_vanilla,48,37692,925.8000000000,925.8000000000,1,,1,906.3500000000,912.9000000000,6.5500000000,932.5500000000,paper_101/ablation/results/37692.out
p3_base_vanilla,49,37692,987.0000000000,,0,high_duration_outer_fence,1,906.3500000000,912.9000000000,6.5500000000,932.5500000000,paper_101/ablation/results/37692.out
p3_base_vanilla,50,37692,994.5000000000,,0,high_duration_outer_fence,1,906.3500000000,912.9000000000,6.5500000000,932.5500000000,paper_101/ablation/results/37692.out
p3_base_vanilla,51,37692,966.6000000000,,0,high_duration_outer_fence,1,906.3500000000,912.9000000000,6.5500000000,932.5500000000,paper_101/ablation/results/37692.out
p3_base_vanilla,52,37692,941.2000000000,,0,high_duration_outer_fence,1,906.3500000000,912.9000000000,6.5500000000,932.5500000000,paper_101/ablation/results/37692.out
p3_base_vanilla,53,37692,922.7000000000,922.7000000000,1,,1,906.3500000000,912.9000000000,6.5500000000,932.5500000000,paper_101/ablation/results/37692.out
p3_base_vanilla,54,37692,913.0000000000,913.0000000000,1,,1,906.3500000000,912.9000000000,6.5500000000,932.5500000000,paper_101/ablation/results/37692.out
p3_base_vanilla,55,37692,913.4000000000,913.4000000000,1,,1,906.3500000000,912.9000000000,6.5500000000,932.5500000000,paper_101/ablation/results/37692.out
p3_base_vanilla,56,37692,912.0000000000,912.0000000000,1,,1,906.3500000000,912.9000000000,6.5500000000,932.5500000000,paper_101/ablation/results/37692.out
p3_base_vanilla,57,37692,912.6000000000,912.6000000000,1,,1,906.3500000000,912.9000000000,6.5500000000,932.5500000000,paper_101/ablation/results/37692.out
p3_base_vanilla,58,37692,913.4000000000,913.4000000000,1,,1,906.3500000000,912.9000000000,6.5500000000,932.5500000000,paper_101/ablation/results/37692.out
p3_base_vanilla,59,37692,912.5000000000,912.5000000000,1,,1,906.3500000000,912.9000000000,6.5500000000,932.5500000000,paper_101/ablation/results/37692.out
p3_base_vanilla,60,37692,913.0000000000,913.0000000000,1,,1,906.3500000000,912.9000000000,6.5500000000,932.5500000000,paper_101/ablation/results/37692.out
p3_base_vanilla,61,37692,912.4000000000,912.4000000000,1,,1,906.3500000000,912.9000000000,6.5500000000,932.5500000000,paper_101/ablation/results/37692.out
p3_base_vanilla,62,37692,912.4000000000,912.4000000000,1,,1,906.3500000000,912.9000000000,6.5500000000,932.5500000000,paper_101/ablation/results/37692.out
p3_base_vanilla,63,37692,912.7000000000,912.7000000000,1,,1,906.3500000000,912.9000000000,6.5500000000,932.5500000000,paper_101/ablation/results/37692.out
p3_base_vanilla,64,37692,913.6000000000,913.6000000000,1,,1,906.3500000000,912.9000000000,6.5500000000,932.5500000000,paper_101/ablation/results/37692.out
p3_base_vanilla,65,37692,912.2000000000,912.2000000000,1,,1,906.3500000000,912.9000000000,6.5500000000,932.5500000000,paper_101/ablation/results/37692.out
p3_base_vanilla,66,37692,912.9000000000,912.9000000000,1,,1,906.3500000000,912.9000000000,6.5500000000,932.5500000000,paper_101/ablation/results/37692.out
p3_base_vanilla,67,37692,913.2000000000,913.2000000000,1,,1,906.3500000000,912.9000000000,6.5500000000,932.5500000000,paper_101/ablation/results/37692.out
p3_base_vanilla,68,37692,913.6000000000,913.6000000000,1,,1,906.3500000000,912.9000000000,6.5500000000,932.5500000000,paper_101/ablation/results/37692.out
p3_base_vanilla,69,37692,916.7000000000,916.7000000000,1,,1,906.3500000000,912.9000000000,6.5500000000,932.5500000000,paper_101/ablation/results/37692.out
p3_base_vanilla,70,37692,925.5000000000,925.5000000000,1,,1,906.3500000000,912.9000000000,6.5500000000,932.5500000000,paper_101/ablation/results/37692.out
p3_base_vanilla,71,37692,923.5000000000,923.5000000000,1,,1,906.3500000000,912.9000000000,6.5500000000,932.5500000000,paper_101/ablation/results/37692.out
p3_base_vanilla,72,37692,921.9000000000,921.9000000000,1,,1,906.3500000000,912.9000000000,6.5500000000,932.5500000000,paper_101/ablation/results/37692.out
p3_base_vanilla,73,37692,920.7000000000,920.7000000000,1,,1,906.3500000000,912.9000000000,6.5500000000,932.5500000000,paper_101/ablation/results/37692.out
p3_base_vanilla,74,37692,922.3000000000,922.3000000000,1,,1,906.3500000000,912.9000000000,6.5500000000,932.5500000000,paper_101/ablation/results/37692.out
p3_base_vanilla,75,37692,922.7000000000,922.7000000000,1,,1,906.3500000000,912.9000000000,6.5500000000,932.5500000000,paper_101/ablation/results/37692.out
p3_base_vanilla,76,37692,921.8000000000,921.8000000000,1,,1,906.3500000000,912.9000000000,6.5500000000,932.5500000000,paper_101/ablation/results/37692.out
p3_base_vanilla,77,37692,922.6000000000,922.6000000000,1,,1,906.3500000000,912.9000000000,6.5500000000,932.5500000000,paper_101/ablation/results/37692.out
p3_base_vanilla,78,37692,919.9000000000,919.9000000000,1,,1,906.3500000000,912.9000000000,6.5500000000,932.5500000000,paper_101/ablation/results/37692.out
p3_base_vanilla,79,37692,921.4000000000,921.4000000000,1,,1,906.3500000000,912.9000000000,6.5500000000,932.5500000000,paper_101/ablation/results/37692.out
p3_base_vanilla,80,37692,920.7000000000,920.7000000000,1,,1,906.3500000000,912.9000000000,6.5500000000,932.5500000000,paper_101/ablation/results/37692.out
p3_base_vanilla,81,37692,920.5000000000,920.5000000000,1,,1,906.3500000000,912.9000000000,6.5500000000,932.5500000000,paper_101/ablation/results/37692.out
p3_base_vanilla,82,37692,917.1000000000,917.1000000000,1,,1,906.3500000000,912.9000000000,6.5500000000,932.5500000000,paper_101/ablation/results/37692.out
p3_base_vanilla,83,37692,916.8000000000,916.8000000000,1,,1,906.3500000000,912.9000000000,6.5500000000,932.5500000000,paper_101/ablation/results/37692.out
p3_base_vanilla,84,37692,915.3000000000,915.3000000000,1,,1,906.3500000000,912.9000000000,6.5500000000,932.5500000000,paper_101/ablation/results/37692.out
p3_base_vanilla,85,37692,916.0000000000,916.0000000000,1,,1,906.3500000000,912.9000000000,6.5500000000,932.5500000000,paper_101/ablation/results/37692.out
p3_base_vanilla,86,37692,915.5000000000,915.5000000000,1,,1,906.3500000000,912.9000000000,6.5500000000,932.5500000000,paper_101/ablation/results/37692.out
p3_base_vanilla,87,37692,916.3000000000,916.3000000000,1,,1,906.3500000000,912.9000000000,6.5500000000,932.5500000000,paper_101/ablation/results/37692.out
p3_base_vanilla,88,37692,915.6000000000,915.6000000000,1,,1,906.3500000000,912.9000000000,6.5500000000,932.5500000000,paper_101/ablation/results/37692.out
p3_base_vanilla,89,37692,917.1000000000,917.1000000000,1,,1,906.3500000000,912.9000000000,6.5500000000,932.5500000000,paper_101/ablation/results/37692.out
p3_base_vanilla,90,37692,908.6000000000,908.6000000000,1,,1,906.3500000000,912.9000000000,6.5500000000,932.5500000000,paper_101/ablation/results/37692.out
p3_base_vanilla,91,37692,913.3000000000,913.3000000000,1,,1,906.3500000000,912.9000000000,6.5500000000,932.5500000000,paper_101/ablation/results/37692.out
p3_base_vanilla,92,37692,910.4000000000,910.4000000000,1,,1,906.3500000000,912.9000000000,6.5500000000,932.5500000000,paper_101/ablation/results/37692.out
p3_base_vanilla,93,37692,908.7000000000,908.7000000000,1,,1,906.3500000000,912.9000000000,6.5500000000,932.5500000000,paper_101/ablation/results/37692.out
p3_base_vanilla,94,37692,907.9000000000,907.9000000000,1,,1,906.3500000000,912.9000000000,6.5500000000,932.5500000000,paper_101/ablation/results/37692.out
p3_base_vanilla,95,37692,906.6000000000,906.6000000000,1,,1,906.3500000000,912.9000000000,6.5500000000,932.5500000000,paper_101/ablation/results/37692.out
p3_base_vanilla,96,37692,914.6000000000,914.6000000000,1,,1,906.3500000000,912.9000000000,6.5500000000,932.5500000000,paper_101/ablation/results/37692.out
p3_base_vanilla,97,37692,918.4000000000,918.4000000000,1,,1,906.3500000000,912.9000000000,6.5500000000,932.5500000000,paper_101/ablation/results/37692.out
p3_base_vanilla,98,37692,913.0000000000,913.0000000000,1,,1,906.3500000000,912.9000000000,6.5500000000,932.5500000000,paper_101/ablation/results/37692.out
p3_base_vanilla,99,37692,911.1000000000,911.1000000000,1,,1,906.3500000000,912.9000000000,6.5500000000,932.5500000000,paper_101/ablation/results/37692.out
p3_base_vanilla,100,37692,914.7000000000,914.7000000000,1,,1,906.3500000000,912.9000000000,6.5500000000,932.5500000000,paper_101/ablation/results/37692.out
p3_base_vanilla,101,37692,905.5000000000,905.5000000000,1,,1,906.3500000000,912.9000000000,6.5500000000,932.5500000000,paper_101/ablation/results/37692.out
p3_base_vanilla,102,37692,908.0000000000,908.0000000000,1,,1,906.3500000000,912.9000000000,6.5500000000,932.5500000000,paper_101/ablation/results/37692.out
p3_base_vanilla,103,37692,907.8000000000,907.8000000000,1,,1,906.3500000000,912.9000000000,6.5500000000,932.5500000000,paper_101/ablation/results/37692.out
p3_base_vanilla,104,37692,906.2000000000,906.2000000000,1,,1,906.3500000000,912.9000000000,6.5500000000,932.5500000000,paper_101/ablation/results/37692.out
p3_base_vanilla,105,37692,907.4000000000,907.4000000000,1,,1,906.3500000000,912.9000000000,6.5500000000,932.5500000000,paper_101/ablation/results/37692.out
p3_base_vanilla,106,37692,916.2000000000,916.2000000000,1,,1,906.3500000000,912.9000000000,6.5500000000,932.5500000000,paper_101/ablation/results/37692.out
p3_base_vanilla,107,37692,911.0000000000,911.0000000000,1,,1,906.3500000000,912.9000000000,6.5500000000,932.5500000000,paper_101/ablation/results/37692.out
p3_base_vanilla,108,37692,916.5000000000,916.5000000000,1,,1,906.3500000000,912.9000000000,6.5500000000,932.5500000000,paper_101/ablation/results/37692.out
p3_base_vanilla,109,37692,914.1000000000,914.1000000000,1,,1,906.3500000000,912.9000000000,6.5500000000,932.5500000000,paper_101/ablation/results/37692.out
p3_base_vanilla,110,37692,907.0000000000,907.0000000000,1,,1,906.3500000000,912.9000000000,6.5500000000,932.5500000000,paper_101/ablation/results/37692.out
p3_base_vanilla,111,37692,908.1000000000,908.1000000000,1,,1,906.3500000000,912.9000000000,6.5500000000,932.5500000000,paper_101/ablation/results/37692.out
p3_base_vanilla,112,37692,906.6000000000,906.6000000000,1,,1,906.3500000000,912.9000000000,6.5500000000,932.5500000000,paper_101/ablation/results/37692.out
p3_base_vanilla,113,37692,906.5000000000,906.5000000000,1,,1,906.3500000000,912.9000000000,6.5500000000,932.5500000000,paper_101/ablation/results/37692.out
p3_base_vanilla,114,37692,906.5000000000,906.5000000000,1,,1,906.3500000000,912.9000000000,6.5500000000,932.5500000000,paper_101/ablation/results/37692.out
p3_base_vanilla,115,37692,907.5000000000,907.5000000000,1,,1,906.3500000000,912.9000000000,6.5500000000,932.5500000000,paper_101/ablation/results/37692.out
p3_base_vanilla,116,37692,906.4000000000,906.4000000000,1,,1,906.3500000000,912.9000000000,6.5500000000,932.5500000000,paper_101/ablation/results/37692.out
p3_base_vanilla,117,37692,905.5000000000,905.5000000000,1,,1,906.3500000000,912.9000000000,6.5500000000,932.5500000000,paper_101/ablation/results/37692.out
p3_base_vanilla,118,37692,907.2000000000,907.2000000000,1,,1,906.3500000000,912.9000000000,6.5500000000,932.5500000000,paper_101/ablation/results/37692.out
p3_base_vanilla,119,37692,905.8000000000,905.8000000000,1,,1,906.3500000000,912.9000000000,6.5500000000,932.5500000000,paper_101/ablation/results/37692.out
p3_base_vanilla,120,37692,907.0000000000,907.0000000000,1,,1,906.3500000000,912.9000000000,6.5500000000,932.5500000000,paper_101/ablation/results/37692.out
p3_base_vanilla,121,37692,906.7000000000,906.7000000000,1,,1,906.3500000000,912.9000000000,6.5500000000,932.5500000000,paper_101/ablation/results/37692.out
p3_base_vanilla,122,37692,907.4000000000,907.4000000000,1,,1,906.3500000000,912.9000000000,6.5500000000,932.5500000000,paper_101/ablation/results/37692.out
p3_base_vanilla,123,37692,907.4000000000,907.4000000000,1,,1,906.3500000000,912.9000000000,6.5500000000,932.5500000000,paper_101/ablation/results/37692.out
p3_base_vanilla,124,37692,906.4000000000,906.4000000000,1,,1,906.3500000000,912.9000000000,6.5500000000,932.5500000000,paper_101/ablation/results/37692.out
p3_base_vanilla,125,37692,907.4000000000,907.4000000000,1,,1,906.3500000000,912.9000000000,6.5500000000,932.5500000000,paper_101/ablation/results/37692.out
p3_base_vanilla,126,37692,907.1000000000,907.1000000000,1,,1,906.3500000000,912.9000000000,6.5500000000,932.5500000000,paper_101/ablation/results/37692.out
p3_base_vanilla,127,37692,907.0000000000,907.0000000000,1,,1,906.3500000000,912.9000000000,6.5500000000,932.5500000000,paper_101/ablation/results/37692.out
p3_base_vanilla,128,37692,906.3000000000,906.3000000000,1,,1,906.3500000000,912.9000000000,6.5500000000,932.5500000000,paper_101/ablation/results/37692.out
p3_base_vanilla,129,37692,906.7000000000,906.7000000000,1,,1,906.3500000000,912.9000000000,6.5500000000,932.5500000000,paper_101/ablation/results/37692.out
p3_base_vanilla,130,37692,907.0000000000,907.0000000000,1,,1,906.3500000000,912.9000000000,6.5500000000,932.5500000000,paper_101/ablation/results/37692.out
p3_base_vanilla,131,37692,905.5000000000,905.5000000000,1,,1,906.3500000000,912.9000000000,6.5500000000,932.5500000000,paper_101/ablation/results/37692.out
p3_base_vanilla,132,37692,906.2000000000,906.2000000000,1,,1,906.3500000000,912.9000000000,6.5500000000,932.5500000000,paper_101/ablation/results/37692.out
p3_base_vanilla,133,37692,907.8000000000,907.8000000000,1,,1,906.3500000000,912.9000000000,6.5500000000,932.5500000000,paper_101/ablation/results/37692.out
p3_base_vanilla,134,37692,907.4000000000,907.4000000000,1,,1,906.3500000000,912.9000000000,6.5500000000,932.5500000000,paper_101/ablation/results/37692.out
p3_base_vanilla,135,37692,906.7000000000,906.7000000000,1,,1,906.3500000000,912.9000000000,6.5500000000,932.5500000000,paper_101/ablation/results/37692.out
p3_base_vanilla,136,37692,908.0000000000,908.0000000000,1,,1,906.3500000000,912.9000000000,6.5500000000,932.5500000000,paper_101/ablation/results/37692.out
p3_base_vanilla,137,37692,907.9000000000,907.9000000000,1,,1,906.3500000000,912.9000000000,6.5500000000,932.5500000000,paper_101/ablation/results/37692.out
p3_base_vanilla,138,37692,908.1000000000,908.1000000000,1,,1,906.3500000000,912.9000000000,6.5500000000,932.5500000000,paper_101/ablation/results/37692.out
p3_base_vanilla,139,37692,907.2000000000,907.2000000000,1,,1,906.3500000000,912.9000000000,6.5500000000,932.5500000000,paper_101/ablation/results/37692.out
p3_base_vanilla,140,37692,908.0000000000,908.0000000000,1,,1,906.3500000000,912.9000000000,6.5500000000,932.5500000000,paper_101/ablation/results/37692.out
p3_base_vanilla,141,37692,907.5000000000,907.5000000000,1,,1,906.3500000000,912.9000000000,6.5500000000,932.5500000000,paper_101/ablation/results/37692.out
p3_base_vanilla,142,37692,907.2000000000,907.2000000000,1,,1,906.3500000000,912.9000000000,6.5500000000,932.5500000000,paper_101/ablation/results/37692.out
p3_base_vanilla,143,37692,908.7000000000,908.7000000000,1,,1,906.3500000000,912.9000000000,6.5500000000,932.5500000000,paper_101/ablation/results/37692.out
p3_base_vanilla,144,37692,908.8000000000,908.8000000000,1,,1,906.3500000000,912.9000000000,6.5500000000,932.5500000000,paper_101/ablation/results/37692.out
p3_base_vanilla,145,37692,908.9000000000,908.9000000000,1,,1,906.3500000000,912.9000000000,6.5500000000,932.5500000000,paper_101/ablation/results/37692.out
p3_base_vanilla,146,37692,908.1000000000,908.1000000000,1,,1,906.3500000000,912.9000000000,6.5500000000,932.5500000000,paper_101/ablation/results/37692.out
p3_base_vanilla,147,37692,908.6000000000,908.6000000000,1,,1,906.3500000000,912.9000000000,6.5500000000,932.5500000000,paper_101/ablation/results/37692.out
p3_base_vanilla,148,37692,908.0000000000,908.0000000000,1,,1,906.3500000000,912.9000000000,6.5500000000,932.5500000000,paper_101/ablation/results/37692.out
p3_base_vanilla,149,37692,909.7000000000,909.7000000000,1,,1,906.3500000000,912.9000000000,6.5500000000,932.5500000000,paper_101/ablation/results/37692.out
p3_base_vanilla,150,37692,907.7000000000,907.7000000000,1,,1,906.3500000000,912.9000000000,6.5500000000,932.5500000000,paper_101/ablation/results/37692.out
p3_base_vanilla,151,37692,908.1000000000,908.1000000000,1,,1,906.3500000000,912.9000000000,6.5500000000,932.5500000000,paper_101/ablation/results/37692.out
p3_base_vanilla,152,37692,908.1000000000,908.1000000000,1,,1,906.3500000000,912.9000000000,6.5500000000,932.5500000000,paper_101/ablation/results/37692.out
p3_base_vanilla,153,37692,907.9000000000,907.9000000000,1,,1,906.3500000000,912.9000000000,6.5500000000,932.5500000000,paper_101/ablation/results/37692.out
p3_base_vanilla,154,37692,908.2000000000,908.2000000000,1,,1,906.3500000000,912.9000000000,6.5500000000,932.5500000000,paper_101/ablation/results/37692.out
p3_base_vanilla,155,37692,907.6000000000,907.6000000000,1,,1,906.3500000000,912.9000000000,6.5500000000,932.5500000000,paper_101/ablation/results/37692.out
p3_base_vanilla,156,37692,906.7000000000,906.7000000000,1,,1,906.3500000000,912.9000000000,6.5500000000,932.5500000000,paper_101/ablation/results/37692.out
p3_base_vanilla,157,37692,907.7000000000,907.7000000000,1,,1,906.3500000000,912.9000000000,6.5500000000,932.5500000000,paper_101/ablation/results/37692.out
p3_base_vanilla,158,37692,907.4000000000,907.4000000000,1,,1,906.3500000000,912.9000000000,6.5500000000,932.5500000000,paper_101/ablation/results/37692.out
p3_base_vanilla,159,37692,907.3000000000,907.3000000000,1,,1,906.3500000000,912.9000000000,6.5500000000,932.5500000000,paper_101/ablation/results/37692.out
p3_base_vanilla,160,37692,906.3000000000,906.3000000000,1,,1,906.3500000000,912.9000000000,6.5500000000,932.5500000000,paper_101/ablation/results/37692.out
p3_base_vanilla,161,37692,907.1000000000,907.1000000000,1,,1,906.3500000000,912.9000000000,6.5500000000,932.5500000000,paper_101/ablation/results/37692.out
p3_base_vanilla,162,37692,906.7000000000,906.7000000000,1,,1,906.3500000000,912.9000000000,6.5500000000,932.5500000000,paper_101/ablation/results/37692.out
p3_base_vanilla,163,37692,907.1000000000,907.1000000000,1,,1,906.3500000000,912.9000000000,6.5500000000,932.5500000000,paper_101/ablation/results/37692.out
p3_base_vanilla,164,37692,906.9000000000,906.9000000000,1,,1,906.3500000000,912.9000000000,6.5500000000,932.5500000000,paper_101/ablation/results/37692.out
p3_base_vanilla,165,37692,906.7000000000,906.7000000000,1,,1,906.3500000000,912.9000000000,6.5500000000,932.5500000000,paper_101/ablation/results/37692.out
p3_base_vanilla,166,37692,908.0000000000,908.0000000000,1,,1,906.3500000000,912.9000000000,6.5500000000,932.5500000000,paper_101/ablation/results/37692.out
p3_base_vanilla,167,37692,906.9000000000,906.9000000000,1,,1,906.3500000000,912.9000000000,6.5500000000,932.5500000000,paper_101/ablation/results/37692.out
p3_base_vanilla,168,37692,906.7000000000,906.7000000000,1,,1,906.3500000000,912.9000000000,6.5500000000,932.5500000000,paper_101/ablation/results/37692.out
p3_base_vanilla,169,37692,906.0000000000,906.0000000000,1,,1,906.3500000000,912.9000000000,6.5500000000,932.5500000000,paper_101/ablation/results/37692.out
p3_base_vanilla,170,37692,906.4000000000,906.4000000000,1,,1,906.3500000000,912.9000000000,6.5500000000,932.5500000000,paper_101/ablation/results/37692.out
p3_base_vanilla,171,37692,908.6000000000,908.6000000000,1,,1,906.3500000000,912.9000000000,6.5500000000,932.5500000000,paper_101/ablation/results/37692.out
p3_base_vanilla,172,37692,910.1000000000,910.1000000000,1,,1,906.3500000000,912.9000000000,6.5500000000,932.5500000000,paper_101/ablation/results/37692.out
p3_base_vanilla,173,37692,987.5000000000,,0,high_duration_outer_fence,1,906.3500000000,912.9000000000,6.5500000000,932.5500000000,paper_101/ablation/results/37692.out
p3_base_vanilla,174,37692,908.2000000000,908.2000000000,1,,1,906.3500000000,912.9000000000,6.5500000000,932.5500000000,paper_101/ablation/results/37692.out
p3_base_vanilla,175,37692,909.0000000000,909.0000000000,1,,1,906.3500000000,912.9000000000,6.5500000000,932.5500000000,paper_101/ablation/results/37692.out
p3_base_vanilla,176,37692,907.7000000000,907.7000000000,1,,1,906.3500000000,912.9000000000,6.5500000000,932.5500000000,paper_101/ablation/results/37692.out
p3_base_vanilla,177,37692,985.3000000000,,0,high_duration_outer_fence,1,906.3500000000,912.9000000000,6.5500000000,932.5500000000,paper_101/ablation/results/37692.out
p3_base_vanilla,178,37692,910.0000000000,910.0000000000,1,,1,906.3500000000,912.9000000000,6.5500000000,932.5500000000,paper_101/ablation/results/37692.out
p3_base_vanilla,179,37692,906.4000000000,906.4000000000,1,,1,906.3500000000,912.9000000000,6.5500000000,932.5500000000,paper_101/ablation/results/37692.out
p3_base_vanilla,180,37692,911.9000000000,911.9000000000,1,,1,906.3500000000,912.9000000000,6.5500000000,932.5500000000,paper_101/ablation/results/37692.out
p3_base_vanilla,181,37692,907.5000000000,907.5000000000,1,,1,906.3500000000,912.9000000000,6.5500000000,932.5500000000,paper_101/ablation/results/37692.out
p3_base_vanilla,182,37692,906.3000000000,906.3000000000,1,,1,906.3500000000,912.9000000000,6.5500000000,932.5500000000,paper_101/ablation/results/37692.out
p3_base_vanilla,183,37692,906.7000000000,906.7000000000,1,,1,906.3500000000,912.9000000000,6.5500000000,932.5500000000,paper_101/ablation/results/37692.out
p3_base_vanilla,184,37692,906.0000000000,906.0000000000,1,,1,906.3500000000,912.9000000000,6.5500000000,932.5500000000,paper_101/ablation/results/37692.out
p3_base_vanilla,185,37692,908.2000000000,908.2000000000,1,,1,906.3500000000,912.9000000000,6.5500000000,932.5500000000,paper_101/ablation/results/37692.out
p3_base_vanilla,186,37692,907.2000000000,907.2000000000,1,,1,906.3500000000,912.9000000000,6.5500000000,932.5500000000,paper_101/ablation/results/37692.out
p3_base_vanilla,187,37692,909.9000000000,909.9000000000,1,,1,906.3500000000,912.9000000000,6.5500000000,932.5500000000,paper_101/ablation/results/37692.out
p3_base_vanilla,188,37692,908.0000000000,908.0000000000,1,,1,906.3500000000,912.9000000000,6.5500000000,932.5500000000,paper_101/ablation/results/37692.out
p3_base_vanilla,189,37692,908.3000000000,908.3000000000,1,,1,906.3500000000,912.9000000000,6.5500000000,932.5500000000,paper_101/ablation/results/37692.out
p3_base_vanilla,190,37692,914.9000000000,914.9000000000,1,,1,906.3500000000,912.9000000000,6.5500000000,932.5500000000,paper_101/ablation/results/37692.out
p3_base_vanilla,191,37692,915.1000000000,915.1000000000,1,,1,906.3500000000,912.9000000000,6.5500000000,932.5500000000,paper_101/ablation/results/37692.out
p3_base_vanilla,192,37692,912.7000000000,912.7000000000,1,,1,906.3500000000,912.9000000000,6.5500000000,932.5500000000,paper_101/ablation/results/37692.out
p3_base_vanilla,193,37692,912.2000000000,912.2000000000,1,,1,906.3500000000,912.9000000000,6.5500000000,932.5500000000,paper_101/ablation/results/37692.out
p3_base_vanilla,194,37692,912.9000000000,912.9000000000,1,,1,906.3500000000,912.9000000000,6.5500000000,932.5500000000,paper_101/ablation/results/37692.out
p3_base_vanilla,195,37692,912.9000000000,912.9000000000,1,,1,906.3500000000,912.9000000000,6.5500000000,932.5500000000,paper_101/ablation/results/37692.out
p3_base_vanilla,196,37692,911.4000000000,911.4000000000,1,,1,906.3500000000,912.9000000000,6.5500000000,932.5500000000,paper_101/ablation/results/37692.out
p3_base_vanilla,197,37692,913.2000000000,913.2000000000,1,,1,906.3500000000,912.9000000000,6.5500000000,932.5500000000,paper_101/ablation/results/37692.out
p3_base_vanilla,198,37692,912.6000000000,912.6000000000,1,,1,906.3500000000,912.9000000000,6.5500000000,932.5500000000,paper_101/ablation/results/37692.out
p3_base_vanilla,199,37692,912.1000000000,912.1000000000,1,,1,906.3500000000,912.9000000000,6.5500000000,932.5500000000,paper_101/ablation/results/37692.out
p3_base_vanilla,200,37692,912.1000000000,912.1000000000,1,,1,906.3500000000,912.9000000000,6.5500000000,932.5500000000,paper_101/ablation/results/37692.out
p3_base_vanilla,201,37692,914.2000000000,914.2000000000,1,,1,906.3500000000,912.9000000000,6.5500000000,932.5500000000,paper_101/ablation/results/37692.out
p3_base_vanilla,202,37692,912.1000000000,912.1000000000,1,,1,906.3500000000,912.9000000000,6.5500000000,932.5500000000,paper_101/ablation/results/37692.out
p3_base_vanilla,203,37692,913.6000000000,913.6000000000,1,,1,906.3500000000,912.9000000000,6.5500000000,932.5500000000,paper_101/ablation/results/37692.out
p3_base_vanilla,204,37692,911.0000000000,911.0000000000,1,,1,906.3500000000,912.9000000000,6.5500000000,932.5500000000,paper_101/ablation/results/37692.out
p3_base_vanilla,205,37692,913.1000000000,913.1000000000,1,,1,906.3500000000,912.9000000000,6.5500000000,932.5500000000,paper_101/ablation/results/37692.out
p3_base_vanilla,206,37692,913.9000000000,913.9000000000,1,,1,906.3500000000,912.9000000000,6.5500000000,932.5500000000,paper_101/ablation/results/37692.out
p3_base_vanilla,207,37692,911.7000000000,911.7000000000,1,,1,906.3500000000,912.9000000000,6.5500000000,932.5500000000,paper_101/ablation/results/37692.out
p3_base_vanilla,208,37692,912.4000000000,912.4000000000,1,,1,906.3500000000,912.9000000000,6.5500000000,932.5500000000,paper_101/ablation/results/37692.out
p3_base_vanilla,209,37692,912.7000000000,912.7000000000,1,,1,906.3500000000,912.9000000000,6.5500000000,932.5500000000,paper_101/ablation/results/37692.out
p3_base_vanilla,210,37692,909.8000000000,909.8000000000,1,,1,906.3500000000,912.9000000000,6.5500000000,932.5500000000,paper_101/ablation/results/37692.out
p3_base_vanilla,211,37692,909.8000000000,909.8000000000,1,,1,906.3500000000,912.9000000000,6.5500000000,932.5500000000,paper_101/ablation/results/37692.out
p3_base_vanilla,212,37692,910.8000000000,910.8000000000,1,,1,906.3500000000,912.9000000000,6.5500000000,932.5500000000,paper_101/ablation/results/37692.out
p3_base_vanilla,213,37692,910.1000000000,910.1000000000,1,,1,906.3500000000,912.9000000000,6.5500000000,932.5500000000,paper_101/ablation/results/37692.out
p3_base_vanilla,214,37692,911.6000000000,911.6000000000,1,,1,906.3500000000,912.9000000000,6.5500000000,932.5500000000,paper_101/ablation/results/37692.out
p3_base_vanilla,215,37692,911.9000000000,911.9000000000,1,,1,906.3500000000,912.9000000000,6.5500000000,932.5500000000,paper_101/ablation/results/37692.out
p3_base_vanilla,216,37692,910.7000000000,910.7000000000,1,,1,906.3500000000,912.9000000000,6.5500000000,932.5500000000,paper_101/ablation/results/37692.out
p3_base_vanilla,217,37692,912.2000000000,912.2000000000,1,,1,906.3500000000,912.9000000000,6.5500000000,932.5500000000,paper_101/ablation/results/37692.out
p3_base_vanilla,218,37692,913.5000000000,913.5000000000,1,,1,906.3500000000,912.9000000000,6.5500000000,932.5500000000,paper_101/ablation/results/37692.out
p3_base_vanilla,219,37692,914.6000000000,914.6000000000,1,,1,906.3500000000,912.9000000000,6.5500000000,932.5500000000,paper_101/ablation/results/37692.out
p3_base_vanilla,220,37692,913.4000000000,913.4000000000,1,,1,906.3500000000,912.9000000000,6.5500000000,932.5500000000,paper_101/ablation/results/37692.out
p3_base_vanilla,221,37692,912.5000000000,912.5000000000,1,,1,906.3500000000,912.9000000000,6.5500000000,932.5500000000,paper_101/ablation/results/37692.out
p3_base_vanilla,222,37692,911.4000000000,911.4000000000,1,,1,906.3500000000,912.9000000000,6.5500000000,932.5500000000,paper_101/ablation/results/37692.out
p3_base_vanilla,223,37692,912.0000000000,912.0000000000,1,,1,906.3500000000,912.9000000000,6.5500000000,932.5500000000,paper_101/ablation/results/37692.out
p3_base_vanilla,224,37692,912.3000000000,912.3000000000,1,,1,906.3500000000,912.9000000000,6.5500000000,932.5500000000,paper_101/ablation/results/37692.out
p3_base_vanilla,225,37692,911.6000000000,911.6000000000,1,,1,906.3500000000,912.9000000000,6.5500000000,932.5500000000,paper_101/ablation/results/37692.out
p3_base_vanilla,226,37692,910.3000000000,910.3000000000,1,,1,906.3500000000,912.9000000000,6.5500000000,932.5500000000,paper_101/ablation/results/37692.out
p3_base_vanilla,227,37692,910.4000000000,910.4000000000,1,,1,906.3500000000,912.9000000000,6.5500000000,932.5500000000,paper_101/ablation/results/37692.out
p3_base_vanilla,228,37692,911.6000000000,911.6000000000,1,,1,906.3500000000,912.9000000000,6.5500000000,932.5500000000,paper_101/ablation/results/37692.out
p3_base_vanilla,229,37692,911.0000000000,911.0000000000,1,,1,906.3500000000,912.9000000000,6.5500000000,932.5500000000,paper_101/ablation/results/37692.out
p3_base_vanilla,230,37692,911.5000000000,911.5000000000,1,,1,906.3500000000,912.9000000000,6.5500000000,932.5500000000,paper_101/ablation/results/37692.out
p3_base_vanilla,231,37692,911.5000000000,911.5000000000,1,,1,906.3500000000,912.9000000000,6.5500000000,932.5500000000,paper_101/ablation/results/37692.out
p3_base_vanilla,232,37692,909.9000000000,909.9000000000,1,,1,906.3500000000,912.9000000000,6.5500000000,932.5500000000,paper_101/ablation/results/37692.out
p3_base_vanilla,233,37692,911.0000000000,911.0000000000,1,,1,906.3500000000,912.9000000000,6.5500000000,932.5500000000,paper_101/ablation/results/37692.out
p3_base_vanilla,234,37692,910.2000000000,910.2000000000,1,,1,906.3500000000,912.9000000000,6.5500000000,932.5500000000,paper_101/ablation/results/37692.out
p3_base_vanilla,235,37692,910.4000000000,910.4000000000,1,,1,906.3500000000,912.9000000000,6.5500000000,932.5500000000,paper_101/ablation/results/37692.out
p3_base_vanilla,236,37692,910.7000000000,910.7000000000,1,,1,906.3500000000,912.9000000000,6.5500000000,932.5500000000,paper_101/ablation/results/37692.out
p3_base_vanilla,237,37692,911.2000000000,911.2000000000,1,,1,906.3500000000,912.9000000000,6.5500000000,932.5500000000,paper_101/ablation/results/37692.out
p3_base_vanilla,238,37692,910.6000000000,910.6000000000,1,,1,906.3500000000,912.9000000000,6.5500000000,932.5500000000,paper_101/ablation/results/37692.out
p3_base_vanilla,239,37692,910.9000000000,910.9000000000,1,,1,906.3500000000,912.9000000000,6.5500000000,932.5500000000,paper_101/ablation/results/37692.out
p3_base_vanilla,240,37692,912.0000000000,912.0000000000,1,,1,906.3500000000,912.9000000000,6.5500000000,932.5500000000,paper_101/ablation/results/37692.out
p3_base_vanilla,241,37692,910.6000000000,910.6000000000,1,,1,906.3500000000,912.9000000000,6.5500000000,932.5500000000,paper_101/ablation/results/37692.out
p3_base_vanilla,242,37692,910.3000000000,910.3000000000,1,,1,906.3500000000,912.9000000000,6.5500000000,932.5500000000,paper_101/ablation/results/37692.out
p3_base_vanilla,243,37692,910.7000000000,910.7000000000,1,,1,906.3500000000,912.9000000000,6.5500000000,932.5500000000,paper_101/ablation/results/37692.out
p3_base_vanilla,244,37692,910.6000000000,910.6000000000,1,,1,906.3500000000,912.9000000000,6.5500000000,932.5500000000,paper_101/ablation/results/37692.out
p3_base_vanilla,245,37692,909.7000000000,909.7000000000,1,,1,906.3500000000,912.9000000000,6.5500000000,932.5500000000,paper_101/ablation/results/37692.out
p3_base_vanilla,246,37692,910.5000000000,910.5000000000,1,,1,906.3500000000,912.9000000000,6.5500000000,932.5500000000,paper_101/ablation/results/37692.out
p3_base_vanilla,247,37692,909.9000000000,909.9000000000,1,,1,906.3500000000,912.9000000000,6.5500000000,932.5500000000,paper_101/ablation/results/37692.out
p3_base_vanilla,248,37692,911.6000000000,911.6000000000,1,,1,906.3500000000,912.9000000000,6.5500000000,932.5500000000,paper_101/ablation/results/37692.out
p3_base_vanilla,249,37692,904.0000000000,904.0000000000,1,,1,906.3500000000,912.9000000000,6.5500000000,932.5500000000,paper_101/ablation/results/37692.out
p3_base_vanilla,250,37692,903.6000000000,903.6000000000,1,,1,906.3500000000,912.9000000000,6.5500000000,932.5500000000,paper_101/ablation/results/37692.out
p3_base_vanilla,251,37692,905.0000000000,905.0000000000,1,,1,906.3500000000,912.9000000000,6.5500000000,932.5500000000,paper_101/ablation/results/37692.out
p3_base_vanilla,252,37692,904.3000000000,904.3000000000,1,,1,906.3500000000,912.9000000000,6.5500000000,932.5500000000,paper_101/ablation/results/37692.out
p3_base_vanilla,253,37692,904.9000000000,904.9000000000,1,,1,906.3500000000,912.9000000000,6.5500000000,932.5500000000,paper_101/ablation/results/37692.out
p3_base_vanilla,254,37692,905.8000000000,905.8000000000,1,,1,906.3500000000,912.9000000000,6.5500000000,932.5500000000,paper_101/ablation/results/37692.out
p3_base_vanilla,255,37692,904.6000000000,904.6000000000,1,,1,906.3500000000,912.9000000000,6.5500000000,932.5500000000,paper_101/ablation/results/37692.out
p3_base_vanilla,256,37692,906.3000000000,906.3000000000,1,,1,906.3500000000,912.9000000000,6.5500000000,932.5500000000,paper_101/ablation/results/37692.out
p3_base_vanilla,257,37692,904.9000000000,904.9000000000,1,,1,906.3500000000,912.9000000000,6.5500000000,932.5500000000,paper_101/ablation/results/37692.out
p3_base_vanilla,258,37692,903.6000000000,903.6000000000,1,,1,906.3500000000,912.9000000000,6.5500000000,932.5500000000,paper_101/ablation/results/37692.out
p3_base_vanilla,259,37692,903.5000000000,903.5000000000,1,,1,906.3500000000,912.9000000000,6.5500000000,932.5500000000,paper_101/ablation/results/37692.out
p3_base_vanilla,260,37692,905.2000000000,905.2000000000,1,,1,906.3500000000,912.9000000000,6.5500000000,932.5500000000,paper_101/ablation/results/37692.out
p3_base_vanilla,261,37692,906.0000000000,906.0000000000,1,,1,906.3500000000,912.9000000000,6.5500000000,932.5500000000,paper_101/ablation/results/37692.out
p3_base_vanilla,262,37692,905.0000000000,905.0000000000,1,,1,906.3500000000,912.9000000000,6.5500000000,932.5500000000,paper_101/ablation/results/37692.out
p3_base_vanilla,263,37692,902.7000000000,902.7000000000,1,,1,906.3500000000,912.9000000000,6.5500000000,932.5500000000,paper_101/ablation/results/37692.out
p3_base_vanilla,264,37692,904.2000000000,904.2000000000,1,,1,906.3500000000,912.9000000000,6.5500000000,932.5500000000,paper_101/ablation/results/37692.out
p3_base_vanilla,265,37692,905.2000000000,905.2000000000,1,,1,906.3500000000,912.9000000000,6.5500000000,932.5500000000,paper_101/ablation/results/37692.out
p3_base_vanilla,266,37692,904.3000000000,904.3000000000,1,,1,906.3500000000,912.9000000000,6.5500000000,932.5500000000,paper_101/ablation/results/37692.out
p3_base_vanilla,267,37692,904.6000000000,904.6000000000,1,,1,906.3500000000,912.9000000000,6.5500000000,932.5500000000,paper_101/ablation/results/37692.out
p3_base_vanilla,268,37692,903.5000000000,903.5000000000,1,,1,906.3500000000,912.9000000000,6.5500000000,932.5500000000,paper_101/ablation/results/37692.out
p3_base_vanilla,269,37692,903.8000000000,903.8000000000,1,,1,906.3500000000,912.9000000000,6.5500000000,932.5500000000,paper_101/ablation/results/37692.out
p3_base_vanilla,270,37692,907.2000000000,907.2000000000,1,,1,906.3500000000,912.9000000000,6.5500000000,932.5500000000,paper_101/ablation/results/37692.out
p3_base_vanilla,271,37692,904.3000000000,904.3000000000,1,,1,906.3500000000,912.9000000000,6.5500000000,932.5500000000,paper_101/ablation/results/37692.out
p3_base_vanilla,272,37692,905.7000000000,905.7000000000,1,,1,906.3500000000,912.9000000000,6.5500000000,932.5500000000,paper_101/ablation/results/37692.out
p3_base_vanilla,273,37692,905.4000000000,905.4000000000,1,,1,906.3500000000,912.9000000000,6.5500000000,932.5500000000,paper_101/ablation/results/37692.out
p3_base_vanilla,274,37692,904.6000000000,904.6000000000,1,,1,906.3500000000,912.9000000000,6.5500000000,932.5500000000,paper_101/ablation/results/37692.out
p3_base_vanilla,275,37692,903.7000000000,903.7000000000,1,,1,906.3500000000,912.9000000000,6.5500000000,932.5500000000,paper_101/ablation/results/37692.out
p3_base_vanilla,276,37692,904.8000000000,904.8000000000,1,,1,906.3500000000,912.9000000000,6.5500000000,932.5500000000,paper_101/ablation/results/37692.out
p3_base_vanilla,277,37692,903.7000000000,903.7000000000,1,,1,906.3500000000,912.9000000000,6.5500000000,932.5500000000,paper_101/ablation/results/37692.out
p3_base_vanilla,278,37692,903.2000000000,903.2000000000,1,,1,906.3500000000,912.9000000000,6.5500000000,932.5500000000,paper_101/ablation/results/37692.out
p3_base_vanilla,279,37692,903.8000000000,903.8000000000,1,,1,906.3500000000,912.9000000000,6.5500000000,932.5500000000,paper_101/ablation/results/37692.out
p3_base_vanilla,280,37692,903.9000000000,903.9000000000,1,,1,906.3500000000,912.9000000000,6.5500000000,932.5500000000,paper_101/ablation/results/37692.out
p3_base_vanilla,281,37692,903.9000000000,903.9000000000,1,,1,906.3500000000,912.9000000000,6.5500000000,932.5500000000,paper_101/ablation/results/37692.out
p3_base_vanilla,282,37692,903.2000000000,903.2000000000,1,,1,906.3500000000,912.9000000000,6.5500000000,932.5500000000,paper_101/ablation/results/37692.out
p3_base_vanilla,283,37692,904.5000000000,904.5000000000,1,,1,906.3500000000,912.9000000000,6.5500000000,932.5500000000,paper_101/ablation/results/37692.out
p3_base_vanilla,284,37692,903.5000000000,903.5000000000,1,,1,906.3500000000,912.9000000000,6.5500000000,932.5500000000,paper_101/ablation/results/37692.out
p3_base_vanilla,285,37692,903.3000000000,903.3000000000,1,,1,906.3500000000,912.9000000000,6.5500000000,932.5500000000,paper_101/ablation/results/37692.out
p3_base_vanilla,286,37692,903.8000000000,903.8000000000,1,,1,906.3500000000,912.9000000000,6.5500000000,932.5500000000,paper_101/ablation/results/37692.out
p3_base_vanilla,287,37692,904.6000000000,904.6000000000,1,,1,906.3500000000,912.9000000000,6.5500000000,932.5500000000,paper_101/ablation/results/37692.out
p3_base_vanilla,288,37692,905.4000000000,905.4000000000,1,,1,906.3500000000,912.9000000000,6.5500000000,932.5500000000,paper_101/ablation/results/37692.out
p3_base_vanilla,289,37692,904.5000000000,904.5000000000,1,,1,906.3500000000,912.9000000000,6.5500000000,932.5500000000,paper_101/ablation/results/37692.out
p3_base_vanilla,290,37692,904.8000000000,904.8000000000,1,,1,906.3500000000,912.9000000000,6.5500000000,932.5500000000,paper_101/ablation/results/37692.out
p3_base_vanilla,291,37692,906.2000000000,906.2000000000,1,,1,906.3500000000,912.9000000000,6.5500000000,932.5500000000,paper_101/ablation/results/37692.out
p3_base_vanilla,292,37692,906.0000000000,906.0000000000,1,,1,906.3500000000,912.9000000000,6.5500000000,932.5500000000,paper_101/ablation/results/37692.out
p3_base_vanilla,293,37692,906.3000000000,906.3000000000,1,,1,906.3500000000,912.9000000000,6.5500000000,932.5500000000,paper_101/ablation/results/37692.out
p3_base_vanilla,294,37692,907.5000000000,907.5000000000,1,,1,906.3500000000,912.9000000000,6.5500000000,932.5500000000,paper_101/ablation/results/37692.out
p3_base_vanilla,295,37692,905.0000000000,905.0000000000,1,,1,906.3500000000,912.9000000000,6.5500000000,932.5500000000,paper_101/ablation/results/37692.out
p3_base_vanilla,296,37692,912.4000000000,912.4000000000,1,,1,906.3500000000,912.9000000000,6.5500000000,932.5500000000,paper_101/ablation/results/37692.out
p3_base_vanilla,297,37692,930.2000000000,930.2000000000,1,,1,906.3500000000,912.9000000000,6.5500000000,932.5500000000,paper_101/ablation/results/37692.out
p3_base_vanilla,298,37692,922.6000000000,922.6000000000,1,,1,906.3500000000,912.9000000000,6.5500000000,932.5500000000,paper_101/ablation/results/37692.out
p3_base_vanilla,299,37692,904.4000000000,904.4000000000,1,,1,906.3500000000,912.9000000000,6.5500000000,932.5500000000,paper_101/ablation/results/37692.out
p3_base_vanilla,300,37692,905.0000000000,905.0000000000,1,,1,906.3500000000,912.9000000000,6.5500000000,932.5500000000,paper_101/ablation/results/37692.out
p3_logp_mofe_last_all_kan,1,37722,1078.3000000000,,0,segment_startup,1,1059.3500000000,1082.2000000000,22.8500000000,1150.7500000000,paper_101/ablation/results/37722.out
p3_logp_mofe_last_all_kan,2,37722,1080.6000000000,1080.6000000000,1,,1,1059.3500000000,1082.2000000000,22.8500000000,1150.7500000000,paper_101/ablation/results/37722.out
p3_logp_mofe_last_all_kan,3,37722,1081.5000000000,1081.5000000000,1,,1,1059.3500000000,1082.2000000000,22.8500000000,1150.7500000000,paper_101/ablation/results/37722.out
p3_logp_mofe_last_all_kan,4,37722,1081.2000000000,1081.2000000000,1,,1,1059.3500000000,1082.2000000000,22.8500000000,1150.7500000000,paper_101/ablation/results/37722.out
p3_logp_mofe_last_all_kan,5,37722,1081.1000000000,1081.1000000000,1,,1,1059.3500000000,1082.2000000000,22.8500000000,1150.7500000000,paper_101/ablation/results/37722.out
p3_logp_mofe_last_all_kan,6,37722,1082.7000000000,1082.7000000000,1,,1,1059.3500000000,1082.2000000000,22.8500000000,1150.7500000000,paper_101/ablation/results/37722.out
p3_logp_mofe_last_all_kan,7,37722,1082.1000000000,1082.1000000000,1,,1,1059.3500000000,1082.2000000000,22.8500000000,1150.7500000000,paper_101/ablation/results/37722.out
p3_logp_mofe_last_all_kan,8,37722,1082.7000000000,1082.7000000000,1,,1,1059.3500000000,1082.2000000000,22.8500000000,1150.7500000000,paper_101/ablation/results/37722.out
p3_logp_mofe_last_all_kan,9,37722,1082.0000000000,1082.0000000000,1,,1,1059.3500000000,1082.2000000000,22.8500000000,1150.7500000000,paper_101/ablation/results/37722.out
p3_logp_mofe_last_all_kan,10,37722,1082.9000000000,1082.9000000000,1,,1,1059.3500000000,1082.2000000000,22.8500000000,1150.7500000000,paper_101/ablation/results/37722.out
p3_logp_mofe_last_all_kan,11,37722,1083.6000000000,1083.6000000000,1,,1,1059.3500000000,1082.2000000000,22.8500000000,1150.7500000000,paper_101/ablation/results/37722.out
p3_logp_mofe_last_all_kan,12,37722,1082.7000000000,1082.7000000000,1,,1,1059.3500000000,1082.2000000000,22.8500000000,1150.7500000000,paper_101/ablation/results/37722.out
p3_logp_mofe_last_all_kan,13,37722,1083.2000000000,1083.2000000000,1,,1,1059.3500000000,1082.2000000000,22.8500000000,1150.7500000000,paper_101/ablation/results/37722.out
p3_logp_mofe_last_all_kan,14,37722,1081.1000000000,1081.1000000000,1,,1,1059.3500000000,1082.2000000000,22.8500000000,1150.7500000000,paper_101/ablation/results/37722.out
p3_logp_mofe_last_all_kan,15,37722,1083.0000000000,1083.0000000000,1,,1,1059.3500000000,1082.2000000000,22.8500000000,1150.7500000000,paper_101/ablation/results/37722.out
p3_logp_mofe_last_all_kan,16,37722,1082.7000000000,1082.7000000000,1,,1,1059.3500000000,1082.2000000000,22.8500000000,1150.7500000000,paper_101/ablation/results/37722.out
p3_logp_mofe_last_all_kan,17,37722,1082.0000000000,1082.0000000000,1,,1,1059.3500000000,1082.2000000000,22.8500000000,1150.7500000000,paper_101/ablation/results/37722.out
p3_logp_mofe_last_all_kan,18,37722,1081.4000000000,1081.4000000000,1,,1,1059.3500000000,1082.2000000000,22.8500000000,1150.7500000000,paper_101/ablation/results/37722.out
p3_logp_mofe_last_all_kan,19,37722,1080.9000000000,1080.9000000000,1,,1,1059.3500000000,1082.2000000000,22.8500000000,1150.7500000000,paper_101/ablation/results/37722.out
p3_logp_mofe_last_all_kan,20,37722,1082.1000000000,1082.1000000000,1,,1,1059.3500000000,1082.2000000000,22.8500000000,1150.7500000000,paper_101/ablation/results/37722.out
p3_logp_mofe_last_all_kan,21,37722,1082.3000000000,1082.3000000000,1,,1,1059.3500000000,1082.2000000000,22.8500000000,1150.7500000000,paper_101/ablation/results/37722.out
p3_logp_mofe_last_all_kan,22,37722,1084.1000000000,1084.1000000000,1,,1,1059.3500000000,1082.2000000000,22.8500000000,1150.7500000000,paper_101/ablation/results/37722.out
p3_logp_mofe_last_all_kan,23,37722,1082.9000000000,1082.9000000000,1,,1,1059.3500000000,1082.2000000000,22.8500000000,1150.7500000000,paper_101/ablation/results/37722.out
p3_logp_mofe_last_all_kan,24,37722,1083.3000000000,1083.3000000000,1,,1,1059.3500000000,1082.2000000000,22.8500000000,1150.7500000000,paper_101/ablation/results/37722.out
p3_logp_mofe_last_all_kan,25,37722,1083.4000000000,1083.4000000000,1,,1,1059.3500000000,1082.2000000000,22.8500000000,1150.7500000000,paper_101/ablation/results/37722.out
p3_logp_mofe_last_all_kan,26,37722,1083.9000000000,1083.9000000000,1,,1,1059.3500000000,1082.2000000000,22.8500000000,1150.7500000000,paper_101/ablation/results/37722.out
p3_logp_mofe_last_all_kan,27,37722,1082.5000000000,1082.5000000000,1,,1,1059.3500000000,1082.2000000000,22.8500000000,1150.7500000000,paper_101/ablation/results/37722.out
p3_logp_mofe_last_all_kan,28,37722,1082.9000000000,1082.9000000000,1,,1,1059.3500000000,1082.2000000000,22.8500000000,1150.7500000000,paper_101/ablation/results/37722.out
p3_logp_mofe_last_all_kan,29,37722,1084.1000000000,1084.1000000000,1,,1,1059.3500000000,1082.2000000000,22.8500000000,1150.7500000000,paper_101/ablation/results/37722.out
p3_logp_mofe_last_all_kan,30,37722,1083.2000000000,1083.2000000000,1,,1,1059.3500000000,1082.2000000000,22.8500000000,1150.7500000000,paper_101/ablation/results/37722.out
p3_logp_mofe_last_all_kan,31,37722,1082.3000000000,1082.3000000000,1,,1,1059.3500000000,1082.2000000000,22.8500000000,1150.7500000000,paper_101/ablation/results/37722.out
p3_logp_mofe_last_all_kan,32,37722,1085.7000000000,1085.7000000000,1,,1,1059.3500000000,1082.2000000000,22.8500000000,1150.7500000000,paper_101/ablation/results/37722.out
p3_logp_mofe_last_all_kan,33,37722,1087.7000000000,1087.7000000000,1,,1,1059.3500000000,1082.2000000000,22.8500000000,1150.7500000000,paper_101/ablation/results/37722.out
p3_logp_mofe_last_all_kan,34,37722,1094.0000000000,1094.0000000000,1,,1,1059.3500000000,1082.2000000000,22.8500000000,1150.7500000000,paper_101/ablation/results/37722.out
p3_logp_mofe_last_all_kan,35,37722,1102.9000000000,1102.9000000000,1,,1,1059.3500000000,1082.2000000000,22.8500000000,1150.7500000000,paper_101/ablation/results/37722.out
p3_logp_mofe_last_all_kan,36,37722,1124.7000000000,1124.7000000000,1,,1,1059.3500000000,1082.2000000000,22.8500000000,1150.7500000000,paper_101/ablation/results/37722.out
p3_logp_mofe_last_all_kan,37,37722,1128.8000000000,1128.8000000000,1,,1,1059.3500000000,1082.2000000000,22.8500000000,1150.7500000000,paper_101/ablation/results/37722.out
p3_logp_mofe_last_all_kan,38,37722,1099.6000000000,1099.6000000000,1,,1,1059.3500000000,1082.2000000000,22.8500000000,1150.7500000000,paper_101/ablation/results/37722.out
p3_logp_mofe_last_all_kan,39,37722,1080.8000000000,1080.8000000000,1,,1,1059.3500000000,1082.2000000000,22.8500000000,1150.7500000000,paper_101/ablation/results/37722.out
p3_logp_mofe_last_all_kan,40,37722,1081.6000000000,1081.6000000000,1,,1,1059.3500000000,1082.2000000000,22.8500000000,1150.7500000000,paper_101/ablation/results/37722.out
p3_logp_mofe_last_all_kan,41,37722,1081.0000000000,1081.0000000000,1,,1,1059.3500000000,1082.2000000000,22.8500000000,1150.7500000000,paper_101/ablation/results/37722.out
p3_logp_mofe_last_all_kan,42,37722,1081.4000000000,1081.4000000000,1,,1,1059.3500000000,1082.2000000000,22.8500000000,1150.7500000000,paper_101/ablation/results/37722.out
p3_logp_mofe_last_all_kan,43,37722,1080.5000000000,1080.5000000000,1,,1,1059.3500000000,1082.2000000000,22.8500000000,1150.7500000000,paper_101/ablation/results/37722.out
p3_logp_mofe_last_all_kan,44,37722,1080.0000000000,1080.0000000000,1,,1,1059.3500000000,1082.2000000000,22.8500000000,1150.7500000000,paper_101/ablation/results/37722.out
p3_logp_mofe_last_all_kan,45,37722,1082.1000000000,1082.1000000000,1,,1,1059.3500000000,1082.2000000000,22.8500000000,1150.7500000000,paper_101/ablation/results/37722.out
p3_logp_mofe_last_all_kan,46,37722,1081.9000000000,1081.9000000000,1,,1,1059.3500000000,1082.2000000000,22.8500000000,1150.7500000000,paper_101/ablation/results/37722.out
p3_logp_mofe_last_all_kan,47,37722,1081.0000000000,1081.0000000000,1,,1,1059.3500000000,1082.2000000000,22.8500000000,1150.7500000000,paper_101/ablation/results/37722.out
p3_logp_mofe_last_all_kan,48,37722,1080.5000000000,1080.5000000000,1,,1,1059.3500000000,1082.2000000000,22.8500000000,1150.7500000000,paper_101/ablation/results/37722.out
p3_logp_mofe_last_all_kan,49,37722,1081.2000000000,1081.2000000000,1,,1,1059.3500000000,1082.2000000000,22.8500000000,1150.7500000000,paper_101/ablation/results/37722.out
p3_logp_mofe_last_all_kan,50,37722,1082.1000000000,1082.1000000000,1,,1,1059.3500000000,1082.2000000000,22.8500000000,1150.7500000000,paper_101/ablation/results/37722.out
p3_logp_mofe_last_all_kan,51,37722,1095.6000000000,1095.6000000000,1,,1,1059.3500000000,1082.2000000000,22.8500000000,1150.7500000000,paper_101/ablation/results/37722.out
p3_logp_mofe_last_all_kan,52,37722,1082.2000000000,1082.2000000000,1,,1,1059.3500000000,1082.2000000000,22.8500000000,1150.7500000000,paper_101/ablation/results/37722.out
p3_logp_mofe_last_all_kan,53,37722,1081.5000000000,1081.5000000000,1,,1,1059.3500000000,1082.2000000000,22.8500000000,1150.7500000000,paper_101/ablation/results/37722.out
p3_logp_mofe_last_all_kan,54,37722,1081.3000000000,1081.3000000000,1,,1,1059.3500000000,1082.2000000000,22.8500000000,1150.7500000000,paper_101/ablation/results/37722.out
p3_logp_mofe_last_all_kan,55,37722,1082.2000000000,1082.2000000000,1,,1,1059.3500000000,1082.2000000000,22.8500000000,1150.7500000000,paper_101/ablation/results/37722.out
p3_logp_mofe_last_all_kan,56,37722,1082.0000000000,1082.0000000000,1,,1,1059.3500000000,1082.2000000000,22.8500000000,1150.7500000000,paper_101/ablation/results/37722.out
p3_logp_mofe_last_all_kan,57,37722,1082.9000000000,1082.9000000000,1,,1,1059.3500000000,1082.2000000000,22.8500000000,1150.7500000000,paper_101/ablation/results/37722.out
p3_logp_mofe_last_all_kan,58,37722,1081.2000000000,1081.2000000000,1,,1,1059.3500000000,1082.2000000000,22.8500000000,1150.7500000000,paper_101/ablation/results/37722.out
p3_logp_mofe_last_all_kan,59,37722,1081.9000000000,1081.9000000000,1,,1,1059.3500000000,1082.2000000000,22.8500000000,1150.7500000000,paper_101/ablation/results/37722.out
p3_logp_mofe_last_all_kan,60,37722,1082.7000000000,1082.7000000000,1,,1,1059.3500000000,1082.2000000000,22.8500000000,1150.7500000000,paper_101/ablation/results/37722.out
p3_logp_mofe_last_all_kan,61,37722,1084.1000000000,1084.1000000000,1,,1,1059.3500000000,1082.2000000000,22.8500000000,1150.7500000000,paper_101/ablation/results/37722.out
p3_logp_mofe_last_all_kan,62,37722,1083.5000000000,1083.5000000000,1,,1,1059.3500000000,1082.2000000000,22.8500000000,1150.7500000000,paper_101/ablation/results/37722.out
p3_logp_mofe_last_all_kan,63,37722,1082.9000000000,1082.9000000000,1,,1,1059.3500000000,1082.2000000000,22.8500000000,1150.7500000000,paper_101/ablation/results/37722.out
p3_logp_mofe_last_all_kan,64,37722,1086.9000000000,1086.9000000000,1,,1,1059.3500000000,1082.2000000000,22.8500000000,1150.7500000000,paper_101/ablation/results/37722.out
p3_logp_mofe_last_all_kan,65,37722,1090.7000000000,1090.7000000000,1,,1,1059.3500000000,1082.2000000000,22.8500000000,1150.7500000000,paper_101/ablation/results/37722.out
p3_logp_mofe_last_all_kan,66,37722,1082.5000000000,1082.5000000000,1,,1,1059.3500000000,1082.2000000000,22.8500000000,1150.7500000000,paper_101/ablation/results/37722.out
p3_logp_mofe_last_all_kan,67,37722,1082.8000000000,1082.8000000000,1,,1,1059.3500000000,1082.2000000000,22.8500000000,1150.7500000000,paper_101/ablation/results/37722.out
p3_logp_mofe_last_all_kan,68,37722,1082.2000000000,1082.2000000000,1,,1,1059.3500000000,1082.2000000000,22.8500000000,1150.7500000000,paper_101/ablation/results/37722.out
p3_logp_mofe_last_all_kan,69,37722,1083.1000000000,1083.1000000000,1,,1,1059.3500000000,1082.2000000000,22.8500000000,1150.7500000000,paper_101/ablation/results/37722.out
p3_logp_mofe_last_all_kan,70,37722,1087.6000000000,1087.6000000000,1,,1,1059.3500000000,1082.2000000000,22.8500000000,1150.7500000000,paper_101/ablation/results/37722.out
p3_logp_mofe_last_all_kan,71,37722,1091.7000000000,1091.7000000000,1,,1,1059.3500000000,1082.2000000000,22.8500000000,1150.7500000000,paper_101/ablation/results/37722.out
p3_logp_mofe_last_all_kan,72,37722,1082.1000000000,1082.1000000000,1,,1,1059.3500000000,1082.2000000000,22.8500000000,1150.7500000000,paper_101/ablation/results/37722.out
p3_logp_mofe_last_all_kan,73,37722,1082.3000000000,1082.3000000000,1,,1,1059.3500000000,1082.2000000000,22.8500000000,1150.7500000000,paper_101/ablation/results/37722.out
p3_logp_mofe_last_all_kan,74,37722,1079.6000000000,1079.6000000000,1,,1,1059.3500000000,1082.2000000000,22.8500000000,1150.7500000000,paper_101/ablation/results/37722.out
p3_logp_mofe_last_all_kan,75,37722,1079.3000000000,1079.3000000000,1,,1,1059.3500000000,1082.2000000000,22.8500000000,1150.7500000000,paper_101/ablation/results/37722.out
p3_logp_mofe_last_all_kan,76,37722,1077.7000000000,1077.7000000000,1,,1,1059.3500000000,1082.2000000000,22.8500000000,1150.7500000000,paper_101/ablation/results/37722.out
p3_logp_mofe_last_all_kan,77,37722,1079.3000000000,1079.3000000000,1,,1,1059.3500000000,1082.2000000000,22.8500000000,1150.7500000000,paper_101/ablation/results/37722.out
p3_logp_mofe_last_all_kan,78,37722,1080.5000000000,1080.5000000000,1,,1,1059.3500000000,1082.2000000000,22.8500000000,1150.7500000000,paper_101/ablation/results/37722.out
p3_logp_mofe_last_all_kan,79,37722,1080.5000000000,1080.5000000000,1,,1,1059.3500000000,1082.2000000000,22.8500000000,1150.7500000000,paper_101/ablation/results/37722.out
p3_logp_mofe_last_all_kan,80,37722,1093.2000000000,1093.2000000000,1,,1,1059.3500000000,1082.2000000000,22.8500000000,1150.7500000000,paper_101/ablation/results/37722.out
p3_logp_mofe_last_all_kan,81,37722,1092.6000000000,1092.6000000000,1,,1,1059.3500000000,1082.2000000000,22.8500000000,1150.7500000000,paper_101/ablation/results/37722.out
p3_logp_mofe_last_all_kan,82,37722,1084.0000000000,1084.0000000000,1,,1,1059.3500000000,1082.2000000000,22.8500000000,1150.7500000000,paper_101/ablation/results/37722.out
p3_logp_mofe_last_all_kan,83,37722,1073.9000000000,1073.9000000000,1,,1,1059.3500000000,1082.2000000000,22.8500000000,1150.7500000000,paper_101/ablation/results/37722.out
p3_logp_mofe_last_all_kan,84,37722,1070.8000000000,1070.8000000000,1,,1,1059.3500000000,1082.2000000000,22.8500000000,1150.7500000000,paper_101/ablation/results/37722.out
p3_logp_mofe_last_all_kan,85,37722,1070.6000000000,1070.6000000000,1,,1,1059.3500000000,1082.2000000000,22.8500000000,1150.7500000000,paper_101/ablation/results/37722.out
p3_logp_mofe_last_all_kan,86,37722,1070.4000000000,1070.4000000000,1,,1,1059.3500000000,1082.2000000000,22.8500000000,1150.7500000000,paper_101/ablation/results/37722.out
p3_logp_mofe_last_all_kan,87,37722,1070.2000000000,1070.2000000000,1,,1,1059.3500000000,1082.2000000000,22.8500000000,1150.7500000000,paper_101/ablation/results/37722.out
p3_logp_mofe_last_all_kan,88,37722,1068.1000000000,1068.1000000000,1,,1,1059.3500000000,1082.2000000000,22.8500000000,1150.7500000000,paper_101/ablation/results/37722.out
p3_logp_mofe_last_all_kan,89,37722,1064.5000000000,1064.5000000000,1,,1,1059.3500000000,1082.2000000000,22.8500000000,1150.7500000000,paper_101/ablation/results/37722.out
p3_logp_mofe_last_all_kan,90,37722,1064.0000000000,1064.0000000000,1,,1,1059.3500000000,1082.2000000000,22.8500000000,1150.7500000000,paper_101/ablation/results/37722.out
p3_logp_mofe_last_all_kan,91,37722,1065.8000000000,1065.8000000000,1,,1,1059.3500000000,1082.2000000000,22.8500000000,1150.7500000000,paper_101/ablation/results/37722.out
p3_logp_mofe_last_all_kan,92,37722,1070.2000000000,1070.2000000000,1,,1,1059.3500000000,1082.2000000000,22.8500000000,1150.7500000000,paper_101/ablation/results/37722.out
p3_logp_mofe_last_all_kan,93,37722,1090.0000000000,1090.0000000000,1,,1,1059.3500000000,1082.2000000000,22.8500000000,1150.7500000000,paper_101/ablation/results/37722.out
p3_logp_mofe_last_all_kan,94,37722,1146.4000000000,1146.4000000000,1,,1,1059.3500000000,1082.2000000000,22.8500000000,1150.7500000000,paper_101/ablation/results/37722.out
p3_logp_mofe_last_all_kan,95,37722,1072.3000000000,1072.3000000000,1,,1,1059.3500000000,1082.2000000000,22.8500000000,1150.7500000000,paper_101/ablation/results/37722.out
p3_logp_mofe_last_all_kan,96,37722,1073.0000000000,1073.0000000000,1,,1,1059.3500000000,1082.2000000000,22.8500000000,1150.7500000000,paper_101/ablation/results/37722.out
p3_logp_mofe_last_all_kan,97,37722,1071.7000000000,1071.7000000000,1,,1,1059.3500000000,1082.2000000000,22.8500000000,1150.7500000000,paper_101/ablation/results/37722.out
p3_logp_mofe_last_all_kan,98,37722,1070.0000000000,1070.0000000000,1,,1,1059.3500000000,1082.2000000000,22.8500000000,1150.7500000000,paper_101/ablation/results/37722.out
p3_logp_mofe_last_all_kan,99,37722,1070.1000000000,1070.1000000000,1,,1,1059.3500000000,1082.2000000000,22.8500000000,1150.7500000000,paper_101/ablation/results/37722.out
p3_logp_mofe_last_all_kan,100,37722,1071.8000000000,1071.8000000000,1,,1,1059.3500000000,1082.2000000000,22.8500000000,1150.7500000000,paper_101/ablation/results/37722.out
p3_logp_mofe_last_all_kan,101,37722,1071.2000000000,1071.2000000000,1,,1,1059.3500000000,1082.2000000000,22.8500000000,1150.7500000000,paper_101/ablation/results/37722.out
p3_logp_mofe_last_all_kan,102,37722,1070.7000000000,1070.7000000000,1,,1,1059.3500000000,1082.2000000000,22.8500000000,1150.7500000000,paper_101/ablation/results/37722.out
p3_logp_mofe_last_all_kan,103,37722,1070.9000000000,1070.9000000000,1,,1,1059.3500000000,1082.2000000000,22.8500000000,1150.7500000000,paper_101/ablation/results/37722.out
p3_logp_mofe_last_all_kan,104,37722,1071.4000000000,1071.4000000000,1,,1,1059.3500000000,1082.2000000000,22.8500000000,1150.7500000000,paper_101/ablation/results/37722.out
p3_logp_mofe_last_all_kan,105,37722,1070.7000000000,1070.7000000000,1,,1,1059.3500000000,1082.2000000000,22.8500000000,1150.7500000000,paper_101/ablation/results/37722.out
p3_logp_mofe_last_all_kan,106,37722,1073.9000000000,1073.9000000000,1,,1,1059.3500000000,1082.2000000000,22.8500000000,1150.7500000000,paper_101/ablation/results/37722.out
p3_logp_mofe_last_all_kan,107,37722,1070.2000000000,1070.2000000000,1,,1,1059.3500000000,1082.2000000000,22.8500000000,1150.7500000000,paper_101/ablation/results/37722.out
p3_logp_mofe_last_all_kan,108,37722,1070.2000000000,1070.2000000000,1,,1,1059.3500000000,1082.2000000000,22.8500000000,1150.7500000000,paper_101/ablation/results/37722.out
p3_logp_mofe_last_all_kan,109,37722,1071.8000000000,1071.8000000000,1,,1,1059.3500000000,1082.2000000000,22.8500000000,1150.7500000000,paper_101/ablation/results/37722.out
p3_logp_mofe_last_all_kan,110,37722,1068.0000000000,1068.0000000000,1,,1,1059.3500000000,1082.2000000000,22.8500000000,1150.7500000000,paper_101/ablation/results/37722.out
p3_logp_mofe_last_all_kan,111,37722,1066.1000000000,1066.1000000000,1,,1,1059.3500000000,1082.2000000000,22.8500000000,1150.7500000000,paper_101/ablation/results/37722.out
p3_logp_mofe_last_all_kan,112,37722,1066.4000000000,1066.4000000000,1,,1,1059.3500000000,1082.2000000000,22.8500000000,1150.7500000000,paper_101/ablation/results/37722.out
p3_logp_mofe_last_all_kan,113,37722,1067.0000000000,1067.0000000000,1,,1,1059.3500000000,1082.2000000000,22.8500000000,1150.7500000000,paper_101/ablation/results/37722.out
p3_logp_mofe_last_all_kan,114,37722,1070.1000000000,1070.1000000000,1,,1,1059.3500000000,1082.2000000000,22.8500000000,1150.7500000000,paper_101/ablation/results/37722.out
p3_logp_mofe_last_all_kan,115,37722,1069.5000000000,1069.5000000000,1,,1,1059.3500000000,1082.2000000000,22.8500000000,1150.7500000000,paper_101/ablation/results/37722.out
p3_logp_mofe_last_all_kan,116,37722,1069.6000000000,1069.6000000000,1,,1,1059.3500000000,1082.2000000000,22.8500000000,1150.7500000000,paper_101/ablation/results/37722.out
p3_logp_mofe_last_all_kan,117,37722,1067.5000000000,1067.5000000000,1,,1,1059.3500000000,1082.2000000000,22.8500000000,1150.7500000000,paper_101/ablation/results/37722.out
p3_logp_mofe_last_all_kan,118,37722,1067.8000000000,1067.8000000000,1,,1,1059.3500000000,1082.2000000000,22.8500000000,1150.7500000000,paper_101/ablation/results/37722.out
p3_logp_mofe_last_all_kan,119,37722,1064.2000000000,1064.2000000000,1,,1,1059.3500000000,1082.2000000000,22.8500000000,1150.7500000000,paper_101/ablation/results/37722.out
p3_logp_mofe_last_all_kan,120,37722,1060.7000000000,1060.7000000000,1,,1,1059.3500000000,1082.2000000000,22.8500000000,1150.7500000000,paper_101/ablation/results/37722.out
p3_logp_mofe_last_all_kan,121,37722,1061.2000000000,1061.2000000000,1,,1,1059.3500000000,1082.2000000000,22.8500000000,1150.7500000000,paper_101/ablation/results/37722.out
p3_logp_mofe_last_all_kan,122,37722,1062.6000000000,1062.6000000000,1,,1,1059.3500000000,1082.2000000000,22.8500000000,1150.7500000000,paper_101/ablation/results/37722.out
p3_logp_mofe_last_all_kan,123,37722,1061.1000000000,1061.1000000000,1,,1,1059.3500000000,1082.2000000000,22.8500000000,1150.7500000000,paper_101/ablation/results/37722.out
p3_logp_mofe_last_all_kan,124,37722,1082.8000000000,1082.8000000000,1,,1,1059.3500000000,1082.2000000000,22.8500000000,1150.7500000000,paper_101/ablation/results/37722.out
p3_logp_mofe_last_all_kan,125,37722,1098.3000000000,1098.3000000000,1,,1,1059.3500000000,1082.2000000000,22.8500000000,1150.7500000000,paper_101/ablation/results/37722.out
p3_logp_mofe_last_all_kan,126,37722,1074.0000000000,1074.0000000000,1,,1,1059.3500000000,1082.2000000000,22.8500000000,1150.7500000000,paper_101/ablation/results/37722.out
p3_logp_mofe_last_all_kan,127,37722,1060.3000000000,1060.3000000000,1,,1,1059.3500000000,1082.2000000000,22.8500000000,1150.7500000000,paper_101/ablation/results/37722.out
p3_logp_mofe_last_all_kan,128,37722,1057.9000000000,1057.9000000000,1,,1,1059.3500000000,1082.2000000000,22.8500000000,1150.7500000000,paper_101/ablation/results/37722.out
p3_logp_mofe_last_all_kan,129,37722,1058.3000000000,1058.3000000000,1,,1,1059.3500000000,1082.2000000000,22.8500000000,1150.7500000000,paper_101/ablation/results/37722.out
p3_logp_mofe_last_all_kan,130,37722,1059.2000000000,1059.2000000000,1,,1,1059.3500000000,1082.2000000000,22.8500000000,1150.7500000000,paper_101/ablation/results/37722.out
p3_logp_mofe_last_all_kan,131,37722,1057.7000000000,1057.7000000000,1,,1,1059.3500000000,1082.2000000000,22.8500000000,1150.7500000000,paper_101/ablation/results/37722.out
p3_logp_mofe_last_all_kan,132,37722,1058.1000000000,1058.1000000000,1,,1,1059.3500000000,1082.2000000000,22.8500000000,1150.7500000000,paper_101/ablation/results/37722.out
p3_logp_mofe_last_all_kan,133,37722,1077.8000000000,1077.8000000000,1,,1,1059.3500000000,1082.2000000000,22.8500000000,1150.7500000000,paper_101/ablation/results/37722.out
p3_logp_mofe_last_all_kan,134,37722,1079.1000000000,1079.1000000000,1,,1,1059.3500000000,1082.2000000000,22.8500000000,1150.7500000000,paper_101/ablation/results/37722.out
p3_logp_mofe_last_all_kan,135,37722,1080.2000000000,1080.2000000000,1,,1,1059.3500000000,1082.2000000000,22.8500000000,1150.7500000000,paper_101/ablation/results/37722.out
p3_logp_mofe_last_all_kan,136,37722,1080.0000000000,1080.0000000000,1,,1,1059.3500000000,1082.2000000000,22.8500000000,1150.7500000000,paper_101/ablation/results/37722.out
p3_logp_mofe_last_all_kan,137,37722,1080.1000000000,1080.1000000000,1,,1,1059.3500000000,1082.2000000000,22.8500000000,1150.7500000000,paper_101/ablation/results/37722.out
p3_logp_mofe_last_all_kan,138,37722,1080.7000000000,1080.7000000000,1,,1,1059.3500000000,1082.2000000000,22.8500000000,1150.7500000000,paper_101/ablation/results/37722.out
p3_logp_mofe_last_all_kan,139,37722,1066.4000000000,1066.4000000000,1,,1,1059.3500000000,1082.2000000000,22.8500000000,1150.7500000000,paper_101/ablation/results/37722.out
p3_logp_mofe_last_all_kan,140,37722,1058.5000000000,1058.5000000000,1,,1,1059.3500000000,1082.2000000000,22.8500000000,1150.7500000000,paper_101/ablation/results/37722.out
p3_logp_mofe_last_all_kan,141,37722,1058.8000000000,1058.8000000000,1,,1,1059.3500000000,1082.2000000000,22.8500000000,1150.7500000000,paper_101/ablation/results/37722.out
p3_logp_mofe_last_all_kan,142,37722,1057.6000000000,1057.6000000000,1,,1,1059.3500000000,1082.2000000000,22.8500000000,1150.7500000000,paper_101/ablation/results/37722.out
p3_logp_mofe_last_all_kan,143,37722,1059.7000000000,1059.7000000000,1,,1,1059.3500000000,1082.2000000000,22.8500000000,1150.7500000000,paper_101/ablation/results/37722.out
p3_logp_mofe_last_all_kan,144,37722,1058.8000000000,1058.8000000000,1,,1,1059.3500000000,1082.2000000000,22.8500000000,1150.7500000000,paper_101/ablation/results/37722.out
p3_logp_mofe_last_all_kan,145,37722,1060.4000000000,1060.4000000000,1,,1,1059.3500000000,1082.2000000000,22.8500000000,1150.7500000000,paper_101/ablation/results/37722.out
p3_logp_mofe_last_all_kan,146,37722,1058.5000000000,1058.5000000000,1,,1,1059.3500000000,1082.2000000000,22.8500000000,1150.7500000000,paper_101/ablation/results/37722.out
p3_logp_mofe_last_all_kan,147,37722,1058.5000000000,1058.5000000000,1,,1,1059.3500000000,1082.2000000000,22.8500000000,1150.7500000000,paper_101/ablation/results/37722.out
p3_logp_mofe_last_all_kan,148,37722,1059.1000000000,1059.1000000000,1,,1,1059.3500000000,1082.2000000000,22.8500000000,1150.7500000000,paper_101/ablation/results/37722.out
p3_logp_mofe_last_all_kan,149,37722,1060.9000000000,1060.9000000000,1,,1,1059.3500000000,1082.2000000000,22.8500000000,1150.7500000000,paper_101/ablation/results/37722.out
p3_logp_mofe_last_all_kan,150,37722,1060.1000000000,1060.1000000000,1,,1,1059.3500000000,1082.2000000000,22.8500000000,1150.7500000000,paper_101/ablation/results/37722.out
p3_logp_mofe_last_all_kan,151,37722,1059.3000000000,1059.3000000000,1,,1,1059.3500000000,1082.2000000000,22.8500000000,1150.7500000000,paper_101/ablation/results/37722.out
p3_logp_mofe_last_all_kan,152,37722,1059.5000000000,1059.5000000000,1,,1,1059.3500000000,1082.2000000000,22.8500000000,1150.7500000000,paper_101/ablation/results/37722.out
p3_logp_mofe_last_all_kan,153,37722,1061.7000000000,1061.7000000000,1,,1,1059.3500000000,1082.2000000000,22.8500000000,1150.7500000000,paper_101/ablation/results/37722.out
p3_logp_mofe_last_all_kan,154,37722,1059.4000000000,1059.4000000000,1,,1,1059.3500000000,1082.2000000000,22.8500000000,1150.7500000000,paper_101/ablation/results/37722.out
p3_logp_mofe_last_all_kan,155,37722,1059.3000000000,1059.3000000000,1,,1,1059.3500000000,1082.2000000000,22.8500000000,1150.7500000000,paper_101/ablation/results/37722.out
p3_logp_mofe_last_all_kan,156,37722,1060.3000000000,1060.3000000000,1,,1,1059.3500000000,1082.2000000000,22.8500000000,1150.7500000000,paper_101/ablation/results/37722.out
p3_logp_mofe_last_all_kan,157,37722,1059.3000000000,1059.3000000000,1,,1,1059.3500000000,1082.2000000000,22.8500000000,1150.7500000000,paper_101/ablation/results/37722.out
p3_logp_mofe_last_all_kan,158,37722,1059.7000000000,1059.7000000000,1,,1,1059.3500000000,1082.2000000000,22.8500000000,1150.7500000000,paper_101/ablation/results/37722.out
p3_logp_mofe_last_all_kan,159,37722,1062.7000000000,1062.7000000000,1,,1,1059.3500000000,1082.2000000000,22.8500000000,1150.7500000000,paper_101/ablation/results/37722.out
p3_logp_mofe_last_all_kan,160,37722,1061.0000000000,1061.0000000000,1,,1,1059.3500000000,1082.2000000000,22.8500000000,1150.7500000000,paper_101/ablation/results/37722.out
p3_logp_mofe_last_all_kan,161,37722,1061.9000000000,1061.9000000000,1,,1,1059.3500000000,1082.2000000000,22.8500000000,1150.7500000000,paper_101/ablation/results/37722.out
p3_logp_mofe_last_all_kan,162,37722,1061.6000000000,1061.6000000000,1,,1,1059.3500000000,1082.2000000000,22.8500000000,1150.7500000000,paper_101/ablation/results/37722.out
p3_logp_mofe_last_all_kan,163,37722,1060.5000000000,1060.5000000000,1,,1,1059.3500000000,1082.2000000000,22.8500000000,1150.7500000000,paper_101/ablation/results/37722.out
p3_logp_mofe_last_all_kan,164,37722,1061.0000000000,1061.0000000000,1,,1,1059.3500000000,1082.2000000000,22.8500000000,1150.7500000000,paper_101/ablation/results/37722.out
p3_logp_mofe_last_all_kan,165,37722,1061.8000000000,1061.8000000000,1,,1,1059.3500000000,1082.2000000000,22.8500000000,1150.7500000000,paper_101/ablation/results/37722.out
p3_logp_mofe_last_all_kan,166,37722,1059.9000000000,1059.9000000000,1,,1,1059.3500000000,1082.2000000000,22.8500000000,1150.7500000000,paper_101/ablation/results/37722.out
p3_logp_mofe_last_all_kan,167,37722,1060.5000000000,1060.5000000000,1,,1,1059.3500000000,1082.2000000000,22.8500000000,1150.7500000000,paper_101/ablation/results/37722.out
p3_logp_mofe_last_all_kan,168,37722,1060.6000000000,1060.6000000000,1,,1,1059.3500000000,1082.2000000000,22.8500000000,1150.7500000000,paper_101/ablation/results/37722.out
p3_logp_mofe_last_all_kan,169,37722,1062.5000000000,1062.5000000000,1,,1,1059.3500000000,1082.2000000000,22.8500000000,1150.7500000000,paper_101/ablation/results/37722.out
p3_logp_mofe_last_all_kan,170,37722,1062.6000000000,1062.6000000000,1,,1,1059.3500000000,1082.2000000000,22.8500000000,1150.7500000000,paper_101/ablation/results/37722.out
p3_logp_mofe_last_all_kan,171,37722,1064.1000000000,1064.1000000000,1,,1,1059.3500000000,1082.2000000000,22.8500000000,1150.7500000000,paper_101/ablation/results/37722.out
p3_logp_mofe_last_all_kan,172,37722,1063.7000000000,1063.7000000000,1,,1,1059.3500000000,1082.2000000000,22.8500000000,1150.7500000000,paper_101/ablation/results/37722.out
p3_logp_mofe_last_all_kan,173,37722,1064.0000000000,1064.0000000000,1,,1,1059.3500000000,1082.2000000000,22.8500000000,1150.7500000000,paper_101/ablation/results/37722.out
p3_logp_mofe_last_all_kan,174,37722,1064.4000000000,1064.4000000000,1,,1,1059.3500000000,1082.2000000000,22.8500000000,1150.7500000000,paper_101/ablation/results/37722.out
p3_logp_mofe_last_all_kan,175,37722,1064.3000000000,1064.3000000000,1,,1,1059.3500000000,1082.2000000000,22.8500000000,1150.7500000000,paper_101/ablation/results/37722.out
p3_logp_mofe_last_all_kan,176,37722,1062.0000000000,1062.0000000000,1,,1,1059.3500000000,1082.2000000000,22.8500000000,1150.7500000000,paper_101/ablation/results/37722.out
p3_logp_mofe_last_all_kan,177,37722,1061.6000000000,1061.6000000000,1,,1,1059.3500000000,1082.2000000000,22.8500000000,1150.7500000000,paper_101/ablation/results/37722.out
p3_logp_mofe_last_all_kan,178,37722,1061.0000000000,1061.0000000000,1,,1,1059.3500000000,1082.2000000000,22.8500000000,1150.7500000000,paper_101/ablation/results/37722.out
p3_logp_mofe_last_all_kan,179,37722,1062.2000000000,1062.2000000000,1,,1,1059.3500000000,1082.2000000000,22.8500000000,1150.7500000000,paper_101/ablation/results/37722.out
p3_logp_mofe_last_all_kan,180,37722,1061.1000000000,1061.1000000000,1,,1,1059.3500000000,1082.2000000000,22.8500000000,1150.7500000000,paper_101/ablation/results/37722.out
p3_logp_mofe_last_all_kan,181,37722,1062.1000000000,1062.1000000000,1,,1,1059.3500000000,1082.2000000000,22.8500000000,1150.7500000000,paper_101/ablation/results/37722.out
p3_logp_mofe_last_all_kan,182,37722,1064.8000000000,1064.8000000000,1,,1,1059.3500000000,1082.2000000000,22.8500000000,1150.7500000000,paper_101/ablation/results/37722.out
p3_logp_mofe_last_all_kan,183,37722,1064.3000000000,1064.3000000000,1,,1,1059.3500000000,1082.2000000000,22.8500000000,1150.7500000000,paper_101/ablation/results/37722.out
p3_logp_mofe_last_all_kan,184,37722,1063.7000000000,1063.7000000000,1,,1,1059.3500000000,1082.2000000000,22.8500000000,1150.7500000000,paper_101/ablation/results/37722.out
p3_logp_mofe_last_all_kan,185,37722,1063.7000000000,1063.7000000000,1,,1,1059.3500000000,1082.2000000000,22.8500000000,1150.7500000000,paper_101/ablation/results/37722.out
p3_logp_mofe_last_all_kan,186,37722,1064.2000000000,1064.2000000000,1,,1,1059.3500000000,1082.2000000000,22.8500000000,1150.7500000000,paper_101/ablation/results/37722.out
p3_logp_mofe_last_all_kan,187,37722,1064.1000000000,1064.1000000000,1,,1,1059.3500000000,1082.2000000000,22.8500000000,1150.7500000000,paper_101/ablation/results/37722.out
p3_logp_mofe_last_all_kan,188,37722,1062.8000000000,1062.8000000000,1,,1,1059.3500000000,1082.2000000000,22.8500000000,1150.7500000000,paper_101/ablation/results/37722.out
p3_logp_mofe_last_all_kan,189,37722,1063.0000000000,1063.0000000000,1,,1,1059.3500000000,1082.2000000000,22.8500000000,1150.7500000000,paper_101/ablation/results/37722.out
p3_logp_mofe_last_all_kan,190,37722,1064.0000000000,1064.0000000000,1,,1,1059.3500000000,1082.2000000000,22.8500000000,1150.7500000000,paper_101/ablation/results/37722.out
p3_logp_mofe_last_all_kan,191,37722,1062.5000000000,1062.5000000000,1,,1,1059.3500000000,1082.2000000000,22.8500000000,1150.7500000000,paper_101/ablation/results/37722.out
p3_logp_mofe_last_all_kan,192,37722,1062.9000000000,1062.9000000000,1,,1,1059.3500000000,1082.2000000000,22.8500000000,1150.7500000000,paper_101/ablation/results/37722.out
p3_logp_mofe_last_all_kan,193,37722,1063.1000000000,1063.1000000000,1,,1,1059.3500000000,1082.2000000000,22.8500000000,1150.7500000000,paper_101/ablation/results/37722.out
p3_logp_mofe_last_all_kan,194,37722,1060.4000000000,1060.4000000000,1,,1,1059.3500000000,1082.2000000000,22.8500000000,1150.7500000000,paper_101/ablation/results/37722.out
p3_logp_mofe_last_all_kan,195,37722,1058.9000000000,1058.9000000000,1,,1,1059.3500000000,1082.2000000000,22.8500000000,1150.7500000000,paper_101/ablation/results/37722.out
p3_logp_mofe_last_all_kan,196,37722,1059.1000000000,1059.1000000000,1,,1,1059.3500000000,1082.2000000000,22.8500000000,1150.7500000000,paper_101/ablation/results/37722.out
p3_logp_mofe_last_all_kan,197,37722,1059.2000000000,1059.2000000000,1,,1,1059.3500000000,1082.2000000000,22.8500000000,1150.7500000000,paper_101/ablation/results/37722.out
p3_logp_mofe_last_all_kan,198,37722,1058.9000000000,1058.9000000000,1,,1,1059.3500000000,1082.2000000000,22.8500000000,1150.7500000000,paper_101/ablation/results/37722.out
p3_logp_mofe_last_all_kan,199,37722,1058.4000000000,1058.4000000000,1,,1,1059.3500000000,1082.2000000000,22.8500000000,1150.7500000000,paper_101/ablation/results/37722.out
p3_logp_mofe_last_all_kan,200,37722,1059.5000000000,1059.5000000000,1,,1,1059.3500000000,1082.2000000000,22.8500000000,1150.7500000000,paper_101/ablation/results/37722.out
p3_logp_mofe_last_all_kan,201,37722,1061.6000000000,1061.6000000000,1,,1,1059.3500000000,1082.2000000000,22.8500000000,1150.7500000000,paper_101/ablation/results/37722.out
p3_logp_mofe_last_all_kan,202,37722,1062.3000000000,1062.3000000000,1,,1,1059.3500000000,1082.2000000000,22.8500000000,1150.7500000000,paper_101/ablation/results/37722.out
p3_logp_mofe_last_all_kan,203,37722,1061.5000000000,1061.5000000000,1,,1,1059.3500000000,1082.2000000000,22.8500000000,1150.7500000000,paper_101/ablation/results/37722.out
p3_logp_mofe_last_all_kan,204,37722,1062.3000000000,1062.3000000000,1,,1,1059.3500000000,1082.2000000000,22.8500000000,1150.7500000000,paper_101/ablation/results/37722.out
p3_logp_mofe_last_all_kan,205,37722,1060.8000000000,1060.8000000000,1,,1,1059.3500000000,1082.2000000000,22.8500000000,1150.7500000000,paper_101/ablation/results/37722.out
p3_logp_mofe_last_all_kan,206,37722,1060.4000000000,1060.4000000000,1,,1,1059.3500000000,1082.2000000000,22.8500000000,1150.7500000000,paper_101/ablation/results/37722.out
p3_logp_mofe_last_all_kan,207,37722,1061.6000000000,1061.6000000000,1,,1,1059.3500000000,1082.2000000000,22.8500000000,1150.7500000000,paper_101/ablation/results/37722.out
p3_logp_mofe_last_all_kan,208,37722,1061.9000000000,1061.9000000000,1,,1,1059.3500000000,1082.2000000000,22.8500000000,1150.7500000000,paper_101/ablation/results/37722.out
p3_logp_mofe_last_all_kan,209,37722,1061.0000000000,1061.0000000000,1,,1,1059.3500000000,1082.2000000000,22.8500000000,1150.7500000000,paper_101/ablation/results/37722.out
p3_logp_mofe_last_all_kan,210,37722,1060.8000000000,1060.8000000000,1,,1,1059.3500000000,1082.2000000000,22.8500000000,1150.7500000000,paper_101/ablation/results/37722.out
p3_logp_mofe_last_all_kan,211,37722,1060.7000000000,1060.7000000000,1,,1,1059.3500000000,1082.2000000000,22.8500000000,1150.7500000000,paper_101/ablation/results/37722.out
p3_logp_mofe_last_all_kan,212,37722,1059.4000000000,1059.4000000000,1,,1,1059.3500000000,1082.2000000000,22.8500000000,1150.7500000000,paper_101/ablation/results/37722.out
p3_logp_mofe_last_all_kan,213,37722,1060.6000000000,1060.6000000000,1,,1,1059.3500000000,1082.2000000000,22.8500000000,1150.7500000000,paper_101/ablation/results/37722.out
p3_logp_mofe_last_all_kan,214,37722,1058.4000000000,1058.4000000000,1,,1,1059.3500000000,1082.2000000000,22.8500000000,1150.7500000000,paper_101/ablation/results/37722.out
p3_logp_mofe_last_all_kan,215,37722,1064.8000000000,1064.8000000000,1,,1,1059.3500000000,1082.2000000000,22.8500000000,1150.7500000000,paper_101/ablation/results/37722.out
p3_logp_mofe_last_all_kan,216,37722,1062.6000000000,1062.6000000000,1,,1,1059.3500000000,1082.2000000000,22.8500000000,1150.7500000000,paper_101/ablation/results/37722.out
p3_logp_mofe_last_all_kan,217,37722,1059.8000000000,1059.8000000000,1,,1,1059.3500000000,1082.2000000000,22.8500000000,1150.7500000000,paper_101/ablation/results/37722.out
p3_logp_mofe_last_all_kan,218,37722,1059.6000000000,1059.6000000000,1,,1,1059.3500000000,1082.2000000000,22.8500000000,1150.7500000000,paper_101/ablation/results/37722.out
p3_logp_mofe_last_all_kan,219,37722,1059.0000000000,1059.0000000000,1,,1,1059.3500000000,1082.2000000000,22.8500000000,1150.7500000000,paper_101/ablation/results/37722.out
p3_logp_mofe_last_all_kan,220,37722,1058.6000000000,1058.6000000000,1,,1,1059.3500000000,1082.2000000000,22.8500000000,1150.7500000000,paper_101/ablation/results/37722.out
p3_logp_mofe_last_all_kan,221,37722,1059.7000000000,1059.7000000000,1,,1,1059.3500000000,1082.2000000000,22.8500000000,1150.7500000000,paper_101/ablation/results/37722.out
p3_logp_mofe_last_all_kan,222,37722,1058.1000000000,1058.1000000000,1,,1,1059.3500000000,1082.2000000000,22.8500000000,1150.7500000000,paper_101/ablation/results/37722.out
p3_logp_mofe_last_all_kan,223,37722,1058.2000000000,1058.2000000000,1,,1,1059.3500000000,1082.2000000000,22.8500000000,1150.7500000000,paper_101/ablation/results/37722.out
p3_logp_mofe_last_all_kan,224,37722,1058.2000000000,1058.2000000000,1,,1,1059.3500000000,1082.2000000000,22.8500000000,1150.7500000000,paper_101/ablation/results/37722.out
p3_logp_mofe_last_all_kan,225,37722,1058.9000000000,1058.9000000000,1,,1,1059.3500000000,1082.2000000000,22.8500000000,1150.7500000000,paper_101/ablation/results/37722.out
p3_logp_mofe_last_all_kan,226,37722,1057.3000000000,1057.3000000000,1,,1,1059.3500000000,1082.2000000000,22.8500000000,1150.7500000000,paper_101/ablation/results/37722.out
p3_logp_mofe_last_all_kan,227,37722,1056.8000000000,1056.8000000000,1,,1,1059.3500000000,1082.2000000000,22.8500000000,1150.7500000000,paper_101/ablation/results/37722.out
p3_logp_mofe_last_all_kan,228,37722,1056.9000000000,1056.9000000000,1,,1,1059.3500000000,1082.2000000000,22.8500000000,1150.7500000000,paper_101/ablation/results/37722.out
p3_logp_mofe_last_all_kan,229,37722,1056.8000000000,1056.8000000000,1,,1,1059.3500000000,1082.2000000000,22.8500000000,1150.7500000000,paper_101/ablation/results/37722.out
p3_logp_mofe_last_all_kan,230,37722,1057.1000000000,1057.1000000000,1,,1,1059.3500000000,1082.2000000000,22.8500000000,1150.7500000000,paper_101/ablation/results/37722.out
p3_logp_mofe_last_all_kan,231,37722,1056.1000000000,1056.1000000000,1,,1,1059.3500000000,1082.2000000000,22.8500000000,1150.7500000000,paper_101/ablation/results/37722.out
p3_logp_mofe_last_all_kan,232,37722,1055.1000000000,1055.1000000000,1,,1,1059.3500000000,1082.2000000000,22.8500000000,1150.7500000000,paper_101/ablation/results/37722.out
p3_logp_mofe_last_all_kan,233,37722,1056.1000000000,1056.1000000000,1,,1,1059.3500000000,1082.2000000000,22.8500000000,1150.7500000000,paper_101/ablation/results/37722.out
p3_logp_mofe_last_all_kan,234,37722,1054.3000000000,1054.3000000000,1,,1,1059.3500000000,1082.2000000000,22.8500000000,1150.7500000000,paper_101/ablation/results/37722.out
p3_logp_mofe_last_all_kan,235,37722,1054.8000000000,1054.8000000000,1,,1,1059.3500000000,1082.2000000000,22.8500000000,1150.7500000000,paper_101/ablation/results/37722.out
p3_logp_mofe_last_all_kan,236,37722,1055.3000000000,1055.3000000000,1,,1,1059.3500000000,1082.2000000000,22.8500000000,1150.7500000000,paper_101/ablation/results/37722.out
p3_logp_mofe_last_all_kan,237,37722,1058.2000000000,1058.2000000000,1,,1,1059.3500000000,1082.2000000000,22.8500000000,1150.7500000000,paper_101/ablation/results/37722.out
p3_logp_mofe_last_all_kan,238,37722,1056.7000000000,1056.7000000000,1,,1,1059.3500000000,1082.2000000000,22.8500000000,1150.7500000000,paper_101/ablation/results/37722.out
p3_logp_mofe_last_all_kan,239,37722,1054.7000000000,1054.7000000000,1,,1,1059.3500000000,1082.2000000000,22.8500000000,1150.7500000000,paper_101/ablation/results/37722.out
p3_logp_mofe_last_all_kan,240,37722,1054.7000000000,1054.7000000000,1,,1,1059.3500000000,1082.2000000000,22.8500000000,1150.7500000000,paper_101/ablation/results/37722.out
p3_logp_mofe_last_all_kan,241,37722,1053.5000000000,1053.5000000000,1,,1,1059.3500000000,1082.2000000000,22.8500000000,1150.7500000000,paper_101/ablation/results/37722.out
p3_logp_mofe_last_all_kan,242,37722,1054.5000000000,1054.5000000000,1,,1,1059.3500000000,1082.2000000000,22.8500000000,1150.7500000000,paper_101/ablation/results/37722.out
p3_logp_mofe_last_all_kan,243,37722,1056.2000000000,1056.2000000000,1,,1,1059.3500000000,1082.2000000000,22.8500000000,1150.7500000000,paper_101/ablation/results/37722.out
p3_logp_mofe_last_all_kan,244,37722,1055.7000000000,1055.7000000000,1,,1,1059.3500000000,1082.2000000000,22.8500000000,1150.7500000000,paper_101/ablation/results/37722.out
p3_logp_mofe_last_all_kan,245,37722,1054.8000000000,1054.8000000000,1,,1,1059.3500000000,1082.2000000000,22.8500000000,1150.7500000000,paper_101/ablation/results/37722.out
p3_logp_mofe_last_all_kan,246,37722,1054.9000000000,1054.9000000000,1,,1,1059.3500000000,1082.2000000000,22.8500000000,1150.7500000000,paper_101/ablation/results/37722.out
p3_logp_mofe_last_all_kan,247,37722,1055.9000000000,1055.9000000000,1,,1,1059.3500000000,1082.2000000000,22.8500000000,1150.7500000000,paper_101/ablation/results/37722.out
p3_logp_mofe_last_all_kan,248,37722,1054.2000000000,1054.2000000000,1,,1,1059.3500000000,1082.2000000000,22.8500000000,1150.7500000000,paper_101/ablation/results/37722.out
p3_logp_mofe_last_all_kan,249,37722,1053.8000000000,1053.8000000000,1,,1,1059.3500000000,1082.2000000000,22.8500000000,1150.7500000000,paper_101/ablation/results/37722.out
p3_logp_mofe_last_all_kan,250,37722,1053.5000000000,1053.5000000000,1,,1,1059.3500000000,1082.2000000000,22.8500000000,1150.7500000000,paper_101/ablation/results/37722.out
p3_logp_mofe_last_all_kan,251,37722,1055.6000000000,1055.6000000000,1,,1,1059.3500000000,1082.2000000000,22.8500000000,1150.7500000000,paper_101/ablation/results/37722.out
p3_logp_mofe_last_all_kan,252,37722,1054.2000000000,1054.2000000000,1,,1,1059.3500000000,1082.2000000000,22.8500000000,1150.7500000000,paper_101/ablation/results/37722.out
p3_logp_mofe_last_all_kan,253,37722,1055.0000000000,1055.0000000000,1,,1,1059.3500000000,1082.2000000000,22.8500000000,1150.7500000000,paper_101/ablation/results/37722.out
p3_logp_mofe_last_all_kan,254,37722,1054.5000000000,1054.5000000000,1,,1,1059.3500000000,1082.2000000000,22.8500000000,1150.7500000000,paper_101/ablation/results/37722.out
p3_logp_mofe_last_all_kan,255,37722,1056.1000000000,1056.1000000000,1,,1,1059.3500000000,1082.2000000000,22.8500000000,1150.7500000000,paper_101/ablation/results/37722.out
p3_logp_mofe_last_all_kan,256,37722,1056.5000000000,1056.5000000000,1,,1,1059.3500000000,1082.2000000000,22.8500000000,1150.7500000000,paper_101/ablation/results/37722.out
p3_logp_mofe_last_all_kan,257,37722,1056.3000000000,1056.3000000000,1,,1,1059.3500000000,1082.2000000000,22.8500000000,1150.7500000000,paper_101/ablation/results/37722.out
p3_logp_mofe_last_all_kan,258,37722,1056.1000000000,1056.1000000000,1,,1,1059.3500000000,1082.2000000000,22.8500000000,1150.7500000000,paper_101/ablation/results/37722.out
p3_logp_mofe_last_all_kan,259,37722,1056.9000000000,1056.9000000000,1,,1,1059.3500000000,1082.2000000000,22.8500000000,1150.7500000000,paper_101/ablation/results/37722.out
p3_logp_mofe_last_all_kan,260,37722,1056.7000000000,1056.7000000000,1,,1,1059.3500000000,1082.2000000000,22.8500000000,1150.7500000000,paper_101/ablation/results/37722.out
p3_logp_mofe_last_all_kan,261,37722,1056.0000000000,1056.0000000000,1,,1,1059.3500000000,1082.2000000000,22.8500000000,1150.7500000000,paper_101/ablation/results/37722.out
p3_logp_mofe_last_all_kan,262,37722,1049.2000000000,1049.2000000000,1,,1,1059.3500000000,1082.2000000000,22.8500000000,1150.7500000000,paper_101/ablation/results/37722.out
p3_logp_mofe_last_all_kan,263,37722,1044.3000000000,1044.3000000000,1,,1,1059.3500000000,1082.2000000000,22.8500000000,1150.7500000000,paper_101/ablation/results/37722.out
p3_logp_mofe_last_all_kan,264,37722,1046.1000000000,1046.1000000000,1,,1,1059.3500000000,1082.2000000000,22.8500000000,1150.7500000000,paper_101/ablation/results/37722.out
p3_logp_mofe_last_all_kan,265,37722,1045.0000000000,1045.0000000000,1,,1,1059.3500000000,1082.2000000000,22.8500000000,1150.7500000000,paper_101/ablation/results/37722.out
p3_logp_mofe_last_all_kan,266,37722,1045.6000000000,1045.6000000000,1,,1,1059.3500000000,1082.2000000000,22.8500000000,1150.7500000000,paper_101/ablation/results/37722.out
p3_logp_mofe_last_all_kan,267,37722,1045.9000000000,1045.9000000000,1,,1,1059.3500000000,1082.2000000000,22.8500000000,1150.7500000000,paper_101/ablation/results/37722.out
p3_logp_mofe_last_all_kan,268,37722,1048.6000000000,1048.6000000000,1,,1,1059.3500000000,1082.2000000000,22.8500000000,1150.7500000000,paper_101/ablation/results/37722.out
p3_logp_mofe_last_all_kan,269,37722,1046.9000000000,1046.9000000000,1,,1,1059.3500000000,1082.2000000000,22.8500000000,1150.7500000000,paper_101/ablation/results/37722.out
p3_logp_mofe_last_all_kan,270,37722,1045.8000000000,1045.8000000000,1,,1,1059.3500000000,1082.2000000000,22.8500000000,1150.7500000000,paper_101/ablation/results/37722.out
p3_logp_mofe_last_all_kan,271,37722,1046.6000000000,1046.6000000000,1,,1,1059.3500000000,1082.2000000000,22.8500000000,1150.7500000000,paper_101/ablation/results/37722.out
p3_logp_mofe_last_all_kan,272,37722,1046.4000000000,1046.4000000000,1,,1,1059.3500000000,1082.2000000000,22.8500000000,1150.7500000000,paper_101/ablation/results/37722.out
p3_logp_mofe_last_all_kan,273,37722,1047.6000000000,1047.6000000000,1,,1,1059.3500000000,1082.2000000000,22.8500000000,1150.7500000000,paper_101/ablation/results/37722.out
p3_logp_mofe_last_all_kan,274,37722,1098.3000000000,1098.3000000000,1,,1,1059.3500000000,1082.2000000000,22.8500000000,1150.7500000000,paper_101/ablation/results/37722.out
p3_logp_mofe_last_all_kan,275,37722,1128.6000000000,1128.6000000000,1,,1,1059.3500000000,1082.2000000000,22.8500000000,1150.7500000000,paper_101/ablation/results/37722.out
p3_logp_mofe_last_all_kan,276,37722,1123.6000000000,1123.6000000000,1,,1,1059.3500000000,1082.2000000000,22.8500000000,1150.7500000000,paper_101/ablation/results/37722.out
p3_logp_mofe_last_all_kan,277,37722,1123.4000000000,1123.4000000000,1,,1,1059.3500000000,1082.2000000000,22.8500000000,1150.7500000000,paper_101/ablation/results/37722.out
p3_logp_mofe_last_all_kan,278,37722,1154.7000000000,,0,high_duration_outer_fence,1,1059.3500000000,1082.2000000000,22.8500000000,1150.7500000000,paper_101/ablation/results/37722.out
p3_logp_mofe_last_all_kan,279,37722,1338.5000000000,,0,high_duration_outer_fence,1,1059.3500000000,1082.2000000000,22.8500000000,1150.7500000000,paper_101/ablation/results/37722.out
p3_logp_mofe_last_all_kan,280,37722,1306.9000000000,,0,high_duration_outer_fence,1,1059.3500000000,1082.2000000000,22.8500000000,1150.7500000000,paper_101/ablation/results/37722.out
p3_logp_mofe_last_all_kan,281,37722,1301.3000000000,,0,high_duration_outer_fence,1,1059.3500000000,1082.2000000000,22.8500000000,1150.7500000000,paper_101/ablation/results/37722.out
p3_logp_mofe_last_all_kan,282,37722,1322.9000000000,,0,high_duration_outer_fence,1,1059.3500000000,1082.2000000000,22.8500000000,1150.7500000000,paper_101/ablation/results/37722.out
p3_logp_mofe_last_all_kan,283,37722,1308.4000000000,,0,high_duration_outer_fence,1,1059.3500000000,1082.2000000000,22.8500000000,1150.7500000000,paper_101/ablation/results/37722.out
p3_logp_mofe_last_all_kan,284,37722,1379.6000000000,,0,high_duration_outer_fence,1,1059.3500000000,1082.2000000000,22.8500000000,1150.7500000000,paper_101/ablation/results/37722.out
p3_logp_mofe_last_all_kan,285,37722,2077.7000000000,,0,high_duration_outer_fence,1,1059.3500000000,1082.2000000000,22.8500000000,1150.7500000000,paper_101/ablation/results/37722.out
p3_logp_mofe_last_all_kan,286,37722,2079.8000000000,,0,high_duration_outer_fence,1,1059.3500000000,1082.2000000000,22.8500000000,1150.7500000000,paper_101/ablation/results/37722.out
p3_logp_mofe_last_all_kan,287,37722,1583.4000000000,,0,high_duration_outer_fence,1,1059.3500000000,1082.2000000000,22.8500000000,1150.7500000000,paper_101/ablation/results/37722.out
p3_logp_mofe_last_all_kan,288,37722,1342.3000000000,,0,high_duration_outer_fence,1,1059.3500000000,1082.2000000000,22.8500000000,1150.7500000000,paper_101/ablation/results/37722.out
p3_logp_mofe_last_all_kan,289,37722,1298.7000000000,,0,high_duration_outer_fence,1,1059.3500000000,1082.2000000000,22.8500000000,1150.7500000000,paper_101/ablation/results/37722.out
p3_logp_mofe_last_all_kan,290,37722,1302.8000000000,,0,high_duration_outer_fence,1,1059.3500000000,1082.2000000000,22.8500000000,1150.7500000000,paper_101/ablation/results/37722.out
p3_logp_mofe_last_all_kan,291,37722,1309.2000000000,,0,high_duration_outer_fence,1,1059.3500000000,1082.2000000000,22.8500000000,1150.7500000000,paper_101/ablation/results/37722.out
p3_logp_mofe_last_all_kan,292,37722,1330.9000000000,,0,high_duration_outer_fence,1,1059.3500000000,1082.2000000000,22.8500000000,1150.7500000000,paper_101/ablation/results/37722.out
p3_logp_mofe_last_all_kan,293,37722,1309.4000000000,,0,high_duration_outer_fence,1,1059.3500000000,1082.2000000000,22.8500000000,1150.7500000000,paper_101/ablation/results/37722.out
p3_logp_mofe_last_all_kan,294,37722,1290.9000000000,,0,high_duration_outer_fence,1,1059.3500000000,1082.2000000000,22.8500000000,1150.7500000000,paper_101/ablation/results/37722.out
p3_logp_mofe_last_all_kan,295,37722,1300.1000000000,,0,high_duration_outer_fence,1,1059.3500000000,1082.2000000000,22.8500000000,1150.7500000000,paper_101/ablation/results/37722.out
p3_logp_mofe_last_all_kan,296,37722,1306.5000000000,,0,high_duration_outer_fence,1,1059.3500000000,1082.2000000000,22.8500000000,1150.7500000000,paper_101/ablation/results/37722.out
p3_logp_mofe_last_all_kan,297,37722,1283.5000000000,,0,high_duration_outer_fence,1,1059.3500000000,1082.2000000000,22.8500000000,1150.7500000000,paper_101/ablation/results/37722.out
p3_logp_mofe_last_all_kan,298,37722,1247.8000000000,,0,high_duration_outer_fence,1,1059.3500000000,1082.2000000000,22.8500000000,1150.7500000000,paper_101/ablation/results/37722.out
p3_logp_mofe_last_all_kan,299,37722,1261.5000000000,,0,high_duration_outer_fence,1,1059.3500000000,1082.2000000000,22.8500000000,1150.7500000000,paper_101/ablation/results/37722.out
p3_logp_mofe_last_all_kan,300,37722,1224.0000000000,,0,high_duration_outer_fence,1,1059.3500000000,1082.2000000000,22.8500000000,1150.7500000000,paper_101/ablation/results/37722.out
p3_logp_mofe_last_ffn,1,37696,942.4000000000,,0,segment_startup,1,949.1000000000,955.3500000000,6.2500000000,974.1000000000,paper_101/ablation/results/37696.out
p3_logp_mofe_last_ffn,2,37696,944.2000000000,944.2000000000,1,,1,949.1000000000,955.3500000000,6.2500000000,974.1000000000,paper_101/ablation/results/37696.out
p3_logp_mofe_last_ffn,3,37696,944.5000000000,944.5000000000,1,,1,949.1000000000,955.3500000000,6.2500000000,974.1000000000,paper_101/ablation/results/37696.out
p3_logp_mofe_last_ffn,4,37696,943.7000000000,943.7000000000,1,,1,949.1000000000,955.3500000000,6.2500000000,974.1000000000,paper_101/ablation/results/37696.out
p3_logp_mofe_last_ffn,5,37696,943.0000000000,943.0000000000,1,,1,949.1000000000,955.3500000000,6.2500000000,974.1000000000,paper_101/ablation/results/37696.out
p3_logp_mofe_last_ffn,6,37696,944.3000000000,944.3000000000,1,,1,949.1000000000,955.3500000000,6.2500000000,974.1000000000,paper_101/ablation/results/37696.out
p3_logp_mofe_last_ffn,7,37696,946.0000000000,946.0000000000,1,,1,949.1000000000,955.3500000000,6.2500000000,974.1000000000,paper_101/ablation/results/37696.out
p3_logp_mofe_last_ffn,8,37696,944.3000000000,944.3000000000,1,,1,949.1000000000,955.3500000000,6.2500000000,974.1000000000,paper_101/ablation/results/37696.out
p3_logp_mofe_last_ffn,9,37696,944.8000000000,944.8000000000,1,,1,949.1000000000,955.3500000000,6.2500000000,974.1000000000,paper_101/ablation/results/37696.out
p3_logp_mofe_last_ffn,10,37696,946.4000000000,946.4000000000,1,,1,949.1000000000,955.3500000000,6.2500000000,974.1000000000,paper_101/ablation/results/37696.out
p3_logp_mofe_last_ffn,11,37696,947.9000000000,947.9000000000,1,,1,949.1000000000,955.3500000000,6.2500000000,974.1000000000,paper_101/ablation/results/37696.out
p3_logp_mofe_last_ffn,12,37696,948.2000000000,948.2000000000,1,,1,949.1000000000,955.3500000000,6.2500000000,974.1000000000,paper_101/ablation/results/37696.out
p3_logp_mofe_last_ffn,13,37696,946.7000000000,946.7000000000,1,,1,949.1000000000,955.3500000000,6.2500000000,974.1000000000,paper_101/ablation/results/37696.out
p3_logp_mofe_last_ffn,14,37696,946.0000000000,946.0000000000,1,,1,949.1000000000,955.3500000000,6.2500000000,974.1000000000,paper_101/ablation/results/37696.out
p3_logp_mofe_last_ffn,15,37696,946.1000000000,946.1000000000,1,,1,949.1000000000,955.3500000000,6.2500000000,974.1000000000,paper_101/ablation/results/37696.out
p3_logp_mofe_last_ffn,16,37696,944.7000000000,944.7000000000,1,,1,949.1000000000,955.3500000000,6.2500000000,974.1000000000,paper_101/ablation/results/37696.out
p3_logp_mofe_last_ffn,17,37696,945.7000000000,945.7000000000,1,,1,949.1000000000,955.3500000000,6.2500000000,974.1000000000,paper_101/ablation/results/37696.out
p3_logp_mofe_last_ffn,18,37696,950.9000000000,950.9000000000,1,,1,949.1000000000,955.3500000000,6.2500000000,974.1000000000,paper_101/ablation/results/37696.out
p3_logp_mofe_last_ffn,19,37696,951.3000000000,951.3000000000,1,,1,949.1000000000,955.3500000000,6.2500000000,974.1000000000,paper_101/ablation/results/37696.out
p3_logp_mofe_last_ffn,20,37696,951.5000000000,951.5000000000,1,,1,949.1000000000,955.3500000000,6.2500000000,974.1000000000,paper_101/ablation/results/37696.out
p3_logp_mofe_last_ffn,21,37696,949.6000000000,949.6000000000,1,,1,949.1000000000,955.3500000000,6.2500000000,974.1000000000,paper_101/ablation/results/37696.out
p3_logp_mofe_last_ffn,22,37696,950.3000000000,950.3000000000,1,,1,949.1000000000,955.3500000000,6.2500000000,974.1000000000,paper_101/ablation/results/37696.out
p3_logp_mofe_last_ffn,23,37696,951.9000000000,951.9000000000,1,,1,949.1000000000,955.3500000000,6.2500000000,974.1000000000,paper_101/ablation/results/37696.out
p3_logp_mofe_last_ffn,24,37696,952.1000000000,952.1000000000,1,,1,949.1000000000,955.3500000000,6.2500000000,974.1000000000,paper_101/ablation/results/37696.out
p3_logp_mofe_last_ffn,25,37696,952.9000000000,952.9000000000,1,,1,949.1000000000,955.3500000000,6.2500000000,974.1000000000,paper_101/ablation/results/37696.out
p3_logp_mofe_last_ffn,26,37696,953.5000000000,953.5000000000,1,,1,949.1000000000,955.3500000000,6.2500000000,974.1000000000,paper_101/ablation/results/37696.out
p3_logp_mofe_last_ffn,27,37696,951.3000000000,951.3000000000,1,,1,949.1000000000,955.3500000000,6.2500000000,974.1000000000,paper_101/ablation/results/37696.out
p3_logp_mofe_last_ffn,28,37696,952.3000000000,952.3000000000,1,,1,949.1000000000,955.3500000000,6.2500000000,974.1000000000,paper_101/ablation/results/37696.out
p3_logp_mofe_last_ffn,29,37696,955.9000000000,955.9000000000,1,,1,949.1000000000,955.3500000000,6.2500000000,974.1000000000,paper_101/ablation/results/37696.out
p3_logp_mofe_last_ffn,30,37696,954.7000000000,954.7000000000,1,,1,949.1000000000,955.3500000000,6.2500000000,974.1000000000,paper_101/ablation/results/37696.out
p3_logp_mofe_last_ffn,31,37696,955.1000000000,955.1000000000,1,,1,949.1000000000,955.3500000000,6.2500000000,974.1000000000,paper_101/ablation/results/37696.out
p3_logp_mofe_last_ffn,32,37696,957.8000000000,957.8000000000,1,,1,949.1000000000,955.3500000000,6.2500000000,974.1000000000,paper_101/ablation/results/37696.out
p3_logp_mofe_last_ffn,33,37696,957.6000000000,957.6000000000,1,,1,949.1000000000,955.3500000000,6.2500000000,974.1000000000,paper_101/ablation/results/37696.out
p3_logp_mofe_last_ffn,34,37696,957.3000000000,957.3000000000,1,,1,949.1000000000,955.3500000000,6.2500000000,974.1000000000,paper_101/ablation/results/37696.out
p3_logp_mofe_last_ffn,35,37696,958.6000000000,958.6000000000,1,,1,949.1000000000,955.3500000000,6.2500000000,974.1000000000,paper_101/ablation/results/37696.out
p3_logp_mofe_last_ffn,36,37696,962.5000000000,962.5000000000,1,,1,949.1000000000,955.3500000000,6.2500000000,974.1000000000,paper_101/ablation/results/37696.out
p3_logp_mofe_last_ffn,37,37696,959.3000000000,959.3000000000,1,,1,949.1000000000,955.3500000000,6.2500000000,974.1000000000,paper_101/ablation/results/37696.out
p3_logp_mofe_last_ffn,38,37696,958.7000000000,958.7000000000,1,,1,949.1000000000,955.3500000000,6.2500000000,974.1000000000,paper_101/ablation/results/37696.out
p3_logp_mofe_last_ffn,39,37696,960.2000000000,960.2000000000,1,,1,949.1000000000,955.3500000000,6.2500000000,974.1000000000,paper_101/ablation/results/37696.out
p3_logp_mofe_last_ffn,40,37696,966.7000000000,966.7000000000,1,,1,949.1000000000,955.3500000000,6.2500000000,974.1000000000,paper_101/ablation/results/37696.out
p3_logp_mofe_last_ffn,41,37696,970.1000000000,970.1000000000,1,,1,949.1000000000,955.3500000000,6.2500000000,974.1000000000,paper_101/ablation/results/37696.out
p3_logp_mofe_last_ffn,42,37696,1009.1000000000,,0,high_duration_outer_fence,1,949.1000000000,955.3500000000,6.2500000000,974.1000000000,paper_101/ablation/results/37696.out
p3_logp_mofe_last_ffn,43,37696,1010.6000000000,,0,high_duration_outer_fence,1,949.1000000000,955.3500000000,6.2500000000,974.1000000000,paper_101/ablation/results/37696.out
p3_logp_mofe_last_ffn,44,37696,1037.9000000000,,0,high_duration_outer_fence,1,949.1000000000,955.3500000000,6.2500000000,974.1000000000,paper_101/ablation/results/37696.out
p3_logp_mofe_last_ffn,45,37696,972.2000000000,972.2000000000,1,,1,949.1000000000,955.3500000000,6.2500000000,974.1000000000,paper_101/ablation/results/37696.out
p3_logp_mofe_last_ffn,46,37696,974.5000000000,,0,high_duration_outer_fence,1,949.1000000000,955.3500000000,6.2500000000,974.1000000000,paper_101/ablation/results/37696.out
p3_logp_mofe_last_ffn,47,37696,955.1000000000,955.1000000000,1,,1,949.1000000000,955.3500000000,6.2500000000,974.1000000000,paper_101/ablation/results/37696.out
p3_logp_mofe_last_ffn,48,37696,957.0000000000,957.0000000000,1,,1,949.1000000000,955.3500000000,6.2500000000,974.1000000000,paper_101/ablation/results/37696.out
p3_logp_mofe_last_ffn,49,37696,955.4000000000,955.4000000000,1,,1,949.1000000000,955.3500000000,6.2500000000,974.1000000000,paper_101/ablation/results/37696.out
p3_logp_mofe_last_ffn,50,37696,957.0000000000,957.0000000000,1,,1,949.1000000000,955.3500000000,6.2500000000,974.1000000000,paper_101/ablation/results/37696.out
p3_logp_mofe_last_ffn,51,37696,955.4000000000,955.4000000000,1,,1,949.1000000000,955.3500000000,6.2500000000,974.1000000000,paper_101/ablation/results/37696.out
p3_logp_mofe_last_ffn,52,37696,959.0000000000,959.0000000000,1,,1,949.1000000000,955.3500000000,6.2500000000,974.1000000000,paper_101/ablation/results/37696.out
p3_logp_mofe_last_ffn,53,37696,958.6000000000,958.6000000000,1,,1,949.1000000000,955.3500000000,6.2500000000,974.1000000000,paper_101/ablation/results/37696.out
p3_logp_mofe_last_ffn,54,37696,956.8000000000,956.8000000000,1,,1,949.1000000000,955.3500000000,6.2500000000,974.1000000000,paper_101/ablation/results/37696.out
p3_logp_mofe_last_ffn,55,37696,958.5000000000,958.5000000000,1,,1,949.1000000000,955.3500000000,6.2500000000,974.1000000000,paper_101/ablation/results/37696.out
p3_logp_mofe_last_ffn,56,37696,957.3000000000,957.3000000000,1,,1,949.1000000000,955.3500000000,6.2500000000,974.1000000000,paper_101/ablation/results/37696.out
p3_logp_mofe_last_ffn,57,37696,957.9000000000,957.9000000000,1,,1,949.1000000000,955.3500000000,6.2500000000,974.1000000000,paper_101/ablation/results/37696.out
p3_logp_mofe_last_ffn,58,37696,956.3000000000,956.3000000000,1,,1,949.1000000000,955.3500000000,6.2500000000,974.1000000000,paper_101/ablation/results/37696.out
p3_logp_mofe_last_ffn,59,37696,955.6000000000,955.6000000000,1,,1,949.1000000000,955.3500000000,6.2500000000,974.1000000000,paper_101/ablation/results/37696.out
p3_logp_mofe_last_ffn,60,37696,955.7000000000,955.7000000000,1,,1,949.1000000000,955.3500000000,6.2500000000,974.1000000000,paper_101/ablation/results/37696.out
p3_logp_mofe_last_ffn,61,37696,957.0000000000,957.0000000000,1,,1,949.1000000000,955.3500000000,6.2500000000,974.1000000000,paper_101/ablation/results/37696.out
p3_logp_mofe_last_ffn,62,37696,968.0000000000,968.0000000000,1,,1,949.1000000000,955.3500000000,6.2500000000,974.1000000000,paper_101/ablation/results/37696.out
p3_logp_mofe_last_ffn,63,37696,969.5000000000,969.5000000000,1,,1,949.1000000000,955.3500000000,6.2500000000,974.1000000000,paper_101/ablation/results/37696.out
p3_logp_mofe_last_ffn,64,37696,969.0000000000,969.0000000000,1,,1,949.1000000000,955.3500000000,6.2500000000,974.1000000000,paper_101/ablation/results/37696.out
p3_logp_mofe_last_ffn,65,37696,967.8000000000,967.8000000000,1,,1,949.1000000000,955.3500000000,6.2500000000,974.1000000000,paper_101/ablation/results/37696.out
p3_logp_mofe_last_ffn,66,37696,968.7000000000,968.7000000000,1,,1,949.1000000000,955.3500000000,6.2500000000,974.1000000000,paper_101/ablation/results/37696.out
p3_logp_mofe_last_ffn,67,37696,968.6000000000,968.6000000000,1,,1,949.1000000000,955.3500000000,6.2500000000,974.1000000000,paper_101/ablation/results/37696.out
p3_logp_mofe_last_ffn,68,37696,967.8000000000,967.8000000000,1,,1,949.1000000000,955.3500000000,6.2500000000,974.1000000000,paper_101/ablation/results/37696.out
p3_logp_mofe_last_ffn,69,37696,968.4000000000,968.4000000000,1,,1,949.1000000000,955.3500000000,6.2500000000,974.1000000000,paper_101/ablation/results/37696.out
p3_logp_mofe_last_ffn,70,37696,965.9000000000,965.9000000000,1,,1,949.1000000000,955.3500000000,6.2500000000,974.1000000000,paper_101/ablation/results/37696.out
p3_logp_mofe_last_ffn,71,37696,966.8000000000,966.8000000000,1,,1,949.1000000000,955.3500000000,6.2500000000,974.1000000000,paper_101/ablation/results/37696.out
p3_logp_mofe_last_ffn,72,37696,966.9000000000,966.9000000000,1,,1,949.1000000000,955.3500000000,6.2500000000,974.1000000000,paper_101/ablation/results/37696.out
p3_logp_mofe_last_ffn,73,37696,966.4000000000,966.4000000000,1,,1,949.1000000000,955.3500000000,6.2500000000,974.1000000000,paper_101/ablation/results/37696.out
p3_logp_mofe_last_ffn,74,37696,963.3000000000,963.3000000000,1,,1,949.1000000000,955.3500000000,6.2500000000,974.1000000000,paper_101/ablation/results/37696.out
p3_logp_mofe_last_ffn,75,37696,962.4000000000,962.4000000000,1,,1,949.1000000000,955.3500000000,6.2500000000,974.1000000000,paper_101/ablation/results/37696.out
p3_logp_mofe_last_ffn,76,37696,961.8000000000,961.8000000000,1,,1,949.1000000000,955.3500000000,6.2500000000,974.1000000000,paper_101/ablation/results/37696.out
p3_logp_mofe_last_ffn,77,37696,962.6000000000,962.6000000000,1,,1,949.1000000000,955.3500000000,6.2500000000,974.1000000000,paper_101/ablation/results/37696.out
p3_logp_mofe_last_ffn,78,37696,961.3000000000,961.3000000000,1,,1,949.1000000000,955.3500000000,6.2500000000,974.1000000000,paper_101/ablation/results/37696.out
p3_logp_mofe_last_ffn,79,37696,961.4000000000,961.4000000000,1,,1,949.1000000000,955.3500000000,6.2500000000,974.1000000000,paper_101/ablation/results/37696.out
p3_logp_mofe_last_ffn,80,37696,963.4000000000,963.4000000000,1,,1,949.1000000000,955.3500000000,6.2500000000,974.1000000000,paper_101/ablation/results/37696.out
p3_logp_mofe_last_ffn,81,37696,957.1000000000,957.1000000000,1,,1,949.1000000000,955.3500000000,6.2500000000,974.1000000000,paper_101/ablation/results/37696.out
p3_logp_mofe_last_ffn,82,37696,957.9000000000,957.9000000000,1,,1,949.1000000000,955.3500000000,6.2500000000,974.1000000000,paper_101/ablation/results/37696.out
p3_logp_mofe_last_ffn,83,37696,953.8000000000,953.8000000000,1,,1,949.1000000000,955.3500000000,6.2500000000,974.1000000000,paper_101/ablation/results/37696.out
p3_logp_mofe_last_ffn,84,37696,953.2000000000,953.2000000000,1,,1,949.1000000000,955.3500000000,6.2500000000,974.1000000000,paper_101/ablation/results/37696.out
p3_logp_mofe_last_ffn,85,37696,952.6000000000,952.6000000000,1,,1,949.1000000000,955.3500000000,6.2500000000,974.1000000000,paper_101/ablation/results/37696.out
p3_logp_mofe_last_ffn,86,37696,952.5000000000,952.5000000000,1,,1,949.1000000000,955.3500000000,6.2500000000,974.1000000000,paper_101/ablation/results/37696.out
p3_logp_mofe_last_ffn,87,37696,956.8000000000,956.8000000000,1,,1,949.1000000000,955.3500000000,6.2500000000,974.1000000000,paper_101/ablation/results/37696.out
p3_logp_mofe_last_ffn,88,37696,961.6000000000,961.6000000000,1,,1,949.1000000000,955.3500000000,6.2500000000,974.1000000000,paper_101/ablation/results/37696.out
p3_logp_mofe_last_ffn,89,37696,957.5000000000,957.5000000000,1,,1,949.1000000000,955.3500000000,6.2500000000,974.1000000000,paper_101/ablation/results/37696.out
p3_logp_mofe_last_ffn,90,37696,953.6000000000,953.6000000000,1,,1,949.1000000000,955.3500000000,6.2500000000,974.1000000000,paper_101/ablation/results/37696.out
p3_logp_mofe_last_ffn,91,37696,959.4000000000,959.4000000000,1,,1,949.1000000000,955.3500000000,6.2500000000,974.1000000000,paper_101/ablation/results/37696.out
p3_logp_mofe_last_ffn,92,37696,950.8000000000,950.8000000000,1,,1,949.1000000000,955.3500000000,6.2500000000,974.1000000000,paper_101/ablation/results/37696.out
p3_logp_mofe_last_ffn,93,37696,953.8000000000,953.8000000000,1,,1,949.1000000000,955.3500000000,6.2500000000,974.1000000000,paper_101/ablation/results/37696.out
p3_logp_mofe_last_ffn,94,37696,954.4000000000,954.4000000000,1,,1,949.1000000000,955.3500000000,6.2500000000,974.1000000000,paper_101/ablation/results/37696.out
p3_logp_mofe_last_ffn,95,37696,950.2000000000,950.2000000000,1,,1,949.1000000000,955.3500000000,6.2500000000,974.1000000000,paper_101/ablation/results/37696.out
p3_logp_mofe_last_ffn,96,37696,953.1000000000,953.1000000000,1,,1,949.1000000000,955.3500000000,6.2500000000,974.1000000000,paper_101/ablation/results/37696.out
p3_logp_mofe_last_ffn,97,37696,957.7000000000,957.7000000000,1,,1,949.1000000000,955.3500000000,6.2500000000,974.1000000000,paper_101/ablation/results/37696.out
p3_logp_mofe_last_ffn,98,37696,954.2000000000,954.2000000000,1,,1,949.1000000000,955.3500000000,6.2500000000,974.1000000000,paper_101/ablation/results/37696.out
p3_logp_mofe_last_ffn,99,37696,959.4000000000,959.4000000000,1,,1,949.1000000000,955.3500000000,6.2500000000,974.1000000000,paper_101/ablation/results/37696.out
p3_logp_mofe_last_ffn,100,37696,952.1000000000,952.1000000000,1,,1,949.1000000000,955.3500000000,6.2500000000,974.1000000000,paper_101/ablation/results/37696.out
p3_logp_mofe_last_ffn,101,37696,948.7000000000,948.7000000000,1,,1,949.1000000000,955.3500000000,6.2500000000,974.1000000000,paper_101/ablation/results/37696.out
p3_logp_mofe_last_ffn,102,37696,949.1000000000,949.1000000000,1,,1,949.1000000000,955.3500000000,6.2500000000,974.1000000000,paper_101/ablation/results/37696.out
p3_logp_mofe_last_ffn,103,37696,950.1000000000,950.1000000000,1,,1,949.1000000000,955.3500000000,6.2500000000,974.1000000000,paper_101/ablation/results/37696.out
p3_logp_mofe_last_ffn,104,37696,948.9000000000,948.9000000000,1,,1,949.1000000000,955.3500000000,6.2500000000,974.1000000000,paper_101/ablation/results/37696.out
p3_logp_mofe_last_ffn,105,37696,948.7000000000,948.7000000000,1,,1,949.1000000000,955.3500000000,6.2500000000,974.1000000000,paper_101/ablation/results/37696.out
p3_logp_mofe_last_ffn,106,37696,948.7000000000,948.7000000000,1,,1,949.1000000000,955.3500000000,6.2500000000,974.1000000000,paper_101/ablation/results/37696.out
p3_logp_mofe_last_ffn,107,37696,949.1000000000,949.1000000000,1,,1,949.1000000000,955.3500000000,6.2500000000,974.1000000000,paper_101/ablation/results/37696.out
p3_logp_mofe_last_ffn,108,37696,950.4000000000,950.4000000000,1,,1,949.1000000000,955.3500000000,6.2500000000,974.1000000000,paper_101/ablation/results/37696.out
p3_logp_mofe_last_ffn,109,37696,950.2000000000,950.2000000000,1,,1,949.1000000000,955.3500000000,6.2500000000,974.1000000000,paper_101/ablation/results/37696.out
p3_logp_mofe_last_ffn,110,37696,950.8000000000,950.8000000000,1,,1,949.1000000000,955.3500000000,6.2500000000,974.1000000000,paper_101/ablation/results/37696.out
p3_logp_mofe_last_ffn,111,37696,949.6000000000,949.6000000000,1,,1,949.1000000000,955.3500000000,6.2500000000,974.1000000000,paper_101/ablation/results/37696.out
p3_logp_mofe_last_ffn,112,37696,949.4000000000,949.4000000000,1,,1,949.1000000000,955.3500000000,6.2500000000,974.1000000000,paper_101/ablation/results/37696.out
p3_logp_mofe_last_ffn,113,37696,949.5000000000,949.5000000000,1,,1,949.1000000000,955.3500000000,6.2500000000,974.1000000000,paper_101/ablation/results/37696.out
p3_logp_mofe_last_ffn,114,37696,949.6000000000,949.6000000000,1,,1,949.1000000000,955.3500000000,6.2500000000,974.1000000000,paper_101/ablation/results/37696.out
p3_logp_mofe_last_ffn,115,37696,950.7000000000,950.7000000000,1,,1,949.1000000000,955.3500000000,6.2500000000,974.1000000000,paper_101/ablation/results/37696.out
p3_logp_mofe_last_ffn,116,37696,950.5000000000,950.5000000000,1,,1,949.1000000000,955.3500000000,6.2500000000,974.1000000000,paper_101/ablation/results/37696.out
p3_logp_mofe_last_ffn,117,37696,949.5000000000,949.5000000000,1,,1,949.1000000000,955.3500000000,6.2500000000,974.1000000000,paper_101/ablation/results/37696.out
p3_logp_mofe_last_ffn,118,37696,949.7000000000,949.7000000000,1,,1,949.1000000000,955.3500000000,6.2500000000,974.1000000000,paper_101/ablation/results/37696.out
p3_logp_mofe_last_ffn,119,37696,949.5000000000,949.5000000000,1,,1,949.1000000000,955.3500000000,6.2500000000,974.1000000000,paper_101/ablation/results/37696.out
p3_logp_mofe_last_ffn,120,37696,950.1000000000,950.1000000000,1,,1,949.1000000000,955.3500000000,6.2500000000,974.1000000000,paper_101/ablation/results/37696.out
p3_logp_mofe_last_ffn,121,37696,949.2000000000,949.2000000000,1,,1,949.1000000000,955.3500000000,6.2500000000,974.1000000000,paper_101/ablation/results/37696.out
p3_logp_mofe_last_ffn,122,37696,951.1000000000,951.1000000000,1,,1,949.1000000000,955.3500000000,6.2500000000,974.1000000000,paper_101/ablation/results/37696.out
p3_logp_mofe_last_ffn,123,37696,951.9000000000,951.9000000000,1,,1,949.1000000000,955.3500000000,6.2500000000,974.1000000000,paper_101/ablation/results/37696.out
p3_logp_mofe_last_ffn,124,37696,950.6000000000,950.6000000000,1,,1,949.1000000000,955.3500000000,6.2500000000,974.1000000000,paper_101/ablation/results/37696.out
p3_logp_mofe_last_ffn,125,37696,950.5000000000,950.5000000000,1,,1,949.1000000000,955.3500000000,6.2500000000,974.1000000000,paper_101/ablation/results/37696.out
p3_logp_mofe_last_ffn,126,37696,950.2000000000,950.2000000000,1,,1,949.1000000000,955.3500000000,6.2500000000,974.1000000000,paper_101/ablation/results/37696.out
p3_logp_mofe_last_ffn,127,37696,951.3000000000,951.3000000000,1,,1,949.1000000000,955.3500000000,6.2500000000,974.1000000000,paper_101/ablation/results/37696.out
p3_logp_mofe_last_ffn,128,37696,949.5000000000,949.5000000000,1,,1,949.1000000000,955.3500000000,6.2500000000,974.1000000000,paper_101/ablation/results/37696.out
p3_logp_mofe_last_ffn,129,37696,950.5000000000,950.5000000000,1,,1,949.1000000000,955.3500000000,6.2500000000,974.1000000000,paper_101/ablation/results/37696.out
p3_logp_mofe_last_ffn,130,37696,950.3000000000,950.3000000000,1,,1,949.1000000000,955.3500000000,6.2500000000,974.1000000000,paper_101/ablation/results/37696.out
p3_logp_mofe_last_ffn,131,37696,952.1000000000,952.1000000000,1,,1,949.1000000000,955.3500000000,6.2500000000,974.1000000000,paper_101/ablation/results/37696.out
p3_logp_mofe_last_ffn,132,37696,952.4000000000,952.4000000000,1,,1,949.1000000000,955.3500000000,6.2500000000,974.1000000000,paper_101/ablation/results/37696.out
p3_logp_mofe_last_ffn,133,37696,951.5000000000,951.5000000000,1,,1,949.1000000000,955.3500000000,6.2500000000,974.1000000000,paper_101/ablation/results/37696.out
p3_logp_mofe_last_ffn,134,37696,951.4000000000,951.4000000000,1,,1,949.1000000000,955.3500000000,6.2500000000,974.1000000000,paper_101/ablation/results/37696.out
p3_logp_mofe_last_ffn,135,37696,951.3000000000,951.3000000000,1,,1,949.1000000000,955.3500000000,6.2500000000,974.1000000000,paper_101/ablation/results/37696.out
p3_logp_mofe_last_ffn,136,37696,951.5000000000,951.5000000000,1,,1,949.1000000000,955.3500000000,6.2500000000,974.1000000000,paper_101/ablation/results/37696.out
p3_logp_mofe_last_ffn,137,37696,950.1000000000,950.1000000000,1,,1,949.1000000000,955.3500000000,6.2500000000,974.1000000000,paper_101/ablation/results/37696.out
p3_logp_mofe_last_ffn,138,37696,949.6000000000,949.6000000000,1,,1,949.1000000000,955.3500000000,6.2500000000,974.1000000000,paper_101/ablation/results/37696.out
p3_logp_mofe_last_ffn,139,37696,949.6000000000,949.6000000000,1,,1,949.1000000000,955.3500000000,6.2500000000,974.1000000000,paper_101/ablation/results/37696.out
p3_logp_mofe_last_ffn,140,37696,949.9000000000,949.9000000000,1,,1,949.1000000000,955.3500000000,6.2500000000,974.1000000000,paper_101/ablation/results/37696.out
p3_logp_mofe_last_ffn,141,37696,950.8000000000,950.8000000000,1,,1,949.1000000000,955.3500000000,6.2500000000,974.1000000000,paper_101/ablation/results/37696.out
p3_logp_mofe_last_ffn,142,37696,950.3000000000,950.3000000000,1,,1,949.1000000000,955.3500000000,6.2500000000,974.1000000000,paper_101/ablation/results/37696.out
p3_logp_mofe_last_ffn,143,37696,951.7000000000,951.7000000000,1,,1,949.1000000000,955.3500000000,6.2500000000,974.1000000000,paper_101/ablation/results/37696.out
p3_logp_mofe_last_ffn,144,37696,949.8000000000,949.8000000000,1,,1,949.1000000000,955.3500000000,6.2500000000,974.1000000000,paper_101/ablation/results/37696.out
p3_logp_mofe_last_ffn,145,37696,950.4000000000,950.4000000000,1,,1,949.1000000000,955.3500000000,6.2500000000,974.1000000000,paper_101/ablation/results/37696.out
p3_logp_mofe_last_ffn,146,37696,949.8000000000,949.8000000000,1,,1,949.1000000000,955.3500000000,6.2500000000,974.1000000000,paper_101/ablation/results/37696.out
p3_logp_mofe_last_ffn,147,37696,950.1000000000,950.1000000000,1,,1,949.1000000000,955.3500000000,6.2500000000,974.1000000000,paper_101/ablation/results/37696.out
p3_logp_mofe_last_ffn,148,37696,950.2000000000,950.2000000000,1,,1,949.1000000000,955.3500000000,6.2500000000,974.1000000000,paper_101/ablation/results/37696.out
p3_logp_mofe_last_ffn,149,37696,950.8000000000,950.8000000000,1,,1,949.1000000000,955.3500000000,6.2500000000,974.1000000000,paper_101/ablation/results/37696.out
p3_logp_mofe_last_ffn,150,37696,950.4000000000,950.4000000000,1,,1,949.1000000000,955.3500000000,6.2500000000,974.1000000000,paper_101/ablation/results/37696.out
p3_logp_mofe_last_ffn,151,37696,950.3000000000,950.3000000000,1,,1,949.1000000000,955.3500000000,6.2500000000,974.1000000000,paper_101/ablation/results/37696.out
p3_logp_mofe_last_ffn,152,37696,951.2000000000,951.2000000000,1,,1,949.1000000000,955.3500000000,6.2500000000,974.1000000000,paper_101/ablation/results/37696.out
p3_logp_mofe_last_ffn,153,37696,949.6000000000,949.6000000000,1,,1,949.1000000000,955.3500000000,6.2500000000,974.1000000000,paper_101/ablation/results/37696.out
p3_logp_mofe_last_ffn,154,37696,951.4000000000,951.4000000000,1,,1,949.1000000000,955.3500000000,6.2500000000,974.1000000000,paper_101/ablation/results/37696.out
p3_logp_mofe_last_ffn,155,37696,949.9000000000,949.9000000000,1,,1,949.1000000000,955.3500000000,6.2500000000,974.1000000000,paper_101/ablation/results/37696.out
p3_logp_mofe_last_ffn,156,37696,950.2000000000,950.2000000000,1,,1,949.1000000000,955.3500000000,6.2500000000,974.1000000000,paper_101/ablation/results/37696.out
p3_logp_mofe_last_ffn,157,37696,950.3000000000,950.3000000000,1,,1,949.1000000000,955.3500000000,6.2500000000,974.1000000000,paper_101/ablation/results/37696.out
p3_logp_mofe_last_ffn,158,37696,950.0000000000,950.0000000000,1,,1,949.1000000000,955.3500000000,6.2500000000,974.1000000000,paper_101/ablation/results/37696.out
p3_logp_mofe_last_ffn,159,37696,950.8000000000,950.8000000000,1,,1,949.1000000000,955.3500000000,6.2500000000,974.1000000000,paper_101/ablation/results/37696.out
p3_logp_mofe_last_ffn,160,37696,951.3000000000,951.3000000000,1,,1,949.1000000000,955.3500000000,6.2500000000,974.1000000000,paper_101/ablation/results/37696.out
p3_logp_mofe_last_ffn,161,37696,1023.0000000000,,0,high_duration_outer_fence,1,949.1000000000,955.3500000000,6.2500000000,974.1000000000,paper_101/ablation/results/37696.out
p3_logp_mofe_last_ffn,162,37696,951.2000000000,951.2000000000,1,,1,949.1000000000,955.3500000000,6.2500000000,974.1000000000,paper_101/ablation/results/37696.out
p3_logp_mofe_last_ffn,163,37696,950.1000000000,950.1000000000,1,,1,949.1000000000,955.3500000000,6.2500000000,974.1000000000,paper_101/ablation/results/37696.out
p3_logp_mofe_last_ffn,164,37696,948.7000000000,948.7000000000,1,,1,949.1000000000,955.3500000000,6.2500000000,974.1000000000,paper_101/ablation/results/37696.out
p3_logp_mofe_last_ffn,165,37696,1025.3000000000,,0,high_duration_outer_fence,1,949.1000000000,955.3500000000,6.2500000000,974.1000000000,paper_101/ablation/results/37696.out
p3_logp_mofe_last_ffn,166,37696,949.3000000000,949.3000000000,1,,1,949.1000000000,955.3500000000,6.2500000000,974.1000000000,paper_101/ablation/results/37696.out
p3_logp_mofe_last_ffn,167,37696,953.9000000000,953.9000000000,1,,1,949.1000000000,955.3500000000,6.2500000000,974.1000000000,paper_101/ablation/results/37696.out
p3_logp_mofe_last_ffn,168,37696,949.1000000000,949.1000000000,1,,1,949.1000000000,955.3500000000,6.2500000000,974.1000000000,paper_101/ablation/results/37696.out
p3_logp_mofe_last_ffn,169,37696,950.0000000000,950.0000000000,1,,1,949.1000000000,955.3500000000,6.2500000000,974.1000000000,paper_101/ablation/results/37696.out
p3_logp_mofe_last_ffn,170,37696,949.9000000000,949.9000000000,1,,1,949.1000000000,955.3500000000,6.2500000000,974.1000000000,paper_101/ablation/results/37696.out
p3_logp_mofe_last_ffn,171,37696,948.9000000000,948.9000000000,1,,1,949.1000000000,955.3500000000,6.2500000000,974.1000000000,paper_101/ablation/results/37696.out
p3_logp_mofe_last_ffn,172,37696,949.6000000000,949.6000000000,1,,1,949.1000000000,955.3500000000,6.2500000000,974.1000000000,paper_101/ablation/results/37696.out
p3_logp_mofe_last_ffn,173,37696,948.6000000000,948.6000000000,1,,1,949.1000000000,955.3500000000,6.2500000000,974.1000000000,paper_101/ablation/results/37696.out
p3_logp_mofe_last_ffn,174,37696,952.9000000000,952.9000000000,1,,1,949.1000000000,955.3500000000,6.2500000000,974.1000000000,paper_101/ablation/results/37696.out
p3_logp_mofe_last_ffn,175,37696,950.0000000000,950.0000000000,1,,1,949.1000000000,955.3500000000,6.2500000000,974.1000000000,paper_101/ablation/results/37696.out
p3_logp_mofe_last_ffn,176,37696,951.7000000000,951.7000000000,1,,1,949.1000000000,955.3500000000,6.2500000000,974.1000000000,paper_101/ablation/results/37696.out
p3_logp_mofe_last_ffn,177,37696,956.4000000000,956.4000000000,1,,1,949.1000000000,955.3500000000,6.2500000000,974.1000000000,paper_101/ablation/results/37696.out
p3_logp_mofe_last_ffn,178,37696,956.8000000000,956.8000000000,1,,1,949.1000000000,955.3500000000,6.2500000000,974.1000000000,paper_101/ablation/results/37696.out
p3_logp_mofe_last_ffn,179,37696,956.4000000000,956.4000000000,1,,1,949.1000000000,955.3500000000,6.2500000000,974.1000000000,paper_101/ablation/results/37696.out
p3_logp_mofe_last_ffn,180,37696,956.7000000000,956.7000000000,1,,1,949.1000000000,955.3500000000,6.2500000000,974.1000000000,paper_101/ablation/results/37696.out
p3_logp_mofe_last_ffn,181,37696,954.5000000000,954.5000000000,1,,1,949.1000000000,955.3500000000,6.2500000000,974.1000000000,paper_101/ablation/results/37696.out
p3_logp_mofe_last_ffn,182,37696,954.5000000000,954.5000000000,1,,1,949.1000000000,955.3500000000,6.2500000000,974.1000000000,paper_101/ablation/results/37696.out
p3_logp_mofe_last_ffn,183,37696,957.2000000000,957.2000000000,1,,1,949.1000000000,955.3500000000,6.2500000000,974.1000000000,paper_101/ablation/results/37696.out
p3_logp_mofe_last_ffn,184,37696,954.3000000000,954.3000000000,1,,1,949.1000000000,955.3500000000,6.2500000000,974.1000000000,paper_101/ablation/results/37696.out
p3_logp_mofe_last_ffn,185,37696,955.6000000000,955.6000000000,1,,1,949.1000000000,955.3500000000,6.2500000000,974.1000000000,paper_101/ablation/results/37696.out
p3_logp_mofe_last_ffn,186,37696,953.8000000000,953.8000000000,1,,1,949.1000000000,955.3500000000,6.2500000000,974.1000000000,paper_101/ablation/results/37696.out
p3_logp_mofe_last_ffn,187,37696,955.3000000000,955.3000000000,1,,1,949.1000000000,955.3500000000,6.2500000000,974.1000000000,paper_101/ablation/results/37696.out
p3_logp_mofe_last_ffn,188,37696,953.9000000000,953.9000000000,1,,1,949.1000000000,955.3500000000,6.2500000000,974.1000000000,paper_101/ablation/results/37696.out
p3_logp_mofe_last_ffn,189,37696,954.4000000000,954.4000000000,1,,1,949.1000000000,955.3500000000,6.2500000000,974.1000000000,paper_101/ablation/results/37696.out
p3_logp_mofe_last_ffn,190,37696,954.5000000000,954.5000000000,1,,1,949.1000000000,955.3500000000,6.2500000000,974.1000000000,paper_101/ablation/results/37696.out
p3_logp_mofe_last_ffn,191,37696,954.2000000000,954.2000000000,1,,1,949.1000000000,955.3500000000,6.2500000000,974.1000000000,paper_101/ablation/results/37696.out
p3_logp_mofe_last_ffn,192,37696,954.4000000000,954.4000000000,1,,1,949.1000000000,955.3500000000,6.2500000000,974.1000000000,paper_101/ablation/results/37696.out
p3_logp_mofe_last_ffn,193,37696,954.0000000000,954.0000000000,1,,1,949.1000000000,955.3500000000,6.2500000000,974.1000000000,paper_101/ablation/results/37696.out
p3_logp_mofe_last_ffn,194,37696,954.4000000000,954.4000000000,1,,1,949.1000000000,955.3500000000,6.2500000000,974.1000000000,paper_101/ablation/results/37696.out
p3_logp_mofe_last_ffn,195,37696,955.4000000000,955.4000000000,1,,1,949.1000000000,955.3500000000,6.2500000000,974.1000000000,paper_101/ablation/results/37696.out
p3_logp_mofe_last_ffn,196,37696,950.5000000000,950.5000000000,1,,1,949.1000000000,955.3500000000,6.2500000000,974.1000000000,paper_101/ablation/results/37696.out
p3_logp_mofe_last_ffn,197,37696,951.5000000000,951.5000000000,1,,1,949.1000000000,955.3500000000,6.2500000000,974.1000000000,paper_101/ablation/results/37696.out
p3_logp_mofe_last_ffn,198,37696,953.9000000000,953.9000000000,1,,1,949.1000000000,955.3500000000,6.2500000000,974.1000000000,paper_101/ablation/results/37696.out
p3_logp_mofe_last_ffn,199,37696,952.4000000000,952.4000000000,1,,1,949.1000000000,955.3500000000,6.2500000000,974.1000000000,paper_101/ablation/results/37696.out
p3_logp_mofe_last_ffn,200,37696,953.4000000000,953.4000000000,1,,1,949.1000000000,955.3500000000,6.2500000000,974.1000000000,paper_101/ablation/results/37696.out
p3_logp_mofe_last_ffn,201,37696,953.1000000000,953.1000000000,1,,1,949.1000000000,955.3500000000,6.2500000000,974.1000000000,paper_101/ablation/results/37696.out
p3_logp_mofe_last_ffn,202,37696,954.6000000000,954.6000000000,1,,1,949.1000000000,955.3500000000,6.2500000000,974.1000000000,paper_101/ablation/results/37696.out
p3_logp_mofe_last_ffn,203,37696,953.0000000000,953.0000000000,1,,1,949.1000000000,955.3500000000,6.2500000000,974.1000000000,paper_101/ablation/results/37696.out
p3_logp_mofe_last_ffn,204,37696,955.1000000000,955.1000000000,1,,1,949.1000000000,955.3500000000,6.2500000000,974.1000000000,paper_101/ablation/results/37696.out
p3_logp_mofe_last_ffn,205,37696,956.0000000000,956.0000000000,1,,1,949.1000000000,955.3500000000,6.2500000000,974.1000000000,paper_101/ablation/results/37696.out
p3_logp_mofe_last_ffn,206,37696,954.8000000000,954.8000000000,1,,1,949.1000000000,955.3500000000,6.2500000000,974.1000000000,paper_101/ablation/results/37696.out
p3_logp_mofe_last_ffn,207,37696,954.1000000000,954.1000000000,1,,1,949.1000000000,955.3500000000,6.2500000000,974.1000000000,paper_101/ablation/results/37696.out
p3_logp_mofe_last_ffn,208,37696,953.1000000000,953.1000000000,1,,1,949.1000000000,955.3500000000,6.2500000000,974.1000000000,paper_101/ablation/results/37696.out
p3_logp_mofe_last_ffn,209,37696,954.1000000000,954.1000000000,1,,1,949.1000000000,955.3500000000,6.2500000000,974.1000000000,paper_101/ablation/results/37696.out
p3_logp_mofe_last_ffn,210,37696,953.3000000000,953.3000000000,1,,1,949.1000000000,955.3500000000,6.2500000000,974.1000000000,paper_101/ablation/results/37696.out
p3_logp_mofe_last_ffn,211,37696,954.8000000000,954.8000000000,1,,1,949.1000000000,955.3500000000,6.2500000000,974.1000000000,paper_101/ablation/results/37696.out
p3_logp_mofe_last_ffn,212,37696,953.5000000000,953.5000000000,1,,1,949.1000000000,955.3500000000,6.2500000000,974.1000000000,paper_101/ablation/results/37696.out
p3_logp_mofe_last_ffn,213,37696,952.7000000000,952.7000000000,1,,1,949.1000000000,955.3500000000,6.2500000000,974.1000000000,paper_101/ablation/results/37696.out
p3_logp_mofe_last_ffn,214,37696,953.6000000000,953.6000000000,1,,1,949.1000000000,955.3500000000,6.2500000000,974.1000000000,paper_101/ablation/results/37696.out
p3_logp_mofe_last_ffn,215,37696,953.8000000000,953.8000000000,1,,1,949.1000000000,955.3500000000,6.2500000000,974.1000000000,paper_101/ablation/results/37696.out
p3_logp_mofe_last_ffn,216,37696,952.4000000000,952.4000000000,1,,1,949.1000000000,955.3500000000,6.2500000000,974.1000000000,paper_101/ablation/results/37696.out
p3_logp_mofe_last_ffn,217,37696,953.0000000000,953.0000000000,1,,1,949.1000000000,955.3500000000,6.2500000000,974.1000000000,paper_101/ablation/results/37696.out
p3_logp_mofe_last_ffn,218,37696,953.5000000000,953.5000000000,1,,1,949.1000000000,955.3500000000,6.2500000000,974.1000000000,paper_101/ablation/results/37696.out
p3_logp_mofe_last_ffn,219,37696,953.2000000000,953.2000000000,1,,1,949.1000000000,955.3500000000,6.2500000000,974.1000000000,paper_101/ablation/results/37696.out
p3_logp_mofe_last_ffn,220,37696,952.3000000000,952.3000000000,1,,1,949.1000000000,955.3500000000,6.2500000000,974.1000000000,paper_101/ablation/results/37696.out
p3_logp_mofe_last_ffn,221,37696,953.3000000000,953.3000000000,1,,1,949.1000000000,955.3500000000,6.2500000000,974.1000000000,paper_101/ablation/results/37696.out
p3_logp_mofe_last_ffn,222,37696,959.3000000000,959.3000000000,1,,1,949.1000000000,955.3500000000,6.2500000000,974.1000000000,paper_101/ablation/results/37696.out
p3_logp_mofe_last_ffn,223,37696,952.7000000000,952.7000000000,1,,1,949.1000000000,955.3500000000,6.2500000000,974.1000000000,paper_101/ablation/results/37696.out
p3_logp_mofe_last_ffn,224,37696,952.0000000000,952.0000000000,1,,1,949.1000000000,955.3500000000,6.2500000000,974.1000000000,paper_101/ablation/results/37696.out
p3_logp_mofe_last_ffn,225,37696,953.1000000000,953.1000000000,1,,1,949.1000000000,955.3500000000,6.2500000000,974.1000000000,paper_101/ablation/results/37696.out
p3_logp_mofe_last_ffn,226,37696,954.1000000000,954.1000000000,1,,1,949.1000000000,955.3500000000,6.2500000000,974.1000000000,paper_101/ablation/results/37696.out
p3_logp_mofe_last_ffn,227,37696,953.4000000000,953.4000000000,1,,1,949.1000000000,955.3500000000,6.2500000000,974.1000000000,paper_101/ablation/results/37696.out
p3_logp_mofe_last_ffn,228,37696,953.2000000000,953.2000000000,1,,1,949.1000000000,955.3500000000,6.2500000000,974.1000000000,paper_101/ablation/results/37696.out
p3_logp_mofe_last_ffn,229,37696,952.9000000000,952.9000000000,1,,1,949.1000000000,955.3500000000,6.2500000000,974.1000000000,paper_101/ablation/results/37696.out
p3_logp_mofe_last_ffn,230,37696,952.3000000000,952.3000000000,1,,1,949.1000000000,955.3500000000,6.2500000000,974.1000000000,paper_101/ablation/results/37696.out
p3_logp_mofe_last_ffn,231,37696,953.4000000000,953.4000000000,1,,1,949.1000000000,955.3500000000,6.2500000000,974.1000000000,paper_101/ablation/results/37696.out
p3_logp_mofe_last_ffn,232,37696,953.8000000000,953.8000000000,1,,1,949.1000000000,955.3500000000,6.2500000000,974.1000000000,paper_101/ablation/results/37696.out
p3_logp_mofe_last_ffn,233,37696,949.9000000000,949.9000000000,1,,1,949.1000000000,955.3500000000,6.2500000000,974.1000000000,paper_101/ablation/results/37696.out
p3_logp_mofe_last_ffn,234,37696,947.0000000000,947.0000000000,1,,1,949.1000000000,955.3500000000,6.2500000000,974.1000000000,paper_101/ablation/results/37696.out
p3_logp_mofe_last_ffn,235,37696,946.9000000000,946.9000000000,1,,1,949.1000000000,955.3500000000,6.2500000000,974.1000000000,paper_101/ablation/results/37696.out
p3_logp_mofe_last_ffn,236,37696,946.3000000000,946.3000000000,1,,1,949.1000000000,955.3500000000,6.2500000000,974.1000000000,paper_101/ablation/results/37696.out
p3_logp_mofe_last_ffn,237,37696,947.3000000000,947.3000000000,1,,1,949.1000000000,955.3500000000,6.2500000000,974.1000000000,paper_101/ablation/results/37696.out
p3_logp_mofe_last_ffn,238,37696,947.9000000000,947.9000000000,1,,1,949.1000000000,955.3500000000,6.2500000000,974.1000000000,paper_101/ablation/results/37696.out
p3_logp_mofe_last_ffn,239,37696,947.5000000000,947.5000000000,1,,1,949.1000000000,955.3500000000,6.2500000000,974.1000000000,paper_101/ablation/results/37696.out
p3_logp_mofe_last_ffn,240,37696,947.8000000000,947.8000000000,1,,1,949.1000000000,955.3500000000,6.2500000000,974.1000000000,paper_101/ablation/results/37696.out
p3_logp_mofe_last_ffn,241,37696,946.6000000000,946.6000000000,1,,1,949.1000000000,955.3500000000,6.2500000000,974.1000000000,paper_101/ablation/results/37696.out
p3_logp_mofe_last_ffn,242,37696,947.9000000000,947.9000000000,1,,1,949.1000000000,955.3500000000,6.2500000000,974.1000000000,paper_101/ablation/results/37696.out
p3_logp_mofe_last_ffn,243,37696,947.2000000000,947.2000000000,1,,1,949.1000000000,955.3500000000,6.2500000000,974.1000000000,paper_101/ablation/results/37696.out
p3_logp_mofe_last_ffn,244,37696,947.7000000000,947.7000000000,1,,1,949.1000000000,955.3500000000,6.2500000000,974.1000000000,paper_101/ablation/results/37696.out
p3_logp_mofe_last_ffn,245,37696,947.6000000000,947.6000000000,1,,1,949.1000000000,955.3500000000,6.2500000000,974.1000000000,paper_101/ablation/results/37696.out
p3_logp_mofe_last_ffn,246,37696,948.1000000000,948.1000000000,1,,1,949.1000000000,955.3500000000,6.2500000000,974.1000000000,paper_101/ablation/results/37696.out
p3_logp_mofe_last_ffn,247,37696,946.7000000000,946.7000000000,1,,1,949.1000000000,955.3500000000,6.2500000000,974.1000000000,paper_101/ablation/results/37696.out
p3_logp_mofe_last_ffn,248,37696,948.6000000000,948.6000000000,1,,1,949.1000000000,955.3500000000,6.2500000000,974.1000000000,paper_101/ablation/results/37696.out
p3_logp_mofe_last_ffn,249,37696,948.3000000000,948.3000000000,1,,1,949.1000000000,955.3500000000,6.2500000000,974.1000000000,paper_101/ablation/results/37696.out
p3_logp_mofe_last_ffn,250,37696,946.9000000000,946.9000000000,1,,1,949.1000000000,955.3500000000,6.2500000000,974.1000000000,paper_101/ablation/results/37696.out
p3_logp_mofe_last_ffn,251,37696,946.6000000000,946.6000000000,1,,1,949.1000000000,955.3500000000,6.2500000000,974.1000000000,paper_101/ablation/results/37696.out
p3_logp_mofe_last_ffn,252,37696,948.8000000000,948.8000000000,1,,1,949.1000000000,955.3500000000,6.2500000000,974.1000000000,paper_101/ablation/results/37696.out
p3_logp_mofe_last_ffn,253,37696,946.9000000000,946.9000000000,1,,1,949.1000000000,955.3500000000,6.2500000000,974.1000000000,paper_101/ablation/results/37696.out
p3_logp_mofe_last_ffn,254,37696,946.0000000000,946.0000000000,1,,1,949.1000000000,955.3500000000,6.2500000000,974.1000000000,paper_101/ablation/results/37696.out
p3_logp_mofe_last_ffn,255,37696,946.3000000000,946.3000000000,1,,1,949.1000000000,955.3500000000,6.2500000000,974.1000000000,paper_101/ablation/results/37696.out
p3_logp_mofe_last_ffn,256,37696,947.3000000000,947.3000000000,1,,1,949.1000000000,955.3500000000,6.2500000000,974.1000000000,paper_101/ablation/results/37696.out
p3_logp_mofe_last_ffn,257,37696,947.6000000000,947.6000000000,1,,1,949.1000000000,955.3500000000,6.2500000000,974.1000000000,paper_101/ablation/results/37696.out
p3_logp_mofe_last_ffn,258,37696,947.9000000000,947.9000000000,1,,1,949.1000000000,955.3500000000,6.2500000000,974.1000000000,paper_101/ablation/results/37696.out
p3_logp_mofe_last_ffn,259,37696,946.3000000000,946.3000000000,1,,1,949.1000000000,955.3500000000,6.2500000000,974.1000000000,paper_101/ablation/results/37696.out
p3_logp_mofe_last_ffn,260,37696,946.4000000000,946.4000000000,1,,1,949.1000000000,955.3500000000,6.2500000000,974.1000000000,paper_101/ablation/results/37696.out
p3_logp_mofe_last_ffn,261,37696,946.2000000000,946.2000000000,1,,1,949.1000000000,955.3500000000,6.2500000000,974.1000000000,paper_101/ablation/results/37696.out
p3_logp_mofe_last_ffn,262,37696,946.8000000000,946.8000000000,1,,1,949.1000000000,955.3500000000,6.2500000000,974.1000000000,paper_101/ablation/results/37696.out
p3_logp_mofe_last_ffn,263,37696,946.1000000000,946.1000000000,1,,1,949.1000000000,955.3500000000,6.2500000000,974.1000000000,paper_101/ablation/results/37696.out
p3_logp_mofe_last_ffn,264,37696,947.6000000000,947.6000000000,1,,1,949.1000000000,955.3500000000,6.2500000000,974.1000000000,paper_101/ablation/results/37696.out
p3_logp_mofe_last_ffn,265,37696,947.1000000000,947.1000000000,1,,1,949.1000000000,955.3500000000,6.2500000000,974.1000000000,paper_101/ablation/results/37696.out
p3_logp_mofe_last_ffn,266,37696,945.7000000000,945.7000000000,1,,1,949.1000000000,955.3500000000,6.2500000000,974.1000000000,paper_101/ablation/results/37696.out
p3_logp_mofe_last_ffn,267,37696,946.7000000000,946.7000000000,1,,1,949.1000000000,955.3500000000,6.2500000000,974.1000000000,paper_101/ablation/results/37696.out
p3_logp_mofe_last_ffn,268,37696,947.0000000000,947.0000000000,1,,1,949.1000000000,955.3500000000,6.2500000000,974.1000000000,paper_101/ablation/results/37696.out
p3_logp_mofe_last_ffn,269,37696,946.3000000000,946.3000000000,1,,1,949.1000000000,955.3500000000,6.2500000000,974.1000000000,paper_101/ablation/results/37696.out
p3_logp_mofe_last_ffn,270,37696,947.3000000000,947.3000000000,1,,1,949.1000000000,955.3500000000,6.2500000000,974.1000000000,paper_101/ablation/results/37696.out
p3_logp_mofe_last_ffn,271,37696,946.4000000000,946.4000000000,1,,1,949.1000000000,955.3500000000,6.2500000000,974.1000000000,paper_101/ablation/results/37696.out
p3_logp_mofe_last_ffn,272,37696,949.1000000000,949.1000000000,1,,1,949.1000000000,955.3500000000,6.2500000000,974.1000000000,paper_101/ablation/results/37696.out
p3_logp_mofe_last_ffn,273,37696,946.9000000000,946.9000000000,1,,1,949.1000000000,955.3500000000,6.2500000000,974.1000000000,paper_101/ablation/results/37696.out
p3_logp_mofe_last_ffn,274,37696,948.0000000000,948.0000000000,1,,1,949.1000000000,955.3500000000,6.2500000000,974.1000000000,paper_101/ablation/results/37696.out
p3_logp_mofe_last_ffn,275,37696,947.5000000000,947.5000000000,1,,1,949.1000000000,955.3500000000,6.2500000000,974.1000000000,paper_101/ablation/results/37696.out
p3_logp_mofe_last_ffn,276,37696,947.7000000000,947.7000000000,1,,1,949.1000000000,955.3500000000,6.2500000000,974.1000000000,paper_101/ablation/results/37696.out
p3_logp_mofe_last_ffn,277,37696,948.0000000000,948.0000000000,1,,1,949.1000000000,955.3500000000,6.2500000000,974.1000000000,paper_101/ablation/results/37696.out
p3_logp_mofe_last_ffn,278,37696,949.5000000000,949.5000000000,1,,1,949.1000000000,955.3500000000,6.2500000000,974.1000000000,paper_101/ablation/results/37696.out
p3_logp_mofe_last_ffn,279,37696,973.4000000000,973.4000000000,1,,1,949.1000000000,955.3500000000,6.2500000000,974.1000000000,paper_101/ablation/results/37696.out
p3_logp_mofe_last_ffn,280,37696,967.2000000000,967.2000000000,1,,1,949.1000000000,955.3500000000,6.2500000000,974.1000000000,paper_101/ablation/results/37696.out
p3_logp_mofe_last_ffn,281,37696,947.2000000000,947.2000000000,1,,1,949.1000000000,955.3500000000,6.2500000000,974.1000000000,paper_101/ablation/results/37696.out
p3_logp_mofe_last_ffn,282,37696,946.2000000000,946.2000000000,1,,1,949.1000000000,955.3500000000,6.2500000000,974.1000000000,paper_101/ablation/results/37696.out
p3_logp_mofe_last_ffn,283,37696,946.3000000000,946.3000000000,1,,1,949.1000000000,955.3500000000,6.2500000000,974.1000000000,paper_101/ablation/results/37696.out
p3_logp_mofe_last_ffn,284,37696,946.7000000000,946.7000000000,1,,1,949.1000000000,955.3500000000,6.2500000000,974.1000000000,paper_101/ablation/results/37696.out
p3_logp_mofe_last_ffn,285,37696,946.7000000000,946.7000000000,1,,1,949.1000000000,955.3500000000,6.2500000000,974.1000000000,paper_101/ablation/results/37696.out
p3_logp_mofe_last_ffn,286,37696,946.1000000000,946.1000000000,1,,1,949.1000000000,955.3500000000,6.2500000000,974.1000000000,paper_101/ablation/results/37696.out
p3_logp_mofe_last_ffn,287,37696,946.9000000000,946.9000000000,1,,1,949.1000000000,955.3500000000,6.2500000000,974.1000000000,paper_101/ablation/results/37696.out
p3_logp_mofe_last_ffn,288,37696,947.9000000000,947.9000000000,1,,1,949.1000000000,955.3500000000,6.2500000000,974.1000000000,paper_101/ablation/results/37696.out
p3_logp_mofe_last_ffn,289,37696,955.4000000000,955.4000000000,1,,1,949.1000000000,955.3500000000,6.2500000000,974.1000000000,paper_101/ablation/results/37696.out
p3_logp_mofe_last_ffn,290,37696,956.3000000000,956.3000000000,1,,1,949.1000000000,955.3500000000,6.2500000000,974.1000000000,paper_101/ablation/results/37696.out
p3_logp_mofe_last_ffn,291,37696,953.8000000000,953.8000000000,1,,1,949.1000000000,955.3500000000,6.2500000000,974.1000000000,paper_101/ablation/results/37696.out
p3_logp_mofe_last_ffn,292,37696,983.1000000000,,0,high_duration_outer_fence,1,949.1000000000,955.3500000000,6.2500000000,974.1000000000,paper_101/ablation/results/37696.out
p3_logp_mofe_last_ffn,293,37696,955.6000000000,955.6000000000,1,,1,949.1000000000,955.3500000000,6.2500000000,974.1000000000,paper_101/ablation/results/37696.out
p3_logp_mofe_last_ffn,294,37696,954.6000000000,954.6000000000,1,,1,949.1000000000,955.3500000000,6.2500000000,974.1000000000,paper_101/ablation/results/37696.out
p3_logp_mofe_last_ffn,295,37696,955.0000000000,955.0000000000,1,,1,949.1000000000,955.3500000000,6.2500000000,974.1000000000,paper_101/ablation/results/37696.out
p3_logp_mofe_last_ffn,296,37696,954.6000000000,954.6000000000,1,,1,949.1000000000,955.3500000000,6.2500000000,974.1000000000,paper_101/ablation/results/37696.out
p3_logp_mofe_last_ffn,297,37696,956.3000000000,956.3000000000,1,,1,949.1000000000,955.3500000000,6.2500000000,974.1000000000,paper_101/ablation/results/37696.out
p3_logp_mofe_last_ffn,298,37696,952.2000000000,952.2000000000,1,,1,949.1000000000,955.3500000000,6.2500000000,974.1000000000,paper_101/ablation/results/37696.out
p3_logp_mofe_last_ffn,299,37696,955.3000000000,955.3000000000,1,,1,949.1000000000,955.3500000000,6.2500000000,974.1000000000,paper_101/ablation/results/37696.out
p3_logp_mofe_last_ffn,300,37696,952.2000000000,952.2000000000,1,,1,949.1000000000,955.3500000000,6.2500000000,974.1000000000,paper_101/ablation/results/37696.out
p3_logp_mofe_last_ffn_conloss,1,37703,960.8000000000,,0,segment_startup,1,958.8000000000,965.0000000000,6.2000000000,983.6000000000,paper_101/ablation/results/37703.out
p3_logp_mofe_last_ffn_conloss,2,37703,963.5000000000,963.5000000000,1,,1,958.8000000000,965.0000000000,6.2000000000,983.6000000000,paper_101/ablation/results/37703.out
p3_logp_mofe_last_ffn_conloss,3,37703,961.8000000000,961.8000000000,1,,1,958.8000000000,965.0000000000,6.2000000000,983.6000000000,paper_101/ablation/results/37703.out
p3_logp_mofe_last_ffn_conloss,4,37703,963.5000000000,963.5000000000,1,,1,958.8000000000,965.0000000000,6.2000000000,983.6000000000,paper_101/ablation/results/37703.out
p3_logp_mofe_last_ffn_conloss,5,37703,962.5000000000,962.5000000000,1,,1,958.8000000000,965.0000000000,6.2000000000,983.6000000000,paper_101/ablation/results/37703.out
p3_logp_mofe_last_ffn_conloss,6,37703,962.3000000000,962.3000000000,1,,1,958.8000000000,965.0000000000,6.2000000000,983.6000000000,paper_101/ablation/results/37703.out
p3_logp_mofe_last_ffn_conloss,7,37703,961.2000000000,961.2000000000,1,,1,958.8000000000,965.0000000000,6.2000000000,983.6000000000,paper_101/ablation/results/37703.out
p3_logp_mofe_last_ffn_conloss,8,37703,961.6000000000,961.6000000000,1,,1,958.8000000000,965.0000000000,6.2000000000,983.6000000000,paper_101/ablation/results/37703.out
p3_logp_mofe_last_ffn_conloss,9,37703,962.2000000000,962.2000000000,1,,1,958.8000000000,965.0000000000,6.2000000000,983.6000000000,paper_101/ablation/results/37703.out
p3_logp_mofe_last_ffn_conloss,10,37703,961.6000000000,961.6000000000,1,,1,958.8000000000,965.0000000000,6.2000000000,983.6000000000,paper_101/ablation/results/37703.out
p3_logp_mofe_last_ffn_conloss,11,37703,961.6000000000,961.6000000000,1,,1,958.8000000000,965.0000000000,6.2000000000,983.6000000000,paper_101/ablation/results/37703.out
p3_logp_mofe_last_ffn_conloss,12,37703,961.8000000000,961.8000000000,1,,1,958.8000000000,965.0000000000,6.2000000000,983.6000000000,paper_101/ablation/results/37703.out
p3_logp_mofe_last_ffn_conloss,13,37703,960.8000000000,960.8000000000,1,,1,958.8000000000,965.0000000000,6.2000000000,983.6000000000,paper_101/ablation/results/37703.out
p3_logp_mofe_last_ffn_conloss,14,37703,961.7000000000,961.7000000000,1,,1,958.8000000000,965.0000000000,6.2000000000,983.6000000000,paper_101/ablation/results/37703.out
p3_logp_mofe_last_ffn_conloss,15,37703,963.5000000000,963.5000000000,1,,1,958.8000000000,965.0000000000,6.2000000000,983.6000000000,paper_101/ablation/results/37703.out
p3_logp_mofe_last_ffn_conloss,16,37703,960.7000000000,960.7000000000,1,,1,958.8000000000,965.0000000000,6.2000000000,983.6000000000,paper_101/ablation/results/37703.out
p3_logp_mofe_last_ffn_conloss,17,37703,960.6000000000,960.6000000000,1,,1,958.8000000000,965.0000000000,6.2000000000,983.6000000000,paper_101/ablation/results/37703.out
p3_logp_mofe_last_ffn_conloss,18,37703,961.0000000000,961.0000000000,1,,1,958.8000000000,965.0000000000,6.2000000000,983.6000000000,paper_101/ablation/results/37703.out
p3_logp_mofe_last_ffn_conloss,19,37703,961.8000000000,961.8000000000,1,,1,958.8000000000,965.0000000000,6.2000000000,983.6000000000,paper_101/ablation/results/37703.out
p3_logp_mofe_last_ffn_conloss,20,37703,961.0000000000,961.0000000000,1,,1,958.8000000000,965.0000000000,6.2000000000,983.6000000000,paper_101/ablation/results/37703.out
p3_logp_mofe_last_ffn_conloss,21,37703,960.9000000000,960.9000000000,1,,1,958.8000000000,965.0000000000,6.2000000000,983.6000000000,paper_101/ablation/results/37703.out
p3_logp_mofe_last_ffn_conloss,22,37703,962.2000000000,962.2000000000,1,,1,958.8000000000,965.0000000000,6.2000000000,983.6000000000,paper_101/ablation/results/37703.out
p3_logp_mofe_last_ffn_conloss,23,37703,961.9000000000,961.9000000000,1,,1,958.8000000000,965.0000000000,6.2000000000,983.6000000000,paper_101/ablation/results/37703.out
p3_logp_mofe_last_ffn_conloss,24,37703,962.1000000000,962.1000000000,1,,1,958.8000000000,965.0000000000,6.2000000000,983.6000000000,paper_101/ablation/results/37703.out
p3_logp_mofe_last_ffn_conloss,25,37703,960.7000000000,960.7000000000,1,,1,958.8000000000,965.0000000000,6.2000000000,983.6000000000,paper_101/ablation/results/37703.out
p3_logp_mofe_last_ffn_conloss,26,37703,962.0000000000,962.0000000000,1,,1,958.8000000000,965.0000000000,6.2000000000,983.6000000000,paper_101/ablation/results/37703.out
p3_logp_mofe_last_ffn_conloss,27,37703,960.2000000000,960.2000000000,1,,1,958.8000000000,965.0000000000,6.2000000000,983.6000000000,paper_101/ablation/results/37703.out
p3_logp_mofe_last_ffn_conloss,28,37703,961.8000000000,961.8000000000,1,,1,958.8000000000,965.0000000000,6.2000000000,983.6000000000,paper_101/ablation/results/37703.out
p3_logp_mofe_last_ffn_conloss,29,37703,980.5000000000,980.5000000000,1,,1,958.8000000000,965.0000000000,6.2000000000,983.6000000000,paper_101/ablation/results/37703.out
p3_logp_mofe_last_ffn_conloss,30,37703,1014.9000000000,,0,high_duration_outer_fence,1,958.8000000000,965.0000000000,6.2000000000,983.6000000000,paper_101/ablation/results/37703.out
p3_logp_mofe_last_ffn_conloss,31,37703,962.1000000000,962.1000000000,1,,1,958.8000000000,965.0000000000,6.2000000000,983.6000000000,paper_101/ablation/results/37703.out
p3_logp_mofe_last_ffn_conloss,32,37703,960.8000000000,960.8000000000,1,,1,958.8000000000,965.0000000000,6.2000000000,983.6000000000,paper_101/ablation/results/37703.out
p3_logp_mofe_last_ffn_conloss,33,37703,961.1000000000,961.1000000000,1,,1,958.8000000000,965.0000000000,6.2000000000,983.6000000000,paper_101/ablation/results/37703.out
p3_logp_mofe_last_ffn_conloss,34,37703,1035.5000000000,,0,high_duration_outer_fence,1,958.8000000000,965.0000000000,6.2000000000,983.6000000000,paper_101/ablation/results/37703.out
p3_logp_mofe_last_ffn_conloss,35,37703,960.5000000000,960.5000000000,1,,1,958.8000000000,965.0000000000,6.2000000000,983.6000000000,paper_101/ablation/results/37703.out
p3_logp_mofe_last_ffn_conloss,36,37703,965.6000000000,965.6000000000,1,,1,958.8000000000,965.0000000000,6.2000000000,983.6000000000,paper_101/ablation/results/37703.out
p3_logp_mofe_last_ffn_conloss,37,37703,962.6000000000,962.6000000000,1,,1,958.8000000000,965.0000000000,6.2000000000,983.6000000000,paper_101/ablation/results/37703.out
p3_logp_mofe_last_ffn_conloss,38,37703,961.5000000000,961.5000000000,1,,1,958.8000000000,965.0000000000,6.2000000000,983.6000000000,paper_101/ablation/results/37703.out
p3_logp_mofe_last_ffn_conloss,39,37703,960.8000000000,960.8000000000,1,,1,958.8000000000,965.0000000000,6.2000000000,983.6000000000,paper_101/ablation/results/37703.out
p3_logp_mofe_last_ffn_conloss,40,37703,962.5000000000,962.5000000000,1,,1,958.8000000000,965.0000000000,6.2000000000,983.6000000000,paper_101/ablation/results/37703.out
p3_logp_mofe_last_ffn_conloss,41,37703,960.6000000000,960.6000000000,1,,1,958.8000000000,965.0000000000,6.2000000000,983.6000000000,paper_101/ablation/results/37703.out
p3_logp_mofe_last_ffn_conloss,42,37703,963.2000000000,963.2000000000,1,,1,958.8000000000,965.0000000000,6.2000000000,983.6000000000,paper_101/ablation/results/37703.out
p3_logp_mofe_last_ffn_conloss,43,37703,964.8000000000,964.8000000000,1,,1,958.8000000000,965.0000000000,6.2000000000,983.6000000000,paper_101/ablation/results/37703.out
p3_logp_mofe_last_ffn_conloss,44,37703,961.4000000000,961.4000000000,1,,1,958.8000000000,965.0000000000,6.2000000000,983.6000000000,paper_101/ablation/results/37703.out
p3_logp_mofe_last_ffn_conloss,45,37703,965.0000000000,965.0000000000,1,,1,958.8000000000,965.0000000000,6.2000000000,983.6000000000,paper_101/ablation/results/37703.out
p3_logp_mofe_last_ffn_conloss,46,37703,968.1000000000,968.1000000000,1,,1,958.8000000000,965.0000000000,6.2000000000,983.6000000000,paper_101/ablation/results/37703.out
p3_logp_mofe_last_ffn_conloss,47,37703,967.2000000000,967.2000000000,1,,1,958.8000000000,965.0000000000,6.2000000000,983.6000000000,paper_101/ablation/results/37703.out
p3_logp_mofe_last_ffn_conloss,48,37703,967.0000000000,967.0000000000,1,,1,958.8000000000,965.0000000000,6.2000000000,983.6000000000,paper_101/ablation/results/37703.out
p3_logp_mofe_last_ffn_conloss,49,37703,968.5000000000,968.5000000000,1,,1,958.8000000000,965.0000000000,6.2000000000,983.6000000000,paper_101/ablation/results/37703.out
p3_logp_mofe_last_ffn_conloss,50,37703,966.3000000000,966.3000000000,1,,1,958.8000000000,965.0000000000,6.2000000000,983.6000000000,paper_101/ablation/results/37703.out
p3_logp_mofe_last_ffn_conloss,51,37703,967.6000000000,967.6000000000,1,,1,958.8000000000,965.0000000000,6.2000000000,983.6000000000,paper_101/ablation/results/37703.out
p3_logp_mofe_last_ffn_conloss,52,37703,967.6000000000,967.6000000000,1,,1,958.8000000000,965.0000000000,6.2000000000,983.6000000000,paper_101/ablation/results/37703.out
p3_logp_mofe_last_ffn_conloss,53,37703,965.9000000000,965.9000000000,1,,1,958.8000000000,965.0000000000,6.2000000000,983.6000000000,paper_101/ablation/results/37703.out
p3_logp_mofe_last_ffn_conloss,54,37703,965.6000000000,965.6000000000,1,,1,958.8000000000,965.0000000000,6.2000000000,983.6000000000,paper_101/ablation/results/37703.out
p3_logp_mofe_last_ffn_conloss,55,37703,965.5000000000,965.5000000000,1,,1,958.8000000000,965.0000000000,6.2000000000,983.6000000000,paper_101/ablation/results/37703.out
p3_logp_mofe_last_ffn_conloss,56,37703,966.9000000000,966.9000000000,1,,1,958.8000000000,965.0000000000,6.2000000000,983.6000000000,paper_101/ablation/results/37703.out
p3_logp_mofe_last_ffn_conloss,57,37703,965.0000000000,965.0000000000,1,,1,958.8000000000,965.0000000000,6.2000000000,983.6000000000,paper_101/ablation/results/37703.out
p3_logp_mofe_last_ffn_conloss,58,37703,966.1000000000,966.1000000000,1,,1,958.8000000000,965.0000000000,6.2000000000,983.6000000000,paper_101/ablation/results/37703.out
p3_logp_mofe_last_ffn_conloss,59,37703,966.4000000000,966.4000000000,1,,1,958.8000000000,965.0000000000,6.2000000000,983.6000000000,paper_101/ablation/results/37703.out
p3_logp_mofe_last_ffn_conloss,60,37703,964.8000000000,964.8000000000,1,,1,958.8000000000,965.0000000000,6.2000000000,983.6000000000,paper_101/ablation/results/37703.out
p3_logp_mofe_last_ffn_conloss,61,37703,966.9000000000,966.9000000000,1,,1,958.8000000000,965.0000000000,6.2000000000,983.6000000000,paper_101/ablation/results/37703.out
p3_logp_mofe_last_ffn_conloss,62,37703,966.1000000000,966.1000000000,1,,1,958.8000000000,965.0000000000,6.2000000000,983.6000000000,paper_101/ablation/results/37703.out
p3_logp_mofe_last_ffn_conloss,63,37703,967.1000000000,967.1000000000,1,,1,958.8000000000,965.0000000000,6.2000000000,983.6000000000,paper_101/ablation/results/37703.out
p3_logp_mofe_last_ffn_conloss,64,37703,963.7000000000,963.7000000000,1,,1,958.8000000000,965.0000000000,6.2000000000,983.6000000000,paper_101/ablation/results/37703.out
p3_logp_mofe_last_ffn_conloss,65,37703,961.2000000000,961.2000000000,1,,1,958.8000000000,965.0000000000,6.2000000000,983.6000000000,paper_101/ablation/results/37703.out
p3_logp_mofe_last_ffn_conloss,66,37703,964.5000000000,964.5000000000,1,,1,958.8000000000,965.0000000000,6.2000000000,983.6000000000,paper_101/ablation/results/37703.out
p3_logp_mofe_last_ffn_conloss,67,37703,963.7000000000,963.7000000000,1,,1,958.8000000000,965.0000000000,6.2000000000,983.6000000000,paper_101/ablation/results/37703.out
p3_logp_mofe_last_ffn_conloss,68,37703,964.1000000000,964.1000000000,1,,1,958.8000000000,965.0000000000,6.2000000000,983.6000000000,paper_101/ablation/results/37703.out
p3_logp_mofe_last_ffn_conloss,69,37703,963.4000000000,963.4000000000,1,,1,958.8000000000,965.0000000000,6.2000000000,983.6000000000,paper_101/ablation/results/37703.out
p3_logp_mofe_last_ffn_conloss,70,37703,964.5000000000,964.5000000000,1,,1,958.8000000000,965.0000000000,6.2000000000,983.6000000000,paper_101/ablation/results/37703.out
p3_logp_mofe_last_ffn_conloss,71,37703,964.6000000000,964.6000000000,1,,1,958.8000000000,965.0000000000,6.2000000000,983.6000000000,paper_101/ablation/results/37703.out
p3_logp_mofe_last_ffn_conloss,72,37703,962.1000000000,962.1000000000,1,,1,958.8000000000,965.0000000000,6.2000000000,983.6000000000,paper_101/ablation/results/37703.out
p3_logp_mofe_last_ffn_conloss,73,37703,963.5000000000,963.5000000000,1,,1,958.8000000000,965.0000000000,6.2000000000,983.6000000000,paper_101/ablation/results/37703.out
p3_logp_mofe_last_ffn_conloss,74,37703,966.7000000000,966.7000000000,1,,1,958.8000000000,965.0000000000,6.2000000000,983.6000000000,paper_101/ablation/results/37703.out
p3_logp_mofe_last_ffn_conloss,75,37703,965.7000000000,965.7000000000,1,,1,958.8000000000,965.0000000000,6.2000000000,983.6000000000,paper_101/ablation/results/37703.out
p3_logp_mofe_last_ffn_conloss,76,37703,966.0000000000,966.0000000000,1,,1,958.8000000000,965.0000000000,6.2000000000,983.6000000000,paper_101/ablation/results/37703.out
p3_logp_mofe_last_ffn_conloss,77,37703,964.8000000000,964.8000000000,1,,1,958.8000000000,965.0000000000,6.2000000000,983.6000000000,paper_101/ablation/results/37703.out
p3_logp_mofe_last_ffn_conloss,78,37703,964.7000000000,964.7000000000,1,,1,958.8000000000,965.0000000000,6.2000000000,983.6000000000,paper_101/ablation/results/37703.out
p3_logp_mofe_last_ffn_conloss,79,37703,964.3000000000,964.3000000000,1,,1,958.8000000000,965.0000000000,6.2000000000,983.6000000000,paper_101/ablation/results/37703.out
p3_logp_mofe_last_ffn_conloss,80,37703,964.6000000000,964.6000000000,1,,1,958.8000000000,965.0000000000,6.2000000000,983.6000000000,paper_101/ablation/results/37703.out
p3_logp_mofe_last_ffn_conloss,81,37703,963.1000000000,963.1000000000,1,,1,958.8000000000,965.0000000000,6.2000000000,983.6000000000,paper_101/ablation/results/37703.out
p3_logp_mofe_last_ffn_conloss,82,37703,965.1000000000,965.1000000000,1,,1,958.8000000000,965.0000000000,6.2000000000,983.6000000000,paper_101/ablation/results/37703.out
p3_logp_mofe_last_ffn_conloss,83,37703,963.5000000000,963.5000000000,1,,1,958.8000000000,965.0000000000,6.2000000000,983.6000000000,paper_101/ablation/results/37703.out
p3_logp_mofe_last_ffn_conloss,84,37703,963.9000000000,963.9000000000,1,,1,958.8000000000,965.0000000000,6.2000000000,983.6000000000,paper_101/ablation/results/37703.out
p3_logp_mofe_last_ffn_conloss,85,37703,963.9000000000,963.9000000000,1,,1,958.8000000000,965.0000000000,6.2000000000,983.6000000000,paper_101/ablation/results/37703.out
p3_logp_mofe_last_ffn_conloss,86,37703,964.4000000000,964.4000000000,1,,1,958.8000000000,965.0000000000,6.2000000000,983.6000000000,paper_101/ablation/results/37703.out
p3_logp_mofe_last_ffn_conloss,87,37703,963.8000000000,963.8000000000,1,,1,958.8000000000,965.0000000000,6.2000000000,983.6000000000,paper_101/ablation/results/37703.out
p3_logp_mofe_last_ffn_conloss,88,37703,964.3000000000,964.3000000000,1,,1,958.8000000000,965.0000000000,6.2000000000,983.6000000000,paper_101/ablation/results/37703.out
p3_logp_mofe_last_ffn_conloss,89,37703,963.1000000000,963.1000000000,1,,1,958.8000000000,965.0000000000,6.2000000000,983.6000000000,paper_101/ablation/results/37703.out
p3_logp_mofe_last_ffn_conloss,90,37703,964.1000000000,964.1000000000,1,,1,958.8000000000,965.0000000000,6.2000000000,983.6000000000,paper_101/ablation/results/37703.out
p3_logp_mofe_last_ffn_conloss,91,37703,969.9000000000,969.9000000000,1,,1,958.8000000000,965.0000000000,6.2000000000,983.6000000000,paper_101/ablation/results/37703.out
p3_logp_mofe_last_ffn_conloss,92,37703,965.0000000000,965.0000000000,1,,1,958.8000000000,965.0000000000,6.2000000000,983.6000000000,paper_101/ablation/results/37703.out
p3_logp_mofe_last_ffn_conloss,93,37703,964.2000000000,964.2000000000,1,,1,958.8000000000,965.0000000000,6.2000000000,983.6000000000,paper_101/ablation/results/37703.out
p3_logp_mofe_last_ffn_conloss,94,37703,965.2000000000,965.2000000000,1,,1,958.8000000000,965.0000000000,6.2000000000,983.6000000000,paper_101/ablation/results/37703.out
p3_logp_mofe_last_ffn_conloss,95,37703,964.7000000000,964.7000000000,1,,1,958.8000000000,965.0000000000,6.2000000000,983.6000000000,paper_101/ablation/results/37703.out
p3_logp_mofe_last_ffn_conloss,96,37703,964.4000000000,964.4000000000,1,,1,958.8000000000,965.0000000000,6.2000000000,983.6000000000,paper_101/ablation/results/37703.out
p3_logp_mofe_last_ffn_conloss,97,37703,965.0000000000,965.0000000000,1,,1,958.8000000000,965.0000000000,6.2000000000,983.6000000000,paper_101/ablation/results/37703.out
p3_logp_mofe_last_ffn_conloss,98,37703,964.2000000000,964.2000000000,1,,1,958.8000000000,965.0000000000,6.2000000000,983.6000000000,paper_101/ablation/results/37703.out
p3_logp_mofe_last_ffn_conloss,99,37703,964.4000000000,964.4000000000,1,,1,958.8000000000,965.0000000000,6.2000000000,983.6000000000,paper_101/ablation/results/37703.out
p3_logp_mofe_last_ffn_conloss,100,37703,965.6000000000,965.6000000000,1,,1,958.8000000000,965.0000000000,6.2000000000,983.6000000000,paper_101/ablation/results/37703.out
p3_logp_mofe_last_ffn_conloss,101,37703,961.0000000000,961.0000000000,1,,1,958.8000000000,965.0000000000,6.2000000000,983.6000000000,paper_101/ablation/results/37703.out
p3_logp_mofe_last_ffn_conloss,102,37703,956.9000000000,956.9000000000,1,,1,958.8000000000,965.0000000000,6.2000000000,983.6000000000,paper_101/ablation/results/37703.out
p3_logp_mofe_last_ffn_conloss,103,37703,958.4000000000,958.4000000000,1,,1,958.8000000000,965.0000000000,6.2000000000,983.6000000000,paper_101/ablation/results/37703.out
p3_logp_mofe_last_ffn_conloss,104,37703,959.0000000000,959.0000000000,1,,1,958.8000000000,965.0000000000,6.2000000000,983.6000000000,paper_101/ablation/results/37703.out
p3_logp_mofe_last_ffn_conloss,105,37703,958.3000000000,958.3000000000,1,,1,958.8000000000,965.0000000000,6.2000000000,983.6000000000,paper_101/ablation/results/37703.out
p3_logp_mofe_last_ffn_conloss,106,37703,958.7000000000,958.7000000000,1,,1,958.8000000000,965.0000000000,6.2000000000,983.6000000000,paper_101/ablation/results/37703.out
p3_logp_mofe_last_ffn_conloss,107,37703,958.9000000000,958.9000000000,1,,1,958.8000000000,965.0000000000,6.2000000000,983.6000000000,paper_101/ablation/results/37703.out
p3_logp_mofe_last_ffn_conloss,108,37703,958.6000000000,958.6000000000,1,,1,958.8000000000,965.0000000000,6.2000000000,983.6000000000,paper_101/ablation/results/37703.out
p3_logp_mofe_last_ffn_conloss,109,37703,959.0000000000,959.0000000000,1,,1,958.8000000000,965.0000000000,6.2000000000,983.6000000000,paper_101/ablation/results/37703.out
p3_logp_mofe_last_ffn_conloss,110,37703,957.9000000000,957.9000000000,1,,1,958.8000000000,965.0000000000,6.2000000000,983.6000000000,paper_101/ablation/results/37703.out
p3_logp_mofe_last_ffn_conloss,111,37703,958.6000000000,958.6000000000,1,,1,958.8000000000,965.0000000000,6.2000000000,983.6000000000,paper_101/ablation/results/37703.out
p3_logp_mofe_last_ffn_conloss,112,37703,959.3000000000,959.3000000000,1,,1,958.8000000000,965.0000000000,6.2000000000,983.6000000000,paper_101/ablation/results/37703.out
p3_logp_mofe_last_ffn_conloss,113,37703,958.8000000000,958.8000000000,1,,1,958.8000000000,965.0000000000,6.2000000000,983.6000000000,paper_101/ablation/results/37703.out
p3_logp_mofe_last_ffn_conloss,114,37703,959.5000000000,959.5000000000,1,,1,958.8000000000,965.0000000000,6.2000000000,983.6000000000,paper_101/ablation/results/37703.out
p3_logp_mofe_last_ffn_conloss,115,37703,960.5000000000,960.5000000000,1,,1,958.8000000000,965.0000000000,6.2000000000,983.6000000000,paper_101/ablation/results/37703.out
p3_logp_mofe_last_ffn_conloss,116,37703,958.6000000000,958.6000000000,1,,1,958.8000000000,965.0000000000,6.2000000000,983.6000000000,paper_101/ablation/results/37703.out
p3_logp_mofe_last_ffn_conloss,117,37703,959.1000000000,959.1000000000,1,,1,958.8000000000,965.0000000000,6.2000000000,983.6000000000,paper_101/ablation/results/37703.out
p3_logp_mofe_last_ffn_conloss,118,37703,959.1000000000,959.1000000000,1,,1,958.8000000000,965.0000000000,6.2000000000,983.6000000000,paper_101/ablation/results/37703.out
p3_logp_mofe_last_ffn_conloss,119,37703,958.1000000000,958.1000000000,1,,1,958.8000000000,965.0000000000,6.2000000000,983.6000000000,paper_101/ablation/results/37703.out
p3_logp_mofe_last_ffn_conloss,120,37703,958.4000000000,958.4000000000,1,,1,958.8000000000,965.0000000000,6.2000000000,983.6000000000,paper_101/ablation/results/37703.out
p3_logp_mofe_last_ffn_conloss,121,37703,958.7000000000,958.7000000000,1,,1,958.8000000000,965.0000000000,6.2000000000,983.6000000000,paper_101/ablation/results/37703.out
p3_logp_mofe_last_ffn_conloss,122,37703,958.1000000000,958.1000000000,1,,1,958.8000000000,965.0000000000,6.2000000000,983.6000000000,paper_101/ablation/results/37703.out
p3_logp_mofe_last_ffn_conloss,123,37703,959.0000000000,959.0000000000,1,,1,958.8000000000,965.0000000000,6.2000000000,983.6000000000,paper_101/ablation/results/37703.out
p3_logp_mofe_last_ffn_conloss,124,37703,957.3000000000,957.3000000000,1,,1,958.8000000000,965.0000000000,6.2000000000,983.6000000000,paper_101/ablation/results/37703.out
p3_logp_mofe_last_ffn_conloss,125,37703,957.6000000000,957.6000000000,1,,1,958.8000000000,965.0000000000,6.2000000000,983.6000000000,paper_101/ablation/results/37703.out
p3_logp_mofe_last_ffn_conloss,126,37703,957.5000000000,957.5000000000,1,,1,958.8000000000,965.0000000000,6.2000000000,983.6000000000,paper_101/ablation/results/37703.out
p3_logp_mofe_last_ffn_conloss,127,37703,958.6000000000,958.6000000000,1,,1,958.8000000000,965.0000000000,6.2000000000,983.6000000000,paper_101/ablation/results/37703.out
p3_logp_mofe_last_ffn_conloss,128,37703,957.4000000000,957.4000000000,1,,1,958.8000000000,965.0000000000,6.2000000000,983.6000000000,paper_101/ablation/results/37703.out
p3_logp_mofe_last_ffn_conloss,129,37703,956.7000000000,956.7000000000,1,,1,958.8000000000,965.0000000000,6.2000000000,983.6000000000,paper_101/ablation/results/37703.out
p3_logp_mofe_last_ffn_conloss,130,37703,956.8000000000,956.8000000000,1,,1,958.8000000000,965.0000000000,6.2000000000,983.6000000000,paper_101/ablation/results/37703.out
p3_logp_mofe_last_ffn_conloss,131,37703,957.6000000000,957.6000000000,1,,1,958.8000000000,965.0000000000,6.2000000000,983.6000000000,paper_101/ablation/results/37703.out
p3_logp_mofe_last_ffn_conloss,132,37703,957.2000000000,957.2000000000,1,,1,958.8000000000,965.0000000000,6.2000000000,983.6000000000,paper_101/ablation/results/37703.out
p3_logp_mofe_last_ffn_conloss,133,37703,957.7000000000,957.7000000000,1,,1,958.8000000000,965.0000000000,6.2000000000,983.6000000000,paper_101/ablation/results/37703.out
p3_logp_mofe_last_ffn_conloss,134,37703,958.8000000000,958.8000000000,1,,1,958.8000000000,965.0000000000,6.2000000000,983.6000000000,paper_101/ablation/results/37703.out
p3_logp_mofe_last_ffn_conloss,135,37703,956.5000000000,956.5000000000,1,,1,958.8000000000,965.0000000000,6.2000000000,983.6000000000,paper_101/ablation/results/37703.out
p3_logp_mofe_last_ffn_conloss,136,37703,957.2000000000,957.2000000000,1,,1,958.8000000000,965.0000000000,6.2000000000,983.6000000000,paper_101/ablation/results/37703.out
p3_logp_mofe_last_ffn_conloss,137,37703,958.0000000000,958.0000000000,1,,1,958.8000000000,965.0000000000,6.2000000000,983.6000000000,paper_101/ablation/results/37703.out
p3_logp_mofe_last_ffn_conloss,138,37703,958.6000000000,958.6000000000,1,,1,958.8000000000,965.0000000000,6.2000000000,983.6000000000,paper_101/ablation/results/37703.out
p3_logp_mofe_last_ffn_conloss,139,37703,959.0000000000,959.0000000000,1,,1,958.8000000000,965.0000000000,6.2000000000,983.6000000000,paper_101/ablation/results/37703.out
p3_logp_mofe_last_ffn_conloss,140,37703,959.4000000000,959.4000000000,1,,1,958.8000000000,965.0000000000,6.2000000000,983.6000000000,paper_101/ablation/results/37703.out
p3_logp_mofe_last_ffn_conloss,141,37703,959.8000000000,959.8000000000,1,,1,958.8000000000,965.0000000000,6.2000000000,983.6000000000,paper_101/ablation/results/37703.out
p3_logp_mofe_last_ffn_conloss,142,37703,960.6000000000,960.6000000000,1,,1,958.8000000000,965.0000000000,6.2000000000,983.6000000000,paper_101/ablation/results/37703.out
p3_logp_mofe_last_ffn_conloss,143,37703,959.4000000000,959.4000000000,1,,1,958.8000000000,965.0000000000,6.2000000000,983.6000000000,paper_101/ablation/results/37703.out
p3_logp_mofe_last_ffn_conloss,144,37703,960.1000000000,960.1000000000,1,,1,958.8000000000,965.0000000000,6.2000000000,983.6000000000,paper_101/ablation/results/37703.out
p3_logp_mofe_last_ffn_conloss,145,37703,959.6000000000,959.6000000000,1,,1,958.8000000000,965.0000000000,6.2000000000,983.6000000000,paper_101/ablation/results/37703.out
p3_logp_mofe_last_ffn_conloss,146,37703,972.9000000000,972.9000000000,1,,1,958.8000000000,965.0000000000,6.2000000000,983.6000000000,paper_101/ablation/results/37703.out
p3_logp_mofe_last_ffn_conloss,147,37703,986.9000000000,,0,high_duration_outer_fence,1,958.8000000000,965.0000000000,6.2000000000,983.6000000000,paper_101/ablation/results/37703.out
p3_logp_mofe_last_ffn_conloss,148,37703,964.7000000000,964.7000000000,1,,1,958.8000000000,965.0000000000,6.2000000000,983.6000000000,paper_101/ablation/results/37703.out
p3_logp_mofe_last_ffn_conloss,149,37703,957.6000000000,957.6000000000,1,,1,958.8000000000,965.0000000000,6.2000000000,983.6000000000,paper_101/ablation/results/37703.out
p3_logp_mofe_last_ffn_conloss,150,37703,958.1000000000,958.1000000000,1,,1,958.8000000000,965.0000000000,6.2000000000,983.6000000000,paper_101/ablation/results/37703.out
p3_logp_mofe_last_ffn_conloss,151,37703,956.7000000000,956.7000000000,1,,1,958.8000000000,965.0000000000,6.2000000000,983.6000000000,paper_101/ablation/results/37703.out
p3_logp_mofe_last_ffn_conloss,152,37703,959.9000000000,959.9000000000,1,,1,958.8000000000,965.0000000000,6.2000000000,983.6000000000,paper_101/ablation/results/37703.out
p3_logp_mofe_last_ffn_conloss,153,37703,957.5000000000,957.5000000000,1,,1,958.8000000000,965.0000000000,6.2000000000,983.6000000000,paper_101/ablation/results/37703.out
p3_logp_mofe_last_ffn_conloss,154,37703,958.1000000000,958.1000000000,1,,1,958.8000000000,965.0000000000,6.2000000000,983.6000000000,paper_101/ablation/results/37703.out
p3_logp_mofe_last_ffn_conloss,155,37703,957.5000000000,957.5000000000,1,,1,958.8000000000,965.0000000000,6.2000000000,983.6000000000,paper_101/ablation/results/37703.out
p3_logp_mofe_last_ffn_conloss,156,37703,963.4000000000,963.4000000000,1,,1,958.8000000000,965.0000000000,6.2000000000,983.6000000000,paper_101/ablation/results/37703.out
p3_logp_mofe_last_ffn_conloss,157,37703,967.3000000000,967.3000000000,1,,1,958.8000000000,965.0000000000,6.2000000000,983.6000000000,paper_101/ablation/results/37703.out
p3_logp_mofe_last_ffn_conloss,158,37703,964.8000000000,964.8000000000,1,,1,958.8000000000,965.0000000000,6.2000000000,983.6000000000,paper_101/ablation/results/37703.out
p3_logp_mofe_last_ffn_conloss,159,37703,989.2000000000,,0,high_duration_outer_fence,1,958.8000000000,965.0000000000,6.2000000000,983.6000000000,paper_101/ablation/results/37703.out
p3_logp_mofe_last_ffn_conloss,160,37703,968.1000000000,968.1000000000,1,,1,958.8000000000,965.0000000000,6.2000000000,983.6000000000,paper_101/ablation/results/37703.out
p3_logp_mofe_last_ffn_conloss,161,37703,964.9000000000,964.9000000000,1,,1,958.8000000000,965.0000000000,6.2000000000,983.6000000000,paper_101/ablation/results/37703.out
p3_logp_mofe_last_ffn_conloss,162,37703,964.8000000000,964.8000000000,1,,1,958.8000000000,965.0000000000,6.2000000000,983.6000000000,paper_101/ablation/results/37703.out
p3_logp_mofe_last_ffn_conloss,163,37703,964.5000000000,964.5000000000,1,,1,958.8000000000,965.0000000000,6.2000000000,983.6000000000,paper_101/ablation/results/37703.out
p3_logp_mofe_last_ffn_conloss,164,37703,965.3000000000,965.3000000000,1,,1,958.8000000000,965.0000000000,6.2000000000,983.6000000000,paper_101/ablation/results/37703.out
p3_logp_mofe_last_ffn_conloss,165,37703,964.2000000000,964.2000000000,1,,1,958.8000000000,965.0000000000,6.2000000000,983.6000000000,paper_101/ablation/results/37703.out
p3_logp_mofe_last_ffn_conloss,166,37703,963.2000000000,963.2000000000,1,,1,958.8000000000,965.0000000000,6.2000000000,983.6000000000,paper_101/ablation/results/37703.out
p3_logp_mofe_last_ffn_conloss,167,37703,963.7000000000,963.7000000000,1,,1,958.8000000000,965.0000000000,6.2000000000,983.6000000000,paper_101/ablation/results/37703.out
p3_logp_mofe_last_ffn_conloss,168,37703,963.7000000000,963.7000000000,1,,1,958.8000000000,965.0000000000,6.2000000000,983.6000000000,paper_101/ablation/results/37703.out
p3_logp_mofe_last_ffn_conloss,169,37703,964.3000000000,964.3000000000,1,,1,958.8000000000,965.0000000000,6.2000000000,983.6000000000,paper_101/ablation/results/37703.out
p3_logp_mofe_last_ffn_conloss,170,37703,964.1000000000,964.1000000000,1,,1,958.8000000000,965.0000000000,6.2000000000,983.6000000000,paper_101/ablation/results/37703.out
p3_logp_mofe_last_ffn_conloss,171,37703,964.6000000000,964.6000000000,1,,1,958.8000000000,965.0000000000,6.2000000000,983.6000000000,paper_101/ablation/results/37703.out
p3_logp_mofe_last_ffn_conloss,172,37703,963.6000000000,963.6000000000,1,,1,958.8000000000,965.0000000000,6.2000000000,983.6000000000,paper_101/ablation/results/37703.out
p3_logp_mofe_last_ffn_conloss,173,37703,962.9000000000,962.9000000000,1,,1,958.8000000000,965.0000000000,6.2000000000,983.6000000000,paper_101/ablation/results/37703.out
p3_logp_mofe_last_ffn_conloss,174,37703,963.2000000000,963.2000000000,1,,1,958.8000000000,965.0000000000,6.2000000000,983.6000000000,paper_101/ablation/results/37703.out
p3_logp_mofe_last_ffn_conloss,175,37703,963.8000000000,963.8000000000,1,,1,958.8000000000,965.0000000000,6.2000000000,983.6000000000,paper_101/ablation/results/37703.out
p3_logp_mofe_last_ffn_conloss,176,37703,963.1000000000,963.1000000000,1,,1,958.8000000000,965.0000000000,6.2000000000,983.6000000000,paper_101/ablation/results/37703.out
p3_logp_mofe_last_ffn_conloss,177,37703,964.8000000000,964.8000000000,1,,1,958.8000000000,965.0000000000,6.2000000000,983.6000000000,paper_101/ablation/results/37703.out
p3_logp_mofe_last_ffn_conloss,178,37703,963.4000000000,963.4000000000,1,,1,958.8000000000,965.0000000000,6.2000000000,983.6000000000,paper_101/ablation/results/37703.out
p3_logp_mofe_last_ffn_conloss,179,37703,963.8000000000,963.8000000000,1,,1,958.8000000000,965.0000000000,6.2000000000,983.6000000000,paper_101/ablation/results/37703.out
p3_logp_mofe_last_ffn_conloss,180,37703,964.9000000000,964.9000000000,1,,1,958.8000000000,965.0000000000,6.2000000000,983.6000000000,paper_101/ablation/results/37703.out
p3_logp_mofe_last_ffn_conloss,181,37703,965.1000000000,965.1000000000,1,,1,958.8000000000,965.0000000000,6.2000000000,983.6000000000,paper_101/ablation/results/37703.out
p3_logp_mofe_last_ffn_conloss,182,37703,964.5000000000,964.5000000000,1,,1,958.8000000000,965.0000000000,6.2000000000,983.6000000000,paper_101/ablation/results/37703.out
p3_logp_mofe_last_ffn_conloss,183,37703,964.1000000000,964.1000000000,1,,1,958.8000000000,965.0000000000,6.2000000000,983.6000000000,paper_101/ablation/results/37703.out
p3_logp_mofe_last_ffn_conloss,184,37703,963.1000000000,963.1000000000,1,,1,958.8000000000,965.0000000000,6.2000000000,983.6000000000,paper_101/ablation/results/37703.out
p3_logp_mofe_last_ffn_conloss,185,37703,963.6000000000,963.6000000000,1,,1,958.8000000000,965.0000000000,6.2000000000,983.6000000000,paper_101/ablation/results/37703.out
p3_logp_mofe_last_ffn_conloss,186,37703,963.5000000000,963.5000000000,1,,1,958.8000000000,965.0000000000,6.2000000000,983.6000000000,paper_101/ablation/results/37703.out
p3_logp_mofe_last_ffn_conloss,187,37703,965.0000000000,965.0000000000,1,,1,958.8000000000,965.0000000000,6.2000000000,983.6000000000,paper_101/ablation/results/37703.out
p3_logp_mofe_last_ffn_conloss,188,37703,963.8000000000,963.8000000000,1,,1,958.8000000000,965.0000000000,6.2000000000,983.6000000000,paper_101/ablation/results/37703.out
p3_logp_mofe_last_ffn_conloss,189,37703,963.3000000000,963.3000000000,1,,1,958.8000000000,965.0000000000,6.2000000000,983.6000000000,paper_101/ablation/results/37703.out
p3_logp_mofe_last_ffn_conloss,190,37703,966.4000000000,966.4000000000,1,,1,958.8000000000,965.0000000000,6.2000000000,983.6000000000,paper_101/ablation/results/37703.out
p3_logp_mofe_last_ffn_conloss,191,37703,964.4000000000,964.4000000000,1,,1,958.8000000000,965.0000000000,6.2000000000,983.6000000000,paper_101/ablation/results/37703.out
p3_logp_mofe_last_ffn_conloss,192,37703,964.2000000000,964.2000000000,1,,1,958.8000000000,965.0000000000,6.2000000000,983.6000000000,paper_101/ablation/results/37703.out
p3_logp_mofe_last_ffn_conloss,193,37703,965.8000000000,965.8000000000,1,,1,958.8000000000,965.0000000000,6.2000000000,983.6000000000,paper_101/ablation/results/37703.out
p3_logp_mofe_last_ffn_conloss,194,37703,965.8000000000,965.8000000000,1,,1,958.8000000000,965.0000000000,6.2000000000,983.6000000000,paper_101/ablation/results/37703.out
p3_logp_mofe_last_ffn_conloss,195,37703,966.2000000000,966.2000000000,1,,1,958.8000000000,965.0000000000,6.2000000000,983.6000000000,paper_101/ablation/results/37703.out
p3_logp_mofe_last_ffn_conloss,196,37703,965.3000000000,965.3000000000,1,,1,958.8000000000,965.0000000000,6.2000000000,983.6000000000,paper_101/ablation/results/37703.out
p3_logp_mofe_last_ffn_conloss,197,37703,965.9000000000,965.9000000000,1,,1,958.8000000000,965.0000000000,6.2000000000,983.6000000000,paper_101/ablation/results/37703.out
p3_logp_mofe_last_ffn_conloss,198,37703,973.7000000000,973.7000000000,1,,1,958.8000000000,965.0000000000,6.2000000000,983.6000000000,paper_101/ablation/results/37703.out
p3_logp_mofe_last_ffn_conloss,199,37703,967.2000000000,967.2000000000,1,,1,958.8000000000,965.0000000000,6.2000000000,983.6000000000,paper_101/ablation/results/37703.out
p3_logp_mofe_last_ffn_conloss,200,37703,967.9000000000,967.9000000000,1,,1,958.8000000000,965.0000000000,6.2000000000,983.6000000000,paper_101/ablation/results/37703.out
p3_logp_mofe_last_ffn_conloss,201,37703,966.1000000000,966.1000000000,1,,1,958.8000000000,965.0000000000,6.2000000000,983.6000000000,paper_101/ablation/results/37703.out
p3_logp_mofe_last_ffn_conloss,202,37703,965.8000000000,965.8000000000,1,,1,958.8000000000,965.0000000000,6.2000000000,983.6000000000,paper_101/ablation/results/37703.out
p3_logp_mofe_last_ffn_conloss,203,37703,967.1000000000,967.1000000000,1,,1,958.8000000000,965.0000000000,6.2000000000,983.6000000000,paper_101/ablation/results/37703.out
p3_logp_mofe_last_ffn_conloss,204,37703,969.4000000000,969.4000000000,1,,1,958.8000000000,965.0000000000,6.2000000000,983.6000000000,paper_101/ablation/results/37703.out
p3_logp_mofe_last_ffn_conloss,205,37703,973.6000000000,973.6000000000,1,,1,958.8000000000,965.0000000000,6.2000000000,983.6000000000,paper_101/ablation/results/37703.out
p3_logp_mofe_last_ffn_conloss,206,37703,980.2000000000,980.2000000000,1,,1,958.8000000000,965.0000000000,6.2000000000,983.6000000000,paper_101/ablation/results/37703.out
p3_logp_mofe_last_ffn_conloss,207,37703,996.8000000000,,0,high_duration_outer_fence,1,958.8000000000,965.0000000000,6.2000000000,983.6000000000,paper_101/ablation/results/37703.out
p3_logp_mofe_last_ffn_conloss,208,37703,1011.8000000000,,0,high_duration_outer_fence,1,958.8000000000,965.0000000000,6.2000000000,983.6000000000,paper_101/ablation/results/37703.out
p3_logp_mofe_last_ffn_conloss,209,37703,1009.4000000000,,0,high_duration_outer_fence,1,958.8000000000,965.0000000000,6.2000000000,983.6000000000,paper_101/ablation/results/37703.out
p3_logp_mofe_last_ffn_conloss,210,37703,975.6000000000,975.6000000000,1,,1,958.8000000000,965.0000000000,6.2000000000,983.6000000000,paper_101/ablation/results/37703.out
p3_logp_mofe_last_ffn_conloss,211,37703,965.4000000000,965.4000000000,1,,1,958.8000000000,965.0000000000,6.2000000000,983.6000000000,paper_101/ablation/results/37703.out
p3_logp_mofe_last_ffn_conloss,212,37703,964.6000000000,964.6000000000,1,,1,958.8000000000,965.0000000000,6.2000000000,983.6000000000,paper_101/ablation/results/37703.out
p3_logp_mofe_last_ffn_conloss,213,37703,964.3000000000,964.3000000000,1,,1,958.8000000000,965.0000000000,6.2000000000,983.6000000000,paper_101/ablation/results/37703.out
p3_logp_mofe_last_ffn_conloss,214,37703,964.4000000000,964.4000000000,1,,1,958.8000000000,965.0000000000,6.2000000000,983.6000000000,paper_101/ablation/results/37703.out
p3_logp_mofe_last_ffn_conloss,215,37703,965.8000000000,965.8000000000,1,,1,958.8000000000,965.0000000000,6.2000000000,983.6000000000,paper_101/ablation/results/37703.out
p3_logp_mofe_last_ffn_conloss,216,37703,965.2000000000,965.2000000000,1,,1,958.8000000000,965.0000000000,6.2000000000,983.6000000000,paper_101/ablation/results/37703.out
p3_logp_mofe_last_ffn_conloss,217,37703,963.9000000000,963.9000000000,1,,1,958.8000000000,965.0000000000,6.2000000000,983.6000000000,paper_101/ablation/results/37703.out
p3_logp_mofe_last_ffn_conloss,218,37703,963.8000000000,963.8000000000,1,,1,958.8000000000,965.0000000000,6.2000000000,983.6000000000,paper_101/ablation/results/37703.out
p3_logp_mofe_last_ffn_conloss,219,37703,964.0000000000,964.0000000000,1,,1,958.8000000000,965.0000000000,6.2000000000,983.6000000000,paper_101/ablation/results/37703.out
p3_logp_mofe_last_ffn_conloss,220,37703,963.6000000000,963.6000000000,1,,1,958.8000000000,965.0000000000,6.2000000000,983.6000000000,paper_101/ablation/results/37703.out
p3_logp_mofe_last_ffn_conloss,221,37703,964.3000000000,964.3000000000,1,,1,958.8000000000,965.0000000000,6.2000000000,983.6000000000,paper_101/ablation/results/37703.out
p3_logp_mofe_last_ffn_conloss,222,37703,961.9000000000,961.9000000000,1,,1,958.8000000000,965.0000000000,6.2000000000,983.6000000000,paper_101/ablation/results/37703.out
p3_logp_mofe_last_ffn_conloss,223,37703,964.0000000000,964.0000000000,1,,1,958.8000000000,965.0000000000,6.2000000000,983.6000000000,paper_101/ablation/results/37703.out
p3_logp_mofe_last_ffn_conloss,224,37703,979.5000000000,979.5000000000,1,,1,958.8000000000,965.0000000000,6.2000000000,983.6000000000,paper_101/ablation/results/37703.out
p3_logp_mofe_last_ffn_conloss,225,37703,969.9000000000,969.9000000000,1,,1,958.8000000000,965.0000000000,6.2000000000,983.6000000000,paper_101/ablation/results/37703.out
p3_logp_mofe_last_ffn_conloss,226,37703,967.2000000000,967.2000000000,1,,1,958.8000000000,965.0000000000,6.2000000000,983.6000000000,paper_101/ablation/results/37703.out
p3_logp_mofe_last_ffn_conloss,227,37703,964.0000000000,964.0000000000,1,,1,958.8000000000,965.0000000000,6.2000000000,983.6000000000,paper_101/ablation/results/37703.out
p3_logp_mofe_last_ffn_conloss,228,37703,962.8000000000,962.8000000000,1,,1,958.8000000000,965.0000000000,6.2000000000,983.6000000000,paper_101/ablation/results/37703.out
p3_logp_mofe_last_ffn_conloss,229,37703,964.9000000000,964.9000000000,1,,1,958.8000000000,965.0000000000,6.2000000000,983.6000000000,paper_101/ablation/results/37703.out
p3_logp_mofe_last_ffn_conloss,230,37703,964.0000000000,964.0000000000,1,,1,958.8000000000,965.0000000000,6.2000000000,983.6000000000,paper_101/ablation/results/37703.out
p3_logp_mofe_last_ffn_conloss,231,37703,965.0000000000,965.0000000000,1,,1,958.8000000000,965.0000000000,6.2000000000,983.6000000000,paper_101/ablation/results/37703.out
p3_logp_mofe_last_ffn_conloss,232,37703,964.1000000000,964.1000000000,1,,1,958.8000000000,965.0000000000,6.2000000000,983.6000000000,paper_101/ablation/results/37703.out
p3_logp_mofe_last_ffn_conloss,233,37703,964.4000000000,964.4000000000,1,,1,958.8000000000,965.0000000000,6.2000000000,983.6000000000,paper_101/ablation/results/37703.out
p3_logp_mofe_last_ffn_conloss,234,37703,964.2000000000,964.2000000000,1,,1,958.8000000000,965.0000000000,6.2000000000,983.6000000000,paper_101/ablation/results/37703.out
p3_logp_mofe_last_ffn_conloss,235,37703,968.9000000000,968.9000000000,1,,1,958.8000000000,965.0000000000,6.2000000000,983.6000000000,paper_101/ablation/results/37703.out
p3_logp_mofe_last_ffn_conloss,236,37703,967.9000000000,967.9000000000,1,,1,958.8000000000,965.0000000000,6.2000000000,983.6000000000,paper_101/ablation/results/37703.out
p3_logp_mofe_last_ffn_conloss,237,37703,968.1000000000,968.1000000000,1,,1,958.8000000000,965.0000000000,6.2000000000,983.6000000000,paper_101/ablation/results/37703.out
p3_logp_mofe_last_ffn_conloss,238,37703,966.1000000000,966.1000000000,1,,1,958.8000000000,965.0000000000,6.2000000000,983.6000000000,paper_101/ablation/results/37703.out
p3_logp_mofe_last_ffn_conloss,239,37703,969.2000000000,969.2000000000,1,,1,958.8000000000,965.0000000000,6.2000000000,983.6000000000,paper_101/ablation/results/37703.out
p3_logp_mofe_last_ffn_conloss,240,37703,975.3000000000,975.3000000000,1,,1,958.8000000000,965.0000000000,6.2000000000,983.6000000000,paper_101/ablation/results/37703.out
p3_logp_mofe_last_ffn_conloss,241,37703,963.0000000000,963.0000000000,1,,1,958.8000000000,965.0000000000,6.2000000000,983.6000000000,paper_101/ablation/results/37703.out
p3_logp_mofe_last_ffn_conloss,242,37703,965.6000000000,965.6000000000,1,,1,958.8000000000,965.0000000000,6.2000000000,983.6000000000,paper_101/ablation/results/37703.out
p3_logp_mofe_last_ffn_conloss,243,37703,964.3000000000,964.3000000000,1,,1,958.8000000000,965.0000000000,6.2000000000,983.6000000000,paper_101/ablation/results/37703.out
p3_logp_mofe_last_ffn_conloss,244,37703,963.9000000000,963.9000000000,1,,1,958.8000000000,965.0000000000,6.2000000000,983.6000000000,paper_101/ablation/results/37703.out
p3_logp_mofe_last_ffn_conloss,245,37703,963.9000000000,963.9000000000,1,,1,958.8000000000,965.0000000000,6.2000000000,983.6000000000,paper_101/ablation/results/37703.out
p3_logp_mofe_last_ffn_conloss,246,37703,974.0000000000,974.0000000000,1,,1,958.8000000000,965.0000000000,6.2000000000,983.6000000000,paper_101/ablation/results/37703.out
p3_logp_mofe_last_ffn_conloss,247,37703,971.0000000000,971.0000000000,1,,1,958.8000000000,965.0000000000,6.2000000000,983.6000000000,paper_101/ablation/results/37703.out
p3_logp_mofe_last_ffn_conloss,248,37703,965.5000000000,965.5000000000,1,,1,958.8000000000,965.0000000000,6.2000000000,983.6000000000,paper_101/ablation/results/37703.out
p3_logp_mofe_last_ffn_conloss,249,37703,964.6000000000,964.6000000000,1,,1,958.8000000000,965.0000000000,6.2000000000,983.6000000000,paper_101/ablation/results/37703.out
p3_logp_mofe_last_ffn_conloss,250,37703,960.7000000000,960.7000000000,1,,1,958.8000000000,965.0000000000,6.2000000000,983.6000000000,paper_101/ablation/results/37703.out
p3_logp_mofe_last_ffn_conloss,251,37703,960.4000000000,960.4000000000,1,,1,958.8000000000,965.0000000000,6.2000000000,983.6000000000,paper_101/ablation/results/37703.out
p3_logp_mofe_last_ffn_conloss,252,37703,957.1000000000,957.1000000000,1,,1,958.8000000000,965.0000000000,6.2000000000,983.6000000000,paper_101/ablation/results/37703.out
p3_logp_mofe_last_ffn_conloss,253,37703,956.0000000000,956.0000000000,1,,1,958.8000000000,965.0000000000,6.2000000000,983.6000000000,paper_101/ablation/results/37703.out
p3_logp_mofe_last_ffn_conloss,254,37703,958.5000000000,958.5000000000,1,,1,958.8000000000,965.0000000000,6.2000000000,983.6000000000,paper_101/ablation/results/37703.out
p3_logp_mofe_last_ffn_conloss,255,37703,960.6000000000,960.6000000000,1,,1,958.8000000000,965.0000000000,6.2000000000,983.6000000000,paper_101/ablation/results/37703.out
p3_logp_mofe_last_ffn_conloss,256,37703,959.3000000000,959.3000000000,1,,1,958.8000000000,965.0000000000,6.2000000000,983.6000000000,paper_101/ablation/results/37703.out
p3_logp_mofe_last_ffn_conloss,257,37703,973.5000000000,973.5000000000,1,,1,958.8000000000,965.0000000000,6.2000000000,983.6000000000,paper_101/ablation/results/37703.out
p3_logp_mofe_last_ffn_conloss,258,37703,970.2000000000,970.2000000000,1,,1,958.8000000000,965.0000000000,6.2000000000,983.6000000000,paper_101/ablation/results/37703.out
p3_logp_mofe_last_ffn_conloss,259,37703,966.7000000000,966.7000000000,1,,1,958.8000000000,965.0000000000,6.2000000000,983.6000000000,paper_101/ablation/results/37703.out
p3_logp_mofe_last_ffn_conloss,260,37703,954.2000000000,954.2000000000,1,,1,958.8000000000,965.0000000000,6.2000000000,983.6000000000,paper_101/ablation/results/37703.out
p3_logp_mofe_last_ffn_conloss,261,37703,950.7000000000,950.7000000000,1,,1,958.8000000000,965.0000000000,6.2000000000,983.6000000000,paper_101/ablation/results/37703.out
p3_logp_mofe_last_ffn_conloss,262,37703,952.2000000000,952.2000000000,1,,1,958.8000000000,965.0000000000,6.2000000000,983.6000000000,paper_101/ablation/results/37703.out
p3_logp_mofe_last_ffn_conloss,263,37703,952.8000000000,952.8000000000,1,,1,958.8000000000,965.0000000000,6.2000000000,983.6000000000,paper_101/ablation/results/37703.out
p3_logp_mofe_last_ffn_conloss,264,37703,952.0000000000,952.0000000000,1,,1,958.8000000000,965.0000000000,6.2000000000,983.6000000000,paper_101/ablation/results/37703.out
p3_logp_mofe_last_ffn_conloss,265,37703,951.7000000000,951.7000000000,1,,1,958.8000000000,965.0000000000,6.2000000000,983.6000000000,paper_101/ablation/results/37703.out
p3_logp_mofe_last_ffn_conloss,266,37703,949.9000000000,949.9000000000,1,,1,958.8000000000,965.0000000000,6.2000000000,983.6000000000,paper_101/ablation/results/37703.out
p3_logp_mofe_last_ffn_conloss,267,37703,946.8000000000,946.8000000000,1,,1,958.8000000000,965.0000000000,6.2000000000,983.6000000000,paper_101/ablation/results/37703.out
p3_logp_mofe_last_ffn_conloss,268,37703,945.9000000000,945.9000000000,1,,1,958.8000000000,965.0000000000,6.2000000000,983.6000000000,paper_101/ablation/results/37703.out
p3_logp_mofe_last_ffn_conloss,269,37703,947.1000000000,947.1000000000,1,,1,958.8000000000,965.0000000000,6.2000000000,983.6000000000,paper_101/ablation/results/37703.out
p3_logp_mofe_last_ffn_conloss,270,37703,950.8000000000,950.8000000000,1,,1,958.8000000000,965.0000000000,6.2000000000,983.6000000000,paper_101/ablation/results/37703.out
p3_logp_mofe_last_ffn_conloss,271,37703,947.5000000000,947.5000000000,1,,1,958.8000000000,965.0000000000,6.2000000000,983.6000000000,paper_101/ablation/results/37703.out
p3_logp_mofe_last_ffn_conloss,272,37703,992.9000000000,,0,high_duration_outer_fence,1,958.8000000000,965.0000000000,6.2000000000,983.6000000000,paper_101/ablation/results/37703.out
p3_logp_mofe_last_ffn_conloss,273,37703,1047.4000000000,,0,high_duration_outer_fence,1,958.8000000000,965.0000000000,6.2000000000,983.6000000000,paper_101/ablation/results/37703.out
p3_logp_mofe_last_ffn_conloss,274,37703,951.3000000000,951.3000000000,1,,1,958.8000000000,965.0000000000,6.2000000000,983.6000000000,paper_101/ablation/results/37703.out
p3_logp_mofe_last_ffn_conloss,275,37703,950.4000000000,950.4000000000,1,,1,958.8000000000,965.0000000000,6.2000000000,983.6000000000,paper_101/ablation/results/37703.out
p3_logp_mofe_last_ffn_conloss,276,37703,952.6000000000,952.6000000000,1,,1,958.8000000000,965.0000000000,6.2000000000,983.6000000000,paper_101/ablation/results/37703.out
p3_logp_mofe_last_ffn_conloss,277,37703,949.2000000000,949.2000000000,1,,1,958.8000000000,965.0000000000,6.2000000000,983.6000000000,paper_101/ablation/results/37703.out
p3_logp_mofe_last_ffn_conloss,278,37703,952.3000000000,952.3000000000,1,,1,958.8000000000,965.0000000000,6.2000000000,983.6000000000,paper_101/ablation/results/37703.out
p3_logp_mofe_last_ffn_conloss,279,37703,952.8000000000,952.8000000000,1,,1,958.8000000000,965.0000000000,6.2000000000,983.6000000000,paper_101/ablation/results/37703.out
p3_logp_mofe_last_ffn_conloss,280,37703,953.2000000000,953.2000000000,1,,1,958.8000000000,965.0000000000,6.2000000000,983.6000000000,paper_101/ablation/results/37703.out
p3_logp_mofe_last_ffn_conloss,281,37703,953.6000000000,953.6000000000,1,,1,958.8000000000,965.0000000000,6.2000000000,983.6000000000,paper_101/ablation/results/37703.out
p3_logp_mofe_last_ffn_conloss,282,37703,953.0000000000,953.0000000000,1,,1,958.8000000000,965.0000000000,6.2000000000,983.6000000000,paper_101/ablation/results/37703.out
p3_logp_mofe_last_ffn_conloss,283,37703,953.5000000000,953.5000000000,1,,1,958.8000000000,965.0000000000,6.2000000000,983.6000000000,paper_101/ablation/results/37703.out
p3_logp_mofe_last_ffn_conloss,284,37703,955.0000000000,955.0000000000,1,,1,958.8000000000,965.0000000000,6.2000000000,983.6000000000,paper_101/ablation/results/37703.out
p3_logp_mofe_last_ffn_conloss,285,37703,953.3000000000,953.3000000000,1,,1,958.8000000000,965.0000000000,6.2000000000,983.6000000000,paper_101/ablation/results/37703.out
p3_logp_mofe_last_ffn_conloss,286,37703,951.7000000000,951.7000000000,1,,1,958.8000000000,965.0000000000,6.2000000000,983.6000000000,paper_101/ablation/results/37703.out
p3_logp_mofe_last_ffn_conloss,287,37703,951.6000000000,951.6000000000,1,,1,958.8000000000,965.0000000000,6.2000000000,983.6000000000,paper_101/ablation/results/37703.out
p3_logp_mofe_last_ffn_conloss,288,37703,952.2000000000,952.2000000000,1,,1,958.8000000000,965.0000000000,6.2000000000,983.6000000000,paper_101/ablation/results/37703.out
p3_logp_mofe_last_ffn_conloss,289,37703,950.1000000000,950.1000000000,1,,1,958.8000000000,965.0000000000,6.2000000000,983.6000000000,paper_101/ablation/results/37703.out
p3_logp_mofe_last_ffn_conloss,290,37703,952.9000000000,952.9000000000,1,,1,958.8000000000,965.0000000000,6.2000000000,983.6000000000,paper_101/ablation/results/37703.out
p3_logp_mofe_last_ffn_conloss,291,37703,948.3000000000,948.3000000000,1,,1,958.8000000000,965.0000000000,6.2000000000,983.6000000000,paper_101/ablation/results/37703.out
p3_logp_mofe_last_ffn_conloss,292,37703,947.5000000000,947.5000000000,1,,1,958.8000000000,965.0000000000,6.2000000000,983.6000000000,paper_101/ablation/results/37703.out
p3_logp_mofe_last_ffn_conloss,293,37703,946.9000000000,946.9000000000,1,,1,958.8000000000,965.0000000000,6.2000000000,983.6000000000,paper_101/ablation/results/37703.out
p3_logp_mofe_last_ffn_conloss,294,37703,946.8000000000,946.8000000000,1,,1,958.8000000000,965.0000000000,6.2000000000,983.6000000000,paper_101/ablation/results/37703.out
p3_logp_mofe_last_ffn_conloss,295,37703,947.1000000000,947.1000000000,1,,1,958.8000000000,965.0000000000,6.2000000000,983.6000000000,paper_101/ablation/results/37703.out
p3_logp_mofe_last_ffn_conloss,296,37703,947.9000000000,947.9000000000,1,,1,958.8000000000,965.0000000000,6.2000000000,983.6000000000,paper_101/ablation/results/37703.out
p3_logp_mofe_last_ffn_conloss,297,37703,948.6000000000,948.6000000000,1,,1,958.8000000000,965.0000000000,6.2000000000,983.6000000000,paper_101/ablation/results/37703.out
p3_logp_mofe_last_ffn_conloss,298,37703,948.7000000000,948.7000000000,1,,1,958.8000000000,965.0000000000,6.2000000000,983.6000000000,paper_101/ablation/results/37703.out
p3_logp_mofe_last_ffn_conloss,299,37703,952.7000000000,952.7000000000,1,,1,958.8000000000,965.0000000000,6.2000000000,983.6000000000,paper_101/ablation/results/37703.out
p3_logp_mofe_last_ffn_conloss,300,37703,950.2000000000,950.2000000000,1,,1,958.8000000000,965.0000000000,6.2000000000,983.6000000000,paper_101/ablation/results/37703.out
p3_tpsa_mofe_last_all_kan,1,37712,1068.0000000000,,0,segment_startup,1,1046.1000000000,1069.2000000000,23.1000000000,1138.5000000000,paper_101/ablation/results/37712.out
p3_tpsa_mofe_last_all_kan,2,37712,1065.6000000000,1065.6000000000,1,,1,1046.1000000000,1069.2000000000,23.1000000000,1138.5000000000,paper_101/ablation/results/37712.out
p3_tpsa_mofe_last_all_kan,3,37712,1071.4000000000,1071.4000000000,1,,1,1046.1000000000,1069.2000000000,23.1000000000,1138.5000000000,paper_101/ablation/results/37712.out
p3_tpsa_mofe_last_all_kan,4,37712,1093.2000000000,1093.2000000000,1,,1,1046.1000000000,1069.2000000000,23.1000000000,1138.5000000000,paper_101/ablation/results/37712.out
p3_tpsa_mofe_last_all_kan,5,37712,1071.2000000000,1071.2000000000,1,,1,1046.1000000000,1069.2000000000,23.1000000000,1138.5000000000,paper_101/ablation/results/37712.out
p3_tpsa_mofe_last_all_kan,6,37712,1070.9000000000,1070.9000000000,1,,1,1046.1000000000,1069.2000000000,23.1000000000,1138.5000000000,paper_101/ablation/results/37712.out
p3_tpsa_mofe_last_all_kan,7,37712,1070.2000000000,1070.2000000000,1,,1,1046.1000000000,1069.2000000000,23.1000000000,1138.5000000000,paper_101/ablation/results/37712.out
p3_tpsa_mofe_last_all_kan,8,37712,1071.4000000000,1071.4000000000,1,,1,1046.1000000000,1069.2000000000,23.1000000000,1138.5000000000,paper_101/ablation/results/37712.out
p3_tpsa_mofe_last_all_kan,9,37712,1070.8000000000,1070.8000000000,1,,1,1046.1000000000,1069.2000000000,23.1000000000,1138.5000000000,paper_101/ablation/results/37712.out
p3_tpsa_mofe_last_all_kan,10,37712,1069.7000000000,1069.7000000000,1,,1,1046.1000000000,1069.2000000000,23.1000000000,1138.5000000000,paper_101/ablation/results/37712.out
p3_tpsa_mofe_last_all_kan,11,37712,1070.4000000000,1070.4000000000,1,,1,1046.1000000000,1069.2000000000,23.1000000000,1138.5000000000,paper_101/ablation/results/37712.out
p3_tpsa_mofe_last_all_kan,12,37712,1068.3000000000,1068.3000000000,1,,1,1046.1000000000,1069.2000000000,23.1000000000,1138.5000000000,paper_101/ablation/results/37712.out
p3_tpsa_mofe_last_all_kan,13,37712,1070.8000000000,1070.8000000000,1,,1,1046.1000000000,1069.2000000000,23.1000000000,1138.5000000000,paper_101/ablation/results/37712.out
p3_tpsa_mofe_last_all_kan,14,37712,1069.3000000000,1069.3000000000,1,,1,1046.1000000000,1069.2000000000,23.1000000000,1138.5000000000,paper_101/ablation/results/37712.out
p3_tpsa_mofe_last_all_kan,15,37712,1068.3000000000,1068.3000000000,1,,1,1046.1000000000,1069.2000000000,23.1000000000,1138.5000000000,paper_101/ablation/results/37712.out
p3_tpsa_mofe_last_all_kan,16,37712,1070.0000000000,1070.0000000000,1,,1,1046.1000000000,1069.2000000000,23.1000000000,1138.5000000000,paper_101/ablation/results/37712.out
p3_tpsa_mofe_last_all_kan,17,37712,1068.7000000000,1068.7000000000,1,,1,1046.1000000000,1069.2000000000,23.1000000000,1138.5000000000,paper_101/ablation/results/37712.out
p3_tpsa_mofe_last_all_kan,18,37712,1069.2000000000,1069.2000000000,1,,1,1046.1000000000,1069.2000000000,23.1000000000,1138.5000000000,paper_101/ablation/results/37712.out
p3_tpsa_mofe_last_all_kan,19,37712,1068.8000000000,1068.8000000000,1,,1,1046.1000000000,1069.2000000000,23.1000000000,1138.5000000000,paper_101/ablation/results/37712.out
p3_tpsa_mofe_last_all_kan,20,37712,1069.0000000000,1069.0000000000,1,,1,1046.1000000000,1069.2000000000,23.1000000000,1138.5000000000,paper_101/ablation/results/37712.out
p3_tpsa_mofe_last_all_kan,21,37712,1066.9000000000,1066.9000000000,1,,1,1046.1000000000,1069.2000000000,23.1000000000,1138.5000000000,paper_101/ablation/results/37712.out
p3_tpsa_mofe_last_all_kan,22,37712,1070.8000000000,1070.8000000000,1,,1,1046.1000000000,1069.2000000000,23.1000000000,1138.5000000000,paper_101/ablation/results/37712.out
p3_tpsa_mofe_last_all_kan,23,37712,1071.2000000000,1071.2000000000,1,,1,1046.1000000000,1069.2000000000,23.1000000000,1138.5000000000,paper_101/ablation/results/37712.out
p3_tpsa_mofe_last_all_kan,24,37712,1069.6000000000,1069.6000000000,1,,1,1046.1000000000,1069.2000000000,23.1000000000,1138.5000000000,paper_101/ablation/results/37712.out
p3_tpsa_mofe_last_all_kan,25,37712,1068.6000000000,1068.6000000000,1,,1,1046.1000000000,1069.2000000000,23.1000000000,1138.5000000000,paper_101/ablation/results/37712.out
p3_tpsa_mofe_last_all_kan,26,37712,1067.5000000000,1067.5000000000,1,,1,1046.1000000000,1069.2000000000,23.1000000000,1138.5000000000,paper_101/ablation/results/37712.out
p3_tpsa_mofe_last_all_kan,27,37712,1068.2000000000,1068.2000000000,1,,1,1046.1000000000,1069.2000000000,23.1000000000,1138.5000000000,paper_101/ablation/results/37712.out
p3_tpsa_mofe_last_all_kan,28,37712,1070.3000000000,1070.3000000000,1,,1,1046.1000000000,1069.2000000000,23.1000000000,1138.5000000000,paper_101/ablation/results/37712.out
p3_tpsa_mofe_last_all_kan,29,37712,1069.2000000000,1069.2000000000,1,,1,1046.1000000000,1069.2000000000,23.1000000000,1138.5000000000,paper_101/ablation/results/37712.out
p3_tpsa_mofe_last_all_kan,30,37712,1068.8000000000,1068.8000000000,1,,1,1046.1000000000,1069.2000000000,23.1000000000,1138.5000000000,paper_101/ablation/results/37712.out
p3_tpsa_mofe_last_all_kan,31,37712,1068.4000000000,1068.4000000000,1,,1,1046.1000000000,1069.2000000000,23.1000000000,1138.5000000000,paper_101/ablation/results/37712.out
p3_tpsa_mofe_last_all_kan,32,37712,1068.9000000000,1068.9000000000,1,,1,1046.1000000000,1069.2000000000,23.1000000000,1138.5000000000,paper_101/ablation/results/37712.out
p3_tpsa_mofe_last_all_kan,33,37712,1069.5000000000,1069.5000000000,1,,1,1046.1000000000,1069.2000000000,23.1000000000,1138.5000000000,paper_101/ablation/results/37712.out
p3_tpsa_mofe_last_all_kan,34,37712,1070.1000000000,1070.1000000000,1,,1,1046.1000000000,1069.2000000000,23.1000000000,1138.5000000000,paper_101/ablation/results/37712.out
p3_tpsa_mofe_last_all_kan,35,37712,1069.9000000000,1069.9000000000,1,,1,1046.1000000000,1069.2000000000,23.1000000000,1138.5000000000,paper_101/ablation/results/37712.out
p3_tpsa_mofe_last_all_kan,36,37712,1068.9000000000,1068.9000000000,1,,1,1046.1000000000,1069.2000000000,23.1000000000,1138.5000000000,paper_101/ablation/results/37712.out
p3_tpsa_mofe_last_all_kan,37,37712,1071.0000000000,1071.0000000000,1,,1,1046.1000000000,1069.2000000000,23.1000000000,1138.5000000000,paper_101/ablation/results/37712.out
p3_tpsa_mofe_last_all_kan,38,37712,1071.0000000000,1071.0000000000,1,,1,1046.1000000000,1069.2000000000,23.1000000000,1138.5000000000,paper_101/ablation/results/37712.out
p3_tpsa_mofe_last_all_kan,39,37712,1075.7000000000,1075.7000000000,1,,1,1046.1000000000,1069.2000000000,23.1000000000,1138.5000000000,paper_101/ablation/results/37712.out
p3_tpsa_mofe_last_all_kan,40,37712,1071.4000000000,1071.4000000000,1,,1,1046.1000000000,1069.2000000000,23.1000000000,1138.5000000000,paper_101/ablation/results/37712.out
p3_tpsa_mofe_last_all_kan,41,37712,1071.1000000000,1071.1000000000,1,,1,1046.1000000000,1069.2000000000,23.1000000000,1138.5000000000,paper_101/ablation/results/37712.out
p3_tpsa_mofe_last_all_kan,42,37712,1069.7000000000,1069.7000000000,1,,1,1046.1000000000,1069.2000000000,23.1000000000,1138.5000000000,paper_101/ablation/results/37712.out
p3_tpsa_mofe_last_all_kan,43,37712,1070.2000000000,1070.2000000000,1,,1,1046.1000000000,1069.2000000000,23.1000000000,1138.5000000000,paper_101/ablation/results/37712.out
p3_tpsa_mofe_last_all_kan,44,37712,1073.9000000000,1073.9000000000,1,,1,1046.1000000000,1069.2000000000,23.1000000000,1138.5000000000,paper_101/ablation/results/37712.out
p3_tpsa_mofe_last_all_kan,45,37712,1076.8000000000,1076.8000000000,1,,1,1046.1000000000,1069.2000000000,23.1000000000,1138.5000000000,paper_101/ablation/results/37712.out
p3_tpsa_mofe_last_all_kan,46,37712,1086.4000000000,1086.4000000000,1,,1,1046.1000000000,1069.2000000000,23.1000000000,1138.5000000000,paper_101/ablation/results/37712.out
p3_tpsa_mofe_last_all_kan,47,37712,1106.2000000000,1106.2000000000,1,,1,1046.1000000000,1069.2000000000,23.1000000000,1138.5000000000,paper_101/ablation/results/37712.out
p3_tpsa_mofe_last_all_kan,48,37712,1116.5000000000,1116.5000000000,1,,1,1046.1000000000,1069.2000000000,23.1000000000,1138.5000000000,paper_101/ablation/results/37712.out
p3_tpsa_mofe_last_all_kan,49,37712,1103.9000000000,1103.9000000000,1,,1,1046.1000000000,1069.2000000000,23.1000000000,1138.5000000000,paper_101/ablation/results/37712.out
p3_tpsa_mofe_last_all_kan,50,37712,1068.1000000000,1068.1000000000,1,,1,1046.1000000000,1069.2000000000,23.1000000000,1138.5000000000,paper_101/ablation/results/37712.out
p3_tpsa_mofe_last_all_kan,51,37712,1069.8000000000,1069.8000000000,1,,1,1046.1000000000,1069.2000000000,23.1000000000,1138.5000000000,paper_101/ablation/results/37712.out
p3_tpsa_mofe_last_all_kan,52,37712,1068.1000000000,1068.1000000000,1,,1,1046.1000000000,1069.2000000000,23.1000000000,1138.5000000000,paper_101/ablation/results/37712.out
p3_tpsa_mofe_last_all_kan,53,37712,1070.6000000000,1070.6000000000,1,,1,1046.1000000000,1069.2000000000,23.1000000000,1138.5000000000,paper_101/ablation/results/37712.out
p3_tpsa_mofe_last_all_kan,54,37712,1069.2000000000,1069.2000000000,1,,1,1046.1000000000,1069.2000000000,23.1000000000,1138.5000000000,paper_101/ablation/results/37712.out
p3_tpsa_mofe_last_all_kan,55,37712,1069.4000000000,1069.4000000000,1,,1,1046.1000000000,1069.2000000000,23.1000000000,1138.5000000000,paper_101/ablation/results/37712.out
p3_tpsa_mofe_last_all_kan,56,37712,1068.1000000000,1068.1000000000,1,,1,1046.1000000000,1069.2000000000,23.1000000000,1138.5000000000,paper_101/ablation/results/37712.out
p3_tpsa_mofe_last_all_kan,57,37712,1069.2000000000,1069.2000000000,1,,1,1046.1000000000,1069.2000000000,23.1000000000,1138.5000000000,paper_101/ablation/results/37712.out
p3_tpsa_mofe_last_all_kan,58,37712,1068.9000000000,1068.9000000000,1,,1,1046.1000000000,1069.2000000000,23.1000000000,1138.5000000000,paper_101/ablation/results/37712.out
p3_tpsa_mofe_last_all_kan,59,37712,1069.2000000000,1069.2000000000,1,,1,1046.1000000000,1069.2000000000,23.1000000000,1138.5000000000,paper_101/ablation/results/37712.out
p3_tpsa_mofe_last_all_kan,60,37712,1069.1000000000,1069.1000000000,1,,1,1046.1000000000,1069.2000000000,23.1000000000,1138.5000000000,paper_101/ablation/results/37712.out
p3_tpsa_mofe_last_all_kan,61,37712,1069.7000000000,1069.7000000000,1,,1,1046.1000000000,1069.2000000000,23.1000000000,1138.5000000000,paper_101/ablation/results/37712.out
p3_tpsa_mofe_last_all_kan,62,37712,1068.5000000000,1068.5000000000,1,,1,1046.1000000000,1069.2000000000,23.1000000000,1138.5000000000,paper_101/ablation/results/37712.out
p3_tpsa_mofe_last_all_kan,63,37712,1084.7000000000,1084.7000000000,1,,1,1046.1000000000,1069.2000000000,23.1000000000,1138.5000000000,paper_101/ablation/results/37712.out
p3_tpsa_mofe_last_all_kan,64,37712,1070.0000000000,1070.0000000000,1,,1,1046.1000000000,1069.2000000000,23.1000000000,1138.5000000000,paper_101/ablation/results/37712.out
p3_tpsa_mofe_last_all_kan,65,37712,1068.8000000000,1068.8000000000,1,,1,1046.1000000000,1069.2000000000,23.1000000000,1138.5000000000,paper_101/ablation/results/37712.out
p3_tpsa_mofe_last_all_kan,66,37712,1068.1000000000,1068.1000000000,1,,1,1046.1000000000,1069.2000000000,23.1000000000,1138.5000000000,paper_101/ablation/results/37712.out
p3_tpsa_mofe_last_all_kan,67,37712,1069.2000000000,1069.2000000000,1,,1,1046.1000000000,1069.2000000000,23.1000000000,1138.5000000000,paper_101/ablation/results/37712.out
p3_tpsa_mofe_last_all_kan,68,37712,1068.3000000000,1068.3000000000,1,,1,1046.1000000000,1069.2000000000,23.1000000000,1138.5000000000,paper_101/ablation/results/37712.out
p3_tpsa_mofe_last_all_kan,69,37712,1069.1000000000,1069.1000000000,1,,1,1046.1000000000,1069.2000000000,23.1000000000,1138.5000000000,paper_101/ablation/results/37712.out
p3_tpsa_mofe_last_all_kan,70,37712,1067.6000000000,1067.6000000000,1,,1,1046.1000000000,1069.2000000000,23.1000000000,1138.5000000000,paper_101/ablation/results/37712.out
p3_tpsa_mofe_last_all_kan,71,37712,1068.3000000000,1068.3000000000,1,,1,1046.1000000000,1069.2000000000,23.1000000000,1138.5000000000,paper_101/ablation/results/37712.out
p3_tpsa_mofe_last_all_kan,72,37712,1071.4000000000,1071.4000000000,1,,1,1046.1000000000,1069.2000000000,23.1000000000,1138.5000000000,paper_101/ablation/results/37712.out
p3_tpsa_mofe_last_all_kan,73,37712,1072.7000000000,1072.7000000000,1,,1,1046.1000000000,1069.2000000000,23.1000000000,1138.5000000000,paper_101/ablation/results/37712.out
p3_tpsa_mofe_last_all_kan,74,37712,1074.0000000000,1074.0000000000,1,,1,1046.1000000000,1069.2000000000,23.1000000000,1138.5000000000,paper_101/ablation/results/37712.out
p3_tpsa_mofe_last_all_kan,75,37712,1070.9000000000,1070.9000000000,1,,1,1046.1000000000,1069.2000000000,23.1000000000,1138.5000000000,paper_101/ablation/results/37712.out
p3_tpsa_mofe_last_all_kan,76,37712,1081.0000000000,1081.0000000000,1,,1,1046.1000000000,1069.2000000000,23.1000000000,1138.5000000000,paper_101/ablation/results/37712.out
p3_tpsa_mofe_last_all_kan,77,37712,1073.5000000000,1073.5000000000,1,,1,1046.1000000000,1069.2000000000,23.1000000000,1138.5000000000,paper_101/ablation/results/37712.out
p3_tpsa_mofe_last_all_kan,78,37712,1068.5000000000,1068.5000000000,1,,1,1046.1000000000,1069.2000000000,23.1000000000,1138.5000000000,paper_101/ablation/results/37712.out
p3_tpsa_mofe_last_all_kan,79,37712,1071.5000000000,1071.5000000000,1,,1,1046.1000000000,1069.2000000000,23.1000000000,1138.5000000000,paper_101/ablation/results/37712.out
p3_tpsa_mofe_last_all_kan,80,37712,1071.2000000000,1071.2000000000,1,,1,1046.1000000000,1069.2000000000,23.1000000000,1138.5000000000,paper_101/ablation/results/37712.out
p3_tpsa_mofe_last_all_kan,81,37712,1071.6000000000,1071.6000000000,1,,1,1046.1000000000,1069.2000000000,23.1000000000,1138.5000000000,paper_101/ablation/results/37712.out
p3_tpsa_mofe_last_all_kan,82,37712,1081.6000000000,1081.6000000000,1,,1,1046.1000000000,1069.2000000000,23.1000000000,1138.5000000000,paper_101/ablation/results/37712.out
p3_tpsa_mofe_last_all_kan,83,37712,1075.1000000000,1075.1000000000,1,,1,1046.1000000000,1069.2000000000,23.1000000000,1138.5000000000,paper_101/ablation/results/37712.out
p3_tpsa_mofe_last_all_kan,84,37712,1068.5000000000,1068.5000000000,1,,1,1046.1000000000,1069.2000000000,23.1000000000,1138.5000000000,paper_101/ablation/results/37712.out
p3_tpsa_mofe_last_all_kan,85,37712,1070.8000000000,1070.8000000000,1,,1,1046.1000000000,1069.2000000000,23.1000000000,1138.5000000000,paper_101/ablation/results/37712.out
p3_tpsa_mofe_last_all_kan,86,37712,1067.8000000000,1067.8000000000,1,,1,1046.1000000000,1069.2000000000,23.1000000000,1138.5000000000,paper_101/ablation/results/37712.out
p3_tpsa_mofe_last_all_kan,87,37712,1066.4000000000,1066.4000000000,1,,1,1046.1000000000,1069.2000000000,23.1000000000,1138.5000000000,paper_101/ablation/results/37712.out
p3_tpsa_mofe_last_all_kan,88,37712,1064.1000000000,1064.1000000000,1,,1,1046.1000000000,1069.2000000000,23.1000000000,1138.5000000000,paper_101/ablation/results/37712.out
p3_tpsa_mofe_last_all_kan,89,37712,1066.4000000000,1066.4000000000,1,,1,1046.1000000000,1069.2000000000,23.1000000000,1138.5000000000,paper_101/ablation/results/37712.out
p3_tpsa_mofe_last_all_kan,90,37712,1068.7000000000,1068.7000000000,1,,1,1046.1000000000,1069.2000000000,23.1000000000,1138.5000000000,paper_101/ablation/results/37712.out
p3_tpsa_mofe_last_all_kan,91,37712,1069.8000000000,1069.8000000000,1,,1,1046.1000000000,1069.2000000000,23.1000000000,1138.5000000000,paper_101/ablation/results/37712.out
p3_tpsa_mofe_last_all_kan,92,37712,1081.9000000000,1081.9000000000,1,,1,1046.1000000000,1069.2000000000,23.1000000000,1138.5000000000,paper_101/ablation/results/37712.out
p3_tpsa_mofe_last_all_kan,93,37712,1081.5000000000,1081.5000000000,1,,1,1046.1000000000,1069.2000000000,23.1000000000,1138.5000000000,paper_101/ablation/results/37712.out
p3_tpsa_mofe_last_all_kan,94,37712,1069.7000000000,1069.7000000000,1,,1,1046.1000000000,1069.2000000000,23.1000000000,1138.5000000000,paper_101/ablation/results/37712.out
p3_tpsa_mofe_last_all_kan,95,37712,1061.1000000000,1061.1000000000,1,,1,1046.1000000000,1069.2000000000,23.1000000000,1138.5000000000,paper_101/ablation/results/37712.out
p3_tpsa_mofe_last_all_kan,96,37712,1059.0000000000,1059.0000000000,1,,1,1046.1000000000,1069.2000000000,23.1000000000,1138.5000000000,paper_101/ablation/results/37712.out
p3_tpsa_mofe_last_all_kan,97,37712,1059.3000000000,1059.3000000000,1,,1,1046.1000000000,1069.2000000000,23.1000000000,1138.5000000000,paper_101/ablation/results/37712.out
p3_tpsa_mofe_last_all_kan,98,37712,1058.9000000000,1058.9000000000,1,,1,1046.1000000000,1069.2000000000,23.1000000000,1138.5000000000,paper_101/ablation/results/37712.out
p3_tpsa_mofe_last_all_kan,99,37712,1058.3000000000,1058.3000000000,1,,1,1046.1000000000,1069.2000000000,23.1000000000,1138.5000000000,paper_101/ablation/results/37712.out
p3_tpsa_mofe_last_all_kan,100,37712,1057.2000000000,1057.2000000000,1,,1,1046.1000000000,1069.2000000000,23.1000000000,1138.5000000000,paper_101/ablation/results/37712.out
p3_tpsa_mofe_last_all_kan,101,37712,1051.5000000000,1051.5000000000,1,,1,1046.1000000000,1069.2000000000,23.1000000000,1138.5000000000,paper_101/ablation/results/37712.out
p3_tpsa_mofe_last_all_kan,102,37712,1051.7000000000,1051.7000000000,1,,1,1046.1000000000,1069.2000000000,23.1000000000,1138.5000000000,paper_101/ablation/results/37712.out
p3_tpsa_mofe_last_all_kan,103,37712,1053.4000000000,1053.4000000000,1,,1,1046.1000000000,1069.2000000000,23.1000000000,1138.5000000000,paper_101/ablation/results/37712.out
p3_tpsa_mofe_last_all_kan,104,37712,1056.7000000000,1056.7000000000,1,,1,1046.1000000000,1069.2000000000,23.1000000000,1138.5000000000,paper_101/ablation/results/37712.out
p3_tpsa_mofe_last_all_kan,105,37712,1081.9000000000,1081.9000000000,1,,1,1046.1000000000,1069.2000000000,23.1000000000,1138.5000000000,paper_101/ablation/results/37712.out
p3_tpsa_mofe_last_all_kan,106,37712,1142.7000000000,,0,high_duration_outer_fence,1,1046.1000000000,1069.2000000000,23.1000000000,1138.5000000000,paper_101/ablation/results/37712.out
p3_tpsa_mofe_last_all_kan,107,37712,1058.4000000000,1058.4000000000,1,,1,1046.1000000000,1069.2000000000,23.1000000000,1138.5000000000,paper_101/ablation/results/37712.out
p3_tpsa_mofe_last_all_kan,108,37712,1058.0000000000,1058.0000000000,1,,1,1046.1000000000,1069.2000000000,23.1000000000,1138.5000000000,paper_101/ablation/results/37712.out
p3_tpsa_mofe_last_all_kan,109,37712,1055.1000000000,1055.1000000000,1,,1,1046.1000000000,1069.2000000000,23.1000000000,1138.5000000000,paper_101/ablation/results/37712.out
p3_tpsa_mofe_last_all_kan,110,37712,1058.4000000000,1058.4000000000,1,,1,1046.1000000000,1069.2000000000,23.1000000000,1138.5000000000,paper_101/ablation/results/37712.out
p3_tpsa_mofe_last_all_kan,111,37712,1058.3000000000,1058.3000000000,1,,1,1046.1000000000,1069.2000000000,23.1000000000,1138.5000000000,paper_101/ablation/results/37712.out
p3_tpsa_mofe_last_all_kan,112,37712,1058.5000000000,1058.5000000000,1,,1,1046.1000000000,1069.2000000000,23.1000000000,1138.5000000000,paper_101/ablation/results/37712.out
p3_tpsa_mofe_last_all_kan,113,37712,1058.0000000000,1058.0000000000,1,,1,1046.1000000000,1069.2000000000,23.1000000000,1138.5000000000,paper_101/ablation/results/37712.out
p3_tpsa_mofe_last_all_kan,114,37712,1057.8000000000,1057.8000000000,1,,1,1046.1000000000,1069.2000000000,23.1000000000,1138.5000000000,paper_101/ablation/results/37712.out
p3_tpsa_mofe_last_all_kan,115,37712,1058.7000000000,1058.7000000000,1,,1,1046.1000000000,1069.2000000000,23.1000000000,1138.5000000000,paper_101/ablation/results/37712.out
p3_tpsa_mofe_last_all_kan,116,37712,1057.3000000000,1057.3000000000,1,,1,1046.1000000000,1069.2000000000,23.1000000000,1138.5000000000,paper_101/ablation/results/37712.out
p3_tpsa_mofe_last_all_kan,117,37712,1057.7000000000,1057.7000000000,1,,1,1046.1000000000,1069.2000000000,23.1000000000,1138.5000000000,paper_101/ablation/results/37712.out
p3_tpsa_mofe_last_all_kan,118,37712,1057.8000000000,1057.8000000000,1,,1,1046.1000000000,1069.2000000000,23.1000000000,1138.5000000000,paper_101/ablation/results/37712.out
p3_tpsa_mofe_last_all_kan,119,37712,1059.5000000000,1059.5000000000,1,,1,1046.1000000000,1069.2000000000,23.1000000000,1138.5000000000,paper_101/ablation/results/37712.out
p3_tpsa_mofe_last_all_kan,120,37712,1059.2000000000,1059.2000000000,1,,1,1046.1000000000,1069.2000000000,23.1000000000,1138.5000000000,paper_101/ablation/results/37712.out
p3_tpsa_mofe_last_all_kan,121,37712,1056.6000000000,1056.6000000000,1,,1,1046.1000000000,1069.2000000000,23.1000000000,1138.5000000000,paper_101/ablation/results/37712.out
p3_tpsa_mofe_last_all_kan,122,37712,1057.3000000000,1057.3000000000,1,,1,1046.1000000000,1069.2000000000,23.1000000000,1138.5000000000,paper_101/ablation/results/37712.out
p3_tpsa_mofe_last_all_kan,123,37712,1053.0000000000,1053.0000000000,1,,1,1046.1000000000,1069.2000000000,23.1000000000,1138.5000000000,paper_101/ablation/results/37712.out
p3_tpsa_mofe_last_all_kan,124,37712,1055.2000000000,1055.2000000000,1,,1,1046.1000000000,1069.2000000000,23.1000000000,1138.5000000000,paper_101/ablation/results/37712.out
p3_tpsa_mofe_last_all_kan,125,37712,1054.9000000000,1054.9000000000,1,,1,1046.1000000000,1069.2000000000,23.1000000000,1138.5000000000,paper_101/ablation/results/37712.out
p3_tpsa_mofe_last_all_kan,126,37712,1053.8000000000,1053.8000000000,1,,1,1046.1000000000,1069.2000000000,23.1000000000,1138.5000000000,paper_101/ablation/results/37712.out
p3_tpsa_mofe_last_all_kan,127,37712,1053.8000000000,1053.8000000000,1,,1,1046.1000000000,1069.2000000000,23.1000000000,1138.5000000000,paper_101/ablation/results/37712.out
p3_tpsa_mofe_last_all_kan,128,37712,1054.4000000000,1054.4000000000,1,,1,1046.1000000000,1069.2000000000,23.1000000000,1138.5000000000,paper_101/ablation/results/37712.out
p3_tpsa_mofe_last_all_kan,129,37712,1055.4000000000,1055.4000000000,1,,1,1046.1000000000,1069.2000000000,23.1000000000,1138.5000000000,paper_101/ablation/results/37712.out
p3_tpsa_mofe_last_all_kan,130,37712,1056.5000000000,1056.5000000000,1,,1,1046.1000000000,1069.2000000000,23.1000000000,1138.5000000000,paper_101/ablation/results/37712.out
p3_tpsa_mofe_last_all_kan,131,37712,1053.2000000000,1053.2000000000,1,,1,1046.1000000000,1069.2000000000,23.1000000000,1138.5000000000,paper_101/ablation/results/37712.out
p3_tpsa_mofe_last_all_kan,132,37712,1044.5000000000,1044.5000000000,1,,1,1046.1000000000,1069.2000000000,23.1000000000,1138.5000000000,paper_101/ablation/results/37712.out
p3_tpsa_mofe_last_all_kan,133,37712,1044.9000000000,1044.9000000000,1,,1,1046.1000000000,1069.2000000000,23.1000000000,1138.5000000000,paper_101/ablation/results/37712.out
p3_tpsa_mofe_last_all_kan,134,37712,1043.9000000000,1043.9000000000,1,,1,1046.1000000000,1069.2000000000,23.1000000000,1138.5000000000,paper_101/ablation/results/37712.out
p3_tpsa_mofe_last_all_kan,135,37712,1044.0000000000,1044.0000000000,1,,1,1046.1000000000,1069.2000000000,23.1000000000,1138.5000000000,paper_101/ablation/results/37712.out
p3_tpsa_mofe_last_all_kan,136,37712,1054.9000000000,1054.9000000000,1,,1,1046.1000000000,1069.2000000000,23.1000000000,1138.5000000000,paper_101/ablation/results/37712.out
p3_tpsa_mofe_last_all_kan,137,37712,1071.4000000000,1071.4000000000,1,,1,1046.1000000000,1069.2000000000,23.1000000000,1138.5000000000,paper_101/ablation/results/37712.out
p3_tpsa_mofe_last_all_kan,138,37712,1079.6000000000,1079.6000000000,1,,1,1046.1000000000,1069.2000000000,23.1000000000,1138.5000000000,paper_101/ablation/results/37712.out
p3_tpsa_mofe_last_all_kan,139,37712,1045.7000000000,1045.7000000000,1,,1,1046.1000000000,1069.2000000000,23.1000000000,1138.5000000000,paper_101/ablation/results/37712.out
p3_tpsa_mofe_last_all_kan,140,37712,1045.9000000000,1045.9000000000,1,,1,1046.1000000000,1069.2000000000,23.1000000000,1138.5000000000,paper_101/ablation/results/37712.out
p3_tpsa_mofe_last_all_kan,141,37712,1047.6000000000,1047.6000000000,1,,1,1046.1000000000,1069.2000000000,23.1000000000,1138.5000000000,paper_101/ablation/results/37712.out
p3_tpsa_mofe_last_all_kan,142,37712,1046.2000000000,1046.2000000000,1,,1,1046.1000000000,1069.2000000000,23.1000000000,1138.5000000000,paper_101/ablation/results/37712.out
p3_tpsa_mofe_last_all_kan,143,37712,1045.1000000000,1045.1000000000,1,,1,1046.1000000000,1069.2000000000,23.1000000000,1138.5000000000,paper_101/ablation/results/37712.out
p3_tpsa_mofe_last_all_kan,144,37712,1045.3000000000,1045.3000000000,1,,1,1046.1000000000,1069.2000000000,23.1000000000,1138.5000000000,paper_101/ablation/results/37712.out
p3_tpsa_mofe_last_all_kan,145,37712,1054.8000000000,1054.8000000000,1,,1,1046.1000000000,1069.2000000000,23.1000000000,1138.5000000000,paper_101/ablation/results/37712.out
p3_tpsa_mofe_last_all_kan,146,37712,1069.7000000000,1069.7000000000,1,,1,1046.1000000000,1069.2000000000,23.1000000000,1138.5000000000,paper_101/ablation/results/37712.out
p3_tpsa_mofe_last_all_kan,147,37712,1070.8000000000,1070.8000000000,1,,1,1046.1000000000,1069.2000000000,23.1000000000,1138.5000000000,paper_101/ablation/results/37712.out
p3_tpsa_mofe_last_all_kan,148,37712,1070.3000000000,1070.3000000000,1,,1,1046.1000000000,1069.2000000000,23.1000000000,1138.5000000000,paper_101/ablation/results/37712.out
p3_tpsa_mofe_last_all_kan,149,37712,1069.1000000000,1069.1000000000,1,,1,1046.1000000000,1069.2000000000,23.1000000000,1138.5000000000,paper_101/ablation/results/37712.out
p3_tpsa_mofe_last_all_kan,150,37712,1071.0000000000,1071.0000000000,1,,1,1046.1000000000,1069.2000000000,23.1000000000,1138.5000000000,paper_101/ablation/results/37712.out
p3_tpsa_mofe_last_all_kan,151,37712,1069.0000000000,1069.0000000000,1,,1,1046.1000000000,1069.2000000000,23.1000000000,1138.5000000000,paper_101/ablation/results/37712.out
p3_tpsa_mofe_last_all_kan,152,37712,1050.9000000000,1050.9000000000,1,,1,1046.1000000000,1069.2000000000,23.1000000000,1138.5000000000,paper_101/ablation/results/37712.out
p3_tpsa_mofe_last_all_kan,153,37712,1049.3000000000,1049.3000000000,1,,1,1046.1000000000,1069.2000000000,23.1000000000,1138.5000000000,paper_101/ablation/results/37712.out
p3_tpsa_mofe_last_all_kan,154,37712,1048.1000000000,1048.1000000000,1,,1,1046.1000000000,1069.2000000000,23.1000000000,1138.5000000000,paper_101/ablation/results/37712.out
p3_tpsa_mofe_last_all_kan,155,37712,1050.6000000000,1050.6000000000,1,,1,1046.1000000000,1069.2000000000,23.1000000000,1138.5000000000,paper_101/ablation/results/37712.out
p3_tpsa_mofe_last_all_kan,156,37712,1048.3000000000,1048.3000000000,1,,1,1046.1000000000,1069.2000000000,23.1000000000,1138.5000000000,paper_101/ablation/results/37712.out
p3_tpsa_mofe_last_all_kan,157,37712,1048.3000000000,1048.3000000000,1,,1,1046.1000000000,1069.2000000000,23.1000000000,1138.5000000000,paper_101/ablation/results/37712.out
p3_tpsa_mofe_last_all_kan,158,37712,1047.6000000000,1047.6000000000,1,,1,1046.1000000000,1069.2000000000,23.1000000000,1138.5000000000,paper_101/ablation/results/37712.out
p3_tpsa_mofe_last_all_kan,159,37712,1049.1000000000,1049.1000000000,1,,1,1046.1000000000,1069.2000000000,23.1000000000,1138.5000000000,paper_101/ablation/results/37712.out
p3_tpsa_mofe_last_all_kan,160,37712,1048.8000000000,1048.8000000000,1,,1,1046.1000000000,1069.2000000000,23.1000000000,1138.5000000000,paper_101/ablation/results/37712.out
p3_tpsa_mofe_last_all_kan,161,37712,1049.3000000000,1049.3000000000,1,,1,1046.1000000000,1069.2000000000,23.1000000000,1138.5000000000,paper_101/ablation/results/37712.out
p3_tpsa_mofe_last_all_kan,162,37712,1048.0000000000,1048.0000000000,1,,1,1046.1000000000,1069.2000000000,23.1000000000,1138.5000000000,paper_101/ablation/results/37712.out
p3_tpsa_mofe_last_all_kan,163,37712,1048.7000000000,1048.7000000000,1,,1,1046.1000000000,1069.2000000000,23.1000000000,1138.5000000000,paper_101/ablation/results/37712.out
p3_tpsa_mofe_last_all_kan,164,37712,1051.2000000000,1051.2000000000,1,,1,1046.1000000000,1069.2000000000,23.1000000000,1138.5000000000,paper_101/ablation/results/37712.out
p3_tpsa_mofe_last_all_kan,165,37712,1049.0000000000,1049.0000000000,1,,1,1046.1000000000,1069.2000000000,23.1000000000,1138.5000000000,paper_101/ablation/results/37712.out
p3_tpsa_mofe_last_all_kan,166,37712,1049.8000000000,1049.8000000000,1,,1,1046.1000000000,1069.2000000000,23.1000000000,1138.5000000000,paper_101/ablation/results/37712.out
p3_tpsa_mofe_last_all_kan,167,37712,1050.5000000000,1050.5000000000,1,,1,1046.1000000000,1069.2000000000,23.1000000000,1138.5000000000,paper_101/ablation/results/37712.out
p3_tpsa_mofe_last_all_kan,168,37712,1051.2000000000,1051.2000000000,1,,1,1046.1000000000,1069.2000000000,23.1000000000,1138.5000000000,paper_101/ablation/results/37712.out
p3_tpsa_mofe_last_all_kan,169,37712,1051.1000000000,1051.1000000000,1,,1,1046.1000000000,1069.2000000000,23.1000000000,1138.5000000000,paper_101/ablation/results/37712.out
p3_tpsa_mofe_last_all_kan,170,37712,1050.4000000000,1050.4000000000,1,,1,1046.1000000000,1069.2000000000,23.1000000000,1138.5000000000,paper_101/ablation/results/37712.out
p3_tpsa_mofe_last_all_kan,171,37712,1051.4000000000,1051.4000000000,1,,1,1046.1000000000,1069.2000000000,23.1000000000,1138.5000000000,paper_101/ablation/results/37712.out
p3_tpsa_mofe_last_all_kan,172,37712,1050.4000000000,1050.4000000000,1,,1,1046.1000000000,1069.2000000000,23.1000000000,1138.5000000000,paper_101/ablation/results/37712.out
p3_tpsa_mofe_last_all_kan,173,37712,1050.8000000000,1050.8000000000,1,,1,1046.1000000000,1069.2000000000,23.1000000000,1138.5000000000,paper_101/ablation/results/37712.out
p3_tpsa_mofe_last_all_kan,174,37712,1051.1000000000,1051.1000000000,1,,1,1046.1000000000,1069.2000000000,23.1000000000,1138.5000000000,paper_101/ablation/results/37712.out
p3_tpsa_mofe_last_all_kan,175,37712,1051.1000000000,1051.1000000000,1,,1,1046.1000000000,1069.2000000000,23.1000000000,1138.5000000000,paper_101/ablation/results/37712.out
p3_tpsa_mofe_last_all_kan,176,37712,1050.6000000000,1050.6000000000,1,,1,1046.1000000000,1069.2000000000,23.1000000000,1138.5000000000,paper_101/ablation/results/37712.out
p3_tpsa_mofe_last_all_kan,177,37712,1051.5000000000,1051.5000000000,1,,1,1046.1000000000,1069.2000000000,23.1000000000,1138.5000000000,paper_101/ablation/results/37712.out
p3_tpsa_mofe_last_all_kan,178,37712,1051.6000000000,1051.6000000000,1,,1,1046.1000000000,1069.2000000000,23.1000000000,1138.5000000000,paper_101/ablation/results/37712.out
p3_tpsa_mofe_last_all_kan,179,37712,1050.4000000000,1050.4000000000,1,,1,1046.1000000000,1069.2000000000,23.1000000000,1138.5000000000,paper_101/ablation/results/37712.out
p3_tpsa_mofe_last_all_kan,180,37712,1051.0000000000,1051.0000000000,1,,1,1046.1000000000,1069.2000000000,23.1000000000,1138.5000000000,paper_101/ablation/results/37712.out
p3_tpsa_mofe_last_all_kan,181,37712,1051.6000000000,1051.6000000000,1,,1,1046.1000000000,1069.2000000000,23.1000000000,1138.5000000000,paper_101/ablation/results/37712.out
p3_tpsa_mofe_last_all_kan,182,37712,1049.7000000000,1049.7000000000,1,,1,1046.1000000000,1069.2000000000,23.1000000000,1138.5000000000,paper_101/ablation/results/37712.out
p3_tpsa_mofe_last_all_kan,183,37712,1050.4000000000,1050.4000000000,1,,1,1046.1000000000,1069.2000000000,23.1000000000,1138.5000000000,paper_101/ablation/results/37712.out
p3_tpsa_mofe_last_all_kan,184,37712,1048.5000000000,1048.5000000000,1,,1,1046.1000000000,1069.2000000000,23.1000000000,1138.5000000000,paper_101/ablation/results/37712.out
p3_tpsa_mofe_last_all_kan,185,37712,1048.6000000000,1048.6000000000,1,,1,1046.1000000000,1069.2000000000,23.1000000000,1138.5000000000,paper_101/ablation/results/37712.out
p3_tpsa_mofe_last_all_kan,186,37712,1048.9000000000,1048.9000000000,1,,1,1046.1000000000,1069.2000000000,23.1000000000,1138.5000000000,paper_101/ablation/results/37712.out
p3_tpsa_mofe_last_all_kan,187,37712,1049.0000000000,1049.0000000000,1,,1,1046.1000000000,1069.2000000000,23.1000000000,1138.5000000000,paper_101/ablation/results/37712.out
p3_tpsa_mofe_last_all_kan,188,37712,1049.1000000000,1049.1000000000,1,,1,1046.1000000000,1069.2000000000,23.1000000000,1138.5000000000,paper_101/ablation/results/37712.out
p3_tpsa_mofe_last_all_kan,189,37712,1052.1000000000,1052.1000000000,1,,1,1046.1000000000,1069.2000000000,23.1000000000,1138.5000000000,paper_101/ablation/results/37712.out
p3_tpsa_mofe_last_all_kan,190,37712,1052.7000000000,1052.7000000000,1,,1,1046.1000000000,1069.2000000000,23.1000000000,1138.5000000000,paper_101/ablation/results/37712.out
p3_tpsa_mofe_last_all_kan,191,37712,1051.4000000000,1051.4000000000,1,,1,1046.1000000000,1069.2000000000,23.1000000000,1138.5000000000,paper_101/ablation/results/37712.out
p3_tpsa_mofe_last_all_kan,192,37712,1051.6000000000,1051.6000000000,1,,1,1046.1000000000,1069.2000000000,23.1000000000,1138.5000000000,paper_101/ablation/results/37712.out
p3_tpsa_mofe_last_all_kan,193,37712,1051.3000000000,1051.3000000000,1,,1,1046.1000000000,1069.2000000000,23.1000000000,1138.5000000000,paper_101/ablation/results/37712.out
p3_tpsa_mofe_last_all_kan,194,37712,1048.7000000000,1048.7000000000,1,,1,1046.1000000000,1069.2000000000,23.1000000000,1138.5000000000,paper_101/ablation/results/37712.out
p3_tpsa_mofe_last_all_kan,195,37712,1047.6000000000,1047.6000000000,1,,1,1046.1000000000,1069.2000000000,23.1000000000,1138.5000000000,paper_101/ablation/results/37712.out
p3_tpsa_mofe_last_all_kan,196,37712,1048.6000000000,1048.6000000000,1,,1,1046.1000000000,1069.2000000000,23.1000000000,1138.5000000000,paper_101/ablation/results/37712.out
p3_tpsa_mofe_last_all_kan,197,37712,1048.4000000000,1048.4000000000,1,,1,1046.1000000000,1069.2000000000,23.1000000000,1138.5000000000,paper_101/ablation/results/37712.out
p3_tpsa_mofe_last_all_kan,198,37712,1049.4000000000,1049.4000000000,1,,1,1046.1000000000,1069.2000000000,23.1000000000,1138.5000000000,paper_101/ablation/results/37712.out
p3_tpsa_mofe_last_all_kan,199,37712,1048.6000000000,1048.6000000000,1,,1,1046.1000000000,1069.2000000000,23.1000000000,1138.5000000000,paper_101/ablation/results/37712.out
p3_tpsa_mofe_last_all_kan,200,37712,1048.5000000000,1048.5000000000,1,,1,1046.1000000000,1069.2000000000,23.1000000000,1138.5000000000,paper_101/ablation/results/37712.out
p3_tpsa_mofe_last_all_kan,201,37712,1047.3000000000,1047.3000000000,1,,1,1046.1000000000,1069.2000000000,23.1000000000,1138.5000000000,paper_101/ablation/results/37712.out
p3_tpsa_mofe_last_all_kan,202,37712,1047.8000000000,1047.8000000000,1,,1,1046.1000000000,1069.2000000000,23.1000000000,1138.5000000000,paper_101/ablation/results/37712.out
p3_tpsa_mofe_last_all_kan,203,37712,1047.2000000000,1047.2000000000,1,,1,1046.1000000000,1069.2000000000,23.1000000000,1138.5000000000,paper_101/ablation/results/37712.out
p3_tpsa_mofe_last_all_kan,204,37712,1047.7000000000,1047.7000000000,1,,1,1046.1000000000,1069.2000000000,23.1000000000,1138.5000000000,paper_101/ablation/results/37712.out
p3_tpsa_mofe_last_all_kan,205,37712,1046.7000000000,1046.7000000000,1,,1,1046.1000000000,1069.2000000000,23.1000000000,1138.5000000000,paper_101/ablation/results/37712.out
p3_tpsa_mofe_last_all_kan,206,37712,1046.5000000000,1046.5000000000,1,,1,1046.1000000000,1069.2000000000,23.1000000000,1138.5000000000,paper_101/ablation/results/37712.out
p3_tpsa_mofe_last_all_kan,207,37712,1046.3000000000,1046.3000000000,1,,1,1046.1000000000,1069.2000000000,23.1000000000,1138.5000000000,paper_101/ablation/results/37712.out
p3_tpsa_mofe_last_all_kan,208,37712,1045.4000000000,1045.4000000000,1,,1,1046.1000000000,1069.2000000000,23.1000000000,1138.5000000000,paper_101/ablation/results/37712.out
p3_tpsa_mofe_last_all_kan,209,37712,1045.0000000000,1045.0000000000,1,,1,1046.1000000000,1069.2000000000,23.1000000000,1138.5000000000,paper_101/ablation/results/37712.out
p3_tpsa_mofe_last_all_kan,210,37712,1044.6000000000,1044.6000000000,1,,1,1046.1000000000,1069.2000000000,23.1000000000,1138.5000000000,paper_101/ablation/results/37712.out
p3_tpsa_mofe_last_all_kan,211,37712,1046.3000000000,1046.3000000000,1,,1,1046.1000000000,1069.2000000000,23.1000000000,1138.5000000000,paper_101/ablation/results/37712.out
p3_tpsa_mofe_last_all_kan,212,37712,1047.0000000000,1047.0000000000,1,,1,1046.1000000000,1069.2000000000,23.1000000000,1138.5000000000,paper_101/ablation/results/37712.out
p3_tpsa_mofe_last_all_kan,213,37712,1046.1000000000,1046.1000000000,1,,1,1046.1000000000,1069.2000000000,23.1000000000,1138.5000000000,paper_101/ablation/results/37712.out
p3_tpsa_mofe_last_all_kan,214,37712,1047.0000000000,1047.0000000000,1,,1,1046.1000000000,1069.2000000000,23.1000000000,1138.5000000000,paper_101/ablation/results/37712.out
p3_tpsa_mofe_last_all_kan,215,37712,1046.9000000000,1046.9000000000,1,,1,1046.1000000000,1069.2000000000,23.1000000000,1138.5000000000,paper_101/ablation/results/37712.out
p3_tpsa_mofe_last_all_kan,216,37712,1045.8000000000,1045.8000000000,1,,1,1046.1000000000,1069.2000000000,23.1000000000,1138.5000000000,paper_101/ablation/results/37712.out
p3_tpsa_mofe_last_all_kan,217,37712,1047.3000000000,1047.3000000000,1,,1,1046.1000000000,1069.2000000000,23.1000000000,1138.5000000000,paper_101/ablation/results/37712.out
p3_tpsa_mofe_last_all_kan,218,37712,1046.4000000000,1046.4000000000,1,,1,1046.1000000000,1069.2000000000,23.1000000000,1138.5000000000,paper_101/ablation/results/37712.out
p3_tpsa_mofe_last_all_kan,219,37712,1046.6000000000,1046.6000000000,1,,1,1046.1000000000,1069.2000000000,23.1000000000,1138.5000000000,paper_101/ablation/results/37712.out
p3_tpsa_mofe_last_all_kan,220,37712,1045.7000000000,1045.7000000000,1,,1,1046.1000000000,1069.2000000000,23.1000000000,1138.5000000000,paper_101/ablation/results/37712.out
p3_tpsa_mofe_last_all_kan,221,37712,1046.2000000000,1046.2000000000,1,,1,1046.1000000000,1069.2000000000,23.1000000000,1138.5000000000,paper_101/ablation/results/37712.out
p3_tpsa_mofe_last_all_kan,222,37712,1046.0000000000,1046.0000000000,1,,1,1046.1000000000,1069.2000000000,23.1000000000,1138.5000000000,paper_101/ablation/results/37712.out
p3_tpsa_mofe_last_all_kan,223,37712,1046.1000000000,1046.1000000000,1,,1,1046.1000000000,1069.2000000000,23.1000000000,1138.5000000000,paper_101/ablation/results/37712.out
p3_tpsa_mofe_last_all_kan,224,37712,1045.2000000000,1045.2000000000,1,,1,1046.1000000000,1069.2000000000,23.1000000000,1138.5000000000,paper_101/ablation/results/37712.out
p3_tpsa_mofe_last_all_kan,225,37712,1046.4000000000,1046.4000000000,1,,1,1046.1000000000,1069.2000000000,23.1000000000,1138.5000000000,paper_101/ablation/results/37712.out
p3_tpsa_mofe_last_all_kan,226,37712,1045.7000000000,1045.7000000000,1,,1,1046.1000000000,1069.2000000000,23.1000000000,1138.5000000000,paper_101/ablation/results/37712.out
p3_tpsa_mofe_last_all_kan,227,37712,1045.5000000000,1045.5000000000,1,,1,1046.1000000000,1069.2000000000,23.1000000000,1138.5000000000,paper_101/ablation/results/37712.out
p3_tpsa_mofe_last_all_kan,228,37712,1045.2000000000,1045.2000000000,1,,1,1046.1000000000,1069.2000000000,23.1000000000,1138.5000000000,paper_101/ablation/results/37712.out
p3_tpsa_mofe_last_all_kan,229,37712,1053.7000000000,1053.7000000000,1,,1,1046.1000000000,1069.2000000000,23.1000000000,1138.5000000000,paper_101/ablation/results/37712.out
p3_tpsa_mofe_last_all_kan,230,37712,1045.0000000000,1045.0000000000,1,,1,1046.1000000000,1069.2000000000,23.1000000000,1138.5000000000,paper_101/ablation/results/37712.out
p3_tpsa_mofe_last_all_kan,231,37712,1043.3000000000,1043.3000000000,1,,1,1046.1000000000,1069.2000000000,23.1000000000,1138.5000000000,paper_101/ablation/results/37712.out
p3_tpsa_mofe_last_all_kan,232,37712,1044.3000000000,1044.3000000000,1,,1,1046.1000000000,1069.2000000000,23.1000000000,1138.5000000000,paper_101/ablation/results/37712.out
p3_tpsa_mofe_last_all_kan,233,37712,1044.0000000000,1044.0000000000,1,,1,1046.1000000000,1069.2000000000,23.1000000000,1138.5000000000,paper_101/ablation/results/37712.out
p3_tpsa_mofe_last_all_kan,234,37712,1044.3000000000,1044.3000000000,1,,1,1046.1000000000,1069.2000000000,23.1000000000,1138.5000000000,paper_101/ablation/results/37712.out
p3_tpsa_mofe_last_all_kan,235,37712,1044.6000000000,1044.6000000000,1,,1,1046.1000000000,1069.2000000000,23.1000000000,1138.5000000000,paper_101/ablation/results/37712.out
p3_tpsa_mofe_last_all_kan,236,37712,1045.0000000000,1045.0000000000,1,,1,1046.1000000000,1069.2000000000,23.1000000000,1138.5000000000,paper_101/ablation/results/37712.out
p3_tpsa_mofe_last_all_kan,237,37712,1044.5000000000,1044.5000000000,1,,1,1046.1000000000,1069.2000000000,23.1000000000,1138.5000000000,paper_101/ablation/results/37712.out
p3_tpsa_mofe_last_all_kan,238,37712,1044.6000000000,1044.6000000000,1,,1,1046.1000000000,1069.2000000000,23.1000000000,1138.5000000000,paper_101/ablation/results/37712.out
p3_tpsa_mofe_last_all_kan,239,37712,1041.1000000000,1041.1000000000,1,,1,1046.1000000000,1069.2000000000,23.1000000000,1138.5000000000,paper_101/ablation/results/37712.out
p3_tpsa_mofe_last_all_kan,240,37712,1043.5000000000,1043.5000000000,1,,1,1046.1000000000,1069.2000000000,23.1000000000,1138.5000000000,paper_101/ablation/results/37712.out
p3_tpsa_mofe_last_all_kan,241,37712,1044.1000000000,1044.1000000000,1,,1,1046.1000000000,1069.2000000000,23.1000000000,1138.5000000000,paper_101/ablation/results/37712.out
p3_tpsa_mofe_last_all_kan,242,37712,1043.4000000000,1043.4000000000,1,,1,1046.1000000000,1069.2000000000,23.1000000000,1138.5000000000,paper_101/ablation/results/37712.out
p3_tpsa_mofe_last_all_kan,243,37712,1043.0000000000,1043.0000000000,1,,1,1046.1000000000,1069.2000000000,23.1000000000,1138.5000000000,paper_101/ablation/results/37712.out
p3_tpsa_mofe_last_all_kan,244,37712,1044.5000000000,1044.5000000000,1,,1,1046.1000000000,1069.2000000000,23.1000000000,1138.5000000000,paper_101/ablation/results/37712.out
p3_tpsa_mofe_last_all_kan,245,37712,1046.2000000000,1046.2000000000,1,,1,1046.1000000000,1069.2000000000,23.1000000000,1138.5000000000,paper_101/ablation/results/37712.out
p3_tpsa_mofe_last_all_kan,246,37712,1046.2000000000,1046.2000000000,1,,1,1046.1000000000,1069.2000000000,23.1000000000,1138.5000000000,paper_101/ablation/results/37712.out
p3_tpsa_mofe_last_all_kan,247,37712,1044.4000000000,1044.4000000000,1,,1,1046.1000000000,1069.2000000000,23.1000000000,1138.5000000000,paper_101/ablation/results/37712.out
p3_tpsa_mofe_last_all_kan,248,37712,1043.2000000000,1043.2000000000,1,,1,1046.1000000000,1069.2000000000,23.1000000000,1138.5000000000,paper_101/ablation/results/37712.out
p3_tpsa_mofe_last_all_kan,249,37712,1043.2000000000,1043.2000000000,1,,1,1046.1000000000,1069.2000000000,23.1000000000,1138.5000000000,paper_101/ablation/results/37712.out
p3_tpsa_mofe_last_all_kan,250,37712,1043.4000000000,1043.4000000000,1,,1,1046.1000000000,1069.2000000000,23.1000000000,1138.5000000000,paper_101/ablation/results/37712.out
p3_tpsa_mofe_last_all_kan,251,37712,1044.4000000000,1044.4000000000,1,,1,1046.1000000000,1069.2000000000,23.1000000000,1138.5000000000,paper_101/ablation/results/37712.out
p3_tpsa_mofe_last_all_kan,252,37712,1042.7000000000,1042.7000000000,1,,1,1046.1000000000,1069.2000000000,23.1000000000,1138.5000000000,paper_101/ablation/results/37712.out
p3_tpsa_mofe_last_all_kan,253,37712,1043.8000000000,1043.8000000000,1,,1,1046.1000000000,1069.2000000000,23.1000000000,1138.5000000000,paper_101/ablation/results/37712.out
p3_tpsa_mofe_last_all_kan,254,37712,1043.7000000000,1043.7000000000,1,,1,1046.1000000000,1069.2000000000,23.1000000000,1138.5000000000,paper_101/ablation/results/37712.out
p3_tpsa_mofe_last_all_kan,255,37712,1043.3000000000,1043.3000000000,1,,1,1046.1000000000,1069.2000000000,23.1000000000,1138.5000000000,paper_101/ablation/results/37712.out
p3_tpsa_mofe_last_all_kan,256,37712,1042.4000000000,1042.4000000000,1,,1,1046.1000000000,1069.2000000000,23.1000000000,1138.5000000000,paper_101/ablation/results/37712.out
p3_tpsa_mofe_last_all_kan,257,37712,1043.9000000000,1043.9000000000,1,,1,1046.1000000000,1069.2000000000,23.1000000000,1138.5000000000,paper_101/ablation/results/37712.out
p3_tpsa_mofe_last_all_kan,258,37712,1043.4000000000,1043.4000000000,1,,1,1046.1000000000,1069.2000000000,23.1000000000,1138.5000000000,paper_101/ablation/results/37712.out
p3_tpsa_mofe_last_all_kan,259,37712,1043.4000000000,1043.4000000000,1,,1,1046.1000000000,1069.2000000000,23.1000000000,1138.5000000000,paper_101/ablation/results/37712.out
p3_tpsa_mofe_last_all_kan,260,37712,1042.8000000000,1042.8000000000,1,,1,1046.1000000000,1069.2000000000,23.1000000000,1138.5000000000,paper_101/ablation/results/37712.out
p3_tpsa_mofe_last_all_kan,261,37712,1043.7000000000,1043.7000000000,1,,1,1046.1000000000,1069.2000000000,23.1000000000,1138.5000000000,paper_101/ablation/results/37712.out
p3_tpsa_mofe_last_all_kan,262,37712,1043.7000000000,1043.7000000000,1,,1,1046.1000000000,1069.2000000000,23.1000000000,1138.5000000000,paper_101/ablation/results/37712.out
p3_tpsa_mofe_last_all_kan,263,37712,1043.3000000000,1043.3000000000,1,,1,1046.1000000000,1069.2000000000,23.1000000000,1138.5000000000,paper_101/ablation/results/37712.out
p3_tpsa_mofe_last_all_kan,264,37712,1043.0000000000,1043.0000000000,1,,1,1046.1000000000,1069.2000000000,23.1000000000,1138.5000000000,paper_101/ablation/results/37712.out
p3_tpsa_mofe_last_all_kan,265,37712,1043.4000000000,1043.4000000000,1,,1,1046.1000000000,1069.2000000000,23.1000000000,1138.5000000000,paper_101/ablation/results/37712.out
p3_tpsa_mofe_last_all_kan,266,37712,1043.4000000000,1043.4000000000,1,,1,1046.1000000000,1069.2000000000,23.1000000000,1138.5000000000,paper_101/ablation/results/37712.out
p3_tpsa_mofe_last_all_kan,267,37712,1043.4000000000,1043.4000000000,1,,1,1046.1000000000,1069.2000000000,23.1000000000,1138.5000000000,paper_101/ablation/results/37712.out
p3_tpsa_mofe_last_all_kan,268,37712,1045.8000000000,1045.8000000000,1,,1,1046.1000000000,1069.2000000000,23.1000000000,1138.5000000000,paper_101/ablation/results/37712.out
p3_tpsa_mofe_last_all_kan,269,37712,1046.1000000000,1046.1000000000,1,,1,1046.1000000000,1069.2000000000,23.1000000000,1138.5000000000,paper_101/ablation/results/37712.out
p3_tpsa_mofe_last_all_kan,270,37712,1045.2000000000,1045.2000000000,1,,1,1046.1000000000,1069.2000000000,23.1000000000,1138.5000000000,paper_101/ablation/results/37712.out
p3_tpsa_mofe_last_all_kan,271,37712,1044.8000000000,1044.8000000000,1,,1,1046.1000000000,1069.2000000000,23.1000000000,1138.5000000000,paper_101/ablation/results/37712.out
p3_tpsa_mofe_last_all_kan,272,37712,1044.4000000000,1044.4000000000,1,,1,1046.1000000000,1069.2000000000,23.1000000000,1138.5000000000,paper_101/ablation/results/37712.out
p3_tpsa_mofe_last_all_kan,273,37712,1044.3000000000,1044.3000000000,1,,1,1046.1000000000,1069.2000000000,23.1000000000,1138.5000000000,paper_101/ablation/results/37712.out
p3_tpsa_mofe_last_all_kan,274,37712,1043.8000000000,1043.8000000000,1,,1,1046.1000000000,1069.2000000000,23.1000000000,1138.5000000000,paper_101/ablation/results/37712.out
p3_tpsa_mofe_last_all_kan,275,37712,1044.4000000000,1044.4000000000,1,,1,1046.1000000000,1069.2000000000,23.1000000000,1138.5000000000,paper_101/ablation/results/37712.out
p3_tpsa_mofe_last_all_kan,276,37712,1037.0000000000,1037.0000000000,1,,1,1046.1000000000,1069.2000000000,23.1000000000,1138.5000000000,paper_101/ablation/results/37712.out
p3_tpsa_mofe_last_all_kan,277,37712,1031.6000000000,1031.6000000000,1,,1,1046.1000000000,1069.2000000000,23.1000000000,1138.5000000000,paper_101/ablation/results/37712.out
p3_tpsa_mofe_last_all_kan,278,37712,1031.0000000000,1031.0000000000,1,,1,1046.1000000000,1069.2000000000,23.1000000000,1138.5000000000,paper_101/ablation/results/37712.out
p3_tpsa_mofe_last_all_kan,279,37712,1031.6000000000,1031.6000000000,1,,1,1046.1000000000,1069.2000000000,23.1000000000,1138.5000000000,paper_101/ablation/results/37712.out
p3_tpsa_mofe_last_all_kan,280,37712,1032.7000000000,1032.7000000000,1,,1,1046.1000000000,1069.2000000000,23.1000000000,1138.5000000000,paper_101/ablation/results/37712.out
p3_tpsa_mofe_last_all_kan,281,37712,1031.4000000000,1031.4000000000,1,,1,1046.1000000000,1069.2000000000,23.1000000000,1138.5000000000,paper_101/ablation/results/37712.out
p3_tpsa_mofe_last_all_kan,282,37712,1030.4000000000,1030.4000000000,1,,1,1046.1000000000,1069.2000000000,23.1000000000,1138.5000000000,paper_101/ablation/results/37712.out
p3_tpsa_mofe_last_all_kan,283,37712,1031.2000000000,1031.2000000000,1,,1,1046.1000000000,1069.2000000000,23.1000000000,1138.5000000000,paper_101/ablation/results/37712.out
p3_tpsa_mofe_last_all_kan,284,37712,1030.6000000000,1030.6000000000,1,,1,1046.1000000000,1069.2000000000,23.1000000000,1138.5000000000,paper_101/ablation/results/37712.out
p3_tpsa_mofe_last_all_kan,285,37712,1030.9000000000,1030.9000000000,1,,1,1046.1000000000,1069.2000000000,23.1000000000,1138.5000000000,paper_101/ablation/results/37712.out
p3_tpsa_mofe_last_all_kan,286,37712,1031.1000000000,1031.1000000000,1,,1,1046.1000000000,1069.2000000000,23.1000000000,1138.5000000000,paper_101/ablation/results/37712.out
p3_tpsa_mofe_last_all_kan,287,37712,1031.9000000000,1031.9000000000,1,,1,1046.1000000000,1069.2000000000,23.1000000000,1138.5000000000,paper_101/ablation/results/37712.out
p3_tpsa_mofe_last_all_kan,288,37712,1064.3000000000,1064.3000000000,1,,1,1046.1000000000,1069.2000000000,23.1000000000,1138.5000000000,paper_101/ablation/results/37712.out
p3_tpsa_mofe_last_all_kan,289,37712,1112.1000000000,1112.1000000000,1,,1,1046.1000000000,1069.2000000000,23.1000000000,1138.5000000000,paper_101/ablation/results/37712.out
p3_tpsa_mofe_last_all_kan,290,37712,1113.5000000000,1113.5000000000,1,,1,1046.1000000000,1069.2000000000,23.1000000000,1138.5000000000,paper_101/ablation/results/37712.out
p3_tpsa_mofe_last_all_kan,291,37712,1113.1000000000,1113.1000000000,1,,1,1046.1000000000,1069.2000000000,23.1000000000,1138.5000000000,paper_101/ablation/results/37712.out
p3_tpsa_mofe_last_all_kan,292,37712,1114.4000000000,1114.4000000000,1,,1,1046.1000000000,1069.2000000000,23.1000000000,1138.5000000000,paper_101/ablation/results/37712.out
p3_tpsa_mofe_last_all_kan,293,37712,1298.4000000000,,0,high_duration_outer_fence,1,1046.1000000000,1069.2000000000,23.1000000000,1138.5000000000,paper_101/ablation/results/37712.out
p3_tpsa_mofe_last_all_kan,294,37712,1294.8000000000,,0,high_duration_outer_fence,1,1046.1000000000,1069.2000000000,23.1000000000,1138.5000000000,paper_101/ablation/results/37712.out
p3_tpsa_mofe_last_all_kan,295,37712,1281.7000000000,,0,high_duration_outer_fence,1,1046.1000000000,1069.2000000000,23.1000000000,1138.5000000000,paper_101/ablation/results/37712.out
p3_tpsa_mofe_last_all_kan,296,37712,1303.4000000000,,0,high_duration_outer_fence,1,1046.1000000000,1069.2000000000,23.1000000000,1138.5000000000,paper_101/ablation/results/37712.out
p3_tpsa_mofe_last_all_kan,297,37712,1301.5000000000,,0,high_duration_outer_fence,1,1046.1000000000,1069.2000000000,23.1000000000,1138.5000000000,paper_101/ablation/results/37712.out
p3_tpsa_mofe_last_all_kan,298,37712,1293.3000000000,,0,high_duration_outer_fence,1,1046.1000000000,1069.2000000000,23.1000000000,1138.5000000000,paper_101/ablation/results/37712.out
p3_tpsa_mofe_last_all_kan,299,37712,1887.7000000000,,0,high_duration_outer_fence,1,1046.1000000000,1069.2000000000,23.1000000000,1138.5000000000,paper_101/ablation/results/37712.out
p3_tpsa_mofe_last_all_kan,300,37712,2035.5000000000,,0,high_duration_outer_fence,1,1046.1000000000,1069.2000000000,23.1000000000,1138.5000000000,paper_101/ablation/results/37712.out
p3_tpsa_mofe_last_ffn,1,37694,912.8000000000,,0,segment_startup,1,903.5000000000,920.7000000000,17.2000000000,972.3000000000,paper_101/ablation/results/37694.out
p3_tpsa_mofe_last_ffn,2,37694,934.6000000000,934.6000000000,1,,1,903.5000000000,920.7000000000,17.2000000000,972.3000000000,paper_101/ablation/results/37694.out
p3_tpsa_mofe_last_ffn,3,37694,935.9000000000,935.9000000000,1,,1,903.5000000000,920.7000000000,17.2000000000,972.3000000000,paper_101/ablation/results/37694.out
p3_tpsa_mofe_last_ffn,4,37694,936.5000000000,936.5000000000,1,,1,903.5000000000,920.7000000000,17.2000000000,972.3000000000,paper_101/ablation/results/37694.out
p3_tpsa_mofe_last_ffn,5,37694,934.8000000000,934.8000000000,1,,1,903.5000000000,920.7000000000,17.2000000000,972.3000000000,paper_101/ablation/results/37694.out
p3_tpsa_mofe_last_ffn,6,37694,935.7000000000,935.7000000000,1,,1,903.5000000000,920.7000000000,17.2000000000,972.3000000000,paper_101/ablation/results/37694.out
p3_tpsa_mofe_last_ffn,7,37694,935.7000000000,935.7000000000,1,,1,903.5000000000,920.7000000000,17.2000000000,972.3000000000,paper_101/ablation/results/37694.out
p3_tpsa_mofe_last_ffn,8,37694,935.2000000000,935.2000000000,1,,1,903.5000000000,920.7000000000,17.2000000000,972.3000000000,paper_101/ablation/results/37694.out
p3_tpsa_mofe_last_ffn,9,37694,935.4000000000,935.4000000000,1,,1,903.5000000000,920.7000000000,17.2000000000,972.3000000000,paper_101/ablation/results/37694.out
p3_tpsa_mofe_last_ffn,10,37694,938.2000000000,938.2000000000,1,,1,903.5000000000,920.7000000000,17.2000000000,972.3000000000,paper_101/ablation/results/37694.out
p3_tpsa_mofe_last_ffn,11,37694,938.0000000000,938.0000000000,1,,1,903.5000000000,920.7000000000,17.2000000000,972.3000000000,paper_101/ablation/results/37694.out
p3_tpsa_mofe_last_ffn,12,37694,936.1000000000,936.1000000000,1,,1,903.5000000000,920.7000000000,17.2000000000,972.3000000000,paper_101/ablation/results/37694.out
p3_tpsa_mofe_last_ffn,13,37694,936.9000000000,936.9000000000,1,,1,903.5000000000,920.7000000000,17.2000000000,972.3000000000,paper_101/ablation/results/37694.out
p3_tpsa_mofe_last_ffn,14,37694,935.5000000000,935.5000000000,1,,1,903.5000000000,920.7000000000,17.2000000000,972.3000000000,paper_101/ablation/results/37694.out
p3_tpsa_mofe_last_ffn,15,37694,936.6000000000,936.6000000000,1,,1,903.5000000000,920.7000000000,17.2000000000,972.3000000000,paper_101/ablation/results/37694.out
p3_tpsa_mofe_last_ffn,16,37694,935.8000000000,935.8000000000,1,,1,903.5000000000,920.7000000000,17.2000000000,972.3000000000,paper_101/ablation/results/37694.out
p3_tpsa_mofe_last_ffn,17,37694,935.7000000000,935.7000000000,1,,1,903.5000000000,920.7000000000,17.2000000000,972.3000000000,paper_101/ablation/results/37694.out
p3_tpsa_mofe_last_ffn,18,37694,935.9000000000,935.9000000000,1,,1,903.5000000000,920.7000000000,17.2000000000,972.3000000000,paper_101/ablation/results/37694.out
p3_tpsa_mofe_last_ffn,19,37694,934.9000000000,934.9000000000,1,,1,903.5000000000,920.7000000000,17.2000000000,972.3000000000,paper_101/ablation/results/37694.out
p3_tpsa_mofe_last_ffn,20,37694,936.4000000000,936.4000000000,1,,1,903.5000000000,920.7000000000,17.2000000000,972.3000000000,paper_101/ablation/results/37694.out
p3_tpsa_mofe_last_ffn,21,37694,922.4000000000,922.4000000000,1,,1,903.5000000000,920.7000000000,17.2000000000,972.3000000000,paper_101/ablation/results/37694.out
p3_tpsa_mofe_last_ffn,22,37694,921.9000000000,921.9000000000,1,,1,903.5000000000,920.7000000000,17.2000000000,972.3000000000,paper_101/ablation/results/37694.out
p3_tpsa_mofe_last_ffn,23,37694,922.8000000000,922.8000000000,1,,1,903.5000000000,920.7000000000,17.2000000000,972.3000000000,paper_101/ablation/results/37694.out
p3_tpsa_mofe_last_ffn,24,37694,922.9000000000,922.9000000000,1,,1,903.5000000000,920.7000000000,17.2000000000,972.3000000000,paper_101/ablation/results/37694.out
p3_tpsa_mofe_last_ffn,25,37694,921.3000000000,921.3000000000,1,,1,903.5000000000,920.7000000000,17.2000000000,972.3000000000,paper_101/ablation/results/37694.out
p3_tpsa_mofe_last_ffn,26,37694,920.5000000000,920.5000000000,1,,1,903.5000000000,920.7000000000,17.2000000000,972.3000000000,paper_101/ablation/results/37694.out
p3_tpsa_mofe_last_ffn,27,37694,921.2000000000,921.2000000000,1,,1,903.5000000000,920.7000000000,17.2000000000,972.3000000000,paper_101/ablation/results/37694.out
p3_tpsa_mofe_last_ffn,28,37694,920.6000000000,920.6000000000,1,,1,903.5000000000,920.7000000000,17.2000000000,972.3000000000,paper_101/ablation/results/37694.out
p3_tpsa_mofe_last_ffn,29,37694,921.5000000000,921.5000000000,1,,1,903.5000000000,920.7000000000,17.2000000000,972.3000000000,paper_101/ablation/results/37694.out
p3_tpsa_mofe_last_ffn,30,37694,919.9000000000,919.9000000000,1,,1,903.5000000000,920.7000000000,17.2000000000,972.3000000000,paper_101/ablation/results/37694.out
p3_tpsa_mofe_last_ffn,31,37694,920.3000000000,920.3000000000,1,,1,903.5000000000,920.7000000000,17.2000000000,972.3000000000,paper_101/ablation/results/37694.out
p3_tpsa_mofe_last_ffn,32,37694,920.5000000000,920.5000000000,1,,1,903.5000000000,920.7000000000,17.2000000000,972.3000000000,paper_101/ablation/results/37694.out
p3_tpsa_mofe_last_ffn,33,37694,920.1000000000,920.1000000000,1,,1,903.5000000000,920.7000000000,17.2000000000,972.3000000000,paper_101/ablation/results/37694.out
p3_tpsa_mofe_last_ffn,34,37694,920.6000000000,920.6000000000,1,,1,903.5000000000,920.7000000000,17.2000000000,972.3000000000,paper_101/ablation/results/37694.out
p3_tpsa_mofe_last_ffn,35,37694,920.2000000000,920.2000000000,1,,1,903.5000000000,920.7000000000,17.2000000000,972.3000000000,paper_101/ablation/results/37694.out
p3_tpsa_mofe_last_ffn,36,37694,920.3000000000,920.3000000000,1,,1,903.5000000000,920.7000000000,17.2000000000,972.3000000000,paper_101/ablation/results/37694.out
p3_tpsa_mofe_last_ffn,37,37694,919.3000000000,919.3000000000,1,,1,903.5000000000,920.7000000000,17.2000000000,972.3000000000,paper_101/ablation/results/37694.out
p3_tpsa_mofe_last_ffn,38,37694,920.0000000000,920.0000000000,1,,1,903.5000000000,920.7000000000,17.2000000000,972.3000000000,paper_101/ablation/results/37694.out
p3_tpsa_mofe_last_ffn,39,37694,920.0000000000,920.0000000000,1,,1,903.5000000000,920.7000000000,17.2000000000,972.3000000000,paper_101/ablation/results/37694.out
p3_tpsa_mofe_last_ffn,40,37694,919.4000000000,919.4000000000,1,,1,903.5000000000,920.7000000000,17.2000000000,972.3000000000,paper_101/ablation/results/37694.out
p3_tpsa_mofe_last_ffn,41,37694,919.7000000000,919.7000000000,1,,1,903.5000000000,920.7000000000,17.2000000000,972.3000000000,paper_101/ablation/results/37694.out
p3_tpsa_mofe_last_ffn,42,37694,921.0000000000,921.0000000000,1,,1,903.5000000000,920.7000000000,17.2000000000,972.3000000000,paper_101/ablation/results/37694.out
p3_tpsa_mofe_last_ffn,43,37694,920.5000000000,920.5000000000,1,,1,903.5000000000,920.7000000000,17.2000000000,972.3000000000,paper_101/ablation/results/37694.out
p3_tpsa_mofe_last_ffn,44,37694,918.3000000000,918.3000000000,1,,1,903.5000000000,920.7000000000,17.2000000000,972.3000000000,paper_101/ablation/results/37694.out
p3_tpsa_mofe_last_ffn,45,37694,919.4000000000,919.4000000000,1,,1,903.5000000000,920.7000000000,17.2000000000,972.3000000000,paper_101/ablation/results/37694.out
p3_tpsa_mofe_last_ffn,46,37694,921.4000000000,921.4000000000,1,,1,903.5000000000,920.7000000000,17.2000000000,972.3000000000,paper_101/ablation/results/37694.out
p3_tpsa_mofe_last_ffn,47,37694,958.6000000000,958.6000000000,1,,1,903.5000000000,920.7000000000,17.2000000000,972.3000000000,paper_101/ablation/results/37694.out
p3_tpsa_mofe_last_ffn,48,37694,1010.3000000000,,0,high_duration_outer_fence,1,903.5000000000,920.7000000000,17.2000000000,972.3000000000,paper_101/ablation/results/37694.out
p3_tpsa_mofe_last_ffn,49,37694,951.4000000000,951.4000000000,1,,1,903.5000000000,920.7000000000,17.2000000000,972.3000000000,paper_101/ablation/results/37694.out
p3_tpsa_mofe_last_ffn,50,37694,917.7000000000,917.7000000000,1,,1,903.5000000000,920.7000000000,17.2000000000,972.3000000000,paper_101/ablation/results/37694.out
p3_tpsa_mofe_last_ffn,51,37694,917.9000000000,917.9000000000,1,,1,903.5000000000,920.7000000000,17.2000000000,972.3000000000,paper_101/ablation/results/37694.out
p3_tpsa_mofe_last_ffn,52,37694,918.6000000000,918.6000000000,1,,1,903.5000000000,920.7000000000,17.2000000000,972.3000000000,paper_101/ablation/results/37694.out
p3_tpsa_mofe_last_ffn,53,37694,917.8000000000,917.8000000000,1,,1,903.5000000000,920.7000000000,17.2000000000,972.3000000000,paper_101/ablation/results/37694.out
p3_tpsa_mofe_last_ffn,54,37694,918.3000000000,918.3000000000,1,,1,903.5000000000,920.7000000000,17.2000000000,972.3000000000,paper_101/ablation/results/37694.out
p3_tpsa_mofe_last_ffn,55,37694,917.3000000000,917.3000000000,1,,1,903.5000000000,920.7000000000,17.2000000000,972.3000000000,paper_101/ablation/results/37694.out
p3_tpsa_mofe_last_ffn,56,37694,919.2000000000,919.2000000000,1,,1,903.5000000000,920.7000000000,17.2000000000,972.3000000000,paper_101/ablation/results/37694.out
p3_tpsa_mofe_last_ffn,57,37694,916.8000000000,916.8000000000,1,,1,903.5000000000,920.7000000000,17.2000000000,972.3000000000,paper_101/ablation/results/37694.out
p3_tpsa_mofe_last_ffn,58,37694,919.7000000000,919.7000000000,1,,1,903.5000000000,920.7000000000,17.2000000000,972.3000000000,paper_101/ablation/results/37694.out
p3_tpsa_mofe_last_ffn,59,37694,919.5000000000,919.5000000000,1,,1,903.5000000000,920.7000000000,17.2000000000,972.3000000000,paper_101/ablation/results/37694.out
p3_tpsa_mofe_last_ffn,60,37694,920.1000000000,920.1000000000,1,,1,903.5000000000,920.7000000000,17.2000000000,972.3000000000,paper_101/ablation/results/37694.out
p3_tpsa_mofe_last_ffn,61,37694,919.3000000000,919.3000000000,1,,1,903.5000000000,920.7000000000,17.2000000000,972.3000000000,paper_101/ablation/results/37694.out
p3_tpsa_mofe_last_ffn,62,37694,919.2000000000,919.2000000000,1,,1,903.5000000000,920.7000000000,17.2000000000,972.3000000000,paper_101/ablation/results/37694.out
p3_tpsa_mofe_last_ffn,63,37694,920.6000000000,920.6000000000,1,,1,903.5000000000,920.7000000000,17.2000000000,972.3000000000,paper_101/ablation/results/37694.out
p3_tpsa_mofe_last_ffn,64,37694,919.2000000000,919.2000000000,1,,1,903.5000000000,920.7000000000,17.2000000000,972.3000000000,paper_101/ablation/results/37694.out
p3_tpsa_mofe_last_ffn,65,37694,919.5000000000,919.5000000000,1,,1,903.5000000000,920.7000000000,17.2000000000,972.3000000000,paper_101/ablation/results/37694.out
p3_tpsa_mofe_last_ffn,66,37694,919.4000000000,919.4000000000,1,,1,903.5000000000,920.7000000000,17.2000000000,972.3000000000,paper_101/ablation/results/37694.out
p3_tpsa_mofe_last_ffn,67,37694,920.7000000000,920.7000000000,1,,1,903.5000000000,920.7000000000,17.2000000000,972.3000000000,paper_101/ablation/results/37694.out
p3_tpsa_mofe_last_ffn,68,37694,918.4000000000,918.4000000000,1,,1,903.5000000000,920.7000000000,17.2000000000,972.3000000000,paper_101/ablation/results/37694.out
p3_tpsa_mofe_last_ffn,69,37694,921.0000000000,921.0000000000,1,,1,903.5000000000,920.7000000000,17.2000000000,972.3000000000,paper_101/ablation/results/37694.out
p3_tpsa_mofe_last_ffn,70,37694,920.2000000000,920.2000000000,1,,1,903.5000000000,920.7000000000,17.2000000000,972.3000000000,paper_101/ablation/results/37694.out
p3_tpsa_mofe_last_ffn,71,37694,922.4000000000,922.4000000000,1,,1,903.5000000000,920.7000000000,17.2000000000,972.3000000000,paper_101/ablation/results/37694.out
p3_tpsa_mofe_last_ffn,72,37694,919.8000000000,919.8000000000,1,,1,903.5000000000,920.7000000000,17.2000000000,972.3000000000,paper_101/ablation/results/37694.out
p3_tpsa_mofe_last_ffn,73,37694,918.6000000000,918.6000000000,1,,1,903.5000000000,920.7000000000,17.2000000000,972.3000000000,paper_101/ablation/results/37694.out
p3_tpsa_mofe_last_ffn,74,37694,919.4000000000,919.4000000000,1,,1,903.5000000000,920.7000000000,17.2000000000,972.3000000000,paper_101/ablation/results/37694.out
p3_tpsa_mofe_last_ffn,75,37694,919.0000000000,919.0000000000,1,,1,903.5000000000,920.7000000000,17.2000000000,972.3000000000,paper_101/ablation/results/37694.out
p3_tpsa_mofe_last_ffn,76,37694,919.2000000000,919.2000000000,1,,1,903.5000000000,920.7000000000,17.2000000000,972.3000000000,paper_101/ablation/results/37694.out
p3_tpsa_mofe_last_ffn,77,37694,920.2000000000,920.2000000000,1,,1,903.5000000000,920.7000000000,17.2000000000,972.3000000000,paper_101/ablation/results/37694.out
p3_tpsa_mofe_last_ffn,78,37694,917.8000000000,917.8000000000,1,,1,903.5000000000,920.7000000000,17.2000000000,972.3000000000,paper_101/ablation/results/37694.out
p3_tpsa_mofe_last_ffn,79,37694,919.5000000000,919.5000000000,1,,1,903.5000000000,920.7000000000,17.2000000000,972.3000000000,paper_101/ablation/results/37694.out
p3_tpsa_mofe_last_ffn,80,37694,919.8000000000,919.8000000000,1,,1,903.5000000000,920.7000000000,17.2000000000,972.3000000000,paper_101/ablation/results/37694.out
p3_tpsa_mofe_last_ffn,81,37694,921.4000000000,921.4000000000,1,,1,903.5000000000,920.7000000000,17.2000000000,972.3000000000,paper_101/ablation/results/37694.out
p3_tpsa_mofe_last_ffn,82,37694,920.4000000000,920.4000000000,1,,1,903.5000000000,920.7000000000,17.2000000000,972.3000000000,paper_101/ablation/results/37694.out
p3_tpsa_mofe_last_ffn,83,37694,919.9000000000,919.9000000000,1,,1,903.5000000000,920.7000000000,17.2000000000,972.3000000000,paper_101/ablation/results/37694.out
p3_tpsa_mofe_last_ffn,84,37694,921.1000000000,921.1000000000,1,,1,903.5000000000,920.7000000000,17.2000000000,972.3000000000,paper_101/ablation/results/37694.out
p3_tpsa_mofe_last_ffn,85,37694,920.8000000000,920.8000000000,1,,1,903.5000000000,920.7000000000,17.2000000000,972.3000000000,paper_101/ablation/results/37694.out
p3_tpsa_mofe_last_ffn,86,37694,920.1000000000,920.1000000000,1,,1,903.5000000000,920.7000000000,17.2000000000,972.3000000000,paper_101/ablation/results/37694.out
p3_tpsa_mofe_last_ffn,87,37694,913.3000000000,913.3000000000,1,,1,903.5000000000,920.7000000000,17.2000000000,972.3000000000,paper_101/ablation/results/37694.out
p3_tpsa_mofe_last_ffn,88,37694,902.8000000000,902.8000000000,1,,1,903.5000000000,920.7000000000,17.2000000000,972.3000000000,paper_101/ablation/results/37694.out
p3_tpsa_mofe_last_ffn,89,37694,903.0000000000,903.0000000000,1,,1,903.5000000000,920.7000000000,17.2000000000,972.3000000000,paper_101/ablation/results/37694.out
p3_tpsa_mofe_last_ffn,90,37694,903.6000000000,903.6000000000,1,,1,903.5000000000,920.7000000000,17.2000000000,972.3000000000,paper_101/ablation/results/37694.out
p3_tpsa_mofe_last_ffn,91,37694,903.4000000000,903.4000000000,1,,1,903.5000000000,920.7000000000,17.2000000000,972.3000000000,paper_101/ablation/results/37694.out
p3_tpsa_mofe_last_ffn,92,37694,902.3000000000,902.3000000000,1,,1,903.5000000000,920.7000000000,17.2000000000,972.3000000000,paper_101/ablation/results/37694.out
p3_tpsa_mofe_last_ffn,93,37694,897.3000000000,897.3000000000,1,,1,903.5000000000,920.7000000000,17.2000000000,972.3000000000,paper_101/ablation/results/37694.out
p3_tpsa_mofe_last_ffn,94,37694,901.4000000000,901.4000000000,1,,1,903.5000000000,920.7000000000,17.2000000000,972.3000000000,paper_101/ablation/results/37694.out
p3_tpsa_mofe_last_ffn,95,37694,902.7000000000,902.7000000000,1,,1,903.5000000000,920.7000000000,17.2000000000,972.3000000000,paper_101/ablation/results/37694.out
p3_tpsa_mofe_last_ffn,96,37694,905.0000000000,905.0000000000,1,,1,903.5000000000,920.7000000000,17.2000000000,972.3000000000,paper_101/ablation/results/37694.out
p3_tpsa_mofe_last_ffn,97,37694,903.1000000000,903.1000000000,1,,1,903.5000000000,920.7000000000,17.2000000000,972.3000000000,paper_101/ablation/results/37694.out
p3_tpsa_mofe_last_ffn,98,37694,903.2000000000,903.2000000000,1,,1,903.5000000000,920.7000000000,17.2000000000,972.3000000000,paper_101/ablation/results/37694.out
p3_tpsa_mofe_last_ffn,99,37694,903.2000000000,903.2000000000,1,,1,903.5000000000,920.7000000000,17.2000000000,972.3000000000,paper_101/ablation/results/37694.out
p3_tpsa_mofe_last_ffn,100,37694,902.6000000000,902.6000000000,1,,1,903.5000000000,920.7000000000,17.2000000000,972.3000000000,paper_101/ablation/results/37694.out
p3_tpsa_mofe_last_ffn,101,37694,903.2000000000,903.2000000000,1,,1,903.5000000000,920.7000000000,17.2000000000,972.3000000000,paper_101/ablation/results/37694.out
p3_tpsa_mofe_last_ffn,102,37694,903.7000000000,903.7000000000,1,,1,903.5000000000,920.7000000000,17.2000000000,972.3000000000,paper_101/ablation/results/37694.out
p3_tpsa_mofe_last_ffn,103,37694,903.4000000000,903.4000000000,1,,1,903.5000000000,920.7000000000,17.2000000000,972.3000000000,paper_101/ablation/results/37694.out
p3_tpsa_mofe_last_ffn,104,37694,903.4000000000,903.4000000000,1,,1,903.5000000000,920.7000000000,17.2000000000,972.3000000000,paper_101/ablation/results/37694.out
p3_tpsa_mofe_last_ffn,105,37694,904.7000000000,904.7000000000,1,,1,903.5000000000,920.7000000000,17.2000000000,972.3000000000,paper_101/ablation/results/37694.out
p3_tpsa_mofe_last_ffn,106,37694,902.9000000000,902.9000000000,1,,1,903.5000000000,920.7000000000,17.2000000000,972.3000000000,paper_101/ablation/results/37694.out
p3_tpsa_mofe_last_ffn,107,37694,903.1000000000,903.1000000000,1,,1,903.5000000000,920.7000000000,17.2000000000,972.3000000000,paper_101/ablation/results/37694.out
p3_tpsa_mofe_last_ffn,108,37694,902.6000000000,902.6000000000,1,,1,903.5000000000,920.7000000000,17.2000000000,972.3000000000,paper_101/ablation/results/37694.out
p3_tpsa_mofe_last_ffn,109,37694,904.1000000000,904.1000000000,1,,1,903.5000000000,920.7000000000,17.2000000000,972.3000000000,paper_101/ablation/results/37694.out
p3_tpsa_mofe_last_ffn,110,37694,901.8000000000,901.8000000000,1,,1,903.5000000000,920.7000000000,17.2000000000,972.3000000000,paper_101/ablation/results/37694.out
p3_tpsa_mofe_last_ffn,111,37694,903.2000000000,903.2000000000,1,,1,903.5000000000,920.7000000000,17.2000000000,972.3000000000,paper_101/ablation/results/37694.out
p3_tpsa_mofe_last_ffn,112,37694,903.5000000000,903.5000000000,1,,1,903.5000000000,920.7000000000,17.2000000000,972.3000000000,paper_101/ablation/results/37694.out
p3_tpsa_mofe_last_ffn,113,37694,904.2000000000,904.2000000000,1,,1,903.5000000000,920.7000000000,17.2000000000,972.3000000000,paper_101/ablation/results/37694.out
p3_tpsa_mofe_last_ffn,114,37694,904.2000000000,904.2000000000,1,,1,903.5000000000,920.7000000000,17.2000000000,972.3000000000,paper_101/ablation/results/37694.out
p3_tpsa_mofe_last_ffn,115,37694,902.8000000000,902.8000000000,1,,1,903.5000000000,920.7000000000,17.2000000000,972.3000000000,paper_101/ablation/results/37694.out
p3_tpsa_mofe_last_ffn,116,37694,903.1000000000,903.1000000000,1,,1,903.5000000000,920.7000000000,17.2000000000,972.3000000000,paper_101/ablation/results/37694.out
p3_tpsa_mofe_last_ffn,117,37694,903.2000000000,903.2000000000,1,,1,903.5000000000,920.7000000000,17.2000000000,972.3000000000,paper_101/ablation/results/37694.out
p3_tpsa_mofe_last_ffn,118,37694,902.9000000000,902.9000000000,1,,1,903.5000000000,920.7000000000,17.2000000000,972.3000000000,paper_101/ablation/results/37694.out
p3_tpsa_mofe_last_ffn,119,37694,903.4000000000,903.4000000000,1,,1,903.5000000000,920.7000000000,17.2000000000,972.3000000000,paper_101/ablation/results/37694.out
p3_tpsa_mofe_last_ffn,120,37694,902.0000000000,902.0000000000,1,,1,903.5000000000,920.7000000000,17.2000000000,972.3000000000,paper_101/ablation/results/37694.out
p3_tpsa_mofe_last_ffn,121,37694,903.4000000000,903.4000000000,1,,1,903.5000000000,920.7000000000,17.2000000000,972.3000000000,paper_101/ablation/results/37694.out
p3_tpsa_mofe_last_ffn,122,37694,902.6000000000,902.6000000000,1,,1,903.5000000000,920.7000000000,17.2000000000,972.3000000000,paper_101/ablation/results/37694.out
p3_tpsa_mofe_last_ffn,123,37694,904.4000000000,904.4000000000,1,,1,903.5000000000,920.7000000000,17.2000000000,972.3000000000,paper_101/ablation/results/37694.out
p3_tpsa_mofe_last_ffn,124,37694,904.4000000000,904.4000000000,1,,1,903.5000000000,920.7000000000,17.2000000000,972.3000000000,paper_101/ablation/results/37694.out
p3_tpsa_mofe_last_ffn,125,37694,902.9000000000,902.9000000000,1,,1,903.5000000000,920.7000000000,17.2000000000,972.3000000000,paper_101/ablation/results/37694.out
p3_tpsa_mofe_last_ffn,126,37694,902.1000000000,902.1000000000,1,,1,903.5000000000,920.7000000000,17.2000000000,972.3000000000,paper_101/ablation/results/37694.out
p3_tpsa_mofe_last_ffn,127,37694,902.6000000000,902.6000000000,1,,1,903.5000000000,920.7000000000,17.2000000000,972.3000000000,paper_101/ablation/results/37694.out
p3_tpsa_mofe_last_ffn,128,37694,904.2000000000,904.2000000000,1,,1,903.5000000000,920.7000000000,17.2000000000,972.3000000000,paper_101/ablation/results/37694.out
p3_tpsa_mofe_last_ffn,129,37694,902.1000000000,902.1000000000,1,,1,903.5000000000,920.7000000000,17.2000000000,972.3000000000,paper_101/ablation/results/37694.out
p3_tpsa_mofe_last_ffn,130,37694,903.0000000000,903.0000000000,1,,1,903.5000000000,920.7000000000,17.2000000000,972.3000000000,paper_101/ablation/results/37694.out
p3_tpsa_mofe_last_ffn,131,37694,902.7000000000,902.7000000000,1,,1,903.5000000000,920.7000000000,17.2000000000,972.3000000000,paper_101/ablation/results/37694.out
p3_tpsa_mofe_last_ffn,132,37694,902.5000000000,902.5000000000,1,,1,903.5000000000,920.7000000000,17.2000000000,972.3000000000,paper_101/ablation/results/37694.out
p3_tpsa_mofe_last_ffn,133,37694,902.6000000000,902.6000000000,1,,1,903.5000000000,920.7000000000,17.2000000000,972.3000000000,paper_101/ablation/results/37694.out
p3_tpsa_mofe_last_ffn,134,37694,902.1000000000,902.1000000000,1,,1,903.5000000000,920.7000000000,17.2000000000,972.3000000000,paper_101/ablation/results/37694.out
p3_tpsa_mofe_last_ffn,135,37694,902.8000000000,902.8000000000,1,,1,903.5000000000,920.7000000000,17.2000000000,972.3000000000,paper_101/ablation/results/37694.out
p3_tpsa_mofe_last_ffn,136,37694,902.4000000000,902.4000000000,1,,1,903.5000000000,920.7000000000,17.2000000000,972.3000000000,paper_101/ablation/results/37694.out
p3_tpsa_mofe_last_ffn,137,37694,904.1000000000,904.1000000000,1,,1,903.5000000000,920.7000000000,17.2000000000,972.3000000000,paper_101/ablation/results/37694.out
p3_tpsa_mofe_last_ffn,138,37694,902.9000000000,902.9000000000,1,,1,903.5000000000,920.7000000000,17.2000000000,972.3000000000,paper_101/ablation/results/37694.out
p3_tpsa_mofe_last_ffn,139,37694,902.9000000000,902.9000000000,1,,1,903.5000000000,920.7000000000,17.2000000000,972.3000000000,paper_101/ablation/results/37694.out
p3_tpsa_mofe_last_ffn,140,37694,902.4000000000,902.4000000000,1,,1,903.5000000000,920.7000000000,17.2000000000,972.3000000000,paper_101/ablation/results/37694.out
p3_tpsa_mofe_last_ffn,141,37694,903.3000000000,903.3000000000,1,,1,903.5000000000,920.7000000000,17.2000000000,972.3000000000,paper_101/ablation/results/37694.out
p3_tpsa_mofe_last_ffn,142,37694,903.0000000000,903.0000000000,1,,1,903.5000000000,920.7000000000,17.2000000000,972.3000000000,paper_101/ablation/results/37694.out
p3_tpsa_mofe_last_ffn,143,37694,901.8000000000,901.8000000000,1,,1,903.5000000000,920.7000000000,17.2000000000,972.3000000000,paper_101/ablation/results/37694.out
p3_tpsa_mofe_last_ffn,144,37694,902.7000000000,902.7000000000,1,,1,903.5000000000,920.7000000000,17.2000000000,972.3000000000,paper_101/ablation/results/37694.out
p3_tpsa_mofe_last_ffn,145,37694,903.0000000000,903.0000000000,1,,1,903.5000000000,920.7000000000,17.2000000000,972.3000000000,paper_101/ablation/results/37694.out
p3_tpsa_mofe_last_ffn,146,37694,902.5000000000,902.5000000000,1,,1,903.5000000000,920.7000000000,17.2000000000,972.3000000000,paper_101/ablation/results/37694.out
p3_tpsa_mofe_last_ffn,147,37694,902.6000000000,902.6000000000,1,,1,903.5000000000,920.7000000000,17.2000000000,972.3000000000,paper_101/ablation/results/37694.out
p3_tpsa_mofe_last_ffn,148,37694,903.3000000000,903.3000000000,1,,1,903.5000000000,920.7000000000,17.2000000000,972.3000000000,paper_101/ablation/results/37694.out
p3_tpsa_mofe_last_ffn,149,37694,903.3000000000,903.3000000000,1,,1,903.5000000000,920.7000000000,17.2000000000,972.3000000000,paper_101/ablation/results/37694.out
p3_tpsa_mofe_last_ffn,150,37694,903.3000000000,903.3000000000,1,,1,903.5000000000,920.7000000000,17.2000000000,972.3000000000,paper_101/ablation/results/37694.out
p3_tpsa_mofe_last_ffn,151,37694,902.8000000000,902.8000000000,1,,1,903.5000000000,920.7000000000,17.2000000000,972.3000000000,paper_101/ablation/results/37694.out
p3_tpsa_mofe_last_ffn,152,37694,902.5000000000,902.5000000000,1,,1,903.5000000000,920.7000000000,17.2000000000,972.3000000000,paper_101/ablation/results/37694.out
p3_tpsa_mofe_last_ffn,153,37694,902.5000000000,902.5000000000,1,,1,903.5000000000,920.7000000000,17.2000000000,972.3000000000,paper_101/ablation/results/37694.out
p3_tpsa_mofe_last_ffn,154,37694,902.7000000000,902.7000000000,1,,1,903.5000000000,920.7000000000,17.2000000000,972.3000000000,paper_101/ablation/results/37694.out
p3_tpsa_mofe_last_ffn,155,37694,902.9000000000,902.9000000000,1,,1,903.5000000000,920.7000000000,17.2000000000,972.3000000000,paper_101/ablation/results/37694.out
p3_tpsa_mofe_last_ffn,156,37694,903.6000000000,903.6000000000,1,,1,903.5000000000,920.7000000000,17.2000000000,972.3000000000,paper_101/ablation/results/37694.out
p3_tpsa_mofe_last_ffn,157,37694,903.1000000000,903.1000000000,1,,1,903.5000000000,920.7000000000,17.2000000000,972.3000000000,paper_101/ablation/results/37694.out
p3_tpsa_mofe_last_ffn,158,37694,902.9000000000,902.9000000000,1,,1,903.5000000000,920.7000000000,17.2000000000,972.3000000000,paper_101/ablation/results/37694.out
p3_tpsa_mofe_last_ffn,159,37694,902.9000000000,902.9000000000,1,,1,903.5000000000,920.7000000000,17.2000000000,972.3000000000,paper_101/ablation/results/37694.out
p3_tpsa_mofe_last_ffn,160,37694,902.8000000000,902.8000000000,1,,1,903.5000000000,920.7000000000,17.2000000000,972.3000000000,paper_101/ablation/results/37694.out
p3_tpsa_mofe_last_ffn,161,37694,903.2000000000,903.2000000000,1,,1,903.5000000000,920.7000000000,17.2000000000,972.3000000000,paper_101/ablation/results/37694.out
p3_tpsa_mofe_last_ffn,162,37694,903.7000000000,903.7000000000,1,,1,903.5000000000,920.7000000000,17.2000000000,972.3000000000,paper_101/ablation/results/37694.out
p3_tpsa_mofe_last_ffn,163,37694,903.3000000000,903.3000000000,1,,1,903.5000000000,920.7000000000,17.2000000000,972.3000000000,paper_101/ablation/results/37694.out
p3_tpsa_mofe_last_ffn,164,37694,903.5000000000,903.5000000000,1,,1,903.5000000000,920.7000000000,17.2000000000,972.3000000000,paper_101/ablation/results/37694.out
p3_tpsa_mofe_last_ffn,165,37694,904.2000000000,904.2000000000,1,,1,903.5000000000,920.7000000000,17.2000000000,972.3000000000,paper_101/ablation/results/37694.out
p3_tpsa_mofe_last_ffn,166,37694,903.3000000000,903.3000000000,1,,1,903.5000000000,920.7000000000,17.2000000000,972.3000000000,paper_101/ablation/results/37694.out
p3_tpsa_mofe_last_ffn,167,37694,903.4000000000,903.4000000000,1,,1,903.5000000000,920.7000000000,17.2000000000,972.3000000000,paper_101/ablation/results/37694.out
p3_tpsa_mofe_last_ffn,168,37694,902.7000000000,902.7000000000,1,,1,903.5000000000,920.7000000000,17.2000000000,972.3000000000,paper_101/ablation/results/37694.out
p3_tpsa_mofe_last_ffn,169,37694,902.9000000000,902.9000000000,1,,1,903.5000000000,920.7000000000,17.2000000000,972.3000000000,paper_101/ablation/results/37694.out
p3_tpsa_mofe_last_ffn,170,37694,903.4000000000,903.4000000000,1,,1,903.5000000000,920.7000000000,17.2000000000,972.3000000000,paper_101/ablation/results/37694.out
p3_tpsa_mofe_last_ffn,171,37694,903.7000000000,903.7000000000,1,,1,903.5000000000,920.7000000000,17.2000000000,972.3000000000,paper_101/ablation/results/37694.out
p3_tpsa_mofe_last_ffn,172,37694,903.4000000000,903.4000000000,1,,1,903.5000000000,920.7000000000,17.2000000000,972.3000000000,paper_101/ablation/results/37694.out
p3_tpsa_mofe_last_ffn,173,37694,902.9000000000,902.9000000000,1,,1,903.5000000000,920.7000000000,17.2000000000,972.3000000000,paper_101/ablation/results/37694.out
p3_tpsa_mofe_last_ffn,174,37694,902.7000000000,902.7000000000,1,,1,903.5000000000,920.7000000000,17.2000000000,972.3000000000,paper_101/ablation/results/37694.out
p3_tpsa_mofe_last_ffn,175,37694,916.4000000000,916.4000000000,1,,1,903.5000000000,920.7000000000,17.2000000000,972.3000000000,paper_101/ablation/results/37694.out
p3_tpsa_mofe_last_ffn,176,37694,911.7000000000,911.7000000000,1,,1,903.5000000000,920.7000000000,17.2000000000,972.3000000000,paper_101/ablation/results/37694.out
p3_tpsa_mofe_last_ffn,177,37694,903.6000000000,903.6000000000,1,,1,903.5000000000,920.7000000000,17.2000000000,972.3000000000,paper_101/ablation/results/37694.out
p3_tpsa_mofe_last_ffn,178,37694,903.4000000000,903.4000000000,1,,1,903.5000000000,920.7000000000,17.2000000000,972.3000000000,paper_101/ablation/results/37694.out
p3_tpsa_mofe_last_ffn,179,37694,904.1000000000,904.1000000000,1,,1,903.5000000000,920.7000000000,17.2000000000,972.3000000000,paper_101/ablation/results/37694.out
p3_tpsa_mofe_last_ffn,180,37694,903.9000000000,903.9000000000,1,,1,903.5000000000,920.7000000000,17.2000000000,972.3000000000,paper_101/ablation/results/37694.out
p3_tpsa_mofe_last_ffn,181,37694,903.2000000000,903.2000000000,1,,1,903.5000000000,920.7000000000,17.2000000000,972.3000000000,paper_101/ablation/results/37694.out
p3_tpsa_mofe_last_ffn,182,37694,904.2000000000,904.2000000000,1,,1,903.5000000000,920.7000000000,17.2000000000,972.3000000000,paper_101/ablation/results/37694.out
p3_tpsa_mofe_last_ffn,183,37694,903.5000000000,903.5000000000,1,,1,903.5000000000,920.7000000000,17.2000000000,972.3000000000,paper_101/ablation/results/37694.out
p3_tpsa_mofe_last_ffn,184,37694,903.5000000000,903.5000000000,1,,1,903.5000000000,920.7000000000,17.2000000000,972.3000000000,paper_101/ablation/results/37694.out
p3_tpsa_mofe_last_ffn,185,37694,923.2000000000,923.2000000000,1,,1,903.5000000000,920.7000000000,17.2000000000,972.3000000000,paper_101/ablation/results/37694.out
p3_tpsa_mofe_last_ffn,186,37694,904.8000000000,904.8000000000,1,,1,903.5000000000,920.7000000000,17.2000000000,972.3000000000,paper_101/ablation/results/37694.out
p3_tpsa_mofe_last_ffn,187,37694,926.1000000000,926.1000000000,1,,1,903.5000000000,920.7000000000,17.2000000000,972.3000000000,paper_101/ablation/results/37694.out
p3_tpsa_mofe_last_ffn,188,37694,936.8000000000,936.8000000000,1,,1,903.5000000000,920.7000000000,17.2000000000,972.3000000000,paper_101/ablation/results/37694.out
p3_tpsa_mofe_last_ffn,189,37694,999.9000000000,,0,high_duration_outer_fence,1,903.5000000000,920.7000000000,17.2000000000,972.3000000000,paper_101/ablation/results/37694.out
p3_tpsa_mofe_last_ffn,190,37694,1010.4000000000,,0,high_duration_outer_fence,1,903.5000000000,920.7000000000,17.2000000000,972.3000000000,paper_101/ablation/results/37694.out
p3_tpsa_mofe_last_ffn,191,37694,1013.0000000000,,0,high_duration_outer_fence,1,903.5000000000,920.7000000000,17.2000000000,972.3000000000,paper_101/ablation/results/37694.out
p3_tpsa_mofe_last_ffn,192,37694,1014.4000000000,,0,high_duration_outer_fence,1,903.5000000000,920.7000000000,17.2000000000,972.3000000000,paper_101/ablation/results/37694.out
p3_tpsa_mofe_last_ffn,193,37694,1014.1000000000,,0,high_duration_outer_fence,1,903.5000000000,920.7000000000,17.2000000000,972.3000000000,paper_101/ablation/results/37694.out
p3_tpsa_mofe_last_ffn,194,37694,1014.7000000000,,0,high_duration_outer_fence,1,903.5000000000,920.7000000000,17.2000000000,972.3000000000,paper_101/ablation/results/37694.out
p3_tpsa_mofe_last_ffn,195,37694,1014.6000000000,,0,high_duration_outer_fence,1,903.5000000000,920.7000000000,17.2000000000,972.3000000000,paper_101/ablation/results/37694.out
p3_tpsa_mofe_last_ffn,196,37694,1016.6000000000,,0,high_duration_outer_fence,1,903.5000000000,920.7000000000,17.2000000000,972.3000000000,paper_101/ablation/results/37694.out
p3_tpsa_mofe_last_ffn,197,37694,1014.0000000000,,0,high_duration_outer_fence,1,903.5000000000,920.7000000000,17.2000000000,972.3000000000,paper_101/ablation/results/37694.out
p3_tpsa_mofe_last_ffn,198,37694,1016.3000000000,,0,high_duration_outer_fence,1,903.5000000000,920.7000000000,17.2000000000,972.3000000000,paper_101/ablation/results/37694.out
p3_tpsa_mofe_last_ffn,199,37694,1014.6000000000,,0,high_duration_outer_fence,1,903.5000000000,920.7000000000,17.2000000000,972.3000000000,paper_101/ablation/results/37694.out
p3_tpsa_mofe_last_ffn,200,37694,1013.8000000000,,0,high_duration_outer_fence,1,903.5000000000,920.7000000000,17.2000000000,972.3000000000,paper_101/ablation/results/37694.out
p3_tpsa_mofe_last_ffn,201,37694,1015.9000000000,,0,high_duration_outer_fence,1,903.5000000000,920.7000000000,17.2000000000,972.3000000000,paper_101/ablation/results/37694.out
p3_tpsa_mofe_last_ffn,202,37694,1015.5000000000,,0,high_duration_outer_fence,1,903.5000000000,920.7000000000,17.2000000000,972.3000000000,paper_101/ablation/results/37694.out
p3_tpsa_mofe_last_ffn,203,37694,1016.8000000000,,0,high_duration_outer_fence,1,903.5000000000,920.7000000000,17.2000000000,972.3000000000,paper_101/ablation/results/37694.out
p3_tpsa_mofe_last_ffn,204,37694,1015.9000000000,,0,high_duration_outer_fence,1,903.5000000000,920.7000000000,17.2000000000,972.3000000000,paper_101/ablation/results/37694.out
p3_tpsa_mofe_last_ffn,205,37694,1015.1000000000,,0,high_duration_outer_fence,1,903.5000000000,920.7000000000,17.2000000000,972.3000000000,paper_101/ablation/results/37694.out
p3_tpsa_mofe_last_ffn,206,37694,1003.3000000000,,0,high_duration_outer_fence,1,903.5000000000,920.7000000000,17.2000000000,972.3000000000,paper_101/ablation/results/37694.out
p3_tpsa_mofe_last_ffn,207,37694,1003.8000000000,,0,high_duration_outer_fence,1,903.5000000000,920.7000000000,17.2000000000,972.3000000000,paper_101/ablation/results/37694.out
p3_tpsa_mofe_last_ffn,208,37694,1001.4000000000,,0,high_duration_outer_fence,1,903.5000000000,920.7000000000,17.2000000000,972.3000000000,paper_101/ablation/results/37694.out
p3_tpsa_mofe_last_ffn,209,37694,1001.5000000000,,0,high_duration_outer_fence,1,903.5000000000,920.7000000000,17.2000000000,972.3000000000,paper_101/ablation/results/37694.out
p3_tpsa_mofe_last_ffn,210,37694,1002.0000000000,,0,high_duration_outer_fence,1,903.5000000000,920.7000000000,17.2000000000,972.3000000000,paper_101/ablation/results/37694.out
p3_tpsa_mofe_last_ffn,211,37694,1002.6000000000,,0,high_duration_outer_fence,1,903.5000000000,920.7000000000,17.2000000000,972.3000000000,paper_101/ablation/results/37694.out
p3_tpsa_mofe_last_ffn,212,37694,1001.7000000000,,0,high_duration_outer_fence,1,903.5000000000,920.7000000000,17.2000000000,972.3000000000,paper_101/ablation/results/37694.out
p3_tpsa_mofe_last_ffn,213,37694,1003.6000000000,,0,high_duration_outer_fence,1,903.5000000000,920.7000000000,17.2000000000,972.3000000000,paper_101/ablation/results/37694.out
p3_tpsa_mofe_last_ffn,214,37694,1003.1000000000,,0,high_duration_outer_fence,1,903.5000000000,920.7000000000,17.2000000000,972.3000000000,paper_101/ablation/results/37694.out
p3_tpsa_mofe_last_ffn,215,37694,948.5000000000,948.5000000000,1,,1,903.5000000000,920.7000000000,17.2000000000,972.3000000000,paper_101/ablation/results/37694.out
p3_tpsa_mofe_last_ffn,216,37694,918.1000000000,918.1000000000,1,,1,903.5000000000,920.7000000000,17.2000000000,972.3000000000,paper_101/ablation/results/37694.out
p3_tpsa_mofe_last_ffn,217,37694,918.5000000000,918.5000000000,1,,1,903.5000000000,920.7000000000,17.2000000000,972.3000000000,paper_101/ablation/results/37694.out
p3_tpsa_mofe_last_ffn,218,37694,919.8000000000,919.8000000000,1,,1,903.5000000000,920.7000000000,17.2000000000,972.3000000000,paper_101/ablation/results/37694.out
p3_tpsa_mofe_last_ffn,219,37694,919.7000000000,919.7000000000,1,,1,903.5000000000,920.7000000000,17.2000000000,972.3000000000,paper_101/ablation/results/37694.out
p3_tpsa_mofe_last_ffn,220,37694,920.7000000000,920.7000000000,1,,1,903.5000000000,920.7000000000,17.2000000000,972.3000000000,paper_101/ablation/results/37694.out
p3_tpsa_mofe_last_ffn,221,37694,920.7000000000,920.7000000000,1,,1,903.5000000000,920.7000000000,17.2000000000,972.3000000000,paper_101/ablation/results/37694.out
p3_tpsa_mofe_last_ffn,222,37694,917.8000000000,917.8000000000,1,,1,903.5000000000,920.7000000000,17.2000000000,972.3000000000,paper_101/ablation/results/37694.out
p3_tpsa_mofe_last_ffn,223,37694,918.9000000000,918.9000000000,1,,1,903.5000000000,920.7000000000,17.2000000000,972.3000000000,paper_101/ablation/results/37694.out
p3_tpsa_mofe_last_ffn,224,37694,918.8000000000,918.8000000000,1,,1,903.5000000000,920.7000000000,17.2000000000,972.3000000000,paper_101/ablation/results/37694.out
p3_tpsa_mofe_last_ffn,225,37694,919.3000000000,919.3000000000,1,,1,903.5000000000,920.7000000000,17.2000000000,972.3000000000,paper_101/ablation/results/37694.out
p3_tpsa_mofe_last_ffn,226,37694,921.5000000000,921.5000000000,1,,1,903.5000000000,920.7000000000,17.2000000000,972.3000000000,paper_101/ablation/results/37694.out
p3_tpsa_mofe_last_ffn,227,37694,919.7000000000,919.7000000000,1,,1,903.5000000000,920.7000000000,17.2000000000,972.3000000000,paper_101/ablation/results/37694.out
p3_tpsa_mofe_last_ffn,228,37694,921.4000000000,921.4000000000,1,,1,903.5000000000,920.7000000000,17.2000000000,972.3000000000,paper_101/ablation/results/37694.out
p3_tpsa_mofe_last_ffn,229,37694,917.7000000000,917.7000000000,1,,1,903.5000000000,920.7000000000,17.2000000000,972.3000000000,paper_101/ablation/results/37694.out
p3_tpsa_mofe_last_ffn,230,37694,918.0000000000,918.0000000000,1,,1,903.5000000000,920.7000000000,17.2000000000,972.3000000000,paper_101/ablation/results/37694.out
p3_tpsa_mofe_last_ffn,231,37694,918.6000000000,918.6000000000,1,,1,903.5000000000,920.7000000000,17.2000000000,972.3000000000,paper_101/ablation/results/37694.out
p3_tpsa_mofe_last_ffn,232,37694,919.3000000000,919.3000000000,1,,1,903.5000000000,920.7000000000,17.2000000000,972.3000000000,paper_101/ablation/results/37694.out
p3_tpsa_mofe_last_ffn,233,37694,920.5000000000,920.5000000000,1,,1,903.5000000000,920.7000000000,17.2000000000,972.3000000000,paper_101/ablation/results/37694.out
p3_tpsa_mofe_last_ffn,234,37694,919.5000000000,919.5000000000,1,,1,903.5000000000,920.7000000000,17.2000000000,972.3000000000,paper_101/ablation/results/37694.out
p3_tpsa_mofe_last_ffn,235,37694,920.3000000000,920.3000000000,1,,1,903.5000000000,920.7000000000,17.2000000000,972.3000000000,paper_101/ablation/results/37694.out
p3_tpsa_mofe_last_ffn,236,37694,918.9000000000,918.9000000000,1,,1,903.5000000000,920.7000000000,17.2000000000,972.3000000000,paper_101/ablation/results/37694.out
p3_tpsa_mofe_last_ffn,237,37694,917.9000000000,917.9000000000,1,,1,903.5000000000,920.7000000000,17.2000000000,972.3000000000,paper_101/ablation/results/37694.out
p3_tpsa_mofe_last_ffn,238,37694,918.7000000000,918.7000000000,1,,1,903.5000000000,920.7000000000,17.2000000000,972.3000000000,paper_101/ablation/results/37694.out
p3_tpsa_mofe_last_ffn,239,37694,919.0000000000,919.0000000000,1,,1,903.5000000000,920.7000000000,17.2000000000,972.3000000000,paper_101/ablation/results/37694.out
p3_tpsa_mofe_last_ffn,240,37694,919.2000000000,919.2000000000,1,,1,903.5000000000,920.7000000000,17.2000000000,972.3000000000,paper_101/ablation/results/37694.out
p3_tpsa_mofe_last_ffn,241,37694,920.3000000000,920.3000000000,1,,1,903.5000000000,920.7000000000,17.2000000000,972.3000000000,paper_101/ablation/results/37694.out
p3_tpsa_mofe_last_ffn,242,37694,919.5000000000,919.5000000000,1,,1,903.5000000000,920.7000000000,17.2000000000,972.3000000000,paper_101/ablation/results/37694.out
p3_tpsa_mofe_last_ffn,243,37694,921.2000000000,921.2000000000,1,,1,903.5000000000,920.7000000000,17.2000000000,972.3000000000,paper_101/ablation/results/37694.out
p3_tpsa_mofe_last_ffn,244,37694,918.7000000000,918.7000000000,1,,1,903.5000000000,920.7000000000,17.2000000000,972.3000000000,paper_101/ablation/results/37694.out
p3_tpsa_mofe_last_ffn,245,37694,918.0000000000,918.0000000000,1,,1,903.5000000000,920.7000000000,17.2000000000,972.3000000000,paper_101/ablation/results/37694.out
p3_tpsa_mofe_last_ffn,246,37694,919.2000000000,919.2000000000,1,,1,903.5000000000,920.7000000000,17.2000000000,972.3000000000,paper_101/ablation/results/37694.out
p3_tpsa_mofe_last_ffn,247,37694,919.2000000000,919.2000000000,1,,1,903.5000000000,920.7000000000,17.2000000000,972.3000000000,paper_101/ablation/results/37694.out
p3_tpsa_mofe_last_ffn,248,37694,919.7000000000,919.7000000000,1,,1,903.5000000000,920.7000000000,17.2000000000,972.3000000000,paper_101/ablation/results/37694.out
p3_tpsa_mofe_last_ffn,249,37694,920.8000000000,920.8000000000,1,,1,903.5000000000,920.7000000000,17.2000000000,972.3000000000,paper_101/ablation/results/37694.out
p3_tpsa_mofe_last_ffn,250,37694,919.1000000000,919.1000000000,1,,1,903.5000000000,920.7000000000,17.2000000000,972.3000000000,paper_101/ablation/results/37694.out
p3_tpsa_mofe_last_ffn,251,37694,919.1000000000,919.1000000000,1,,1,903.5000000000,920.7000000000,17.2000000000,972.3000000000,paper_101/ablation/results/37694.out
p3_tpsa_mofe_last_ffn,252,37694,919.7000000000,919.7000000000,1,,1,903.5000000000,920.7000000000,17.2000000000,972.3000000000,paper_101/ablation/results/37694.out
p3_tpsa_mofe_last_ffn,253,37694,919.7000000000,919.7000000000,1,,1,903.5000000000,920.7000000000,17.2000000000,972.3000000000,paper_101/ablation/results/37694.out
p3_tpsa_mofe_last_ffn,254,37694,918.5000000000,918.5000000000,1,,1,903.5000000000,920.7000000000,17.2000000000,972.3000000000,paper_101/ablation/results/37694.out
p3_tpsa_mofe_last_ffn,255,37694,920.8000000000,920.8000000000,1,,1,903.5000000000,920.7000000000,17.2000000000,972.3000000000,paper_101/ablation/results/37694.out
p3_tpsa_mofe_last_ffn,256,37694,920.4000000000,920.4000000000,1,,1,903.5000000000,920.7000000000,17.2000000000,972.3000000000,paper_101/ablation/results/37694.out
p3_tpsa_mofe_last_ffn,257,37694,920.7000000000,920.7000000000,1,,1,903.5000000000,920.7000000000,17.2000000000,972.3000000000,paper_101/ablation/results/37694.out
p3_tpsa_mofe_last_ffn,258,37694,920.4000000000,920.4000000000,1,,1,903.5000000000,920.7000000000,17.2000000000,972.3000000000,paper_101/ablation/results/37694.out
p3_tpsa_mofe_last_ffn,259,37694,918.2000000000,918.2000000000,1,,1,903.5000000000,920.7000000000,17.2000000000,972.3000000000,paper_101/ablation/results/37694.out
p3_tpsa_mofe_last_ffn,260,37694,918.7000000000,918.7000000000,1,,1,903.5000000000,920.7000000000,17.2000000000,972.3000000000,paper_101/ablation/results/37694.out
p3_tpsa_mofe_last_ffn,261,37694,918.9000000000,918.9000000000,1,,1,903.5000000000,920.7000000000,17.2000000000,972.3000000000,paper_101/ablation/results/37694.out
p3_tpsa_mofe_last_ffn,262,37694,919.3000000000,919.3000000000,1,,1,903.5000000000,920.7000000000,17.2000000000,972.3000000000,paper_101/ablation/results/37694.out
p3_tpsa_mofe_last_ffn,263,37694,918.8000000000,918.8000000000,1,,1,903.5000000000,920.7000000000,17.2000000000,972.3000000000,paper_101/ablation/results/37694.out
p3_tpsa_mofe_last_ffn,264,37694,919.0000000000,919.0000000000,1,,1,903.5000000000,920.7000000000,17.2000000000,972.3000000000,paper_101/ablation/results/37694.out
p3_tpsa_mofe_last_ffn,265,37694,921.0000000000,921.0000000000,1,,1,903.5000000000,920.7000000000,17.2000000000,972.3000000000,paper_101/ablation/results/37694.out
p3_tpsa_mofe_last_ffn,266,37694,917.4000000000,917.4000000000,1,,1,903.5000000000,920.7000000000,17.2000000000,972.3000000000,paper_101/ablation/results/37694.out
p3_tpsa_mofe_last_ffn,267,37694,918.5000000000,918.5000000000,1,,1,903.5000000000,920.7000000000,17.2000000000,972.3000000000,paper_101/ablation/results/37694.out
p3_tpsa_mofe_last_ffn,268,37694,919.3000000000,919.3000000000,1,,1,903.5000000000,920.7000000000,17.2000000000,972.3000000000,paper_101/ablation/results/37694.out
p3_tpsa_mofe_last_ffn,269,37694,918.9000000000,918.9000000000,1,,1,903.5000000000,920.7000000000,17.2000000000,972.3000000000,paper_101/ablation/results/37694.out
p3_tpsa_mofe_last_ffn,270,37694,919.5000000000,919.5000000000,1,,1,903.5000000000,920.7000000000,17.2000000000,972.3000000000,paper_101/ablation/results/37694.out
p3_tpsa_mofe_last_ffn,271,37694,919.9000000000,919.9000000000,1,,1,903.5000000000,920.7000000000,17.2000000000,972.3000000000,paper_101/ablation/results/37694.out
p3_tpsa_mofe_last_ffn,272,37694,919.8000000000,919.8000000000,1,,1,903.5000000000,920.7000000000,17.2000000000,972.3000000000,paper_101/ablation/results/37694.out
p3_tpsa_mofe_last_ffn,273,37694,919.7000000000,919.7000000000,1,,1,903.5000000000,920.7000000000,17.2000000000,972.3000000000,paper_101/ablation/results/37694.out
p3_tpsa_mofe_last_ffn,274,37694,918.0000000000,918.0000000000,1,,1,903.5000000000,920.7000000000,17.2000000000,972.3000000000,paper_101/ablation/results/37694.out
p3_tpsa_mofe_last_ffn,275,37694,919.3000000000,919.3000000000,1,,1,903.5000000000,920.7000000000,17.2000000000,972.3000000000,paper_101/ablation/results/37694.out
p3_tpsa_mofe_last_ffn,276,37694,919.3000000000,919.3000000000,1,,1,903.5000000000,920.7000000000,17.2000000000,972.3000000000,paper_101/ablation/results/37694.out
p3_tpsa_mofe_last_ffn,277,37694,919.5000000000,919.5000000000,1,,1,903.5000000000,920.7000000000,17.2000000000,972.3000000000,paper_101/ablation/results/37694.out
p3_tpsa_mofe_last_ffn,278,37694,920.8000000000,920.8000000000,1,,1,903.5000000000,920.7000000000,17.2000000000,972.3000000000,paper_101/ablation/results/37694.out
p3_tpsa_mofe_last_ffn,279,37694,920.5000000000,920.5000000000,1,,1,903.5000000000,920.7000000000,17.2000000000,972.3000000000,paper_101/ablation/results/37694.out
p3_tpsa_mofe_last_ffn,280,37694,917.7000000000,917.7000000000,1,,1,903.5000000000,920.7000000000,17.2000000000,972.3000000000,paper_101/ablation/results/37694.out
p3_tpsa_mofe_last_ffn,281,37694,915.9000000000,915.9000000000,1,,1,903.5000000000,920.7000000000,17.2000000000,972.3000000000,paper_101/ablation/results/37694.out
p3_tpsa_mofe_last_ffn,282,37694,918.6000000000,918.6000000000,1,,1,903.5000000000,920.7000000000,17.2000000000,972.3000000000,paper_101/ablation/results/37694.out
p3_tpsa_mofe_last_ffn,283,37694,918.2000000000,918.2000000000,1,,1,903.5000000000,920.7000000000,17.2000000000,972.3000000000,paper_101/ablation/results/37694.out
p3_tpsa_mofe_last_ffn,284,37694,919.3000000000,919.3000000000,1,,1,903.5000000000,920.7000000000,17.2000000000,972.3000000000,paper_101/ablation/results/37694.out
p3_tpsa_mofe_last_ffn,285,37694,918.3000000000,918.3000000000,1,,1,903.5000000000,920.7000000000,17.2000000000,972.3000000000,paper_101/ablation/results/37694.out
p3_tpsa_mofe_last_ffn,286,37694,920.0000000000,920.0000000000,1,,1,903.5000000000,920.7000000000,17.2000000000,972.3000000000,paper_101/ablation/results/37694.out
p3_tpsa_mofe_last_ffn,287,37694,919.3000000000,919.3000000000,1,,1,903.5000000000,920.7000000000,17.2000000000,972.3000000000,paper_101/ablation/results/37694.out
p3_tpsa_mofe_last_ffn,288,37694,919.7000000000,919.7000000000,1,,1,903.5000000000,920.7000000000,17.2000000000,972.3000000000,paper_101/ablation/results/37694.out
p3_tpsa_mofe_last_ffn,289,37694,918.1000000000,918.1000000000,1,,1,903.5000000000,920.7000000000,17.2000000000,972.3000000000,paper_101/ablation/results/37694.out
p3_tpsa_mofe_last_ffn,290,37694,917.4000000000,917.4000000000,1,,1,903.5000000000,920.7000000000,17.2000000000,972.3000000000,paper_101/ablation/results/37694.out
p3_tpsa_mofe_last_ffn,291,37694,919.9000000000,919.9000000000,1,,1,903.5000000000,920.7000000000,17.2000000000,972.3000000000,paper_101/ablation/results/37694.out
p3_tpsa_mofe_last_ffn,292,37694,918.9000000000,918.9000000000,1,,1,903.5000000000,920.7000000000,17.2000000000,972.3000000000,paper_101/ablation/results/37694.out
p3_tpsa_mofe_last_ffn,293,37694,918.7000000000,918.7000000000,1,,1,903.5000000000,920.7000000000,17.2000000000,972.3000000000,paper_101/ablation/results/37694.out
p3_tpsa_mofe_last_ffn,294,37694,920.7000000000,920.7000000000,1,,1,903.5000000000,920.7000000000,17.2000000000,972.3000000000,paper_101/ablation/results/37694.out
p3_tpsa_mofe_last_ffn,295,37694,919.7000000000,919.7000000000,1,,1,903.5000000000,920.7000000000,17.2000000000,972.3000000000,paper_101/ablation/results/37694.out
p3_tpsa_mofe_last_ffn,296,37694,917.7000000000,917.7000000000,1,,1,903.5000000000,920.7000000000,17.2000000000,972.3000000000,paper_101/ablation/results/37694.out
p3_tpsa_mofe_last_ffn,297,37694,918.1000000000,918.1000000000,1,,1,903.5000000000,920.7000000000,17.2000000000,972.3000000000,paper_101/ablation/results/37694.out
p3_tpsa_mofe_last_ffn,298,37694,918.0000000000,918.0000000000,1,,1,903.5000000000,920.7000000000,17.2000000000,972.3000000000,paper_101/ablation/results/37694.out
p3_tpsa_mofe_last_ffn,299,37694,919.6000000000,919.6000000000,1,,1,903.5000000000,920.7000000000,17.2000000000,972.3000000000,paper_101/ablation/results/37694.out
p3_tpsa_mofe_last_ffn,300,37694,921.2000000000,921.2000000000,1,,1,903.5000000000,920.7000000000,17.2000000000,972.3000000000,paper_101/ablation/results/37694.out
p3_tpsa_mofe_last_ffn_conloss,1,37702,962.7000000000,,0,segment_startup,1,959.2500000000,963.3000000000,4.0500000000,975.4500000000,paper_101/ablation/results/37702.out
p3_tpsa_mofe_last_ffn_conloss,2,37702,968.9000000000,968.9000000000,1,,1,959.2500000000,963.3000000000,4.0500000000,975.4500000000,paper_101/ablation/results/37702.out
p3_tpsa_mofe_last_ffn_conloss,3,37702,968.0000000000,968.0000000000,1,,1,959.2500000000,963.3000000000,4.0500000000,975.4500000000,paper_101/ablation/results/37702.out
p3_tpsa_mofe_last_ffn_conloss,4,37702,960.1000000000,960.1000000000,1,,1,959.2500000000,963.3000000000,4.0500000000,975.4500000000,paper_101/ablation/results/37702.out
p3_tpsa_mofe_last_ffn_conloss,5,37702,960.1000000000,960.1000000000,1,,1,959.2500000000,963.3000000000,4.0500000000,975.4500000000,paper_101/ablation/results/37702.out
p3_tpsa_mofe_last_ffn_conloss,6,37702,959.6000000000,959.6000000000,1,,1,959.2500000000,963.3000000000,4.0500000000,975.4500000000,paper_101/ablation/results/37702.out
p3_tpsa_mofe_last_ffn_conloss,7,37702,959.7000000000,959.7000000000,1,,1,959.2500000000,963.3000000000,4.0500000000,975.4500000000,paper_101/ablation/results/37702.out
p3_tpsa_mofe_last_ffn_conloss,8,37702,960.2000000000,960.2000000000,1,,1,959.2500000000,963.3000000000,4.0500000000,975.4500000000,paper_101/ablation/results/37702.out
p3_tpsa_mofe_last_ffn_conloss,9,37702,958.9000000000,958.9000000000,1,,1,959.2500000000,963.3000000000,4.0500000000,975.4500000000,paper_101/ablation/results/37702.out
p3_tpsa_mofe_last_ffn_conloss,10,37702,958.4000000000,958.4000000000,1,,1,959.2500000000,963.3000000000,4.0500000000,975.4500000000,paper_101/ablation/results/37702.out
p3_tpsa_mofe_last_ffn_conloss,11,37702,960.1000000000,960.1000000000,1,,1,959.2500000000,963.3000000000,4.0500000000,975.4500000000,paper_101/ablation/results/37702.out
p3_tpsa_mofe_last_ffn_conloss,12,37702,959.3000000000,959.3000000000,1,,1,959.2500000000,963.3000000000,4.0500000000,975.4500000000,paper_101/ablation/results/37702.out
p3_tpsa_mofe_last_ffn_conloss,13,37702,959.6000000000,959.6000000000,1,,1,959.2500000000,963.3000000000,4.0500000000,975.4500000000,paper_101/ablation/results/37702.out
p3_tpsa_mofe_last_ffn_conloss,14,37702,960.6000000000,960.6000000000,1,,1,959.2500000000,963.3000000000,4.0500000000,975.4500000000,paper_101/ablation/results/37702.out
p3_tpsa_mofe_last_ffn_conloss,15,37702,959.1000000000,959.1000000000,1,,1,959.2500000000,963.3000000000,4.0500000000,975.4500000000,paper_101/ablation/results/37702.out
p3_tpsa_mofe_last_ffn_conloss,16,37702,959.5000000000,959.5000000000,1,,1,959.2500000000,963.3000000000,4.0500000000,975.4500000000,paper_101/ablation/results/37702.out
p3_tpsa_mofe_last_ffn_conloss,17,37702,958.0000000000,958.0000000000,1,,1,959.2500000000,963.3000000000,4.0500000000,975.4500000000,paper_101/ablation/results/37702.out
p3_tpsa_mofe_last_ffn_conloss,18,37702,959.8000000000,959.8000000000,1,,1,959.2500000000,963.3000000000,4.0500000000,975.4500000000,paper_101/ablation/results/37702.out
p3_tpsa_mofe_last_ffn_conloss,19,37702,959.3000000000,959.3000000000,1,,1,959.2500000000,963.3000000000,4.0500000000,975.4500000000,paper_101/ablation/results/37702.out
p3_tpsa_mofe_last_ffn_conloss,20,37702,959.8000000000,959.8000000000,1,,1,959.2500000000,963.3000000000,4.0500000000,975.4500000000,paper_101/ablation/results/37702.out
p3_tpsa_mofe_last_ffn_conloss,21,37702,961.2000000000,961.2000000000,1,,1,959.2500000000,963.3000000000,4.0500000000,975.4500000000,paper_101/ablation/results/37702.out
p3_tpsa_mofe_last_ffn_conloss,22,37702,959.2000000000,959.2000000000,1,,1,959.2500000000,963.3000000000,4.0500000000,975.4500000000,paper_101/ablation/results/37702.out
p3_tpsa_mofe_last_ffn_conloss,23,37702,959.9000000000,959.9000000000,1,,1,959.2500000000,963.3000000000,4.0500000000,975.4500000000,paper_101/ablation/results/37702.out
p3_tpsa_mofe_last_ffn_conloss,24,37702,961.3000000000,961.3000000000,1,,1,959.2500000000,963.3000000000,4.0500000000,975.4500000000,paper_101/ablation/results/37702.out
p3_tpsa_mofe_last_ffn_conloss,25,37702,959.3000000000,959.3000000000,1,,1,959.2500000000,963.3000000000,4.0500000000,975.4500000000,paper_101/ablation/results/37702.out
p3_tpsa_mofe_last_ffn_conloss,26,37702,960.5000000000,960.5000000000,1,,1,959.2500000000,963.3000000000,4.0500000000,975.4500000000,paper_101/ablation/results/37702.out
p3_tpsa_mofe_last_ffn_conloss,27,37702,958.8000000000,958.8000000000,1,,1,959.2500000000,963.3000000000,4.0500000000,975.4500000000,paper_101/ablation/results/37702.out
p3_tpsa_mofe_last_ffn_conloss,28,37702,959.8000000000,959.8000000000,1,,1,959.2500000000,963.3000000000,4.0500000000,975.4500000000,paper_101/ablation/results/37702.out
p3_tpsa_mofe_last_ffn_conloss,29,37702,959.8000000000,959.8000000000,1,,1,959.2500000000,963.3000000000,4.0500000000,975.4500000000,paper_101/ablation/results/37702.out
p3_tpsa_mofe_last_ffn_conloss,30,37702,961.1000000000,961.1000000000,1,,1,959.2500000000,963.3000000000,4.0500000000,975.4500000000,paper_101/ablation/results/37702.out
p3_tpsa_mofe_last_ffn_conloss,31,37702,959.8000000000,959.8000000000,1,,1,959.2500000000,963.3000000000,4.0500000000,975.4500000000,paper_101/ablation/results/37702.out
p3_tpsa_mofe_last_ffn_conloss,32,37702,960.1000000000,960.1000000000,1,,1,959.2500000000,963.3000000000,4.0500000000,975.4500000000,paper_101/ablation/results/37702.out
p3_tpsa_mofe_last_ffn_conloss,33,37702,959.6000000000,959.6000000000,1,,1,959.2500000000,963.3000000000,4.0500000000,975.4500000000,paper_101/ablation/results/37702.out
p3_tpsa_mofe_last_ffn_conloss,34,37702,959.6000000000,959.6000000000,1,,1,959.2500000000,963.3000000000,4.0500000000,975.4500000000,paper_101/ablation/results/37702.out
p3_tpsa_mofe_last_ffn_conloss,35,37702,961.3000000000,961.3000000000,1,,1,959.2500000000,963.3000000000,4.0500000000,975.4500000000,paper_101/ablation/results/37702.out
p3_tpsa_mofe_last_ffn_conloss,36,37702,963.7000000000,963.7000000000,1,,1,959.2500000000,963.3000000000,4.0500000000,975.4500000000,paper_101/ablation/results/37702.out
p3_tpsa_mofe_last_ffn_conloss,37,37702,961.6000000000,961.6000000000,1,,1,959.2500000000,963.3000000000,4.0500000000,975.4500000000,paper_101/ablation/results/37702.out
p3_tpsa_mofe_last_ffn_conloss,38,37702,961.2000000000,961.2000000000,1,,1,959.2500000000,963.3000000000,4.0500000000,975.4500000000,paper_101/ablation/results/37702.out
p3_tpsa_mofe_last_ffn_conloss,39,37702,960.5000000000,960.5000000000,1,,1,959.2500000000,963.3000000000,4.0500000000,975.4500000000,paper_101/ablation/results/37702.out
p3_tpsa_mofe_last_ffn_conloss,40,37702,960.1000000000,960.1000000000,1,,1,959.2500000000,963.3000000000,4.0500000000,975.4500000000,paper_101/ablation/results/37702.out
p3_tpsa_mofe_last_ffn_conloss,41,37702,961.6000000000,961.6000000000,1,,1,959.2500000000,963.3000000000,4.0500000000,975.4500000000,paper_101/ablation/results/37702.out
p3_tpsa_mofe_last_ffn_conloss,42,37702,960.1000000000,960.1000000000,1,,1,959.2500000000,963.3000000000,4.0500000000,975.4500000000,paper_101/ablation/results/37702.out
p3_tpsa_mofe_last_ffn_conloss,43,37702,960.7000000000,960.7000000000,1,,1,959.2500000000,963.3000000000,4.0500000000,975.4500000000,paper_101/ablation/results/37702.out
p3_tpsa_mofe_last_ffn_conloss,44,37702,960.3000000000,960.3000000000,1,,1,959.2500000000,963.3000000000,4.0500000000,975.4500000000,paper_101/ablation/results/37702.out
p3_tpsa_mofe_last_ffn_conloss,45,37702,960.3000000000,960.3000000000,1,,1,959.2500000000,963.3000000000,4.0500000000,975.4500000000,paper_101/ablation/results/37702.out
p3_tpsa_mofe_last_ffn_conloss,46,37702,960.9000000000,960.9000000000,1,,1,959.2500000000,963.3000000000,4.0500000000,975.4500000000,paper_101/ablation/results/37702.out
p3_tpsa_mofe_last_ffn_conloss,47,37702,959.2000000000,959.2000000000,1,,1,959.2500000000,963.3000000000,4.0500000000,975.4500000000,paper_101/ablation/results/37702.out
p3_tpsa_mofe_last_ffn_conloss,48,37702,961.7000000000,961.7000000000,1,,1,959.2500000000,963.3000000000,4.0500000000,975.4500000000,paper_101/ablation/results/37702.out
p3_tpsa_mofe_last_ffn_conloss,49,37702,959.8000000000,959.8000000000,1,,1,959.2500000000,963.3000000000,4.0500000000,975.4500000000,paper_101/ablation/results/37702.out
p3_tpsa_mofe_last_ffn_conloss,50,37702,958.9000000000,958.9000000000,1,,1,959.2500000000,963.3000000000,4.0500000000,975.4500000000,paper_101/ablation/results/37702.out
p3_tpsa_mofe_last_ffn_conloss,51,37702,959.8000000000,959.8000000000,1,,1,959.2500000000,963.3000000000,4.0500000000,975.4500000000,paper_101/ablation/results/37702.out
p3_tpsa_mofe_last_ffn_conloss,52,37702,959.2000000000,959.2000000000,1,,1,959.2500000000,963.3000000000,4.0500000000,975.4500000000,paper_101/ablation/results/37702.out
p3_tpsa_mofe_last_ffn_conloss,53,37702,960.3000000000,960.3000000000,1,,1,959.2500000000,963.3000000000,4.0500000000,975.4500000000,paper_101/ablation/results/37702.out
p3_tpsa_mofe_last_ffn_conloss,54,37702,959.8000000000,959.8000000000,1,,1,959.2500000000,963.3000000000,4.0500000000,975.4500000000,paper_101/ablation/results/37702.out
p3_tpsa_mofe_last_ffn_conloss,55,37702,958.8000000000,958.8000000000,1,,1,959.2500000000,963.3000000000,4.0500000000,975.4500000000,paper_101/ablation/results/37702.out
p3_tpsa_mofe_last_ffn_conloss,56,37702,960.1000000000,960.1000000000,1,,1,959.2500000000,963.3000000000,4.0500000000,975.4500000000,paper_101/ablation/results/37702.out
p3_tpsa_mofe_last_ffn_conloss,57,37702,960.3000000000,960.3000000000,1,,1,959.2500000000,963.3000000000,4.0500000000,975.4500000000,paper_101/ablation/results/37702.out
p3_tpsa_mofe_last_ffn_conloss,58,37702,958.9000000000,958.9000000000,1,,1,959.2500000000,963.3000000000,4.0500000000,975.4500000000,paper_101/ablation/results/37702.out
p3_tpsa_mofe_last_ffn_conloss,59,37702,960.1000000000,960.1000000000,1,,1,959.2500000000,963.3000000000,4.0500000000,975.4500000000,paper_101/ablation/results/37702.out
p3_tpsa_mofe_last_ffn_conloss,60,37702,960.2000000000,960.2000000000,1,,1,959.2500000000,963.3000000000,4.0500000000,975.4500000000,paper_101/ablation/results/37702.out
p3_tpsa_mofe_last_ffn_conloss,61,37702,959.6000000000,959.6000000000,1,,1,959.2500000000,963.3000000000,4.0500000000,975.4500000000,paper_101/ablation/results/37702.out
p3_tpsa_mofe_last_ffn_conloss,62,37702,961.5000000000,961.5000000000,1,,1,959.2500000000,963.3000000000,4.0500000000,975.4500000000,paper_101/ablation/results/37702.out
p3_tpsa_mofe_last_ffn_conloss,63,37702,1024.1000000000,,0,high_duration_outer_fence,1,959.2500000000,963.3000000000,4.0500000000,975.4500000000,paper_101/ablation/results/37702.out
p3_tpsa_mofe_last_ffn_conloss,64,37702,968.8000000000,968.8000000000,1,,1,959.2500000000,963.3000000000,4.0500000000,975.4500000000,paper_101/ablation/results/37702.out
p3_tpsa_mofe_last_ffn_conloss,65,37702,960.7000000000,960.7000000000,1,,1,959.2500000000,963.3000000000,4.0500000000,975.4500000000,paper_101/ablation/results/37702.out
p3_tpsa_mofe_last_ffn_conloss,66,37702,959.6000000000,959.6000000000,1,,1,959.2500000000,963.3000000000,4.0500000000,975.4500000000,paper_101/ablation/results/37702.out
p3_tpsa_mofe_last_ffn_conloss,67,37702,991.1000000000,,0,high_duration_outer_fence,1,959.2500000000,963.3000000000,4.0500000000,975.4500000000,paper_101/ablation/results/37702.out
p3_tpsa_mofe_last_ffn_conloss,68,37702,1001.4000000000,,0,high_duration_outer_fence,1,959.2500000000,963.3000000000,4.0500000000,975.4500000000,paper_101/ablation/results/37702.out
p3_tpsa_mofe_last_ffn_conloss,69,37702,959.3000000000,959.3000000000,1,,1,959.2500000000,963.3000000000,4.0500000000,975.4500000000,paper_101/ablation/results/37702.out
p3_tpsa_mofe_last_ffn_conloss,70,37702,964.2000000000,964.2000000000,1,,1,959.2500000000,963.3000000000,4.0500000000,975.4500000000,paper_101/ablation/results/37702.out
p3_tpsa_mofe_last_ffn_conloss,71,37702,959.4000000000,959.4000000000,1,,1,959.2500000000,963.3000000000,4.0500000000,975.4500000000,paper_101/ablation/results/37702.out
p3_tpsa_mofe_last_ffn_conloss,72,37702,959.6000000000,959.6000000000,1,,1,959.2500000000,963.3000000000,4.0500000000,975.4500000000,paper_101/ablation/results/37702.out
p3_tpsa_mofe_last_ffn_conloss,73,37702,960.0000000000,960.0000000000,1,,1,959.2500000000,963.3000000000,4.0500000000,975.4500000000,paper_101/ablation/results/37702.out
p3_tpsa_mofe_last_ffn_conloss,74,37702,959.6000000000,959.6000000000,1,,1,959.2500000000,963.3000000000,4.0500000000,975.4500000000,paper_101/ablation/results/37702.out
p3_tpsa_mofe_last_ffn_conloss,75,37702,959.4000000000,959.4000000000,1,,1,959.2500000000,963.3000000000,4.0500000000,975.4500000000,paper_101/ablation/results/37702.out
p3_tpsa_mofe_last_ffn_conloss,76,37702,961.7000000000,961.7000000000,1,,1,959.2500000000,963.3000000000,4.0500000000,975.4500000000,paper_101/ablation/results/37702.out
p3_tpsa_mofe_last_ffn_conloss,77,37702,961.8000000000,961.8000000000,1,,1,959.2500000000,963.3000000000,4.0500000000,975.4500000000,paper_101/ablation/results/37702.out
p3_tpsa_mofe_last_ffn_conloss,78,37702,961.0000000000,961.0000000000,1,,1,959.2500000000,963.3000000000,4.0500000000,975.4500000000,paper_101/ablation/results/37702.out
p3_tpsa_mofe_last_ffn_conloss,79,37702,963.2000000000,963.2000000000,1,,1,959.2500000000,963.3000000000,4.0500000000,975.4500000000,paper_101/ablation/results/37702.out
p3_tpsa_mofe_last_ffn_conloss,80,37702,967.1000000000,967.1000000000,1,,1,959.2500000000,963.3000000000,4.0500000000,975.4500000000,paper_101/ablation/results/37702.out
p3_tpsa_mofe_last_ffn_conloss,81,37702,966.0000000000,966.0000000000,1,,1,959.2500000000,963.3000000000,4.0500000000,975.4500000000,paper_101/ablation/results/37702.out
p3_tpsa_mofe_last_ffn_conloss,82,37702,964.3000000000,964.3000000000,1,,1,959.2500000000,963.3000000000,4.0500000000,975.4500000000,paper_101/ablation/results/37702.out
p3_tpsa_mofe_last_ffn_conloss,83,37702,965.2000000000,965.2000000000,1,,1,959.2500000000,963.3000000000,4.0500000000,975.4500000000,paper_101/ablation/results/37702.out
p3_tpsa_mofe_last_ffn_conloss,84,37702,965.3000000000,965.3000000000,1,,1,959.2500000000,963.3000000000,4.0500000000,975.4500000000,paper_101/ablation/results/37702.out
p3_tpsa_mofe_last_ffn_conloss,85,37702,965.7000000000,965.7000000000,1,,1,959.2500000000,963.3000000000,4.0500000000,975.4500000000,paper_101/ablation/results/37702.out
p3_tpsa_mofe_last_ffn_conloss,86,37702,965.0000000000,965.0000000000,1,,1,959.2500000000,963.3000000000,4.0500000000,975.4500000000,paper_101/ablation/results/37702.out
p3_tpsa_mofe_last_ffn_conloss,87,37702,964.3000000000,964.3000000000,1,,1,959.2500000000,963.3000000000,4.0500000000,975.4500000000,paper_101/ablation/results/37702.out
p3_tpsa_mofe_last_ffn_conloss,88,37702,964.9000000000,964.9000000000,1,,1,959.2500000000,963.3000000000,4.0500000000,975.4500000000,paper_101/ablation/results/37702.out
p3_tpsa_mofe_last_ffn_conloss,89,37702,963.0000000000,963.0000000000,1,,1,959.2500000000,963.3000000000,4.0500000000,975.4500000000,paper_101/ablation/results/37702.out
p3_tpsa_mofe_last_ffn_conloss,90,37702,965.4000000000,965.4000000000,1,,1,959.2500000000,963.3000000000,4.0500000000,975.4500000000,paper_101/ablation/results/37702.out
p3_tpsa_mofe_last_ffn_conloss,91,37702,963.3000000000,963.3000000000,1,,1,959.2500000000,963.3000000000,4.0500000000,975.4500000000,paper_101/ablation/results/37702.out
p3_tpsa_mofe_last_ffn_conloss,92,37702,964.1000000000,964.1000000000,1,,1,959.2500000000,963.3000000000,4.0500000000,975.4500000000,paper_101/ablation/results/37702.out
p3_tpsa_mofe_last_ffn_conloss,93,37702,963.8000000000,963.8000000000,1,,1,959.2500000000,963.3000000000,4.0500000000,975.4500000000,paper_101/ablation/results/37702.out
p3_tpsa_mofe_last_ffn_conloss,94,37702,964.8000000000,964.8000000000,1,,1,959.2500000000,963.3000000000,4.0500000000,975.4500000000,paper_101/ablation/results/37702.out
p3_tpsa_mofe_last_ffn_conloss,95,37702,964.3000000000,964.3000000000,1,,1,959.2500000000,963.3000000000,4.0500000000,975.4500000000,paper_101/ablation/results/37702.out
p3_tpsa_mofe_last_ffn_conloss,96,37702,963.1000000000,963.1000000000,1,,1,959.2500000000,963.3000000000,4.0500000000,975.4500000000,paper_101/ablation/results/37702.out
p3_tpsa_mofe_last_ffn_conloss,97,37702,964.5000000000,964.5000000000,1,,1,959.2500000000,963.3000000000,4.0500000000,975.4500000000,paper_101/ablation/results/37702.out
p3_tpsa_mofe_last_ffn_conloss,98,37702,960.9000000000,960.9000000000,1,,1,959.2500000000,963.3000000000,4.0500000000,975.4500000000,paper_101/ablation/results/37702.out
p3_tpsa_mofe_last_ffn_conloss,99,37702,959.7000000000,959.7000000000,1,,1,959.2500000000,963.3000000000,4.0500000000,975.4500000000,paper_101/ablation/results/37702.out
p3_tpsa_mofe_last_ffn_conloss,100,37702,960.4000000000,960.4000000000,1,,1,959.2500000000,963.3000000000,4.0500000000,975.4500000000,paper_101/ablation/results/37702.out
p3_tpsa_mofe_last_ffn_conloss,101,37702,962.0000000000,962.0000000000,1,,1,959.2500000000,963.3000000000,4.0500000000,975.4500000000,paper_101/ablation/results/37702.out
p3_tpsa_mofe_last_ffn_conloss,102,37702,961.2000000000,961.2000000000,1,,1,959.2500000000,963.3000000000,4.0500000000,975.4500000000,paper_101/ablation/results/37702.out
p3_tpsa_mofe_last_ffn_conloss,103,37702,961.2000000000,961.2000000000,1,,1,959.2500000000,963.3000000000,4.0500000000,975.4500000000,paper_101/ablation/results/37702.out
p3_tpsa_mofe_last_ffn_conloss,104,37702,962.8000000000,962.8000000000,1,,1,959.2500000000,963.3000000000,4.0500000000,975.4500000000,paper_101/ablation/results/37702.out
p3_tpsa_mofe_last_ffn_conloss,105,37702,962.4000000000,962.4000000000,1,,1,959.2500000000,963.3000000000,4.0500000000,975.4500000000,paper_101/ablation/results/37702.out
p3_tpsa_mofe_last_ffn_conloss,106,37702,962.1000000000,962.1000000000,1,,1,959.2500000000,963.3000000000,4.0500000000,975.4500000000,paper_101/ablation/results/37702.out
p3_tpsa_mofe_last_ffn_conloss,107,37702,963.3000000000,963.3000000000,1,,1,959.2500000000,963.3000000000,4.0500000000,975.4500000000,paper_101/ablation/results/37702.out
p3_tpsa_mofe_last_ffn_conloss,108,37702,963.1000000000,963.1000000000,1,,1,959.2500000000,963.3000000000,4.0500000000,975.4500000000,paper_101/ablation/results/37702.out
p3_tpsa_mofe_last_ffn_conloss,109,37702,964.4000000000,964.4000000000,1,,1,959.2500000000,963.3000000000,4.0500000000,975.4500000000,paper_101/ablation/results/37702.out
p3_tpsa_mofe_last_ffn_conloss,110,37702,962.9000000000,962.9000000000,1,,1,959.2500000000,963.3000000000,4.0500000000,975.4500000000,paper_101/ablation/results/37702.out
p3_tpsa_mofe_last_ffn_conloss,111,37702,964.7000000000,964.7000000000,1,,1,959.2500000000,963.3000000000,4.0500000000,975.4500000000,paper_101/ablation/results/37702.out
p3_tpsa_mofe_last_ffn_conloss,112,37702,963.8000000000,963.8000000000,1,,1,959.2500000000,963.3000000000,4.0500000000,975.4500000000,paper_101/ablation/results/37702.out
p3_tpsa_mofe_last_ffn_conloss,113,37702,963.0000000000,963.0000000000,1,,1,959.2500000000,963.3000000000,4.0500000000,975.4500000000,paper_101/ablation/results/37702.out
p3_tpsa_mofe_last_ffn_conloss,114,37702,962.3000000000,962.3000000000,1,,1,959.2500000000,963.3000000000,4.0500000000,975.4500000000,paper_101/ablation/results/37702.out
p3_tpsa_mofe_last_ffn_conloss,115,37702,962.8000000000,962.8000000000,1,,1,959.2500000000,963.3000000000,4.0500000000,975.4500000000,paper_101/ablation/results/37702.out
p3_tpsa_mofe_last_ffn_conloss,116,37702,962.8000000000,962.8000000000,1,,1,959.2500000000,963.3000000000,4.0500000000,975.4500000000,paper_101/ablation/results/37702.out
p3_tpsa_mofe_last_ffn_conloss,117,37702,962.7000000000,962.7000000000,1,,1,959.2500000000,963.3000000000,4.0500000000,975.4500000000,paper_101/ablation/results/37702.out
p3_tpsa_mofe_last_ffn_conloss,118,37702,961.9000000000,961.9000000000,1,,1,959.2500000000,963.3000000000,4.0500000000,975.4500000000,paper_101/ablation/results/37702.out
p3_tpsa_mofe_last_ffn_conloss,119,37702,962.1000000000,962.1000000000,1,,1,959.2500000000,963.3000000000,4.0500000000,975.4500000000,paper_101/ablation/results/37702.out
p3_tpsa_mofe_last_ffn_conloss,120,37702,962.6000000000,962.6000000000,1,,1,959.2500000000,963.3000000000,4.0500000000,975.4500000000,paper_101/ablation/results/37702.out
p3_tpsa_mofe_last_ffn_conloss,121,37702,961.8000000000,961.8000000000,1,,1,959.2500000000,963.3000000000,4.0500000000,975.4500000000,paper_101/ablation/results/37702.out
p3_tpsa_mofe_last_ffn_conloss,122,37702,963.5000000000,963.5000000000,1,,1,959.2500000000,963.3000000000,4.0500000000,975.4500000000,paper_101/ablation/results/37702.out
p3_tpsa_mofe_last_ffn_conloss,123,37702,962.1000000000,962.1000000000,1,,1,959.2500000000,963.3000000000,4.0500000000,975.4500000000,paper_101/ablation/results/37702.out
p3_tpsa_mofe_last_ffn_conloss,124,37702,962.8000000000,962.8000000000,1,,1,959.2500000000,963.3000000000,4.0500000000,975.4500000000,paper_101/ablation/results/37702.out
p3_tpsa_mofe_last_ffn_conloss,125,37702,961.8000000000,961.8000000000,1,,1,959.2500000000,963.3000000000,4.0500000000,975.4500000000,paper_101/ablation/results/37702.out
p3_tpsa_mofe_last_ffn_conloss,126,37702,962.4000000000,962.4000000000,1,,1,959.2500000000,963.3000000000,4.0500000000,975.4500000000,paper_101/ablation/results/37702.out
p3_tpsa_mofe_last_ffn_conloss,127,37702,961.7000000000,961.7000000000,1,,1,959.2500000000,963.3000000000,4.0500000000,975.4500000000,paper_101/ablation/results/37702.out
p3_tpsa_mofe_last_ffn_conloss,128,37702,963.1000000000,963.1000000000,1,,1,959.2500000000,963.3000000000,4.0500000000,975.4500000000,paper_101/ablation/results/37702.out
p3_tpsa_mofe_last_ffn_conloss,129,37702,963.4000000000,963.4000000000,1,,1,959.2500000000,963.3000000000,4.0500000000,975.4500000000,paper_101/ablation/results/37702.out
p3_tpsa_mofe_last_ffn_conloss,130,37702,962.3000000000,962.3000000000,1,,1,959.2500000000,963.3000000000,4.0500000000,975.4500000000,paper_101/ablation/results/37702.out
p3_tpsa_mofe_last_ffn_conloss,131,37702,961.6000000000,961.6000000000,1,,1,959.2500000000,963.3000000000,4.0500000000,975.4500000000,paper_101/ablation/results/37702.out
p3_tpsa_mofe_last_ffn_conloss,132,37702,961.5000000000,961.5000000000,1,,1,959.2500000000,963.3000000000,4.0500000000,975.4500000000,paper_101/ablation/results/37702.out
p3_tpsa_mofe_last_ffn_conloss,133,37702,961.8000000000,961.8000000000,1,,1,959.2500000000,963.3000000000,4.0500000000,975.4500000000,paper_101/ablation/results/37702.out
p3_tpsa_mofe_last_ffn_conloss,134,37702,962.8000000000,962.8000000000,1,,1,959.2500000000,963.3000000000,4.0500000000,975.4500000000,paper_101/ablation/results/37702.out
p3_tpsa_mofe_last_ffn_conloss,135,37702,959.8000000000,959.8000000000,1,,1,959.2500000000,963.3000000000,4.0500000000,975.4500000000,paper_101/ablation/results/37702.out
p3_tpsa_mofe_last_ffn_conloss,136,37702,956.6000000000,956.6000000000,1,,1,959.2500000000,963.3000000000,4.0500000000,975.4500000000,paper_101/ablation/results/37702.out
p3_tpsa_mofe_last_ffn_conloss,137,37702,956.0000000000,956.0000000000,1,,1,959.2500000000,963.3000000000,4.0500000000,975.4500000000,paper_101/ablation/results/37702.out
p3_tpsa_mofe_last_ffn_conloss,138,37702,955.8000000000,955.8000000000,1,,1,959.2500000000,963.3000000000,4.0500000000,975.4500000000,paper_101/ablation/results/37702.out
p3_tpsa_mofe_last_ffn_conloss,139,37702,956.6000000000,956.6000000000,1,,1,959.2500000000,963.3000000000,4.0500000000,975.4500000000,paper_101/ablation/results/37702.out
p3_tpsa_mofe_last_ffn_conloss,140,37702,957.7000000000,957.7000000000,1,,1,959.2500000000,963.3000000000,4.0500000000,975.4500000000,paper_101/ablation/results/37702.out
p3_tpsa_mofe_last_ffn_conloss,141,37702,956.0000000000,956.0000000000,1,,1,959.2500000000,963.3000000000,4.0500000000,975.4500000000,paper_101/ablation/results/37702.out
p3_tpsa_mofe_last_ffn_conloss,142,37702,957.0000000000,957.0000000000,1,,1,959.2500000000,963.3000000000,4.0500000000,975.4500000000,paper_101/ablation/results/37702.out
p3_tpsa_mofe_last_ffn_conloss,143,37702,956.9000000000,956.9000000000,1,,1,959.2500000000,963.3000000000,4.0500000000,975.4500000000,paper_101/ablation/results/37702.out
p3_tpsa_mofe_last_ffn_conloss,144,37702,956.7000000000,956.7000000000,1,,1,959.2500000000,963.3000000000,4.0500000000,975.4500000000,paper_101/ablation/results/37702.out
p3_tpsa_mofe_last_ffn_conloss,145,37702,956.8000000000,956.8000000000,1,,1,959.2500000000,963.3000000000,4.0500000000,975.4500000000,paper_101/ablation/results/37702.out
p3_tpsa_mofe_last_ffn_conloss,146,37702,955.8000000000,955.8000000000,1,,1,959.2500000000,963.3000000000,4.0500000000,975.4500000000,paper_101/ablation/results/37702.out
p3_tpsa_mofe_last_ffn_conloss,147,37702,957.2000000000,957.2000000000,1,,1,959.2500000000,963.3000000000,4.0500000000,975.4500000000,paper_101/ablation/results/37702.out
p3_tpsa_mofe_last_ffn_conloss,148,37702,955.6000000000,955.6000000000,1,,1,959.2500000000,963.3000000000,4.0500000000,975.4500000000,paper_101/ablation/results/37702.out
p3_tpsa_mofe_last_ffn_conloss,149,37702,957.2000000000,957.2000000000,1,,1,959.2500000000,963.3000000000,4.0500000000,975.4500000000,paper_101/ablation/results/37702.out
p3_tpsa_mofe_last_ffn_conloss,150,37702,956.4000000000,956.4000000000,1,,1,959.2500000000,963.3000000000,4.0500000000,975.4500000000,paper_101/ablation/results/37702.out
p3_tpsa_mofe_last_ffn_conloss,151,37702,957.1000000000,957.1000000000,1,,1,959.2500000000,963.3000000000,4.0500000000,975.4500000000,paper_101/ablation/results/37702.out
p3_tpsa_mofe_last_ffn_conloss,152,37702,954.8000000000,954.8000000000,1,,1,959.2500000000,963.3000000000,4.0500000000,975.4500000000,paper_101/ablation/results/37702.out
p3_tpsa_mofe_last_ffn_conloss,153,37702,955.5000000000,955.5000000000,1,,1,959.2500000000,963.3000000000,4.0500000000,975.4500000000,paper_101/ablation/results/37702.out
p3_tpsa_mofe_last_ffn_conloss,154,37702,955.3000000000,955.3000000000,1,,1,959.2500000000,963.3000000000,4.0500000000,975.4500000000,paper_101/ablation/results/37702.out
p3_tpsa_mofe_last_ffn_conloss,155,37702,955.7000000000,955.7000000000,1,,1,959.2500000000,963.3000000000,4.0500000000,975.4500000000,paper_101/ablation/results/37702.out
p3_tpsa_mofe_last_ffn_conloss,156,37702,955.9000000000,955.9000000000,1,,1,959.2500000000,963.3000000000,4.0500000000,975.4500000000,paper_101/ablation/results/37702.out
p3_tpsa_mofe_last_ffn_conloss,157,37702,956.6000000000,956.6000000000,1,,1,959.2500000000,963.3000000000,4.0500000000,975.4500000000,paper_101/ablation/results/37702.out
p3_tpsa_mofe_last_ffn_conloss,158,37702,955.3000000000,955.3000000000,1,,1,959.2500000000,963.3000000000,4.0500000000,975.4500000000,paper_101/ablation/results/37702.out
p3_tpsa_mofe_last_ffn_conloss,159,37702,956.0000000000,956.0000000000,1,,1,959.2500000000,963.3000000000,4.0500000000,975.4500000000,paper_101/ablation/results/37702.out
p3_tpsa_mofe_last_ffn_conloss,160,37702,956.8000000000,956.8000000000,1,,1,959.2500000000,963.3000000000,4.0500000000,975.4500000000,paper_101/ablation/results/37702.out
p3_tpsa_mofe_last_ffn_conloss,161,37702,954.8000000000,954.8000000000,1,,1,959.2500000000,963.3000000000,4.0500000000,975.4500000000,paper_101/ablation/results/37702.out
p3_tpsa_mofe_last_ffn_conloss,162,37702,954.0000000000,954.0000000000,1,,1,959.2500000000,963.3000000000,4.0500000000,975.4500000000,paper_101/ablation/results/37702.out
p3_tpsa_mofe_last_ffn_conloss,163,37702,955.6000000000,955.6000000000,1,,1,959.2500000000,963.3000000000,4.0500000000,975.4500000000,paper_101/ablation/results/37702.out
p3_tpsa_mofe_last_ffn_conloss,164,37702,955.9000000000,955.9000000000,1,,1,959.2500000000,963.3000000000,4.0500000000,975.4500000000,paper_101/ablation/results/37702.out
p3_tpsa_mofe_last_ffn_conloss,165,37702,956.3000000000,956.3000000000,1,,1,959.2500000000,963.3000000000,4.0500000000,975.4500000000,paper_101/ablation/results/37702.out
p3_tpsa_mofe_last_ffn_conloss,166,37702,955.8000000000,955.8000000000,1,,1,959.2500000000,963.3000000000,4.0500000000,975.4500000000,paper_101/ablation/results/37702.out
p3_tpsa_mofe_last_ffn_conloss,167,37702,956.2000000000,956.2000000000,1,,1,959.2500000000,963.3000000000,4.0500000000,975.4500000000,paper_101/ablation/results/37702.out
p3_tpsa_mofe_last_ffn_conloss,168,37702,956.1000000000,956.1000000000,1,,1,959.2500000000,963.3000000000,4.0500000000,975.4500000000,paper_101/ablation/results/37702.out
p3_tpsa_mofe_last_ffn_conloss,169,37702,955.9000000000,955.9000000000,1,,1,959.2500000000,963.3000000000,4.0500000000,975.4500000000,paper_101/ablation/results/37702.out
p3_tpsa_mofe_last_ffn_conloss,170,37702,955.3000000000,955.3000000000,1,,1,959.2500000000,963.3000000000,4.0500000000,975.4500000000,paper_101/ablation/results/37702.out
p3_tpsa_mofe_last_ffn_conloss,171,37702,956.8000000000,956.8000000000,1,,1,959.2500000000,963.3000000000,4.0500000000,975.4500000000,paper_101/ablation/results/37702.out
p3_tpsa_mofe_last_ffn_conloss,172,37702,957.1000000000,957.1000000000,1,,1,959.2500000000,963.3000000000,4.0500000000,975.4500000000,paper_101/ablation/results/37702.out
p3_tpsa_mofe_last_ffn_conloss,173,37702,956.4000000000,956.4000000000,1,,1,959.2500000000,963.3000000000,4.0500000000,975.4500000000,paper_101/ablation/results/37702.out
p3_tpsa_mofe_last_ffn_conloss,174,37702,956.6000000000,956.6000000000,1,,1,959.2500000000,963.3000000000,4.0500000000,975.4500000000,paper_101/ablation/results/37702.out
p3_tpsa_mofe_last_ffn_conloss,175,37702,957.3000000000,957.3000000000,1,,1,959.2500000000,963.3000000000,4.0500000000,975.4500000000,paper_101/ablation/results/37702.out
p3_tpsa_mofe_last_ffn_conloss,176,37702,956.3000000000,956.3000000000,1,,1,959.2500000000,963.3000000000,4.0500000000,975.4500000000,paper_101/ablation/results/37702.out
p3_tpsa_mofe_last_ffn_conloss,177,37702,956.1000000000,956.1000000000,1,,1,959.2500000000,963.3000000000,4.0500000000,975.4500000000,paper_101/ablation/results/37702.out
p3_tpsa_mofe_last_ffn_conloss,178,37702,957.5000000000,957.5000000000,1,,1,959.2500000000,963.3000000000,4.0500000000,975.4500000000,paper_101/ablation/results/37702.out
p3_tpsa_mofe_last_ffn_conloss,179,37702,958.2000000000,958.2000000000,1,,1,959.2500000000,963.3000000000,4.0500000000,975.4500000000,paper_101/ablation/results/37702.out
p3_tpsa_mofe_last_ffn_conloss,180,37702,970.7000000000,970.7000000000,1,,1,959.2500000000,963.3000000000,4.0500000000,975.4500000000,paper_101/ablation/results/37702.out
p3_tpsa_mofe_last_ffn_conloss,181,37702,983.1000000000,,0,high_duration_outer_fence,1,959.2500000000,963.3000000000,4.0500000000,975.4500000000,paper_101/ablation/results/37702.out
p3_tpsa_mofe_last_ffn_conloss,182,37702,964.8000000000,964.8000000000,1,,1,959.2500000000,963.3000000000,4.0500000000,975.4500000000,paper_101/ablation/results/37702.out
p3_tpsa_mofe_last_ffn_conloss,183,37702,956.5000000000,956.5000000000,1,,1,959.2500000000,963.3000000000,4.0500000000,975.4500000000,paper_101/ablation/results/37702.out
p3_tpsa_mofe_last_ffn_conloss,184,37702,955.1000000000,955.1000000000,1,,1,959.2500000000,963.3000000000,4.0500000000,975.4500000000,paper_101/ablation/results/37702.out
p3_tpsa_mofe_last_ffn_conloss,185,37702,955.9000000000,955.9000000000,1,,1,959.2500000000,963.3000000000,4.0500000000,975.4500000000,paper_101/ablation/results/37702.out
p3_tpsa_mofe_last_ffn_conloss,186,37702,955.8000000000,955.8000000000,1,,1,959.2500000000,963.3000000000,4.0500000000,975.4500000000,paper_101/ablation/results/37702.out
p3_tpsa_mofe_last_ffn_conloss,187,37702,957.2000000000,957.2000000000,1,,1,959.2500000000,963.3000000000,4.0500000000,975.4500000000,paper_101/ablation/results/37702.out
p3_tpsa_mofe_last_ffn_conloss,188,37702,957.1000000000,957.1000000000,1,,1,959.2500000000,963.3000000000,4.0500000000,975.4500000000,paper_101/ablation/results/37702.out
p3_tpsa_mofe_last_ffn_conloss,189,37702,956.5000000000,956.5000000000,1,,1,959.2500000000,963.3000000000,4.0500000000,975.4500000000,paper_101/ablation/results/37702.out
p3_tpsa_mofe_last_ffn_conloss,190,37702,963.1000000000,963.1000000000,1,,1,959.2500000000,963.3000000000,4.0500000000,975.4500000000,paper_101/ablation/results/37702.out
p3_tpsa_mofe_last_ffn_conloss,191,37702,963.9000000000,963.9000000000,1,,1,959.2500000000,963.3000000000,4.0500000000,975.4500000000,paper_101/ablation/results/37702.out
p3_tpsa_mofe_last_ffn_conloss,192,37702,962.9000000000,962.9000000000,1,,1,959.2500000000,963.3000000000,4.0500000000,975.4500000000,paper_101/ablation/results/37702.out
p3_tpsa_mofe_last_ffn_conloss,193,37702,985.6000000000,,0,high_duration_outer_fence,1,959.2500000000,963.3000000000,4.0500000000,975.4500000000,paper_101/ablation/results/37702.out
p3_tpsa_mofe_last_ffn_conloss,194,37702,970.1000000000,970.1000000000,1,,1,959.2500000000,963.3000000000,4.0500000000,975.4500000000,paper_101/ablation/results/37702.out
p3_tpsa_mofe_last_ffn_conloss,195,37702,963.1000000000,963.1000000000,1,,1,959.2500000000,963.3000000000,4.0500000000,975.4500000000,paper_101/ablation/results/37702.out
p3_tpsa_mofe_last_ffn_conloss,196,37702,962.5000000000,962.5000000000,1,,1,959.2500000000,963.3000000000,4.0500000000,975.4500000000,paper_101/ablation/results/37702.out
p3_tpsa_mofe_last_ffn_conloss,197,37702,962.6000000000,962.6000000000,1,,1,959.2500000000,963.3000000000,4.0500000000,975.4500000000,paper_101/ablation/results/37702.out
p3_tpsa_mofe_last_ffn_conloss,198,37702,962.3000000000,962.3000000000,1,,1,959.2500000000,963.3000000000,4.0500000000,975.4500000000,paper_101/ablation/results/37702.out
p3_tpsa_mofe_last_ffn_conloss,199,37702,964.2000000000,964.2000000000,1,,1,959.2500000000,963.3000000000,4.0500000000,975.4500000000,paper_101/ablation/results/37702.out
p3_tpsa_mofe_last_ffn_conloss,200,37702,962.1000000000,962.1000000000,1,,1,959.2500000000,963.3000000000,4.0500000000,975.4500000000,paper_101/ablation/results/37702.out
p3_tpsa_mofe_last_ffn_conloss,201,37702,961.4000000000,961.4000000000,1,,1,959.2500000000,963.3000000000,4.0500000000,975.4500000000,paper_101/ablation/results/37702.out
p3_tpsa_mofe_last_ffn_conloss,202,37702,962.1000000000,962.1000000000,1,,1,959.2500000000,963.3000000000,4.0500000000,975.4500000000,paper_101/ablation/results/37702.out
p3_tpsa_mofe_last_ffn_conloss,203,37702,962.5000000000,962.5000000000,1,,1,959.2500000000,963.3000000000,4.0500000000,975.4500000000,paper_101/ablation/results/37702.out
p3_tpsa_mofe_last_ffn_conloss,204,37702,962.6000000000,962.6000000000,1,,1,959.2500000000,963.3000000000,4.0500000000,975.4500000000,paper_101/ablation/results/37702.out
p3_tpsa_mofe_last_ffn_conloss,205,37702,961.0000000000,961.0000000000,1,,1,959.2500000000,963.3000000000,4.0500000000,975.4500000000,paper_101/ablation/results/37702.out
p3_tpsa_mofe_last_ffn_conloss,206,37702,961.7000000000,961.7000000000,1,,1,959.2500000000,963.3000000000,4.0500000000,975.4500000000,paper_101/ablation/results/37702.out
p3_tpsa_mofe_last_ffn_conloss,207,37702,961.8000000000,961.8000000000,1,,1,959.2500000000,963.3000000000,4.0500000000,975.4500000000,paper_101/ablation/results/37702.out
p3_tpsa_mofe_last_ffn_conloss,208,37702,962.3000000000,962.3000000000,1,,1,959.2500000000,963.3000000000,4.0500000000,975.4500000000,paper_101/ablation/results/37702.out
p3_tpsa_mofe_last_ffn_conloss,209,37702,962.9000000000,962.9000000000,1,,1,959.2500000000,963.3000000000,4.0500000000,975.4500000000,paper_101/ablation/results/37702.out
p3_tpsa_mofe_last_ffn_conloss,210,37702,962.4000000000,962.4000000000,1,,1,959.2500000000,963.3000000000,4.0500000000,975.4500000000,paper_101/ablation/results/37702.out
p3_tpsa_mofe_last_ffn_conloss,211,37702,962.8000000000,962.8000000000,1,,1,959.2500000000,963.3000000000,4.0500000000,975.4500000000,paper_101/ablation/results/37702.out
p3_tpsa_mofe_last_ffn_conloss,212,37702,962.7000000000,962.7000000000,1,,1,959.2500000000,963.3000000000,4.0500000000,975.4500000000,paper_101/ablation/results/37702.out
p3_tpsa_mofe_last_ffn_conloss,213,37702,963.3000000000,963.3000000000,1,,1,959.2500000000,963.3000000000,4.0500000000,975.4500000000,paper_101/ablation/results/37702.out
p3_tpsa_mofe_last_ffn_conloss,214,37702,963.0000000000,963.0000000000,1,,1,959.2500000000,963.3000000000,4.0500000000,975.4500000000,paper_101/ablation/results/37702.out
p3_tpsa_mofe_last_ffn_conloss,215,37702,961.8000000000,961.8000000000,1,,1,959.2500000000,963.3000000000,4.0500000000,975.4500000000,paper_101/ablation/results/37702.out
p3_tpsa_mofe_last_ffn_conloss,216,37702,962.5000000000,962.5000000000,1,,1,959.2500000000,963.3000000000,4.0500000000,975.4500000000,paper_101/ablation/results/37702.out
p3_tpsa_mofe_last_ffn_conloss,217,37702,962.2000000000,962.2000000000,1,,1,959.2500000000,963.3000000000,4.0500000000,975.4500000000,paper_101/ablation/results/37702.out
p3_tpsa_mofe_last_ffn_conloss,218,37702,961.0000000000,961.0000000000,1,,1,959.2500000000,963.3000000000,4.0500000000,975.4500000000,paper_101/ablation/results/37702.out
p3_tpsa_mofe_last_ffn_conloss,219,37702,963.6000000000,963.6000000000,1,,1,959.2500000000,963.3000000000,4.0500000000,975.4500000000,paper_101/ablation/results/37702.out
p3_tpsa_mofe_last_ffn_conloss,220,37702,961.8000000000,961.8000000000,1,,1,959.2500000000,963.3000000000,4.0500000000,975.4500000000,paper_101/ablation/results/37702.out
p3_tpsa_mofe_last_ffn_conloss,221,37702,963.6000000000,963.6000000000,1,,1,959.2500000000,963.3000000000,4.0500000000,975.4500000000,paper_101/ablation/results/37702.out
p3_tpsa_mofe_last_ffn_conloss,222,37702,963.5000000000,963.5000000000,1,,1,959.2500000000,963.3000000000,4.0500000000,975.4500000000,paper_101/ablation/results/37702.out
p3_tpsa_mofe_last_ffn_conloss,223,37702,960.9000000000,960.9000000000,1,,1,959.2500000000,963.3000000000,4.0500000000,975.4500000000,paper_101/ablation/results/37702.out
p3_tpsa_mofe_last_ffn_conloss,224,37702,963.6000000000,963.6000000000,1,,1,959.2500000000,963.3000000000,4.0500000000,975.4500000000,paper_101/ablation/results/37702.out
p3_tpsa_mofe_last_ffn_conloss,225,37702,963.4000000000,963.4000000000,1,,1,959.2500000000,963.3000000000,4.0500000000,975.4500000000,paper_101/ablation/results/37702.out
p3_tpsa_mofe_last_ffn_conloss,226,37702,963.6000000000,963.6000000000,1,,1,959.2500000000,963.3000000000,4.0500000000,975.4500000000,paper_101/ablation/results/37702.out
p3_tpsa_mofe_last_ffn_conloss,227,37702,962.7000000000,962.7000000000,1,,1,959.2500000000,963.3000000000,4.0500000000,975.4500000000,paper_101/ablation/results/37702.out
p3_tpsa_mofe_last_ffn_conloss,228,37702,963.2000000000,963.2000000000,1,,1,959.2500000000,963.3000000000,4.0500000000,975.4500000000,paper_101/ablation/results/37702.out
p3_tpsa_mofe_last_ffn_conloss,229,37702,963.9000000000,963.9000000000,1,,1,959.2500000000,963.3000000000,4.0500000000,975.4500000000,paper_101/ablation/results/37702.out
p3_tpsa_mofe_last_ffn_conloss,230,37702,964.2000000000,964.2000000000,1,,1,959.2500000000,963.3000000000,4.0500000000,975.4500000000,paper_101/ablation/results/37702.out
p3_tpsa_mofe_last_ffn_conloss,231,37702,962.4000000000,962.4000000000,1,,1,959.2500000000,963.3000000000,4.0500000000,975.4500000000,paper_101/ablation/results/37702.out
p3_tpsa_mofe_last_ffn_conloss,232,37702,964.8000000000,964.8000000000,1,,1,959.2500000000,963.3000000000,4.0500000000,975.4500000000,paper_101/ablation/results/37702.out
p3_tpsa_mofe_last_ffn_conloss,233,37702,963.8000000000,963.8000000000,1,,1,959.2500000000,963.3000000000,4.0500000000,975.4500000000,paper_101/ablation/results/37702.out
p3_tpsa_mofe_last_ffn_conloss,234,37702,965.3000000000,965.3000000000,1,,1,959.2500000000,963.3000000000,4.0500000000,975.4500000000,paper_101/ablation/results/37702.out
p3_tpsa_mofe_last_ffn_conloss,235,37702,964.1000000000,964.1000000000,1,,1,959.2500000000,963.3000000000,4.0500000000,975.4500000000,paper_101/ablation/results/37702.out
p3_tpsa_mofe_last_ffn_conloss,236,37702,964.5000000000,964.5000000000,1,,1,959.2500000000,963.3000000000,4.0500000000,975.4500000000,paper_101/ablation/results/37702.out
p3_tpsa_mofe_last_ffn_conloss,237,37702,963.9000000000,963.9000000000,1,,1,959.2500000000,963.3000000000,4.0500000000,975.4500000000,paper_101/ablation/results/37702.out
p3_tpsa_mofe_last_ffn_conloss,238,37702,968.5000000000,968.5000000000,1,,1,959.2500000000,963.3000000000,4.0500000000,975.4500000000,paper_101/ablation/results/37702.out
p3_tpsa_mofe_last_ffn_conloss,239,37702,967.6000000000,967.6000000000,1,,1,959.2500000000,963.3000000000,4.0500000000,975.4500000000,paper_101/ablation/results/37702.out
p3_tpsa_mofe_last_ffn_conloss,240,37702,976.3000000000,,0,high_duration_outer_fence,1,959.2500000000,963.3000000000,4.0500000000,975.4500000000,paper_101/ablation/results/37702.out
p3_tpsa_mofe_last_ffn_conloss,241,37702,993.8000000000,,0,high_duration_outer_fence,1,959.2500000000,963.3000000000,4.0500000000,975.4500000000,paper_101/ablation/results/37702.out
p3_tpsa_mofe_last_ffn_conloss,242,37702,1008.1000000000,,0,high_duration_outer_fence,1,959.2500000000,963.3000000000,4.0500000000,975.4500000000,paper_101/ablation/results/37702.out
p3_tpsa_mofe_last_ffn_conloss,243,37702,1010.0000000000,,0,high_duration_outer_fence,1,959.2500000000,963.3000000000,4.0500000000,975.4500000000,paper_101/ablation/results/37702.out
p3_tpsa_mofe_last_ffn_conloss,244,37702,981.9000000000,,0,high_duration_outer_fence,1,959.2500000000,963.3000000000,4.0500000000,975.4500000000,paper_101/ablation/results/37702.out
p3_tpsa_mofe_last_ffn_conloss,245,37702,964.0000000000,964.0000000000,1,,1,959.2500000000,963.3000000000,4.0500000000,975.4500000000,paper_101/ablation/results/37702.out
p3_tpsa_mofe_last_ffn_conloss,246,37702,961.5000000000,961.5000000000,1,,1,959.2500000000,963.3000000000,4.0500000000,975.4500000000,paper_101/ablation/results/37702.out
p3_tpsa_mofe_last_ffn_conloss,247,37702,961.9000000000,961.9000000000,1,,1,959.2500000000,963.3000000000,4.0500000000,975.4500000000,paper_101/ablation/results/37702.out
p3_tpsa_mofe_last_ffn_conloss,248,37702,962.1000000000,962.1000000000,1,,1,959.2500000000,963.3000000000,4.0500000000,975.4500000000,paper_101/ablation/results/37702.out
p3_tpsa_mofe_last_ffn_conloss,249,37702,964.9000000000,964.9000000000,1,,1,959.2500000000,963.3000000000,4.0500000000,975.4500000000,paper_101/ablation/results/37702.out
p3_tpsa_mofe_last_ffn_conloss,250,37702,962.5000000000,962.5000000000,1,,1,959.2500000000,963.3000000000,4.0500000000,975.4500000000,paper_101/ablation/results/37702.out
p3_tpsa_mofe_last_ffn_conloss,251,37702,961.8000000000,961.8000000000,1,,1,959.2500000000,963.3000000000,4.0500000000,975.4500000000,paper_101/ablation/results/37702.out
p3_tpsa_mofe_last_ffn_conloss,252,37702,963.3000000000,963.3000000000,1,,1,959.2500000000,963.3000000000,4.0500000000,975.4500000000,paper_101/ablation/results/37702.out
p3_tpsa_mofe_last_ffn_conloss,253,37702,962.4000000000,962.4000000000,1,,1,959.2500000000,963.3000000000,4.0500000000,975.4500000000,paper_101/ablation/results/37702.out
p3_tpsa_mofe_last_ffn_conloss,254,37702,962.0000000000,962.0000000000,1,,1,959.2500000000,963.3000000000,4.0500000000,975.4500000000,paper_101/ablation/results/37702.out
p3_tpsa_mofe_last_ffn_conloss,255,37702,963.2000000000,963.2000000000,1,,1,959.2500000000,963.3000000000,4.0500000000,975.4500000000,paper_101/ablation/results/37702.out
p3_tpsa_mofe_last_ffn_conloss,256,37702,962.7000000000,962.7000000000,1,,1,959.2500000000,963.3000000000,4.0500000000,975.4500000000,paper_101/ablation/results/37702.out
p3_tpsa_mofe_last_ffn_conloss,257,37702,961.8000000000,961.8000000000,1,,1,959.2500000000,963.3000000000,4.0500000000,975.4500000000,paper_101/ablation/results/37702.out
p3_tpsa_mofe_last_ffn_conloss,258,37702,962.0000000000,962.0000000000,1,,1,959.2500000000,963.3000000000,4.0500000000,975.4500000000,paper_101/ablation/results/37702.out
p3_tpsa_mofe_last_ffn_conloss,259,37702,982.3000000000,,0,high_duration_outer_fence,1,959.2500000000,963.3000000000,4.0500000000,975.4500000000,paper_101/ablation/results/37702.out
p3_tpsa_mofe_last_ffn_conloss,260,37702,962.5000000000,962.5000000000,1,,1,959.2500000000,963.3000000000,4.0500000000,975.4500000000,paper_101/ablation/results/37702.out
p3_tpsa_mofe_last_ffn_conloss,261,37702,963.3000000000,963.3000000000,1,,1,959.2500000000,963.3000000000,4.0500000000,975.4500000000,paper_101/ablation/results/37702.out
p3_tpsa_mofe_last_ffn_conloss,262,37702,962.5000000000,962.5000000000,1,,1,959.2500000000,963.3000000000,4.0500000000,975.4500000000,paper_101/ablation/results/37702.out
p3_tpsa_mofe_last_ffn_conloss,263,37702,961.3000000000,961.3000000000,1,,1,959.2500000000,963.3000000000,4.0500000000,975.4500000000,paper_101/ablation/results/37702.out
p3_tpsa_mofe_last_ffn_conloss,264,37702,962.7000000000,962.7000000000,1,,1,959.2500000000,963.3000000000,4.0500000000,975.4500000000,paper_101/ablation/results/37702.out
p3_tpsa_mofe_last_ffn_conloss,265,37702,961.4000000000,961.4000000000,1,,1,959.2500000000,963.3000000000,4.0500000000,975.4500000000,paper_101/ablation/results/37702.out
p3_tpsa_mofe_last_ffn_conloss,266,37702,961.7000000000,961.7000000000,1,,1,959.2500000000,963.3000000000,4.0500000000,975.4500000000,paper_101/ablation/results/37702.out
p3_tpsa_mofe_last_ffn_conloss,267,37702,961.4000000000,961.4000000000,1,,1,959.2500000000,963.3000000000,4.0500000000,975.4500000000,paper_101/ablation/results/37702.out
p3_tpsa_mofe_last_ffn_conloss,268,37702,962.2000000000,962.2000000000,1,,1,959.2500000000,963.3000000000,4.0500000000,975.4500000000,paper_101/ablation/results/37702.out
p3_tpsa_mofe_last_ffn_conloss,269,37702,964.3000000000,964.3000000000,1,,1,959.2500000000,963.3000000000,4.0500000000,975.4500000000,paper_101/ablation/results/37702.out
p3_tpsa_mofe_last_ffn_conloss,270,37702,966.1000000000,966.1000000000,1,,1,959.2500000000,963.3000000000,4.0500000000,975.4500000000,paper_101/ablation/results/37702.out
p3_tpsa_mofe_last_ffn_conloss,271,37702,964.2000000000,964.2000000000,1,,1,959.2500000000,963.3000000000,4.0500000000,975.4500000000,paper_101/ablation/results/37702.out
p3_tpsa_mofe_last_ffn_conloss,272,37702,963.2000000000,963.2000000000,1,,1,959.2500000000,963.3000000000,4.0500000000,975.4500000000,paper_101/ablation/results/37702.out
p3_tpsa_mofe_last_ffn_conloss,273,37702,963.3000000000,963.3000000000,1,,1,959.2500000000,963.3000000000,4.0500000000,975.4500000000,paper_101/ablation/results/37702.out
p3_tpsa_mofe_last_ffn_conloss,274,37702,978.8000000000,,0,high_duration_outer_fence,1,959.2500000000,963.3000000000,4.0500000000,975.4500000000,paper_101/ablation/results/37702.out
p3_tpsa_mofe_last_ffn_conloss,275,37702,961.7000000000,961.7000000000,1,,1,959.2500000000,963.3000000000,4.0500000000,975.4500000000,paper_101/ablation/results/37702.out
p3_tpsa_mofe_last_ffn_conloss,276,37702,963.1000000000,963.1000000000,1,,1,959.2500000000,963.3000000000,4.0500000000,975.4500000000,paper_101/ablation/results/37702.out
p3_tpsa_mofe_last_ffn_conloss,277,37702,964.7000000000,964.7000000000,1,,1,959.2500000000,963.3000000000,4.0500000000,975.4500000000,paper_101/ablation/results/37702.out
p3_tpsa_mofe_last_ffn_conloss,278,37702,962.5000000000,962.5000000000,1,,1,959.2500000000,963.3000000000,4.0500000000,975.4500000000,paper_101/ablation/results/37702.out
p3_tpsa_mofe_last_ffn_conloss,279,37702,963.7000000000,963.7000000000,1,,1,959.2500000000,963.3000000000,4.0500000000,975.4500000000,paper_101/ablation/results/37702.out
p3_tpsa_mofe_last_ffn_conloss,280,37702,968.9000000000,968.9000000000,1,,1,959.2500000000,963.3000000000,4.0500000000,975.4500000000,paper_101/ablation/results/37702.out
p3_tpsa_mofe_last_ffn_conloss,281,37702,973.7000000000,973.7000000000,1,,1,959.2500000000,963.3000000000,4.0500000000,975.4500000000,paper_101/ablation/results/37702.out
p3_tpsa_mofe_last_ffn_conloss,282,37702,962.2000000000,962.2000000000,1,,1,959.2500000000,963.3000000000,4.0500000000,975.4500000000,paper_101/ablation/results/37702.out
p3_tpsa_mofe_last_ffn_conloss,283,37702,962.5000000000,962.5000000000,1,,1,959.2500000000,963.3000000000,4.0500000000,975.4500000000,paper_101/ablation/results/37702.out
p3_tpsa_mofe_last_ffn_conloss,284,37702,960.0000000000,960.0000000000,1,,1,959.2500000000,963.3000000000,4.0500000000,975.4500000000,paper_101/ablation/results/37702.out
p3_tpsa_mofe_last_ffn_conloss,285,37702,957.7000000000,957.7000000000,1,,1,959.2500000000,963.3000000000,4.0500000000,975.4500000000,paper_101/ablation/results/37702.out
p3_tpsa_mofe_last_ffn_conloss,286,37702,956.5000000000,956.5000000000,1,,1,959.2500000000,963.3000000000,4.0500000000,975.4500000000,paper_101/ablation/results/37702.out
p3_tpsa_mofe_last_ffn_conloss,287,37702,955.4000000000,955.4000000000,1,,1,959.2500000000,963.3000000000,4.0500000000,975.4500000000,paper_101/ablation/results/37702.out
p3_tpsa_mofe_last_ffn_conloss,288,37702,955.3000000000,955.3000000000,1,,1,959.2500000000,963.3000000000,4.0500000000,975.4500000000,paper_101/ablation/results/37702.out
p3_tpsa_mofe_last_ffn_conloss,289,37702,958.6000000000,958.6000000000,1,,1,959.2500000000,963.3000000000,4.0500000000,975.4500000000,paper_101/ablation/results/37702.out
p3_tpsa_mofe_last_ffn_conloss,290,37702,957.4000000000,957.4000000000,1,,1,959.2500000000,963.3000000000,4.0500000000,975.4500000000,paper_101/ablation/results/37702.out
p3_tpsa_mofe_last_ffn_conloss,291,37702,967.7000000000,967.7000000000,1,,1,959.2500000000,963.3000000000,4.0500000000,975.4500000000,paper_101/ablation/results/37702.out
p3_tpsa_mofe_last_ffn_conloss,292,37702,967.9000000000,967.9000000000,1,,1,959.2500000000,963.3000000000,4.0500000000,975.4500000000,paper_101/ablation/results/37702.out
p3_tpsa_mofe_last_ffn_conloss,293,37702,967.6000000000,967.6000000000,1,,1,959.2500000000,963.3000000000,4.0500000000,975.4500000000,paper_101/ablation/results/37702.out
p3_tpsa_mofe_last_ffn_conloss,294,37702,955.3000000000,955.3000000000,1,,1,959.2500000000,963.3000000000,4.0500000000,975.4500000000,paper_101/ablation/results/37702.out
p3_tpsa_mofe_last_ffn_conloss,295,37702,949.3000000000,949.3000000000,1,,1,959.2500000000,963.3000000000,4.0500000000,975.4500000000,paper_101/ablation/results/37702.out
p3_tpsa_mofe_last_ffn_conloss,296,37702,950.8000000000,950.8000000000,1,,1,959.2500000000,963.3000000000,4.0500000000,975.4500000000,paper_101/ablation/results/37702.out
p3_tpsa_mofe_last_ffn_conloss,297,37702,948.7000000000,948.7000000000,1,,1,959.2500000000,963.3000000000,4.0500000000,975.4500000000,paper_101/ablation/results/37702.out
p3_tpsa_mofe_last_ffn_conloss,298,37702,949.3000000000,949.3000000000,1,,1,959.2500000000,963.3000000000,4.0500000000,975.4500000000,paper_101/ablation/results/37702.out
p3_tpsa_mofe_last_ffn_conloss,299,37702,948.9000000000,948.9000000000,1,,1,959.2500000000,963.3000000000,4.0500000000,975.4500000000,paper_101/ablation/results/37702.out
p3_tpsa_mofe_last_ffn_conloss,300,37702,950.3000000000,950.3000000000,1,,1,959.2500000000,963.3000000000,4.0500000000,975.4500000000,paper_101/ablation/results/37702.out
p5_logp_mofe_last_selected_kan,1,50507,1039.3000000000,,0,segment_startup,1,1018.2000000000,1044.0500000000,25.8500000000,1121.6000000000,paper_101/ablation/results/50507.out
p5_logp_mofe_last_selected_kan,2,50507,999.4000000000,999.4000000000,1,,1,1018.2000000000,1044.0500000000,25.8500000000,1121.6000000000,paper_101/ablation/results/50507.out
p5_logp_mofe_last_selected_kan,3,50507,1000.7000000000,1000.7000000000,1,,1,1018.2000000000,1044.0500000000,25.8500000000,1121.6000000000,paper_101/ablation/results/50507.out
p5_logp_mofe_last_selected_kan,4,50507,1004.2000000000,1004.2000000000,1,,1,1018.2000000000,1044.0500000000,25.8500000000,1121.6000000000,paper_101/ablation/results/50507.out
p5_logp_mofe_last_selected_kan,5,50507,1006.7000000000,1006.7000000000,1,,1,1018.2000000000,1044.0500000000,25.8500000000,1121.6000000000,paper_101/ablation/results/50507.out
p5_logp_mofe_last_selected_kan,6,50507,1006.9000000000,1006.9000000000,1,,1,1018.2000000000,1044.0500000000,25.8500000000,1121.6000000000,paper_101/ablation/results/50507.out
p5_logp_mofe_last_selected_kan,7,50507,1008.1000000000,1008.1000000000,1,,1,1018.2000000000,1044.0500000000,25.8500000000,1121.6000000000,paper_101/ablation/results/50507.out
p5_logp_mofe_last_selected_kan,8,50507,1010.6000000000,1010.6000000000,1,,1,1018.2000000000,1044.0500000000,25.8500000000,1121.6000000000,paper_101/ablation/results/50507.out
p5_logp_mofe_last_selected_kan,9,50507,1008.1000000000,1008.1000000000,1,,1,1018.2000000000,1044.0500000000,25.8500000000,1121.6000000000,paper_101/ablation/results/50507.out
p5_logp_mofe_last_selected_kan,10,50507,1005.7000000000,1005.7000000000,1,,1,1018.2000000000,1044.0500000000,25.8500000000,1121.6000000000,paper_101/ablation/results/50507.out
p5_logp_mofe_last_selected_kan,11,50507,1015.1000000000,1015.1000000000,1,,1,1018.2000000000,1044.0500000000,25.8500000000,1121.6000000000,paper_101/ablation/results/50507.out
p5_logp_mofe_last_selected_kan,12,50507,1022.8000000000,1022.8000000000,1,,1,1018.2000000000,1044.0500000000,25.8500000000,1121.6000000000,paper_101/ablation/results/50507.out
p5_logp_mofe_last_selected_kan,13,50507,1050.2000000000,1050.2000000000,1,,1,1018.2000000000,1044.0500000000,25.8500000000,1121.6000000000,paper_101/ablation/results/50507.out
p5_logp_mofe_last_selected_kan,14,50507,1054.9000000000,1054.9000000000,1,,1,1018.2000000000,1044.0500000000,25.8500000000,1121.6000000000,paper_101/ablation/results/50507.out
p5_logp_mofe_last_selected_kan,15,50507,1044.0000000000,1044.0000000000,1,,1,1018.2000000000,1044.0500000000,25.8500000000,1121.6000000000,paper_101/ablation/results/50507.out
p5_logp_mofe_last_selected_kan,16,50507,1044.7000000000,1044.7000000000,1,,1,1018.2000000000,1044.0500000000,25.8500000000,1121.6000000000,paper_101/ablation/results/50507.out
p5_logp_mofe_last_selected_kan,17,50507,1046.3000000000,1046.3000000000,1,,1,1018.2000000000,1044.0500000000,25.8500000000,1121.6000000000,paper_101/ablation/results/50507.out
p5_logp_mofe_last_selected_kan,18,50507,1046.1000000000,1046.1000000000,1,,1,1018.2000000000,1044.0500000000,25.8500000000,1121.6000000000,paper_101/ablation/results/50507.out
p5_logp_mofe_last_selected_kan,19,50507,1057.7000000000,1057.7000000000,1,,1,1018.2000000000,1044.0500000000,25.8500000000,1121.6000000000,paper_101/ablation/results/50507.out
p5_logp_mofe_last_selected_kan,20,50507,1086.6000000000,1086.6000000000,1,,1,1018.2000000000,1044.0500000000,25.8500000000,1121.6000000000,paper_101/ablation/results/50507.out
p5_logp_mofe_last_selected_kan,21,50507,1090.7000000000,1090.7000000000,1,,1,1018.2000000000,1044.0500000000,25.8500000000,1121.6000000000,paper_101/ablation/results/50507.out
p5_logp_mofe_last_selected_kan,22,50507,1088.7000000000,1088.7000000000,1,,1,1018.2000000000,1044.0500000000,25.8500000000,1121.6000000000,paper_101/ablation/results/50507.out
p5_logp_mofe_last_selected_kan,23,50507,1091.0000000000,1091.0000000000,1,,1,1018.2000000000,1044.0500000000,25.8500000000,1121.6000000000,paper_101/ablation/results/50507.out
p5_logp_mofe_last_selected_kan,24,50507,1090.2000000000,1090.2000000000,1,,1,1018.2000000000,1044.0500000000,25.8500000000,1121.6000000000,paper_101/ablation/results/50507.out
p5_logp_mofe_last_selected_kan,25,50507,1073.3000000000,1073.3000000000,1,,1,1018.2000000000,1044.0500000000,25.8500000000,1121.6000000000,paper_101/ablation/results/50507.out
p5_logp_mofe_last_selected_kan,26,50507,1045.4000000000,1045.4000000000,1,,1,1018.2000000000,1044.0500000000,25.8500000000,1121.6000000000,paper_101/ablation/results/50507.out
p5_logp_mofe_last_selected_kan,27,50507,1054.2000000000,1054.2000000000,1,,1,1018.2000000000,1044.0500000000,25.8500000000,1121.6000000000,paper_101/ablation/results/50507.out
p5_logp_mofe_last_selected_kan,28,50507,1066.1000000000,1066.1000000000,1,,1,1018.2000000000,1044.0500000000,25.8500000000,1121.6000000000,paper_101/ablation/results/50507.out
p5_logp_mofe_last_selected_kan,29,50507,1058.9000000000,1058.9000000000,1,,1,1018.2000000000,1044.0500000000,25.8500000000,1121.6000000000,paper_101/ablation/results/50507.out
p5_logp_mofe_last_selected_kan,30,50507,1059.7000000000,1059.7000000000,1,,1,1018.2000000000,1044.0500000000,25.8500000000,1121.6000000000,paper_101/ablation/results/50507.out
p5_logp_mofe_last_selected_kan,31,50507,1062.9000000000,1062.9000000000,1,,1,1018.2000000000,1044.0500000000,25.8500000000,1121.6000000000,paper_101/ablation/results/50507.out
p5_logp_mofe_last_selected_kan,32,50507,1059.5000000000,1059.5000000000,1,,1,1018.2000000000,1044.0500000000,25.8500000000,1121.6000000000,paper_101/ablation/results/50507.out
p5_logp_mofe_last_selected_kan,33,50507,1057.9000000000,1057.9000000000,1,,1,1018.2000000000,1044.0500000000,25.8500000000,1121.6000000000,paper_101/ablation/results/50507.out
p5_logp_mofe_last_selected_kan,34,50507,1061.0000000000,1061.0000000000,1,,1,1018.2000000000,1044.0500000000,25.8500000000,1121.6000000000,paper_101/ablation/results/50507.out
p5_logp_mofe_last_selected_kan,35,50507,1074.8000000000,1074.8000000000,1,,1,1018.2000000000,1044.0500000000,25.8500000000,1121.6000000000,paper_101/ablation/results/50507.out
p5_logp_mofe_last_selected_kan,36,50507,1057.2000000000,1057.2000000000,1,,1,1018.2000000000,1044.0500000000,25.8500000000,1121.6000000000,paper_101/ablation/results/50507.out
p5_logp_mofe_last_selected_kan,37,50507,1056.1000000000,1056.1000000000,1,,1,1018.2000000000,1044.0500000000,25.8500000000,1121.6000000000,paper_101/ablation/results/50507.out
p5_logp_mofe_last_selected_kan,38,50507,1061.4000000000,1061.4000000000,1,,1,1018.2000000000,1044.0500000000,25.8500000000,1121.6000000000,paper_101/ablation/results/50507.out
p5_logp_mofe_last_selected_kan,39,50507,1064.1000000000,1064.1000000000,1,,1,1018.2000000000,1044.0500000000,25.8500000000,1121.6000000000,paper_101/ablation/results/50507.out
p5_logp_mofe_last_selected_kan,40,50507,1063.8000000000,1063.8000000000,1,,1,1018.2000000000,1044.0500000000,25.8500000000,1121.6000000000,paper_101/ablation/results/50507.out
p5_logp_mofe_last_selected_kan,41,50507,1064.7000000000,1064.7000000000,1,,1,1018.2000000000,1044.0500000000,25.8500000000,1121.6000000000,paper_101/ablation/results/50507.out
p5_logp_mofe_last_selected_kan,42,50507,1065.2000000000,1065.2000000000,1,,1,1018.2000000000,1044.0500000000,25.8500000000,1121.6000000000,paper_101/ablation/results/50507.out
p5_logp_mofe_last_selected_kan,43,50507,1063.3000000000,1063.3000000000,1,,1,1018.2000000000,1044.0500000000,25.8500000000,1121.6000000000,paper_101/ablation/results/50507.out
p5_logp_mofe_last_selected_kan,44,50507,1062.8000000000,1062.8000000000,1,,1,1018.2000000000,1044.0500000000,25.8500000000,1121.6000000000,paper_101/ablation/results/50507.out
p5_logp_mofe_last_selected_kan,45,50507,1046.7000000000,1046.7000000000,1,,1,1018.2000000000,1044.0500000000,25.8500000000,1121.6000000000,paper_101/ablation/results/50507.out
p5_logp_mofe_last_selected_kan,46,50507,1047.6000000000,1047.6000000000,1,,1,1018.2000000000,1044.0500000000,25.8500000000,1121.6000000000,paper_101/ablation/results/50507.out
p5_logp_mofe_last_selected_kan,47,50507,1049.0000000000,1049.0000000000,1,,1,1018.2000000000,1044.0500000000,25.8500000000,1121.6000000000,paper_101/ablation/results/50507.out
p5_logp_mofe_last_selected_kan,48,50507,1045.6000000000,1045.6000000000,1,,1,1018.2000000000,1044.0500000000,25.8500000000,1121.6000000000,paper_101/ablation/results/50507.out
p5_logp_mofe_last_selected_kan,49,50507,1046.0000000000,1046.0000000000,1,,1,1018.2000000000,1044.0500000000,25.8500000000,1121.6000000000,paper_101/ablation/results/50507.out
p5_logp_mofe_last_selected_kan,50,50507,1028.0000000000,1028.0000000000,1,,1,1018.2000000000,1044.0500000000,25.8500000000,1121.6000000000,paper_101/ablation/results/50507.out
p5_logp_mofe_last_selected_kan,51,50507,1004.0000000000,1004.0000000000,1,,1,1018.2000000000,1044.0500000000,25.8500000000,1121.6000000000,paper_101/ablation/results/50507.out
p5_logp_mofe_last_selected_kan,52,50507,1005.8000000000,1005.8000000000,1,,1,1018.2000000000,1044.0500000000,25.8500000000,1121.6000000000,paper_101/ablation/results/50507.out
p5_logp_mofe_last_selected_kan,53,50507,1006.0000000000,1006.0000000000,1,,1,1018.2000000000,1044.0500000000,25.8500000000,1121.6000000000,paper_101/ablation/results/50507.out
p5_logp_mofe_last_selected_kan,54,50507,1004.5000000000,1004.5000000000,1,,1,1018.2000000000,1044.0500000000,25.8500000000,1121.6000000000,paper_101/ablation/results/50507.out
p5_logp_mofe_last_selected_kan,55,50507,1004.8000000000,1004.8000000000,1,,1,1018.2000000000,1044.0500000000,25.8500000000,1121.6000000000,paper_101/ablation/results/50507.out
p5_logp_mofe_last_selected_kan,56,50507,1005.0000000000,1005.0000000000,1,,1,1018.2000000000,1044.0500000000,25.8500000000,1121.6000000000,paper_101/ablation/results/50507.out
p5_logp_mofe_last_selected_kan,57,50507,1005.6000000000,1005.6000000000,1,,1,1018.2000000000,1044.0500000000,25.8500000000,1121.6000000000,paper_101/ablation/results/50507.out
p5_logp_mofe_last_selected_kan,58,50507,1004.5000000000,1004.5000000000,1,,1,1018.2000000000,1044.0500000000,25.8500000000,1121.6000000000,paper_101/ablation/results/50507.out
p5_logp_mofe_last_selected_kan,59,50507,1005.9000000000,1005.9000000000,1,,1,1018.2000000000,1044.0500000000,25.8500000000,1121.6000000000,paper_101/ablation/results/50507.out
p5_logp_mofe_last_selected_kan,60,50507,1004.9000000000,1004.9000000000,1,,1,1018.2000000000,1044.0500000000,25.8500000000,1121.6000000000,paper_101/ablation/results/50507.out
p5_logp_mofe_last_selected_kan,61,50507,1003.9000000000,1003.9000000000,1,,1,1018.2000000000,1044.0500000000,25.8500000000,1121.6000000000,paper_101/ablation/results/50507.out
p5_logp_mofe_last_selected_kan,62,50507,1004.5000000000,1004.5000000000,1,,1,1018.2000000000,1044.0500000000,25.8500000000,1121.6000000000,paper_101/ablation/results/50507.out
p5_logp_mofe_last_selected_kan,63,50507,1003.7000000000,1003.7000000000,1,,1,1018.2000000000,1044.0500000000,25.8500000000,1121.6000000000,paper_101/ablation/results/50507.out
p5_logp_mofe_last_selected_kan,64,50507,1019.9000000000,1019.9000000000,1,,1,1018.2000000000,1044.0500000000,25.8500000000,1121.6000000000,paper_101/ablation/results/50507.out
p5_logp_mofe_last_selected_kan,65,50507,1055.9000000000,1055.9000000000,1,,1,1018.2000000000,1044.0500000000,25.8500000000,1121.6000000000,paper_101/ablation/results/50507.out
p5_logp_mofe_last_selected_kan,66,50507,1054.4000000000,1054.4000000000,1,,1,1018.2000000000,1044.0500000000,25.8500000000,1121.6000000000,paper_101/ablation/results/50507.out
p5_logp_mofe_last_selected_kan,67,50507,1058.9000000000,1058.9000000000,1,,1,1018.2000000000,1044.0500000000,25.8500000000,1121.6000000000,paper_101/ablation/results/50507.out
p5_logp_mofe_last_selected_kan,68,50507,1058.3000000000,1058.3000000000,1,,1,1018.2000000000,1044.0500000000,25.8500000000,1121.6000000000,paper_101/ablation/results/50507.out
p5_logp_mofe_last_selected_kan,69,50507,1058.7000000000,1058.7000000000,1,,1,1018.2000000000,1044.0500000000,25.8500000000,1121.6000000000,paper_101/ablation/results/50507.out
p5_logp_mofe_last_selected_kan,70,50507,1058.6000000000,1058.6000000000,1,,1,1018.2000000000,1044.0500000000,25.8500000000,1121.6000000000,paper_101/ablation/results/50507.out
p5_logp_mofe_last_selected_kan,71,50507,1059.0000000000,1059.0000000000,1,,1,1018.2000000000,1044.0500000000,25.8500000000,1121.6000000000,paper_101/ablation/results/50507.out
p5_logp_mofe_last_selected_kan,72,50507,1063.2000000000,1063.2000000000,1,,1,1018.2000000000,1044.0500000000,25.8500000000,1121.6000000000,paper_101/ablation/results/50507.out
p5_logp_mofe_last_selected_kan,73,50507,1063.2000000000,1063.2000000000,1,,1,1018.2000000000,1044.0500000000,25.8500000000,1121.6000000000,paper_101/ablation/results/50507.out
p5_logp_mofe_last_selected_kan,74,50507,1027.1000000000,1027.1000000000,1,,1,1018.2000000000,1044.0500000000,25.8500000000,1121.6000000000,paper_101/ablation/results/50507.out
p5_logp_mofe_last_selected_kan,75,50507,1006.1000000000,1006.1000000000,1,,1,1018.2000000000,1044.0500000000,25.8500000000,1121.6000000000,paper_101/ablation/results/50507.out
p5_logp_mofe_last_selected_kan,76,50507,1007.6000000000,1007.6000000000,1,,1,1018.2000000000,1044.0500000000,25.8500000000,1121.6000000000,paper_101/ablation/results/50507.out
p5_logp_mofe_last_selected_kan,77,50507,1046.9000000000,1046.9000000000,1,,1,1018.2000000000,1044.0500000000,25.8500000000,1121.6000000000,paper_101/ablation/results/50507.out
p5_logp_mofe_last_selected_kan,78,50507,1050.1000000000,1050.1000000000,1,,1,1018.2000000000,1044.0500000000,25.8500000000,1121.6000000000,paper_101/ablation/results/50507.out
p5_logp_mofe_last_selected_kan,79,50507,1052.5000000000,1052.5000000000,1,,1,1018.2000000000,1044.0500000000,25.8500000000,1121.6000000000,paper_101/ablation/results/50507.out
p5_logp_mofe_last_selected_kan,80,50507,1053.1000000000,1053.1000000000,1,,1,1018.2000000000,1044.0500000000,25.8500000000,1121.6000000000,paper_101/ablation/results/50507.out
p5_logp_mofe_last_selected_kan,81,50507,1052.6000000000,1052.6000000000,1,,1,1018.2000000000,1044.0500000000,25.8500000000,1121.6000000000,paper_101/ablation/results/50507.out
p5_logp_mofe_last_selected_kan,82,50507,1053.0000000000,1053.0000000000,1,,1,1018.2000000000,1044.0500000000,25.8500000000,1121.6000000000,paper_101/ablation/results/50507.out
p5_logp_mofe_last_selected_kan,83,50507,1054.0000000000,1054.0000000000,1,,1,1018.2000000000,1044.0500000000,25.8500000000,1121.6000000000,paper_101/ablation/results/50507.out
p5_logp_mofe_last_selected_kan,84,50507,1048.4000000000,1048.4000000000,1,,1,1018.2000000000,1044.0500000000,25.8500000000,1121.6000000000,paper_101/ablation/results/50507.out
p5_logp_mofe_last_selected_kan,85,50507,1051.8000000000,1051.8000000000,1,,1,1018.2000000000,1044.0500000000,25.8500000000,1121.6000000000,paper_101/ablation/results/50507.out
p5_logp_mofe_last_selected_kan,86,50507,1049.2000000000,1049.2000000000,1,,1,1018.2000000000,1044.0500000000,25.8500000000,1121.6000000000,paper_101/ablation/results/50507.out
p5_logp_mofe_last_selected_kan,87,50507,1041.0000000000,1041.0000000000,1,,1,1018.2000000000,1044.0500000000,25.8500000000,1121.6000000000,paper_101/ablation/results/50507.out
p5_logp_mofe_last_selected_kan,88,50507,1023.3000000000,1023.3000000000,1,,1,1018.2000000000,1044.0500000000,25.8500000000,1121.6000000000,paper_101/ablation/results/50507.out
p5_logp_mofe_last_selected_kan,89,50507,1021.5000000000,1021.5000000000,1,,1,1018.2000000000,1044.0500000000,25.8500000000,1121.6000000000,paper_101/ablation/results/50507.out
p5_logp_mofe_last_selected_kan,90,50507,1026.7000000000,1026.7000000000,1,,1,1018.2000000000,1044.0500000000,25.8500000000,1121.6000000000,paper_101/ablation/results/50507.out
p5_logp_mofe_last_selected_kan,91,50507,1046.1000000000,1046.1000000000,1,,1,1018.2000000000,1044.0500000000,25.8500000000,1121.6000000000,paper_101/ablation/results/50507.out
p5_logp_mofe_last_selected_kan,92,50507,1045.8000000000,1045.8000000000,1,,1,1018.2000000000,1044.0500000000,25.8500000000,1121.6000000000,paper_101/ablation/results/50507.out
p5_logp_mofe_last_selected_kan,93,50507,1034.4000000000,1034.4000000000,1,,1,1018.2000000000,1044.0500000000,25.8500000000,1121.6000000000,paper_101/ablation/results/50507.out
p5_logp_mofe_last_selected_kan,94,50507,1052.8000000000,1052.8000000000,1,,1,1018.2000000000,1044.0500000000,25.8500000000,1121.6000000000,paper_101/ablation/results/50507.out
p5_logp_mofe_last_selected_kan,95,50507,1050.3000000000,1050.3000000000,1,,1,1018.2000000000,1044.0500000000,25.8500000000,1121.6000000000,paper_101/ablation/results/50507.out
p5_logp_mofe_last_selected_kan,96,50507,1050.1000000000,1050.1000000000,1,,1,1018.2000000000,1044.0500000000,25.8500000000,1121.6000000000,paper_101/ablation/results/50507.out
p5_logp_mofe_last_selected_kan,97,50507,1017.6000000000,1017.6000000000,1,,1,1018.2000000000,1044.0500000000,25.8500000000,1121.6000000000,paper_101/ablation/results/50507.out
p5_logp_mofe_last_selected_kan,98,50507,1019.6000000000,1019.6000000000,1,,1,1018.2000000000,1044.0500000000,25.8500000000,1121.6000000000,paper_101/ablation/results/50507.out
p5_logp_mofe_last_selected_kan,99,50507,1019.2000000000,1019.2000000000,1,,1,1018.2000000000,1044.0500000000,25.8500000000,1121.6000000000,paper_101/ablation/results/50507.out
p5_logp_mofe_last_selected_kan,100,50507,1018.0000000000,1018.0000000000,1,,1,1018.2000000000,1044.0500000000,25.8500000000,1121.6000000000,paper_101/ablation/results/50507.out
p5_logp_mofe_last_selected_kan,101,50507,1017.0000000000,1017.0000000000,1,,1,1018.2000000000,1044.0500000000,25.8500000000,1121.6000000000,paper_101/ablation/results/50507.out
p5_logp_mofe_last_selected_kan,102,50507,1018.1000000000,1018.1000000000,1,,1,1018.2000000000,1044.0500000000,25.8500000000,1121.6000000000,paper_101/ablation/results/50507.out
p5_logp_mofe_last_selected_kan,103,50507,1017.5000000000,1017.5000000000,1,,1,1018.2000000000,1044.0500000000,25.8500000000,1121.6000000000,paper_101/ablation/results/50507.out
p5_logp_mofe_last_selected_kan,104,50507,1019.7000000000,1019.7000000000,1,,1,1018.2000000000,1044.0500000000,25.8500000000,1121.6000000000,paper_101/ablation/results/50507.out
p5_logp_mofe_last_selected_kan,105,50507,1017.6000000000,1017.6000000000,1,,1,1018.2000000000,1044.0500000000,25.8500000000,1121.6000000000,paper_101/ablation/results/50507.out
p5_logp_mofe_last_selected_kan,106,50507,1017.7000000000,1017.7000000000,1,,1,1018.2000000000,1044.0500000000,25.8500000000,1121.6000000000,paper_101/ablation/results/50507.out
p5_logp_mofe_last_selected_kan,107,50507,1017.9000000000,1017.9000000000,1,,1,1018.2000000000,1044.0500000000,25.8500000000,1121.6000000000,paper_101/ablation/results/50507.out
p5_logp_mofe_last_selected_kan,108,50507,1016.9000000000,1016.9000000000,1,,1,1018.2000000000,1044.0500000000,25.8500000000,1121.6000000000,paper_101/ablation/results/50507.out
p5_logp_mofe_last_selected_kan,109,50507,1016.1000000000,1016.1000000000,1,,1,1018.2000000000,1044.0500000000,25.8500000000,1121.6000000000,paper_101/ablation/results/50507.out
p5_logp_mofe_last_selected_kan,110,50507,1017.6000000000,1017.6000000000,1,,1,1018.2000000000,1044.0500000000,25.8500000000,1121.6000000000,paper_101/ablation/results/50507.out
p5_logp_mofe_last_selected_kan,111,50507,1018.6000000000,1018.6000000000,1,,1,1018.2000000000,1044.0500000000,25.8500000000,1121.6000000000,paper_101/ablation/results/50507.out
p5_logp_mofe_last_selected_kan,112,50507,1018.3000000000,1018.3000000000,1,,1,1018.2000000000,1044.0500000000,25.8500000000,1121.6000000000,paper_101/ablation/results/50507.out
p5_logp_mofe_last_selected_kan,113,50507,1016.2000000000,1016.2000000000,1,,1,1018.2000000000,1044.0500000000,25.8500000000,1121.6000000000,paper_101/ablation/results/50507.out
p5_logp_mofe_last_selected_kan,114,50507,1012.9000000000,1012.9000000000,1,,1,1018.2000000000,1044.0500000000,25.8500000000,1121.6000000000,paper_101/ablation/results/50507.out
p5_logp_mofe_last_selected_kan,115,50507,1014.9000000000,1014.9000000000,1,,1,1018.2000000000,1044.0500000000,25.8500000000,1121.6000000000,paper_101/ablation/results/50507.out
p5_logp_mofe_last_selected_kan,116,50507,1019.5000000000,1019.5000000000,1,,1,1018.2000000000,1044.0500000000,25.8500000000,1121.6000000000,paper_101/ablation/results/50507.out
p5_logp_mofe_last_selected_kan,117,50507,1019.1000000000,1019.1000000000,1,,1,1018.2000000000,1044.0500000000,25.8500000000,1121.6000000000,paper_101/ablation/results/50507.out
p5_logp_mofe_last_selected_kan,118,50507,1019.0000000000,1019.0000000000,1,,1,1018.2000000000,1044.0500000000,25.8500000000,1121.6000000000,paper_101/ablation/results/50507.out
p5_logp_mofe_last_selected_kan,119,50507,1015.2000000000,1015.2000000000,1,,1,1018.2000000000,1044.0500000000,25.8500000000,1121.6000000000,paper_101/ablation/results/50507.out
p5_logp_mofe_last_selected_kan,120,50507,1018.3000000000,1018.3000000000,1,,1,1018.2000000000,1044.0500000000,25.8500000000,1121.6000000000,paper_101/ablation/results/50507.out
p5_logp_mofe_last_selected_kan,121,50507,1015.1000000000,1015.1000000000,1,,1,1018.2000000000,1044.0500000000,25.8500000000,1121.6000000000,paper_101/ablation/results/50507.out
p5_logp_mofe_last_selected_kan,122,50507,1016.5000000000,1016.5000000000,1,,1,1018.2000000000,1044.0500000000,25.8500000000,1121.6000000000,paper_101/ablation/results/50507.out
p5_logp_mofe_last_selected_kan,123,50507,1014.7000000000,1014.7000000000,1,,1,1018.2000000000,1044.0500000000,25.8500000000,1121.6000000000,paper_101/ablation/results/50507.out
p5_logp_mofe_last_selected_kan,124,50507,1014.6000000000,1014.6000000000,1,,1,1018.2000000000,1044.0500000000,25.8500000000,1121.6000000000,paper_101/ablation/results/50507.out
p5_logp_mofe_last_selected_kan,125,50507,1015.1000000000,1015.1000000000,1,,1,1018.2000000000,1044.0500000000,25.8500000000,1121.6000000000,paper_101/ablation/results/50507.out
p5_logp_mofe_last_selected_kan,126,50507,1017.5000000000,1017.5000000000,1,,1,1018.2000000000,1044.0500000000,25.8500000000,1121.6000000000,paper_101/ablation/results/50507.out
p5_logp_mofe_last_selected_kan,127,50507,1019.0000000000,1019.0000000000,1,,1,1018.2000000000,1044.0500000000,25.8500000000,1121.6000000000,paper_101/ablation/results/50507.out
p5_logp_mofe_last_selected_kan,128,50507,1017.7000000000,1017.7000000000,1,,1,1018.2000000000,1044.0500000000,25.8500000000,1121.6000000000,paper_101/ablation/results/50507.out
p5_logp_mofe_last_selected_kan,129,50507,1021.1000000000,1021.1000000000,1,,1,1018.2000000000,1044.0500000000,25.8500000000,1121.6000000000,paper_101/ablation/results/50507.out
p5_logp_mofe_last_selected_kan,130,50507,1024.9000000000,1024.9000000000,1,,1,1018.2000000000,1044.0500000000,25.8500000000,1121.6000000000,paper_101/ablation/results/50507.out
p5_logp_mofe_last_selected_kan,131,50507,1026.4000000000,1026.4000000000,1,,1,1018.2000000000,1044.0500000000,25.8500000000,1121.6000000000,paper_101/ablation/results/50507.out
p5_logp_mofe_last_selected_kan,132,50507,1024.3000000000,1024.3000000000,1,,1,1018.2000000000,1044.0500000000,25.8500000000,1121.6000000000,paper_101/ablation/results/50507.out
p5_logp_mofe_last_selected_kan,133,50507,1025.5000000000,1025.5000000000,1,,1,1018.2000000000,1044.0500000000,25.8500000000,1121.6000000000,paper_101/ablation/results/50507.out
p5_logp_mofe_last_selected_kan,134,50507,1023.7000000000,1023.7000000000,1,,1,1018.2000000000,1044.0500000000,25.8500000000,1121.6000000000,paper_101/ablation/results/50507.out
p5_logp_mofe_last_selected_kan,135,50507,1023.5000000000,1023.5000000000,1,,1,1018.2000000000,1044.0500000000,25.8500000000,1121.6000000000,paper_101/ablation/results/50507.out
p5_logp_mofe_last_selected_kan,136,50507,1013.2000000000,1013.2000000000,1,,1,1018.2000000000,1044.0500000000,25.8500000000,1121.6000000000,paper_101/ablation/results/50507.out
p5_logp_mofe_last_selected_kan,137,50507,1004.8000000000,1004.8000000000,1,,1,1018.2000000000,1044.0500000000,25.8500000000,1121.6000000000,paper_101/ablation/results/50507.out
p5_logp_mofe_last_selected_kan,138,50507,1001.1000000000,1001.1000000000,1,,1,1018.2000000000,1044.0500000000,25.8500000000,1121.6000000000,paper_101/ablation/results/50507.out
p5_logp_mofe_last_selected_kan,139,50507,1000.4000000000,1000.4000000000,1,,1,1018.2000000000,1044.0500000000,25.8500000000,1121.6000000000,paper_101/ablation/results/50507.out
p5_logp_mofe_last_selected_kan,140,50507,1000.9000000000,1000.9000000000,1,,1,1018.2000000000,1044.0500000000,25.8500000000,1121.6000000000,paper_101/ablation/results/50507.out
p5_logp_mofe_last_selected_kan,141,50507,1000.1000000000,1000.1000000000,1,,1,1018.2000000000,1044.0500000000,25.8500000000,1121.6000000000,paper_101/ablation/results/50507.out
p5_logp_mofe_last_selected_kan,142,50507,1001.0000000000,1001.0000000000,1,,1,1018.2000000000,1044.0500000000,25.8500000000,1121.6000000000,paper_101/ablation/results/50507.out
p5_logp_mofe_last_selected_kan,143,50507,1000.7000000000,1000.7000000000,1,,1,1018.2000000000,1044.0500000000,25.8500000000,1121.6000000000,paper_101/ablation/results/50507.out
p5_logp_mofe_last_selected_kan,144,50507,999.7000000000,999.7000000000,1,,1,1018.2000000000,1044.0500000000,25.8500000000,1121.6000000000,paper_101/ablation/results/50507.out
p5_logp_mofe_last_selected_kan,145,50507,999.9000000000,999.9000000000,1,,1,1018.2000000000,1044.0500000000,25.8500000000,1121.6000000000,paper_101/ablation/results/50507.out
p5_logp_mofe_last_selected_kan,146,50507,1000.9000000000,1000.9000000000,1,,1,1018.2000000000,1044.0500000000,25.8500000000,1121.6000000000,paper_101/ablation/results/50507.out
p5_logp_mofe_last_selected_kan,147,50507,1000.1000000000,1000.1000000000,1,,1,1018.2000000000,1044.0500000000,25.8500000000,1121.6000000000,paper_101/ablation/results/50507.out
p5_logp_mofe_last_selected_kan,148,50507,1001.5000000000,1001.5000000000,1,,1,1018.2000000000,1044.0500000000,25.8500000000,1121.6000000000,paper_101/ablation/results/50507.out
p5_logp_mofe_last_selected_kan,149,50507,1000.1000000000,1000.1000000000,1,,1,1018.2000000000,1044.0500000000,25.8500000000,1121.6000000000,paper_101/ablation/results/50507.out
p5_logp_mofe_last_selected_kan,150,50507,1000.0000000000,1000.0000000000,1,,1,1018.2000000000,1044.0500000000,25.8500000000,1121.6000000000,paper_101/ablation/results/50507.out
p5_logp_mofe_last_selected_kan,151,50507,1002.5000000000,1002.5000000000,1,,1,1018.2000000000,1044.0500000000,25.8500000000,1121.6000000000,paper_101/ablation/results/50507.out
p5_logp_mofe_last_selected_kan,152,50507,1004.4000000000,1004.4000000000,1,,1,1018.2000000000,1044.0500000000,25.8500000000,1121.6000000000,paper_101/ablation/results/50507.out
p5_logp_mofe_last_selected_kan,153,50507,1004.4000000000,1004.4000000000,1,,1,1018.2000000000,1044.0500000000,25.8500000000,1121.6000000000,paper_101/ablation/results/50507.out
p5_logp_mofe_last_selected_kan,154,50507,1004.9000000000,1004.9000000000,1,,1,1018.2000000000,1044.0500000000,25.8500000000,1121.6000000000,paper_101/ablation/results/50507.out
p5_logp_mofe_last_selected_kan,155,50507,1004.6000000000,1004.6000000000,1,,1,1018.2000000000,1044.0500000000,25.8500000000,1121.6000000000,paper_101/ablation/results/50507.out
p5_logp_mofe_last_selected_kan,156,50507,1004.7000000000,1004.7000000000,1,,1,1018.2000000000,1044.0500000000,25.8500000000,1121.6000000000,paper_101/ablation/results/50507.out
p5_logp_mofe_last_selected_kan,157,50507,1003.1000000000,1003.1000000000,1,,1,1018.2000000000,1044.0500000000,25.8500000000,1121.6000000000,paper_101/ablation/results/50507.out
p5_logp_mofe_last_selected_kan,158,50507,1007.3000000000,1007.3000000000,1,,1,1018.2000000000,1044.0500000000,25.8500000000,1121.6000000000,paper_101/ablation/results/50507.out
p5_logp_mofe_last_selected_kan,159,50507,1030.5000000000,1030.5000000000,1,,1,1018.2000000000,1044.0500000000,25.8500000000,1121.6000000000,paper_101/ablation/results/50507.out
p5_logp_mofe_last_selected_kan,160,50507,1035.1000000000,1035.1000000000,1,,1,1018.2000000000,1044.0500000000,25.8500000000,1121.6000000000,paper_101/ablation/results/50507.out
p5_logp_mofe_last_selected_kan,161,50507,1037.4000000000,1037.4000000000,1,,1,1018.2000000000,1044.0500000000,25.8500000000,1121.6000000000,paper_101/ablation/results/50507.out
p5_logp_mofe_last_selected_kan,162,50507,1036.0000000000,1036.0000000000,1,,1,1018.2000000000,1044.0500000000,25.8500000000,1121.6000000000,paper_101/ablation/results/50507.out
p5_logp_mofe_last_selected_kan,163,50507,1035.0000000000,1035.0000000000,1,,1,1018.2000000000,1044.0500000000,25.8500000000,1121.6000000000,paper_101/ablation/results/50507.out
p5_logp_mofe_last_selected_kan,164,50507,1036.7000000000,1036.7000000000,1,,1,1018.2000000000,1044.0500000000,25.8500000000,1121.6000000000,paper_101/ablation/results/50507.out
p5_logp_mofe_last_selected_kan,165,50507,1036.6000000000,1036.6000000000,1,,1,1018.2000000000,1044.0500000000,25.8500000000,1121.6000000000,paper_101/ablation/results/50507.out
p5_logp_mofe_last_selected_kan,166,50507,1031.9000000000,1031.9000000000,1,,1,1018.2000000000,1044.0500000000,25.8500000000,1121.6000000000,paper_101/ablation/results/50507.out
p5_logp_mofe_last_selected_kan,167,50507,1034.8000000000,1034.8000000000,1,,1,1018.2000000000,1044.0500000000,25.8500000000,1121.6000000000,paper_101/ablation/results/50507.out
p5_logp_mofe_last_selected_kan,168,50507,1039.4000000000,1039.4000000000,1,,1,1018.2000000000,1044.0500000000,25.8500000000,1121.6000000000,paper_101/ablation/results/50507.out
p5_logp_mofe_last_selected_kan,169,50507,1037.7000000000,1037.7000000000,1,,1,1018.2000000000,1044.0500000000,25.8500000000,1121.6000000000,paper_101/ablation/results/50507.out
p5_logp_mofe_last_selected_kan,170,50507,1040.7000000000,1040.7000000000,1,,1,1018.2000000000,1044.0500000000,25.8500000000,1121.6000000000,paper_101/ablation/results/50507.out
p5_logp_mofe_last_selected_kan,171,50507,1041.5000000000,1041.5000000000,1,,1,1018.2000000000,1044.0500000000,25.8500000000,1121.6000000000,paper_101/ablation/results/50507.out
p5_logp_mofe_last_selected_kan,172,50507,1041.1000000000,1041.1000000000,1,,1,1018.2000000000,1044.0500000000,25.8500000000,1121.6000000000,paper_101/ablation/results/50507.out
p5_logp_mofe_last_selected_kan,173,50507,1038.9000000000,1038.9000000000,1,,1,1018.2000000000,1044.0500000000,25.8500000000,1121.6000000000,paper_101/ablation/results/50507.out
p5_logp_mofe_last_selected_kan,174,50507,1041.2000000000,1041.2000000000,1,,1,1018.2000000000,1044.0500000000,25.8500000000,1121.6000000000,paper_101/ablation/results/50507.out
p5_logp_mofe_last_selected_kan,175,50507,1043.3000000000,1043.3000000000,1,,1,1018.2000000000,1044.0500000000,25.8500000000,1121.6000000000,paper_101/ablation/results/50507.out
p5_logp_mofe_last_selected_kan,176,50507,1043.5000000000,1043.5000000000,1,,1,1018.2000000000,1044.0500000000,25.8500000000,1121.6000000000,paper_101/ablation/results/50507.out
p5_logp_mofe_last_selected_kan,177,50507,1044.1000000000,1044.1000000000,1,,1,1018.2000000000,1044.0500000000,25.8500000000,1121.6000000000,paper_101/ablation/results/50507.out
p5_logp_mofe_last_selected_kan,178,50507,1041.7000000000,1041.7000000000,1,,1,1018.2000000000,1044.0500000000,25.8500000000,1121.6000000000,paper_101/ablation/results/50507.out
p5_logp_mofe_last_selected_kan,179,50507,1042.0000000000,1042.0000000000,1,,1,1018.2000000000,1044.0500000000,25.8500000000,1121.6000000000,paper_101/ablation/results/50507.out
p5_logp_mofe_last_selected_kan,180,50507,1033.4000000000,1033.4000000000,1,,1,1018.2000000000,1044.0500000000,25.8500000000,1121.6000000000,paper_101/ablation/results/50507.out
p5_logp_mofe_last_selected_kan,181,50507,1010.2000000000,1010.2000000000,1,,1,1018.2000000000,1044.0500000000,25.8500000000,1121.6000000000,paper_101/ablation/results/50507.out
p5_logp_mofe_last_selected_kan,182,50507,1009.5000000000,1009.5000000000,1,,1,1018.2000000000,1044.0500000000,25.8500000000,1121.6000000000,paper_101/ablation/results/50507.out
p5_logp_mofe_last_selected_kan,183,50507,1009.4000000000,1009.4000000000,1,,1,1018.2000000000,1044.0500000000,25.8500000000,1121.6000000000,paper_101/ablation/results/50507.out
p5_logp_mofe_last_selected_kan,184,50507,1009.1000000000,1009.1000000000,1,,1,1018.2000000000,1044.0500000000,25.8500000000,1121.6000000000,paper_101/ablation/results/50507.out
p5_logp_mofe_last_selected_kan,185,50507,1009.4000000000,1009.4000000000,1,,1,1018.2000000000,1044.0500000000,25.8500000000,1121.6000000000,paper_101/ablation/results/50507.out
p5_logp_mofe_last_selected_kan,186,50507,1019.1000000000,1019.1000000000,1,,1,1018.2000000000,1044.0500000000,25.8500000000,1121.6000000000,paper_101/ablation/results/50507.out
p5_logp_mofe_last_selected_kan,187,50507,1029.9000000000,1029.9000000000,1,,1,1018.2000000000,1044.0500000000,25.8500000000,1121.6000000000,paper_101/ablation/results/50507.out
p5_logp_mofe_last_selected_kan,188,50507,1037.9000000000,1037.9000000000,1,,1,1018.2000000000,1044.0500000000,25.8500000000,1121.6000000000,paper_101/ablation/results/50507.out
p5_logp_mofe_last_selected_kan,189,50507,1025.3000000000,1025.3000000000,1,,1,1018.2000000000,1044.0500000000,25.8500000000,1121.6000000000,paper_101/ablation/results/50507.out
p5_logp_mofe_last_selected_kan,190,50507,1024.6000000000,1024.6000000000,1,,1,1018.2000000000,1044.0500000000,25.8500000000,1121.6000000000,paper_101/ablation/results/50507.out
p5_logp_mofe_last_selected_kan,191,50507,1032.0000000000,1032.0000000000,1,,1,1018.2000000000,1044.0500000000,25.8500000000,1121.6000000000,paper_101/ablation/results/50507.out
p5_logp_mofe_last_selected_kan,192,50507,1027.0000000000,1027.0000000000,1,,1,1018.2000000000,1044.0500000000,25.8500000000,1121.6000000000,paper_101/ablation/results/50507.out
p5_logp_mofe_last_selected_kan,193,50507,1034.1000000000,1034.1000000000,1,,1,1018.2000000000,1044.0500000000,25.8500000000,1121.6000000000,paper_101/ablation/results/50507.out
p5_logp_mofe_last_selected_kan,194,50507,1036.8000000000,1036.8000000000,1,,1,1018.2000000000,1044.0500000000,25.8500000000,1121.6000000000,paper_101/ablation/results/50507.out
p5_logp_mofe_last_selected_kan,195,50507,1040.2000000000,1040.2000000000,1,,1,1018.2000000000,1044.0500000000,25.8500000000,1121.6000000000,paper_101/ablation/results/50507.out
p5_logp_mofe_last_selected_kan,196,50507,1040.2000000000,1040.2000000000,1,,1,1018.2000000000,1044.0500000000,25.8500000000,1121.6000000000,paper_101/ablation/results/50507.out
p5_logp_mofe_last_selected_kan,197,50507,1041.6000000000,1041.6000000000,1,,1,1018.2000000000,1044.0500000000,25.8500000000,1121.6000000000,paper_101/ablation/results/50507.out
p5_logp_mofe_last_selected_kan,198,50507,1042.7000000000,1042.7000000000,1,,1,1018.2000000000,1044.0500000000,25.8500000000,1121.6000000000,paper_101/ablation/results/50507.out
p5_logp_mofe_last_selected_kan,199,50507,1038.4000000000,1038.4000000000,1,,1,1018.2000000000,1044.0500000000,25.8500000000,1121.6000000000,paper_101/ablation/results/50507.out
p5_logp_mofe_last_selected_kan,200,50507,1031.8000000000,1031.8000000000,1,,1,1018.2000000000,1044.0500000000,25.8500000000,1121.6000000000,paper_101/ablation/results/50507.out
p5_logp_mofe_last_selected_kan,201,50507,1034.2000000000,1034.2000000000,1,,1,1018.2000000000,1044.0500000000,25.8500000000,1121.6000000000,paper_101/ablation/results/50507.out
p5_logp_mofe_last_selected_kan,202,50507,1031.6000000000,1031.6000000000,1,,1,1018.2000000000,1044.0500000000,25.8500000000,1121.6000000000,paper_101/ablation/results/50507.out
p5_logp_mofe_last_selected_kan,203,50507,1032.8000000000,1032.8000000000,1,,1,1018.2000000000,1044.0500000000,25.8500000000,1121.6000000000,paper_101/ablation/results/50507.out
p5_logp_mofe_last_selected_kan,204,50507,1034.0000000000,1034.0000000000,1,,1,1018.2000000000,1044.0500000000,25.8500000000,1121.6000000000,paper_101/ablation/results/50507.out
p5_logp_mofe_last_selected_kan,205,50507,1032.9000000000,1032.9000000000,1,,1,1018.2000000000,1044.0500000000,25.8500000000,1121.6000000000,paper_101/ablation/results/50507.out
p5_logp_mofe_last_selected_kan,206,50507,1034.1000000000,1034.1000000000,1,,1,1018.2000000000,1044.0500000000,25.8500000000,1121.6000000000,paper_101/ablation/results/50507.out
p5_logp_mofe_last_selected_kan,207,50507,1031.2000000000,1031.2000000000,1,,1,1018.2000000000,1044.0500000000,25.8500000000,1121.6000000000,paper_101/ablation/results/50507.out
p5_logp_mofe_last_selected_kan,208,50507,1035.0000000000,1035.0000000000,1,,1,1018.2000000000,1044.0500000000,25.8500000000,1121.6000000000,paper_101/ablation/results/50507.out
p5_logp_mofe_last_selected_kan,209,50507,1033.2000000000,1033.2000000000,1,,1,1018.2000000000,1044.0500000000,25.8500000000,1121.6000000000,paper_101/ablation/results/50507.out
p5_logp_mofe_last_selected_kan,210,50507,1033.0000000000,1033.0000000000,1,,1,1018.2000000000,1044.0500000000,25.8500000000,1121.6000000000,paper_101/ablation/results/50507.out
p5_logp_mofe_last_selected_kan,211,50507,1032.0000000000,1032.0000000000,1,,1,1018.2000000000,1044.0500000000,25.8500000000,1121.6000000000,paper_101/ablation/results/50507.out
p5_logp_mofe_last_selected_kan,212,50507,1033.0000000000,1033.0000000000,1,,1,1018.2000000000,1044.0500000000,25.8500000000,1121.6000000000,paper_101/ablation/results/50507.out
p5_logp_mofe_last_selected_kan,213,50507,1032.6000000000,1032.6000000000,1,,1,1018.2000000000,1044.0500000000,25.8500000000,1121.6000000000,paper_101/ablation/results/50507.out
p5_logp_mofe_last_selected_kan,214,50507,1031.0000000000,1031.0000000000,1,,1,1018.2000000000,1044.0500000000,25.8500000000,1121.6000000000,paper_101/ablation/results/50507.out
p5_logp_mofe_last_selected_kan,215,50507,1029.2000000000,1029.2000000000,1,,1,1018.2000000000,1044.0500000000,25.8500000000,1121.6000000000,paper_101/ablation/results/50507.out
p5_logp_mofe_last_selected_kan,216,50507,1032.2000000000,1032.2000000000,1,,1,1018.2000000000,1044.0500000000,25.8500000000,1121.6000000000,paper_101/ablation/results/50507.out
p5_logp_mofe_last_selected_kan,217,50507,1027.6000000000,1027.6000000000,1,,1,1018.2000000000,1044.0500000000,25.8500000000,1121.6000000000,paper_101/ablation/results/50507.out
p5_logp_mofe_last_selected_kan,218,50507,1027.9000000000,1027.9000000000,1,,1,1018.2000000000,1044.0500000000,25.8500000000,1121.6000000000,paper_101/ablation/results/50507.out
p5_logp_mofe_last_selected_kan,219,50507,1030.7000000000,1030.7000000000,1,,1,1018.2000000000,1044.0500000000,25.8500000000,1121.6000000000,paper_101/ablation/results/50507.out
p5_logp_mofe_last_selected_kan,220,50507,1026.6000000000,1026.6000000000,1,,1,1018.2000000000,1044.0500000000,25.8500000000,1121.6000000000,paper_101/ablation/results/50507.out
p5_logp_mofe_last_selected_kan,221,50507,1021.9000000000,1021.9000000000,1,,1,1018.2000000000,1044.0500000000,25.8500000000,1121.6000000000,paper_101/ablation/results/50507.out
p5_logp_mofe_last_selected_kan,222,50507,1022.6000000000,1022.6000000000,1,,1,1018.2000000000,1044.0500000000,25.8500000000,1121.6000000000,paper_101/ablation/results/50507.out
p5_logp_mofe_last_selected_kan,223,50507,1022.5000000000,1022.5000000000,1,,1,1018.2000000000,1044.0500000000,25.8500000000,1121.6000000000,paper_101/ablation/results/50507.out
p5_logp_mofe_last_selected_kan,224,50507,1025.7000000000,1025.7000000000,1,,1,1018.2000000000,1044.0500000000,25.8500000000,1121.6000000000,paper_101/ablation/results/50507.out
p5_logp_mofe_last_selected_kan,225,50507,1025.6000000000,1025.6000000000,1,,1,1018.2000000000,1044.0500000000,25.8500000000,1121.6000000000,paper_101/ablation/results/50507.out
p5_logp_mofe_last_selected_kan,226,50507,1028.1000000000,1028.1000000000,1,,1,1018.2000000000,1044.0500000000,25.8500000000,1121.6000000000,paper_101/ablation/results/50507.out
p5_logp_mofe_last_selected_kan,227,50507,1026.7000000000,1026.7000000000,1,,1,1018.2000000000,1044.0500000000,25.8500000000,1121.6000000000,paper_101/ablation/results/50507.out
p5_logp_mofe_last_selected_kan,228,50507,1029.2000000000,1029.2000000000,1,,1,1018.2000000000,1044.0500000000,25.8500000000,1121.6000000000,paper_101/ablation/results/50507.out
p5_logp_mofe_last_selected_kan,229,50507,1029.6000000000,1029.6000000000,1,,1,1018.2000000000,1044.0500000000,25.8500000000,1121.6000000000,paper_101/ablation/results/50507.out
p5_logp_mofe_last_selected_kan,230,50507,1028.3000000000,1028.3000000000,1,,1,1018.2000000000,1044.0500000000,25.8500000000,1121.6000000000,paper_101/ablation/results/50507.out
p5_logp_mofe_last_selected_kan,231,50507,1028.3000000000,1028.3000000000,1,,1,1018.2000000000,1044.0500000000,25.8500000000,1121.6000000000,paper_101/ablation/results/50507.out
p5_logp_mofe_last_selected_kan,232,50507,1057.7000000000,1057.7000000000,1,,1,1018.2000000000,1044.0500000000,25.8500000000,1121.6000000000,paper_101/ablation/results/50507.out
p5_logp_mofe_last_selected_kan,233,50507,1047.0000000000,1047.0000000000,1,,1,1018.2000000000,1044.0500000000,25.8500000000,1121.6000000000,paper_101/ablation/results/50507.out
p5_logp_mofe_last_selected_kan,234,50507,1070.9000000000,1070.9000000000,1,,1,1018.2000000000,1044.0500000000,25.8500000000,1121.6000000000,paper_101/ablation/results/50507.out
p5_logp_mofe_last_selected_kan,235,50507,1042.2000000000,1042.2000000000,1,,1,1018.2000000000,1044.0500000000,25.8500000000,1121.6000000000,paper_101/ablation/results/50507.out
p5_logp_mofe_last_selected_kan,236,50507,1038.3000000000,1038.3000000000,1,,1,1018.2000000000,1044.0500000000,25.8500000000,1121.6000000000,paper_101/ablation/results/50507.out
p5_logp_mofe_last_selected_kan,237,50507,1028.2000000000,1028.2000000000,1,,1,1018.2000000000,1044.0500000000,25.8500000000,1121.6000000000,paper_101/ablation/results/50507.out
p5_logp_mofe_last_selected_kan,238,50507,1027.9000000000,1027.9000000000,1,,1,1018.2000000000,1044.0500000000,25.8500000000,1121.6000000000,paper_101/ablation/results/50507.out
p5_logp_mofe_last_selected_kan,239,50507,1028.8000000000,1028.8000000000,1,,1,1018.2000000000,1044.0500000000,25.8500000000,1121.6000000000,paper_101/ablation/results/50507.out
p5_logp_mofe_last_selected_kan,240,50507,1029.3000000000,1029.3000000000,1,,1,1018.2000000000,1044.0500000000,25.8500000000,1121.6000000000,paper_101/ablation/results/50507.out
p5_logp_mofe_last_selected_kan,241,50507,1026.6000000000,1026.6000000000,1,,1,1018.2000000000,1044.0500000000,25.8500000000,1121.6000000000,paper_101/ablation/results/50507.out
p5_logp_mofe_last_selected_kan,242,50507,1025.6000000000,1025.6000000000,1,,1,1018.2000000000,1044.0500000000,25.8500000000,1121.6000000000,paper_101/ablation/results/50507.out
p5_logp_mofe_last_selected_kan,243,50507,1027.7000000000,1027.7000000000,1,,1,1018.2000000000,1044.0500000000,25.8500000000,1121.6000000000,paper_101/ablation/results/50507.out
p5_logp_mofe_last_selected_kan,244,50507,1027.8000000000,1027.8000000000,1,,1,1018.2000000000,1044.0500000000,25.8500000000,1121.6000000000,paper_101/ablation/results/50507.out
p5_logp_mofe_last_selected_kan,245,50507,1069.5000000000,1069.5000000000,1,,1,1018.2000000000,1044.0500000000,25.8500000000,1121.6000000000,paper_101/ablation/results/50507.out
p5_logp_mofe_last_selected_kan,246,50507,1055.5000000000,1055.5000000000,1,,1,1018.2000000000,1044.0500000000,25.8500000000,1121.6000000000,paper_101/ablation/results/50507.out
p5_logp_mofe_last_selected_kan,247,50507,1028.8000000000,1028.8000000000,1,,1,1018.2000000000,1044.0500000000,25.8500000000,1121.6000000000,paper_101/ablation/results/50507.out
p5_logp_mofe_last_selected_kan,248,50507,1030.6000000000,1030.6000000000,1,,1,1018.2000000000,1044.0500000000,25.8500000000,1121.6000000000,paper_101/ablation/results/50507.out
p5_logp_mofe_last_selected_kan,249,50507,1030.9000000000,1030.9000000000,1,,1,1018.2000000000,1044.0500000000,25.8500000000,1121.6000000000,paper_101/ablation/results/50507.out
p5_logp_mofe_last_selected_kan,250,50507,1031.2000000000,1031.2000000000,1,,1,1018.2000000000,1044.0500000000,25.8500000000,1121.6000000000,paper_101/ablation/results/50507.out
p5_logp_mofe_last_selected_kan,251,50507,1025.9000000000,1025.9000000000,1,,1,1018.2000000000,1044.0500000000,25.8500000000,1121.6000000000,paper_101/ablation/results/50507.out
p5_logp_mofe_last_selected_kan,252,50507,1025.3000000000,1025.3000000000,1,,1,1018.2000000000,1044.0500000000,25.8500000000,1121.6000000000,paper_101/ablation/results/50507.out
p5_logp_mofe_last_selected_kan,253,50507,1028.7000000000,1028.7000000000,1,,1,1018.2000000000,1044.0500000000,25.8500000000,1121.6000000000,paper_101/ablation/results/50507.out
p5_logp_mofe_last_selected_kan,254,50507,1029.9000000000,1029.9000000000,1,,1,1018.2000000000,1044.0500000000,25.8500000000,1121.6000000000,paper_101/ablation/results/50507.out
p5_logp_mofe_last_selected_kan,255,50507,1029.1000000000,1029.1000000000,1,,1,1018.2000000000,1044.0500000000,25.8500000000,1121.6000000000,paper_101/ablation/results/50507.out
p5_logp_mofe_last_selected_kan,256,50507,1030.5000000000,1030.5000000000,1,,1,1018.2000000000,1044.0500000000,25.8500000000,1121.6000000000,paper_101/ablation/results/50507.out
p5_logp_mofe_last_selected_kan,257,50507,1053.5000000000,1053.5000000000,1,,1,1018.2000000000,1044.0500000000,25.8500000000,1121.6000000000,paper_101/ablation/results/50507.out
p5_logp_mofe_last_selected_kan,258,50507,1059.7000000000,1059.7000000000,1,,1,1018.2000000000,1044.0500000000,25.8500000000,1121.6000000000,paper_101/ablation/results/50507.out
p5_logp_mofe_last_selected_kan,259,50507,1058.7000000000,1058.7000000000,1,,1,1018.2000000000,1044.0500000000,25.8500000000,1121.6000000000,paper_101/ablation/results/50507.out
p5_logp_mofe_last_selected_kan,260,50507,1036.5000000000,1036.5000000000,1,,1,1018.2000000000,1044.0500000000,25.8500000000,1121.6000000000,paper_101/ablation/results/50507.out
p5_logp_mofe_last_selected_kan,261,50507,1036.5000000000,1036.5000000000,1,,1,1018.2000000000,1044.0500000000,25.8500000000,1121.6000000000,paper_101/ablation/results/50507.out
p5_logp_mofe_last_selected_kan,262,50507,1036.3000000000,1036.3000000000,1,,1,1018.2000000000,1044.0500000000,25.8500000000,1121.6000000000,paper_101/ablation/results/50507.out
p5_logp_mofe_last_selected_kan,263,50507,1036.1000000000,1036.1000000000,1,,1,1018.2000000000,1044.0500000000,25.8500000000,1121.6000000000,paper_101/ablation/results/50507.out
p5_logp_mofe_last_selected_kan,264,50507,1051.9000000000,1051.9000000000,1,,1,1018.2000000000,1044.0500000000,25.8500000000,1121.6000000000,paper_101/ablation/results/50507.out
p5_logp_mofe_last_selected_kan,265,50507,1036.2000000000,1036.2000000000,1,,1,1018.2000000000,1044.0500000000,25.8500000000,1121.6000000000,paper_101/ablation/results/50507.out
p5_logp_mofe_last_selected_kan,266,50507,1049.3000000000,1049.3000000000,1,,1,1018.2000000000,1044.0500000000,25.8500000000,1121.6000000000,paper_101/ablation/results/50507.out
p5_logp_mofe_last_selected_kan,267,50507,1036.5000000000,1036.5000000000,1,,1,1018.2000000000,1044.0500000000,25.8500000000,1121.6000000000,paper_101/ablation/results/50507.out
p5_logp_mofe_last_selected_kan,268,50507,1036.2000000000,1036.2000000000,1,,1,1018.2000000000,1044.0500000000,25.8500000000,1121.6000000000,paper_101/ablation/results/50507.out
p5_logp_mofe_last_selected_kan,269,50507,1036.5000000000,1036.5000000000,1,,1,1018.2000000000,1044.0500000000,25.8500000000,1121.6000000000,paper_101/ablation/results/50507.out
p5_logp_mofe_last_selected_kan,270,50507,1025.4000000000,1025.4000000000,1,,1,1018.2000000000,1044.0500000000,25.8500000000,1121.6000000000,paper_101/ablation/results/50507.out
p5_logp_mofe_last_selected_kan,271,50507,1028.2000000000,1028.2000000000,1,,1,1018.2000000000,1044.0500000000,25.8500000000,1121.6000000000,paper_101/ablation/results/50507.out
p5_logp_mofe_last_selected_kan,272,50507,1033.1000000000,1033.1000000000,1,,1,1018.2000000000,1044.0500000000,25.8500000000,1121.6000000000,paper_101/ablation/results/50507.out
p5_logp_mofe_last_selected_kan,273,50507,1036.7000000000,1036.7000000000,1,,1,1018.2000000000,1044.0500000000,25.8500000000,1121.6000000000,paper_101/ablation/results/50507.out
p5_logp_mofe_last_selected_kan,274,50507,1039.0000000000,1039.0000000000,1,,1,1018.2000000000,1044.0500000000,25.8500000000,1121.6000000000,paper_101/ablation/results/50507.out
p5_logp_mofe_last_selected_kan,275,50507,1038.0000000000,1038.0000000000,1,,1,1018.2000000000,1044.0500000000,25.8500000000,1121.6000000000,paper_101/ablation/results/50507.out
p5_logp_mofe_last_selected_kan,276,50507,1039.1000000000,1039.1000000000,1,,1,1018.2000000000,1044.0500000000,25.8500000000,1121.6000000000,paper_101/ablation/results/50507.out
p5_logp_mofe_last_selected_kan,277,50507,1035.5000000000,1035.5000000000,1,,1,1018.2000000000,1044.0500000000,25.8500000000,1121.6000000000,paper_101/ablation/results/50507.out
p5_logp_mofe_last_selected_kan,278,50507,1038.5000000000,1038.5000000000,1,,1,1018.2000000000,1044.0500000000,25.8500000000,1121.6000000000,paper_101/ablation/results/50507.out
p5_logp_mofe_last_selected_kan,279,50507,1035.3000000000,1035.3000000000,1,,1,1018.2000000000,1044.0500000000,25.8500000000,1121.6000000000,paper_101/ablation/results/50507.out
p5_logp_mofe_last_selected_kan,280,50507,1039.0000000000,1039.0000000000,1,,1,1018.2000000000,1044.0500000000,25.8500000000,1121.6000000000,paper_101/ablation/results/50507.out
p5_logp_mofe_last_selected_kan,281,50507,1040.9000000000,1040.9000000000,1,,1,1018.2000000000,1044.0500000000,25.8500000000,1121.6000000000,paper_101/ablation/results/50507.out
p5_logp_mofe_last_selected_kan,282,50507,1044.3000000000,1044.3000000000,1,,1,1018.2000000000,1044.0500000000,25.8500000000,1121.6000000000,paper_101/ablation/results/50507.out
p5_logp_mofe_last_selected_kan,283,50507,1046.9000000000,1046.9000000000,1,,1,1018.2000000000,1044.0500000000,25.8500000000,1121.6000000000,paper_101/ablation/results/50507.out
p5_logp_mofe_last_selected_kan,284,50507,1042.2000000000,1042.2000000000,1,,1,1018.2000000000,1044.0500000000,25.8500000000,1121.6000000000,paper_101/ablation/results/50507.out
p5_logp_mofe_last_selected_kan,285,50507,1042.3000000000,1042.3000000000,1,,1,1018.2000000000,1044.0500000000,25.8500000000,1121.6000000000,paper_101/ablation/results/50507.out
p5_logp_mofe_last_selected_kan,286,50507,1048.8000000000,1048.8000000000,1,,1,1018.2000000000,1044.0500000000,25.8500000000,1121.6000000000,paper_101/ablation/results/50507.out
p5_logp_mofe_last_selected_kan,287,50507,1040.6000000000,1040.6000000000,1,,1,1018.2000000000,1044.0500000000,25.8500000000,1121.6000000000,paper_101/ablation/results/50507.out
p5_logp_mofe_last_selected_kan,288,50507,1041.2000000000,1041.2000000000,1,,1,1018.2000000000,1044.0500000000,25.8500000000,1121.6000000000,paper_101/ablation/results/50507.out
p5_logp_mofe_last_selected_kan,289,50507,1041.9000000000,1041.9000000000,1,,1,1018.2000000000,1044.0500000000,25.8500000000,1121.6000000000,paper_101/ablation/results/50507.out
p5_logp_mofe_last_selected_kan,290,50507,1038.8000000000,1038.8000000000,1,,1,1018.2000000000,1044.0500000000,25.8500000000,1121.6000000000,paper_101/ablation/results/50507.out
p5_logp_mofe_last_selected_kan,291,50507,1041.1000000000,1041.1000000000,1,,1,1018.2000000000,1044.0500000000,25.8500000000,1121.6000000000,paper_101/ablation/results/50507.out
p5_logp_mofe_last_selected_kan,292,50507,1040.4000000000,1040.4000000000,1,,1,1018.2000000000,1044.0500000000,25.8500000000,1121.6000000000,paper_101/ablation/results/50507.out
p5_logp_mofe_last_selected_kan,293,50507,1038.4000000000,1038.4000000000,1,,1,1018.2000000000,1044.0500000000,25.8500000000,1121.6000000000,paper_101/ablation/results/50507.out
p5_logp_mofe_last_selected_kan,294,50507,1042.8000000000,1042.8000000000,1,,1,1018.2000000000,1044.0500000000,25.8500000000,1121.6000000000,paper_101/ablation/results/50507.out
p5_logp_mofe_last_selected_kan,295,50507,1043.4000000000,1043.4000000000,1,,1,1018.2000000000,1044.0500000000,25.8500000000,1121.6000000000,paper_101/ablation/results/50507.out
p5_logp_mofe_last_selected_kan,296,50507,1041.7000000000,1041.7000000000,1,,1,1018.2000000000,1044.0500000000,25.8500000000,1121.6000000000,paper_101/ablation/results/50507.out
p5_logp_mofe_last_selected_kan,297,50507,1044.2000000000,1044.2000000000,1,,1,1018.2000000000,1044.0500000000,25.8500000000,1121.6000000000,paper_101/ablation/results/50507.out
p5_logp_mofe_last_selected_kan,298,50507,1040.0000000000,1040.0000000000,1,,1,1018.2000000000,1044.0500000000,25.8500000000,1121.6000000000,paper_101/ablation/results/50507.out
p5_logp_mofe_last_selected_kan,299,50507,1038.3000000000,1038.3000000000,1,,1,1018.2000000000,1044.0500000000,25.8500000000,1121.6000000000,paper_101/ablation/results/50507.out
p5_logp_mofe_last_selected_kan,300,50507,1039.8000000000,1039.8000000000,1,,1,1018.2000000000,1044.0500000000,25.8500000000,1121.6000000000,paper_101/ablation/results/50507.out
p5_logp_mofe_last_selected_kan_conloss,1,50509,1084.7000000000,,0,segment_startup,1,987.6000000000,1036.7500000000,49.1500000000,1184.2000000000,paper_101/ablation/results/50509.out
p5_logp_mofe_last_selected_kan_conloss,2,50509,1066.4000000000,1066.4000000000,1,,1,987.6000000000,1036.7500000000,49.1500000000,1184.2000000000,paper_101/ablation/results/50509.out
p5_logp_mofe_last_selected_kan_conloss,3,50509,1066.9000000000,1066.9000000000,1,,1,987.6000000000,1036.7500000000,49.1500000000,1184.2000000000,paper_101/ablation/results/50509.out
p5_logp_mofe_last_selected_kan_conloss,4,50509,1085.7000000000,1085.7000000000,1,,1,987.6000000000,1036.7500000000,49.1500000000,1184.2000000000,paper_101/ablation/results/50509.out
p5_logp_mofe_last_selected_kan_conloss,5,50509,1085.9000000000,1085.9000000000,1,,1,987.6000000000,1036.7500000000,49.1500000000,1184.2000000000,paper_101/ablation/results/50509.out
p5_logp_mofe_last_selected_kan_conloss,6,50509,1082.6000000000,1082.6000000000,1,,1,987.6000000000,1036.7500000000,49.1500000000,1184.2000000000,paper_101/ablation/results/50509.out
p5_logp_mofe_last_selected_kan_conloss,7,50509,1068.1000000000,1068.1000000000,1,,1,987.6000000000,1036.7500000000,49.1500000000,1184.2000000000,paper_101/ablation/results/50509.out
p5_logp_mofe_last_selected_kan_conloss,8,50509,1067.7000000000,1067.7000000000,1,,1,987.6000000000,1036.7500000000,49.1500000000,1184.2000000000,paper_101/ablation/results/50509.out
p5_logp_mofe_last_selected_kan_conloss,9,50509,1035.8000000000,1035.8000000000,1,,1,987.6000000000,1036.7500000000,49.1500000000,1184.2000000000,paper_101/ablation/results/50509.out
p5_logp_mofe_last_selected_kan_conloss,10,50509,1024.3000000000,1024.3000000000,1,,1,987.6000000000,1036.7500000000,49.1500000000,1184.2000000000,paper_101/ablation/results/50509.out
p5_logp_mofe_last_selected_kan_conloss,11,50509,1023.7000000000,1023.7000000000,1,,1,987.6000000000,1036.7500000000,49.1500000000,1184.2000000000,paper_101/ablation/results/50509.out
p5_logp_mofe_last_selected_kan_conloss,12,50509,1023.8000000000,1023.8000000000,1,,1,987.6000000000,1036.7500000000,49.1500000000,1184.2000000000,paper_101/ablation/results/50509.out
p5_logp_mofe_last_selected_kan_conloss,13,50509,1025.9000000000,1025.9000000000,1,,1,987.6000000000,1036.7500000000,49.1500000000,1184.2000000000,paper_101/ablation/results/50509.out
p5_logp_mofe_last_selected_kan_conloss,14,50509,1020.1000000000,1020.1000000000,1,,1,987.6000000000,1036.7500000000,49.1500000000,1184.2000000000,paper_101/ablation/results/50509.out
p5_logp_mofe_last_selected_kan_conloss,15,50509,1019.1000000000,1019.1000000000,1,,1,987.6000000000,1036.7500000000,49.1500000000,1184.2000000000,paper_101/ablation/results/50509.out
p5_logp_mofe_last_selected_kan_conloss,16,50509,1034.4000000000,1034.4000000000,1,,1,987.6000000000,1036.7500000000,49.1500000000,1184.2000000000,paper_101/ablation/results/50509.out
p5_logp_mofe_last_selected_kan_conloss,17,50509,1059.6000000000,1059.6000000000,1,,1,987.6000000000,1036.7500000000,49.1500000000,1184.2000000000,paper_101/ablation/results/50509.out
p5_logp_mofe_last_selected_kan_conloss,18,50509,1049.9000000000,1049.9000000000,1,,1,987.6000000000,1036.7500000000,49.1500000000,1184.2000000000,paper_101/ablation/results/50509.out
p5_logp_mofe_last_selected_kan_conloss,19,50509,1044.3000000000,1044.3000000000,1,,1,987.6000000000,1036.7500000000,49.1500000000,1184.2000000000,paper_101/ablation/results/50509.out
p5_logp_mofe_last_selected_kan_conloss,20,50509,1020.8000000000,1020.8000000000,1,,1,987.6000000000,1036.7500000000,49.1500000000,1184.2000000000,paper_101/ablation/results/50509.out
p5_logp_mofe_last_selected_kan_conloss,21,50509,1041.1000000000,1041.1000000000,1,,1,987.6000000000,1036.7500000000,49.1500000000,1184.2000000000,paper_101/ablation/results/50509.out
p5_logp_mofe_last_selected_kan_conloss,22,50509,1057.5000000000,1057.5000000000,1,,1,987.6000000000,1036.7500000000,49.1500000000,1184.2000000000,paper_101/ablation/results/50509.out
p5_logp_mofe_last_selected_kan_conloss,23,50509,1073.4000000000,1073.4000000000,1,,1,987.6000000000,1036.7500000000,49.1500000000,1184.2000000000,paper_101/ablation/results/50509.out
p5_logp_mofe_last_selected_kan_conloss,24,50509,1047.9000000000,1047.9000000000,1,,1,987.6000000000,1036.7500000000,49.1500000000,1184.2000000000,paper_101/ablation/results/50509.out
p5_logp_mofe_last_selected_kan_conloss,25,50509,1046.5000000000,1046.5000000000,1,,1,987.6000000000,1036.7500000000,49.1500000000,1184.2000000000,paper_101/ablation/results/50509.out
p5_logp_mofe_last_selected_kan_conloss,26,50509,1053.9000000000,1053.9000000000,1,,1,987.6000000000,1036.7500000000,49.1500000000,1184.2000000000,paper_101/ablation/results/50509.out
p5_logp_mofe_last_selected_kan_conloss,27,50509,1053.5000000000,1053.5000000000,1,,1,987.6000000000,1036.7500000000,49.1500000000,1184.2000000000,paper_101/ablation/results/50509.out
p5_logp_mofe_last_selected_kan_conloss,28,50509,1111.7000000000,1111.7000000000,1,,1,987.6000000000,1036.7500000000,49.1500000000,1184.2000000000,paper_101/ablation/results/50509.out
p5_logp_mofe_last_selected_kan_conloss,29,50509,1113.6000000000,1113.6000000000,1,,1,987.6000000000,1036.7500000000,49.1500000000,1184.2000000000,paper_101/ablation/results/50509.out
p5_logp_mofe_last_selected_kan_conloss,30,50509,1112.2000000000,1112.2000000000,1,,1,987.6000000000,1036.7500000000,49.1500000000,1184.2000000000,paper_101/ablation/results/50509.out
p5_logp_mofe_last_selected_kan_conloss,31,50509,1089.9000000000,1089.9000000000,1,,1,987.6000000000,1036.7500000000,49.1500000000,1184.2000000000,paper_101/ablation/results/50509.out
p5_logp_mofe_last_selected_kan_conloss,32,50509,1083.3000000000,1083.3000000000,1,,1,987.6000000000,1036.7500000000,49.1500000000,1184.2000000000,paper_101/ablation/results/50509.out
p5_logp_mofe_last_selected_kan_conloss,33,50509,1040.9000000000,1040.9000000000,1,,1,987.6000000000,1036.7500000000,49.1500000000,1184.2000000000,paper_101/ablation/results/50509.out
p5_logp_mofe_last_selected_kan_conloss,34,50509,1024.4000000000,1024.4000000000,1,,1,987.6000000000,1036.7500000000,49.1500000000,1184.2000000000,paper_101/ablation/results/50509.out
p5_logp_mofe_last_selected_kan_conloss,35,50509,996.6000000000,996.6000000000,1,,1,987.6000000000,1036.7500000000,49.1500000000,1184.2000000000,paper_101/ablation/results/50509.out
p5_logp_mofe_last_selected_kan_conloss,36,50509,1089.4000000000,1089.4000000000,1,,1,987.6000000000,1036.7500000000,49.1500000000,1184.2000000000,paper_101/ablation/results/50509.out
p5_logp_mofe_last_selected_kan_conloss,37,50509,1107.8000000000,1107.8000000000,1,,1,987.6000000000,1036.7500000000,49.1500000000,1184.2000000000,paper_101/ablation/results/50509.out
p5_logp_mofe_last_selected_kan_conloss,38,50509,1142.3000000000,1142.3000000000,1,,1,987.6000000000,1036.7500000000,49.1500000000,1184.2000000000,paper_101/ablation/results/50509.out
p5_logp_mofe_last_selected_kan_conloss,39,50509,1132.6000000000,1132.6000000000,1,,1,987.6000000000,1036.7500000000,49.1500000000,1184.2000000000,paper_101/ablation/results/50509.out
p5_logp_mofe_last_selected_kan_conloss,40,50509,1125.6000000000,1125.6000000000,1,,1,987.6000000000,1036.7500000000,49.1500000000,1184.2000000000,paper_101/ablation/results/50509.out
p5_logp_mofe_last_selected_kan_conloss,41,50509,1128.3000000000,1128.3000000000,1,,1,987.6000000000,1036.7500000000,49.1500000000,1184.2000000000,paper_101/ablation/results/50509.out
p5_logp_mofe_last_selected_kan_conloss,42,50509,1110.3000000000,1110.3000000000,1,,1,987.6000000000,1036.7500000000,49.1500000000,1184.2000000000,paper_101/ablation/results/50509.out
p5_logp_mofe_last_selected_kan_conloss,43,50509,1077.6000000000,1077.6000000000,1,,1,987.6000000000,1036.7500000000,49.1500000000,1184.2000000000,paper_101/ablation/results/50509.out
p5_logp_mofe_last_selected_kan_conloss,44,50509,1047.0000000000,1047.0000000000,1,,1,987.6000000000,1036.7500000000,49.1500000000,1184.2000000000,paper_101/ablation/results/50509.out
p5_logp_mofe_last_selected_kan_conloss,45,50509,1047.0000000000,1047.0000000000,1,,1,987.6000000000,1036.7500000000,49.1500000000,1184.2000000000,paper_101/ablation/results/50509.out
p5_logp_mofe_last_selected_kan_conloss,46,50509,1024.2000000000,1024.2000000000,1,,1,987.6000000000,1036.7500000000,49.1500000000,1184.2000000000,paper_101/ablation/results/50509.out
p5_logp_mofe_last_selected_kan_conloss,47,50509,1006.4000000000,1006.4000000000,1,,1,987.6000000000,1036.7500000000,49.1500000000,1184.2000000000,paper_101/ablation/results/50509.out
p5_logp_mofe_last_selected_kan_conloss,48,50509,987.8000000000,987.8000000000,1,,1,987.6000000000,1036.7500000000,49.1500000000,1184.2000000000,paper_101/ablation/results/50509.out
p5_logp_mofe_last_selected_kan_conloss,49,50509,987.7000000000,987.7000000000,1,,1,987.6000000000,1036.7500000000,49.1500000000,1184.2000000000,paper_101/ablation/results/50509.out
p5_logp_mofe_last_selected_kan_conloss,50,50509,984.4000000000,984.4000000000,1,,1,987.6000000000,1036.7500000000,49.1500000000,1184.2000000000,paper_101/ablation/results/50509.out
p5_logp_mofe_last_selected_kan_conloss,51,50509,984.5000000000,984.5000000000,1,,1,987.6000000000,1036.7500000000,49.1500000000,1184.2000000000,paper_101/ablation/results/50509.out
p5_logp_mofe_last_selected_kan_conloss,52,50509,983.8000000000,983.8000000000,1,,1,987.6000000000,1036.7500000000,49.1500000000,1184.2000000000,paper_101/ablation/results/50509.out
p5_logp_mofe_last_selected_kan_conloss,53,50509,985.1000000000,985.1000000000,1,,1,987.6000000000,1036.7500000000,49.1500000000,1184.2000000000,paper_101/ablation/results/50509.out
p5_logp_mofe_last_selected_kan_conloss,54,50509,983.1000000000,983.1000000000,1,,1,987.6000000000,1036.7500000000,49.1500000000,1184.2000000000,paper_101/ablation/results/50509.out
p5_logp_mofe_last_selected_kan_conloss,55,50509,985.1000000000,985.1000000000,1,,1,987.6000000000,1036.7500000000,49.1500000000,1184.2000000000,paper_101/ablation/results/50509.out
p5_logp_mofe_last_selected_kan_conloss,56,50509,984.8000000000,984.8000000000,1,,1,987.6000000000,1036.7500000000,49.1500000000,1184.2000000000,paper_101/ablation/results/50509.out
p5_logp_mofe_last_selected_kan_conloss,57,50509,983.6000000000,983.6000000000,1,,1,987.6000000000,1036.7500000000,49.1500000000,1184.2000000000,paper_101/ablation/results/50509.out
p5_logp_mofe_last_selected_kan_conloss,58,50509,977.4000000000,977.4000000000,1,,1,987.6000000000,1036.7500000000,49.1500000000,1184.2000000000,paper_101/ablation/results/50509.out
p5_logp_mofe_last_selected_kan_conloss,59,50509,975.2000000000,975.2000000000,1,,1,987.6000000000,1036.7500000000,49.1500000000,1184.2000000000,paper_101/ablation/results/50509.out
p5_logp_mofe_last_selected_kan_conloss,60,50509,975.8000000000,975.8000000000,1,,1,987.6000000000,1036.7500000000,49.1500000000,1184.2000000000,paper_101/ablation/results/50509.out
p5_logp_mofe_last_selected_kan_conloss,61,50509,975.8000000000,975.8000000000,1,,1,987.6000000000,1036.7500000000,49.1500000000,1184.2000000000,paper_101/ablation/results/50509.out
p5_logp_mofe_last_selected_kan_conloss,62,50509,976.0000000000,976.0000000000,1,,1,987.6000000000,1036.7500000000,49.1500000000,1184.2000000000,paper_101/ablation/results/50509.out
p5_logp_mofe_last_selected_kan_conloss,63,50509,976.8000000000,976.8000000000,1,,1,987.6000000000,1036.7500000000,49.1500000000,1184.2000000000,paper_101/ablation/results/50509.out
p5_logp_mofe_last_selected_kan_conloss,64,50509,975.7000000000,975.7000000000,1,,1,987.6000000000,1036.7500000000,49.1500000000,1184.2000000000,paper_101/ablation/results/50509.out
p5_logp_mofe_last_selected_kan_conloss,65,50509,976.4000000000,976.4000000000,1,,1,987.6000000000,1036.7500000000,49.1500000000,1184.2000000000,paper_101/ablation/results/50509.out
p5_logp_mofe_last_selected_kan_conloss,66,50509,974.7000000000,974.7000000000,1,,1,987.6000000000,1036.7500000000,49.1500000000,1184.2000000000,paper_101/ablation/results/50509.out
p5_logp_mofe_last_selected_kan_conloss,67,50509,975.5000000000,975.5000000000,1,,1,987.6000000000,1036.7500000000,49.1500000000,1184.2000000000,paper_101/ablation/results/50509.out
p5_logp_mofe_last_selected_kan_conloss,68,50509,975.0000000000,975.0000000000,1,,1,987.6000000000,1036.7500000000,49.1500000000,1184.2000000000,paper_101/ablation/results/50509.out
p5_logp_mofe_last_selected_kan_conloss,69,50509,975.1000000000,975.1000000000,1,,1,987.6000000000,1036.7500000000,49.1500000000,1184.2000000000,paper_101/ablation/results/50509.out
p5_logp_mofe_last_selected_kan_conloss,70,50509,974.8000000000,974.8000000000,1,,1,987.6000000000,1036.7500000000,49.1500000000,1184.2000000000,paper_101/ablation/results/50509.out
p5_logp_mofe_last_selected_kan_conloss,71,50509,974.0000000000,974.0000000000,1,,1,987.6000000000,1036.7500000000,49.1500000000,1184.2000000000,paper_101/ablation/results/50509.out
p5_logp_mofe_last_selected_kan_conloss,72,50509,974.0000000000,974.0000000000,1,,1,987.6000000000,1036.7500000000,49.1500000000,1184.2000000000,paper_101/ablation/results/50509.out
p5_logp_mofe_last_selected_kan_conloss,73,50509,976.6000000000,976.6000000000,1,,1,987.6000000000,1036.7500000000,49.1500000000,1184.2000000000,paper_101/ablation/results/50509.out
p5_logp_mofe_last_selected_kan_conloss,74,50509,976.0000000000,976.0000000000,1,,1,987.6000000000,1036.7500000000,49.1500000000,1184.2000000000,paper_101/ablation/results/50509.out
p5_logp_mofe_last_selected_kan_conloss,75,50509,977.8000000000,977.8000000000,1,,1,987.6000000000,1036.7500000000,49.1500000000,1184.2000000000,paper_101/ablation/results/50509.out
p5_logp_mofe_last_selected_kan_conloss,76,50509,976.1000000000,976.1000000000,1,,1,987.6000000000,1036.7500000000,49.1500000000,1184.2000000000,paper_101/ablation/results/50509.out
p5_logp_mofe_last_selected_kan_conloss,77,50509,986.9000000000,986.9000000000,1,,1,987.6000000000,1036.7500000000,49.1500000000,1184.2000000000,paper_101/ablation/results/50509.out
p5_logp_mofe_last_selected_kan_conloss,78,50509,1069.7000000000,1069.7000000000,1,,1,987.6000000000,1036.7500000000,49.1500000000,1184.2000000000,paper_101/ablation/results/50509.out
p5_logp_mofe_last_selected_kan_conloss,79,50509,1072.7000000000,1072.7000000000,1,,1,987.6000000000,1036.7500000000,49.1500000000,1184.2000000000,paper_101/ablation/results/50509.out
p5_logp_mofe_last_selected_kan_conloss,80,50509,1095.4000000000,1095.4000000000,1,,1,987.6000000000,1036.7500000000,49.1500000000,1184.2000000000,paper_101/ablation/results/50509.out
p5_logp_mofe_last_selected_kan_conloss,81,50509,1093.3000000000,1093.3000000000,1,,1,987.6000000000,1036.7500000000,49.1500000000,1184.2000000000,paper_101/ablation/results/50509.out
p5_logp_mofe_last_selected_kan_conloss,82,50509,1090.9000000000,1090.9000000000,1,,1,987.6000000000,1036.7500000000,49.1500000000,1184.2000000000,paper_101/ablation/results/50509.out
p5_logp_mofe_last_selected_kan_conloss,83,50509,1069.8000000000,1069.8000000000,1,,1,987.6000000000,1036.7500000000,49.1500000000,1184.2000000000,paper_101/ablation/results/50509.out
p5_logp_mofe_last_selected_kan_conloss,84,50509,1076.1000000000,1076.1000000000,1,,1,987.6000000000,1036.7500000000,49.1500000000,1184.2000000000,paper_101/ablation/results/50509.out
p5_logp_mofe_last_selected_kan_conloss,85,50509,1074.1000000000,1074.1000000000,1,,1,987.6000000000,1036.7500000000,49.1500000000,1184.2000000000,paper_101/ablation/results/50509.out
p5_logp_mofe_last_selected_kan_conloss,86,50509,1094.7000000000,1094.7000000000,1,,1,987.6000000000,1036.7500000000,49.1500000000,1184.2000000000,paper_101/ablation/results/50509.out
p5_logp_mofe_last_selected_kan_conloss,87,50509,1093.9000000000,1093.9000000000,1,,1,987.6000000000,1036.7500000000,49.1500000000,1184.2000000000,paper_101/ablation/results/50509.out
p5_logp_mofe_last_selected_kan_conloss,88,50509,1088.9000000000,1088.9000000000,1,,1,987.6000000000,1036.7500000000,49.1500000000,1184.2000000000,paper_101/ablation/results/50509.out
p5_logp_mofe_last_selected_kan_conloss,89,50509,1051.8000000000,1051.8000000000,1,,1,987.6000000000,1036.7500000000,49.1500000000,1184.2000000000,paper_101/ablation/results/50509.out
p5_logp_mofe_last_selected_kan_conloss,90,50509,1073.6000000000,1073.6000000000,1,,1,987.6000000000,1036.7500000000,49.1500000000,1184.2000000000,paper_101/ablation/results/50509.out
p5_logp_mofe_last_selected_kan_conloss,91,50509,1081.8000000000,1081.8000000000,1,,1,987.6000000000,1036.7500000000,49.1500000000,1184.2000000000,paper_101/ablation/results/50509.out
p5_logp_mofe_last_selected_kan_conloss,92,50509,1071.4000000000,1071.4000000000,1,,1,987.6000000000,1036.7500000000,49.1500000000,1184.2000000000,paper_101/ablation/results/50509.out
p5_logp_mofe_last_selected_kan_conloss,93,50509,1071.8000000000,1071.8000000000,1,,1,987.6000000000,1036.7500000000,49.1500000000,1184.2000000000,paper_101/ablation/results/50509.out
p5_logp_mofe_last_selected_kan_conloss,94,50509,1074.1000000000,1074.1000000000,1,,1,987.6000000000,1036.7500000000,49.1500000000,1184.2000000000,paper_101/ablation/results/50509.out
p5_logp_mofe_last_selected_kan_conloss,95,50509,1082.7000000000,1082.7000000000,1,,1,987.6000000000,1036.7500000000,49.1500000000,1184.2000000000,paper_101/ablation/results/50509.out
p5_logp_mofe_last_selected_kan_conloss,96,50509,1038.8000000000,1038.8000000000,1,,1,987.6000000000,1036.7500000000,49.1500000000,1184.2000000000,paper_101/ablation/results/50509.out
p5_logp_mofe_last_selected_kan_conloss,97,50509,1047.1000000000,1047.1000000000,1,,1,987.6000000000,1036.7500000000,49.1500000000,1184.2000000000,paper_101/ablation/results/50509.out
p5_logp_mofe_last_selected_kan_conloss,98,50509,1034.8000000000,1034.8000000000,1,,1,987.6000000000,1036.7500000000,49.1500000000,1184.2000000000,paper_101/ablation/results/50509.out
p5_logp_mofe_last_selected_kan_conloss,99,50509,997.8000000000,997.8000000000,1,,1,987.6000000000,1036.7500000000,49.1500000000,1184.2000000000,paper_101/ablation/results/50509.out
p5_logp_mofe_last_selected_kan_conloss,100,50509,1000.1000000000,1000.1000000000,1,,1,987.6000000000,1036.7500000000,49.1500000000,1184.2000000000,paper_101/ablation/results/50509.out
p5_logp_mofe_last_selected_kan_conloss,101,50509,1001.7000000000,1001.7000000000,1,,1,987.6000000000,1036.7500000000,49.1500000000,1184.2000000000,paper_101/ablation/results/50509.out
p5_logp_mofe_last_selected_kan_conloss,102,50509,1000.6000000000,1000.6000000000,1,,1,987.6000000000,1036.7500000000,49.1500000000,1184.2000000000,paper_101/ablation/results/50509.out
p5_logp_mofe_last_selected_kan_conloss,103,50509,1008.4000000000,1008.4000000000,1,,1,987.6000000000,1036.7500000000,49.1500000000,1184.2000000000,paper_101/ablation/results/50509.out
p5_logp_mofe_last_selected_kan_conloss,104,50509,1010.5000000000,1010.5000000000,1,,1,987.6000000000,1036.7500000000,49.1500000000,1184.2000000000,paper_101/ablation/results/50509.out
p5_logp_mofe_last_selected_kan_conloss,105,50509,1029.8000000000,1029.8000000000,1,,1,987.6000000000,1036.7500000000,49.1500000000,1184.2000000000,paper_101/ablation/results/50509.out
p5_logp_mofe_last_selected_kan_conloss,106,50509,1003.9000000000,1003.9000000000,1,,1,987.6000000000,1036.7500000000,49.1500000000,1184.2000000000,paper_101/ablation/results/50509.out
p5_logp_mofe_last_selected_kan_conloss,107,50509,1005.0000000000,1005.0000000000,1,,1,987.6000000000,1036.7500000000,49.1500000000,1184.2000000000,paper_101/ablation/results/50509.out
p5_logp_mofe_last_selected_kan_conloss,108,50509,1002.7000000000,1002.7000000000,1,,1,987.6000000000,1036.7500000000,49.1500000000,1184.2000000000,paper_101/ablation/results/50509.out
p5_logp_mofe_last_selected_kan_conloss,109,50509,1016.9000000000,1016.9000000000,1,,1,987.6000000000,1036.7500000000,49.1500000000,1184.2000000000,paper_101/ablation/results/50509.out
p5_logp_mofe_last_selected_kan_conloss,110,50509,1026.5000000000,1026.5000000000,1,,1,987.6000000000,1036.7500000000,49.1500000000,1184.2000000000,paper_101/ablation/results/50509.out
p5_logp_mofe_last_selected_kan_conloss,111,50509,1025.2000000000,1025.2000000000,1,,1,987.6000000000,1036.7500000000,49.1500000000,1184.2000000000,paper_101/ablation/results/50509.out
p5_logp_mofe_last_selected_kan_conloss,112,50509,1022.7000000000,1022.7000000000,1,,1,987.6000000000,1036.7500000000,49.1500000000,1184.2000000000,paper_101/ablation/results/50509.out
p5_logp_mofe_last_selected_kan_conloss,113,50509,1058.9000000000,1058.9000000000,1,,1,987.6000000000,1036.7500000000,49.1500000000,1184.2000000000,paper_101/ablation/results/50509.out
p5_logp_mofe_last_selected_kan_conloss,114,50509,1036.4000000000,1036.4000000000,1,,1,987.6000000000,1036.7500000000,49.1500000000,1184.2000000000,paper_101/ablation/results/50509.out
p5_logp_mofe_last_selected_kan_conloss,115,50509,1069.0000000000,1069.0000000000,1,,1,987.6000000000,1036.7500000000,49.1500000000,1184.2000000000,paper_101/ablation/results/50509.out
p5_logp_mofe_last_selected_kan_conloss,116,50509,1064.6000000000,1064.6000000000,1,,1,987.6000000000,1036.7500000000,49.1500000000,1184.2000000000,paper_101/ablation/results/50509.out
p5_logp_mofe_last_selected_kan_conloss,117,50509,1028.4000000000,1028.4000000000,1,,1,987.6000000000,1036.7500000000,49.1500000000,1184.2000000000,paper_101/ablation/results/50509.out
p5_logp_mofe_last_selected_kan_conloss,118,50509,1027.2000000000,1027.2000000000,1,,1,987.6000000000,1036.7500000000,49.1500000000,1184.2000000000,paper_101/ablation/results/50509.out
p5_logp_mofe_last_selected_kan_conloss,119,50509,1033.6000000000,1033.6000000000,1,,1,987.6000000000,1036.7500000000,49.1500000000,1184.2000000000,paper_101/ablation/results/50509.out
p5_logp_mofe_last_selected_kan_conloss,120,50509,1065.1000000000,1065.1000000000,1,,1,987.6000000000,1036.7500000000,49.1500000000,1184.2000000000,paper_101/ablation/results/50509.out
p5_logp_mofe_last_selected_kan_conloss,121,50509,1049.7000000000,1049.7000000000,1,,1,987.6000000000,1036.7500000000,49.1500000000,1184.2000000000,paper_101/ablation/results/50509.out
p5_logp_mofe_last_selected_kan_conloss,122,50509,1048.1000000000,1048.1000000000,1,,1,987.6000000000,1036.7500000000,49.1500000000,1184.2000000000,paper_101/ablation/results/50509.out
p5_logp_mofe_last_selected_kan_conloss,123,50509,1030.5000000000,1030.5000000000,1,,1,987.6000000000,1036.7500000000,49.1500000000,1184.2000000000,paper_101/ablation/results/50509.out
p5_logp_mofe_last_selected_kan_conloss,124,50509,1032.1000000000,1032.1000000000,1,,1,987.6000000000,1036.7500000000,49.1500000000,1184.2000000000,paper_101/ablation/results/50509.out
p5_logp_mofe_last_selected_kan_conloss,125,50509,1053.9000000000,1053.9000000000,1,,1,987.6000000000,1036.7500000000,49.1500000000,1184.2000000000,paper_101/ablation/results/50509.out
p5_logp_mofe_last_selected_kan_conloss,126,50509,1024.8000000000,1024.8000000000,1,,1,987.6000000000,1036.7500000000,49.1500000000,1184.2000000000,paper_101/ablation/results/50509.out
p5_logp_mofe_last_selected_kan_conloss,127,50509,1026.3000000000,1026.3000000000,1,,1,987.6000000000,1036.7500000000,49.1500000000,1184.2000000000,paper_101/ablation/results/50509.out
p5_logp_mofe_last_selected_kan_conloss,128,50509,1025.4000000000,1025.4000000000,1,,1,987.6000000000,1036.7500000000,49.1500000000,1184.2000000000,paper_101/ablation/results/50509.out
p5_logp_mofe_last_selected_kan_conloss,129,50509,1018.2000000000,1018.2000000000,1,,1,987.6000000000,1036.7500000000,49.1500000000,1184.2000000000,paper_101/ablation/results/50509.out
p5_logp_mofe_last_selected_kan_conloss,130,50509,1019.8000000000,1019.8000000000,1,,1,987.6000000000,1036.7500000000,49.1500000000,1184.2000000000,paper_101/ablation/results/50509.out
p5_logp_mofe_last_selected_kan_conloss,131,50509,1014.4000000000,1014.4000000000,1,,1,987.6000000000,1036.7500000000,49.1500000000,1184.2000000000,paper_101/ablation/results/50509.out
p5_logp_mofe_last_selected_kan_conloss,132,50509,1006.9000000000,1006.9000000000,1,,1,987.6000000000,1036.7500000000,49.1500000000,1184.2000000000,paper_101/ablation/results/50509.out
p5_logp_mofe_last_selected_kan_conloss,133,50509,1006.4000000000,1006.4000000000,1,,1,987.6000000000,1036.7500000000,49.1500000000,1184.2000000000,paper_101/ablation/results/50509.out
p5_logp_mofe_last_selected_kan_conloss,134,50509,1008.3000000000,1008.3000000000,1,,1,987.6000000000,1036.7500000000,49.1500000000,1184.2000000000,paper_101/ablation/results/50509.out
p5_logp_mofe_last_selected_kan_conloss,135,50509,1007.2000000000,1007.2000000000,1,,1,987.6000000000,1036.7500000000,49.1500000000,1184.2000000000,paper_101/ablation/results/50509.out
p5_logp_mofe_last_selected_kan_conloss,136,50509,1006.3000000000,1006.3000000000,1,,1,987.6000000000,1036.7500000000,49.1500000000,1184.2000000000,paper_101/ablation/results/50509.out
p5_logp_mofe_last_selected_kan_conloss,137,50509,1005.4000000000,1005.4000000000,1,,1,987.6000000000,1036.7500000000,49.1500000000,1184.2000000000,paper_101/ablation/results/50509.out
p5_logp_mofe_last_selected_kan_conloss,138,50509,1005.2000000000,1005.2000000000,1,,1,987.6000000000,1036.7500000000,49.1500000000,1184.2000000000,paper_101/ablation/results/50509.out
p5_logp_mofe_last_selected_kan_conloss,139,50509,1006.7000000000,1006.7000000000,1,,1,987.6000000000,1036.7500000000,49.1500000000,1184.2000000000,paper_101/ablation/results/50509.out
p5_logp_mofe_last_selected_kan_conloss,140,50509,1004.8000000000,1004.8000000000,1,,1,987.6000000000,1036.7500000000,49.1500000000,1184.2000000000,paper_101/ablation/results/50509.out
p5_logp_mofe_last_selected_kan_conloss,141,50509,1007.6000000000,1007.6000000000,1,,1,987.6000000000,1036.7500000000,49.1500000000,1184.2000000000,paper_101/ablation/results/50509.out
p5_logp_mofe_last_selected_kan_conloss,142,50509,1001.6000000000,1001.6000000000,1,,1,987.6000000000,1036.7500000000,49.1500000000,1184.2000000000,paper_101/ablation/results/50509.out
p5_logp_mofe_last_selected_kan_conloss,143,50509,991.7000000000,991.7000000000,1,,1,987.6000000000,1036.7500000000,49.1500000000,1184.2000000000,paper_101/ablation/results/50509.out
p5_logp_mofe_last_selected_kan_conloss,144,50509,998.2000000000,998.2000000000,1,,1,987.6000000000,1036.7500000000,49.1500000000,1184.2000000000,paper_101/ablation/results/50509.out
p5_logp_mofe_last_selected_kan_conloss,145,50509,989.3000000000,989.3000000000,1,,1,987.6000000000,1036.7500000000,49.1500000000,1184.2000000000,paper_101/ablation/results/50509.out
p5_logp_mofe_last_selected_kan_conloss,146,50509,989.7000000000,989.7000000000,1,,1,987.6000000000,1036.7500000000,49.1500000000,1184.2000000000,paper_101/ablation/results/50509.out
p5_logp_mofe_last_selected_kan_conloss,147,50509,991.0000000000,991.0000000000,1,,1,987.6000000000,1036.7500000000,49.1500000000,1184.2000000000,paper_101/ablation/results/50509.out
p5_logp_mofe_last_selected_kan_conloss,148,50509,985.9000000000,985.9000000000,1,,1,987.6000000000,1036.7500000000,49.1500000000,1184.2000000000,paper_101/ablation/results/50509.out
p5_logp_mofe_last_selected_kan_conloss,149,50509,983.6000000000,983.6000000000,1,,1,987.6000000000,1036.7500000000,49.1500000000,1184.2000000000,paper_101/ablation/results/50509.out
p5_logp_mofe_last_selected_kan_conloss,150,50509,984.9000000000,984.9000000000,1,,1,987.6000000000,1036.7500000000,49.1500000000,1184.2000000000,paper_101/ablation/results/50509.out
p5_logp_mofe_last_selected_kan_conloss,151,50509,983.9000000000,983.9000000000,1,,1,987.6000000000,1036.7500000000,49.1500000000,1184.2000000000,paper_101/ablation/results/50509.out
p5_logp_mofe_last_selected_kan_conloss,152,50509,990.2000000000,990.2000000000,1,,1,987.6000000000,1036.7500000000,49.1500000000,1184.2000000000,paper_101/ablation/results/50509.out
p5_logp_mofe_last_selected_kan_conloss,153,50509,987.8000000000,987.8000000000,1,,1,987.6000000000,1036.7500000000,49.1500000000,1184.2000000000,paper_101/ablation/results/50509.out
p5_logp_mofe_last_selected_kan_conloss,154,50509,988.1000000000,988.1000000000,1,,1,987.6000000000,1036.7500000000,49.1500000000,1184.2000000000,paper_101/ablation/results/50509.out
p5_logp_mofe_last_selected_kan_conloss,155,50509,984.1000000000,984.1000000000,1,,1,987.6000000000,1036.7500000000,49.1500000000,1184.2000000000,paper_101/ablation/results/50509.out
p5_logp_mofe_last_selected_kan_conloss,156,50509,986.7000000000,986.7000000000,1,,1,987.6000000000,1036.7500000000,49.1500000000,1184.2000000000,paper_101/ablation/results/50509.out
p5_logp_mofe_last_selected_kan_conloss,157,50509,985.5000000000,985.5000000000,1,,1,987.6000000000,1036.7500000000,49.1500000000,1184.2000000000,paper_101/ablation/results/50509.out
p5_logp_mofe_last_selected_kan_conloss,158,50509,991.7000000000,991.7000000000,1,,1,987.6000000000,1036.7500000000,49.1500000000,1184.2000000000,paper_101/ablation/results/50509.out
p5_logp_mofe_last_selected_kan_conloss,159,50509,995.3000000000,995.3000000000,1,,1,987.6000000000,1036.7500000000,49.1500000000,1184.2000000000,paper_101/ablation/results/50509.out
p5_logp_mofe_last_selected_kan_conloss,160,50509,994.4000000000,994.4000000000,1,,1,987.6000000000,1036.7500000000,49.1500000000,1184.2000000000,paper_101/ablation/results/50509.out
p5_logp_mofe_last_selected_kan_conloss,161,50509,989.6000000000,989.6000000000,1,,1,987.6000000000,1036.7500000000,49.1500000000,1184.2000000000,paper_101/ablation/results/50509.out
p5_logp_mofe_last_selected_kan_conloss,162,50509,991.4000000000,991.4000000000,1,,1,987.6000000000,1036.7500000000,49.1500000000,1184.2000000000,paper_101/ablation/results/50509.out
p5_logp_mofe_last_selected_kan_conloss,163,50509,992.2000000000,992.2000000000,1,,1,987.6000000000,1036.7500000000,49.1500000000,1184.2000000000,paper_101/ablation/results/50509.out
p5_logp_mofe_last_selected_kan_conloss,164,50509,987.5000000000,987.5000000000,1,,1,987.6000000000,1036.7500000000,49.1500000000,1184.2000000000,paper_101/ablation/results/50509.out
p5_logp_mofe_last_selected_kan_conloss,165,50509,988.4000000000,988.4000000000,1,,1,987.6000000000,1036.7500000000,49.1500000000,1184.2000000000,paper_101/ablation/results/50509.out
p5_logp_mofe_last_selected_kan_conloss,166,50509,985.2000000000,985.2000000000,1,,1,987.6000000000,1036.7500000000,49.1500000000,1184.2000000000,paper_101/ablation/results/50509.out
p5_logp_mofe_last_selected_kan_conloss,167,50509,983.6000000000,983.6000000000,1,,1,987.6000000000,1036.7500000000,49.1500000000,1184.2000000000,paper_101/ablation/results/50509.out
p5_logp_mofe_last_selected_kan_conloss,168,50509,1013.0000000000,1013.0000000000,1,,1,987.6000000000,1036.7500000000,49.1500000000,1184.2000000000,paper_101/ablation/results/50509.out
p5_logp_mofe_last_selected_kan_conloss,169,50509,1001.0000000000,1001.0000000000,1,,1,987.6000000000,1036.7500000000,49.1500000000,1184.2000000000,paper_101/ablation/results/50509.out
p5_logp_mofe_last_selected_kan_conloss,170,50509,1038.5000000000,1038.5000000000,1,,1,987.6000000000,1036.7500000000,49.1500000000,1184.2000000000,paper_101/ablation/results/50509.out
p5_logp_mofe_last_selected_kan_conloss,171,50509,1031.0000000000,1031.0000000000,1,,1,987.6000000000,1036.7500000000,49.1500000000,1184.2000000000,paper_101/ablation/results/50509.out
p5_logp_mofe_last_selected_kan_conloss,172,50509,1075.1000000000,1075.1000000000,1,,1,987.6000000000,1036.7500000000,49.1500000000,1184.2000000000,paper_101/ablation/results/50509.out
p5_logp_mofe_last_selected_kan_conloss,173,50509,1004.3000000000,1004.3000000000,1,,1,987.6000000000,1036.7500000000,49.1500000000,1184.2000000000,paper_101/ablation/results/50509.out
p5_logp_mofe_last_selected_kan_conloss,174,50509,1062.3000000000,1062.3000000000,1,,1,987.6000000000,1036.7500000000,49.1500000000,1184.2000000000,paper_101/ablation/results/50509.out
p5_logp_mofe_last_selected_kan_conloss,175,50509,986.1000000000,986.1000000000,1,,1,987.6000000000,1036.7500000000,49.1500000000,1184.2000000000,paper_101/ablation/results/50509.out
p5_logp_mofe_last_selected_kan_conloss,176,50509,1043.0000000000,1043.0000000000,1,,1,987.6000000000,1036.7500000000,49.1500000000,1184.2000000000,paper_101/ablation/results/50509.out
p5_logp_mofe_last_selected_kan_conloss,177,50509,1074.1000000000,1074.1000000000,1,,1,987.6000000000,1036.7500000000,49.1500000000,1184.2000000000,paper_101/ablation/results/50509.out
p5_logp_mofe_last_selected_kan_conloss,178,50509,1076.1000000000,1076.1000000000,1,,1,987.6000000000,1036.7500000000,49.1500000000,1184.2000000000,paper_101/ablation/results/50509.out
p5_logp_mofe_last_selected_kan_conloss,179,50509,1040.6000000000,1040.6000000000,1,,1,987.6000000000,1036.7500000000,49.1500000000,1184.2000000000,paper_101/ablation/results/50509.out
p5_logp_mofe_last_selected_kan_conloss,180,50509,976.9000000000,976.9000000000,1,,1,987.6000000000,1036.7500000000,49.1500000000,1184.2000000000,paper_101/ablation/results/50509.out
p5_logp_mofe_last_selected_kan_conloss,181,50509,973.1000000000,973.1000000000,1,,1,987.6000000000,1036.7500000000,49.1500000000,1184.2000000000,paper_101/ablation/results/50509.out
p5_logp_mofe_last_selected_kan_conloss,182,50509,974.0000000000,974.0000000000,1,,1,987.6000000000,1036.7500000000,49.1500000000,1184.2000000000,paper_101/ablation/results/50509.out
p5_logp_mofe_last_selected_kan_conloss,183,50509,973.2000000000,973.2000000000,1,,1,987.6000000000,1036.7500000000,49.1500000000,1184.2000000000,paper_101/ablation/results/50509.out
p5_logp_mofe_last_selected_kan_conloss,184,50509,974.1000000000,974.1000000000,1,,1,987.6000000000,1036.7500000000,49.1500000000,1184.2000000000,paper_101/ablation/results/50509.out
p5_logp_mofe_last_selected_kan_conloss,185,50509,972.9000000000,972.9000000000,1,,1,987.6000000000,1036.7500000000,49.1500000000,1184.2000000000,paper_101/ablation/results/50509.out
p5_logp_mofe_last_selected_kan_conloss,186,50509,973.0000000000,973.0000000000,1,,1,987.6000000000,1036.7500000000,49.1500000000,1184.2000000000,paper_101/ablation/results/50509.out
p5_logp_mofe_last_selected_kan_conloss,187,50509,972.5000000000,972.5000000000,1,,1,987.6000000000,1036.7500000000,49.1500000000,1184.2000000000,paper_101/ablation/results/50509.out
p5_logp_mofe_last_selected_kan_conloss,188,50509,972.5000000000,972.5000000000,1,,1,987.6000000000,1036.7500000000,49.1500000000,1184.2000000000,paper_101/ablation/results/50509.out
p5_logp_mofe_last_selected_kan_conloss,189,50509,972.4000000000,972.4000000000,1,,1,987.6000000000,1036.7500000000,49.1500000000,1184.2000000000,paper_101/ablation/results/50509.out
p5_logp_mofe_last_selected_kan_conloss,190,50509,972.7000000000,972.7000000000,1,,1,987.6000000000,1036.7500000000,49.1500000000,1184.2000000000,paper_101/ablation/results/50509.out
p5_logp_mofe_last_selected_kan_conloss,191,50509,977.3000000000,977.3000000000,1,,1,987.6000000000,1036.7500000000,49.1500000000,1184.2000000000,paper_101/ablation/results/50509.out
p5_logp_mofe_last_selected_kan_conloss,192,50509,985.4000000000,985.4000000000,1,,1,987.6000000000,1036.7500000000,49.1500000000,1184.2000000000,paper_101/ablation/results/50509.out
p5_logp_mofe_last_selected_kan_conloss,193,50509,1014.1000000000,1014.1000000000,1,,1,987.6000000000,1036.7500000000,49.1500000000,1184.2000000000,paper_101/ablation/results/50509.out
p5_logp_mofe_last_selected_kan_conloss,194,50509,1006.2000000000,1006.2000000000,1,,1,987.6000000000,1036.7500000000,49.1500000000,1184.2000000000,paper_101/ablation/results/50509.out
p5_logp_mofe_last_selected_kan_conloss,195,50509,999.2000000000,999.2000000000,1,,1,987.6000000000,1036.7500000000,49.1500000000,1184.2000000000,paper_101/ablation/results/50509.out
p5_logp_mofe_last_selected_kan_conloss,196,50509,1001.4000000000,1001.4000000000,1,,1,987.6000000000,1036.7500000000,49.1500000000,1184.2000000000,paper_101/ablation/results/50509.out
p5_logp_mofe_last_selected_kan_conloss,197,50509,1013.4000000000,1013.4000000000,1,,1,987.6000000000,1036.7500000000,49.1500000000,1184.2000000000,paper_101/ablation/results/50509.out
p5_logp_mofe_last_selected_kan_conloss,198,50509,1006.7000000000,1006.7000000000,1,,1,987.6000000000,1036.7500000000,49.1500000000,1184.2000000000,paper_101/ablation/results/50509.out
p5_logp_mofe_last_selected_kan_conloss,199,50509,1003.5000000000,1003.5000000000,1,,1,987.6000000000,1036.7500000000,49.1500000000,1184.2000000000,paper_101/ablation/results/50509.out
p5_logp_mofe_last_selected_kan_conloss,200,50509,1000.1000000000,1000.1000000000,1,,1,987.6000000000,1036.7500000000,49.1500000000,1184.2000000000,paper_101/ablation/results/50509.out
p5_logp_mofe_last_selected_kan_conloss,201,50509,1013.5000000000,1013.5000000000,1,,1,987.6000000000,1036.7500000000,49.1500000000,1184.2000000000,paper_101/ablation/results/50509.out
p5_logp_mofe_last_selected_kan_conloss,202,50509,1000.1000000000,1000.1000000000,1,,1,987.6000000000,1036.7500000000,49.1500000000,1184.2000000000,paper_101/ablation/results/50509.out
p5_logp_mofe_last_selected_kan_conloss,203,50509,1000.8000000000,1000.8000000000,1,,1,987.6000000000,1036.7500000000,49.1500000000,1184.2000000000,paper_101/ablation/results/50509.out
p5_logp_mofe_last_selected_kan_conloss,204,50509,999.9000000000,999.9000000000,1,,1,987.6000000000,1036.7500000000,49.1500000000,1184.2000000000,paper_101/ablation/results/50509.out
p5_logp_mofe_last_selected_kan_conloss,205,50509,999.4000000000,999.4000000000,1,,1,987.6000000000,1036.7500000000,49.1500000000,1184.2000000000,paper_101/ablation/results/50509.out
p5_logp_mofe_last_selected_kan_conloss,206,50509,999.6000000000,999.6000000000,1,,1,987.6000000000,1036.7500000000,49.1500000000,1184.2000000000,paper_101/ablation/results/50509.out
p5_logp_mofe_last_selected_kan_conloss,207,50509,999.2000000000,999.2000000000,1,,1,987.6000000000,1036.7500000000,49.1500000000,1184.2000000000,paper_101/ablation/results/50509.out
p5_logp_mofe_last_selected_kan_conloss,208,50509,999.8000000000,999.8000000000,1,,1,987.6000000000,1036.7500000000,49.1500000000,1184.2000000000,paper_101/ablation/results/50509.out
p5_logp_mofe_last_selected_kan_conloss,209,50509,1007.7000000000,1007.7000000000,1,,1,987.6000000000,1036.7500000000,49.1500000000,1184.2000000000,paper_101/ablation/results/50509.out
p5_logp_mofe_last_selected_kan_conloss,210,50509,1009.0000000000,1009.0000000000,1,,1,987.6000000000,1036.7500000000,49.1500000000,1184.2000000000,paper_101/ablation/results/50509.out
p5_logp_mofe_last_selected_kan_conloss,211,50509,1007.6000000000,1007.6000000000,1,,1,987.6000000000,1036.7500000000,49.1500000000,1184.2000000000,paper_101/ablation/results/50509.out
p5_logp_mofe_last_selected_kan_conloss,212,50509,1007.8000000000,1007.8000000000,1,,1,987.6000000000,1036.7500000000,49.1500000000,1184.2000000000,paper_101/ablation/results/50509.out
p5_logp_mofe_last_selected_kan_conloss,213,50509,1007.8000000000,1007.8000000000,1,,1,987.6000000000,1036.7500000000,49.1500000000,1184.2000000000,paper_101/ablation/results/50509.out
p5_logp_mofe_last_selected_kan_conloss,214,50509,1008.2000000000,1008.2000000000,1,,1,987.6000000000,1036.7500000000,49.1500000000,1184.2000000000,paper_101/ablation/results/50509.out
p5_logp_mofe_last_selected_kan_conloss,215,50509,1008.6000000000,1008.6000000000,1,,1,987.6000000000,1036.7500000000,49.1500000000,1184.2000000000,paper_101/ablation/results/50509.out
p5_logp_mofe_last_selected_kan_conloss,216,50509,1007.0000000000,1007.0000000000,1,,1,987.6000000000,1036.7500000000,49.1500000000,1184.2000000000,paper_101/ablation/results/50509.out
p5_logp_mofe_last_selected_kan_conloss,217,50509,1002.1000000000,1002.1000000000,1,,1,987.6000000000,1036.7500000000,49.1500000000,1184.2000000000,paper_101/ablation/results/50509.out
p5_logp_mofe_last_selected_kan_conloss,218,50509,999.6000000000,999.6000000000,1,,1,987.6000000000,1036.7500000000,49.1500000000,1184.2000000000,paper_101/ablation/results/50509.out
p5_logp_mofe_last_selected_kan_conloss,219,50509,1000.5000000000,1000.5000000000,1,,1,987.6000000000,1036.7500000000,49.1500000000,1184.2000000000,paper_101/ablation/results/50509.out
p5_logp_mofe_last_selected_kan_conloss,220,50509,1000.9000000000,1000.9000000000,1,,1,987.6000000000,1036.7500000000,49.1500000000,1184.2000000000,paper_101/ablation/results/50509.out
p5_logp_mofe_last_selected_kan_conloss,221,50509,1000.2000000000,1000.2000000000,1,,1,987.6000000000,1036.7500000000,49.1500000000,1184.2000000000,paper_101/ablation/results/50509.out
p5_logp_mofe_last_selected_kan_conloss,222,50509,1000.2000000000,1000.2000000000,1,,1,987.6000000000,1036.7500000000,49.1500000000,1184.2000000000,paper_101/ablation/results/50509.out
p5_logp_mofe_last_selected_kan_conloss,223,50509,999.0000000000,999.0000000000,1,,1,987.6000000000,1036.7500000000,49.1500000000,1184.2000000000,paper_101/ablation/results/50509.out
p5_logp_mofe_last_selected_kan_conloss,224,50509,999.3000000000,999.3000000000,1,,1,987.6000000000,1036.7500000000,49.1500000000,1184.2000000000,paper_101/ablation/results/50509.out
p5_logp_mofe_last_selected_kan_conloss,225,50509,998.5000000000,998.5000000000,1,,1,987.6000000000,1036.7500000000,49.1500000000,1184.2000000000,paper_101/ablation/results/50509.out
p5_logp_mofe_last_selected_kan_conloss,226,50509,1000.4000000000,1000.4000000000,1,,1,987.6000000000,1036.7500000000,49.1500000000,1184.2000000000,paper_101/ablation/results/50509.out
p5_logp_mofe_last_selected_kan_conloss,227,50509,999.8000000000,999.8000000000,1,,1,987.6000000000,1036.7500000000,49.1500000000,1184.2000000000,paper_101/ablation/results/50509.out
p5_logp_mofe_last_selected_kan_conloss,228,50509,976.6000000000,976.6000000000,1,,1,987.6000000000,1036.7500000000,49.1500000000,1184.2000000000,paper_101/ablation/results/50509.out
p5_logp_mofe_last_selected_kan_conloss,229,50509,973.0000000000,973.0000000000,1,,1,987.6000000000,1036.7500000000,49.1500000000,1184.2000000000,paper_101/ablation/results/50509.out
p5_logp_mofe_last_selected_kan_conloss,230,50509,971.7000000000,971.7000000000,1,,1,987.6000000000,1036.7500000000,49.1500000000,1184.2000000000,paper_101/ablation/results/50509.out
p5_logp_mofe_last_selected_kan_conloss,231,50509,972.6000000000,972.6000000000,1,,1,987.6000000000,1036.7500000000,49.1500000000,1184.2000000000,paper_101/ablation/results/50509.out
p5_logp_mofe_last_selected_kan_conloss,232,50509,971.2000000000,971.2000000000,1,,1,987.6000000000,1036.7500000000,49.1500000000,1184.2000000000,paper_101/ablation/results/50509.out
p5_logp_mofe_last_selected_kan_conloss,233,50509,971.6000000000,971.6000000000,1,,1,987.6000000000,1036.7500000000,49.1500000000,1184.2000000000,paper_101/ablation/results/50509.out
p5_logp_mofe_last_selected_kan_conloss,234,50509,990.9000000000,990.9000000000,1,,1,987.6000000000,1036.7500000000,49.1500000000,1184.2000000000,paper_101/ablation/results/50509.out
p5_logp_mofe_last_selected_kan_conloss,235,50509,999.1000000000,999.1000000000,1,,1,987.6000000000,1036.7500000000,49.1500000000,1184.2000000000,paper_101/ablation/results/50509.out
p5_logp_mofe_last_selected_kan_conloss,236,50509,1005.5000000000,1005.5000000000,1,,1,987.6000000000,1036.7500000000,49.1500000000,1184.2000000000,paper_101/ablation/results/50509.out
p5_logp_mofe_last_selected_kan_conloss,237,50509,1033.3000000000,1033.3000000000,1,,1,987.6000000000,1036.7500000000,49.1500000000,1184.2000000000,paper_101/ablation/results/50509.out
p5_logp_mofe_last_selected_kan_conloss,238,50509,1010.1000000000,1010.1000000000,1,,1,987.6000000000,1036.7500000000,49.1500000000,1184.2000000000,paper_101/ablation/results/50509.out
p5_logp_mofe_last_selected_kan_conloss,239,50509,973.1000000000,973.1000000000,1,,1,987.6000000000,1036.7500000000,49.1500000000,1184.2000000000,paper_101/ablation/results/50509.out
p5_logp_mofe_last_selected_kan_conloss,240,50509,973.5000000000,973.5000000000,1,,1,987.6000000000,1036.7500000000,49.1500000000,1184.2000000000,paper_101/ablation/results/50509.out
p5_logp_mofe_last_selected_kan_conloss,241,50509,973.0000000000,973.0000000000,1,,1,987.6000000000,1036.7500000000,49.1500000000,1184.2000000000,paper_101/ablation/results/50509.out
p5_logp_mofe_last_selected_kan_conloss,242,50509,971.8000000000,971.8000000000,1,,1,987.6000000000,1036.7500000000,49.1500000000,1184.2000000000,paper_101/ablation/results/50509.out
p5_logp_mofe_last_selected_kan_conloss,243,50509,972.3000000000,972.3000000000,1,,1,987.6000000000,1036.7500000000,49.1500000000,1184.2000000000,paper_101/ablation/results/50509.out
p5_logp_mofe_last_selected_kan_conloss,244,50509,972.9000000000,972.9000000000,1,,1,987.6000000000,1036.7500000000,49.1500000000,1184.2000000000,paper_101/ablation/results/50509.out
p5_logp_mofe_last_selected_kan_conloss,245,50509,972.5000000000,972.5000000000,1,,1,987.6000000000,1036.7500000000,49.1500000000,1184.2000000000,paper_101/ablation/results/50509.out
p5_logp_mofe_last_selected_kan_conloss,246,50509,973.8000000000,973.8000000000,1,,1,987.6000000000,1036.7500000000,49.1500000000,1184.2000000000,paper_101/ablation/results/50509.out
p5_logp_mofe_last_selected_kan_conloss,247,50509,972.4000000000,972.4000000000,1,,1,987.6000000000,1036.7500000000,49.1500000000,1184.2000000000,paper_101/ablation/results/50509.out
p5_logp_mofe_last_selected_kan_conloss,248,50509,1014.7000000000,1014.7000000000,1,,1,987.6000000000,1036.7500000000,49.1500000000,1184.2000000000,paper_101/ablation/results/50509.out
p5_logp_mofe_last_selected_kan_conloss,249,50509,1034.3000000000,1034.3000000000,1,,1,987.6000000000,1036.7500000000,49.1500000000,1184.2000000000,paper_101/ablation/results/50509.out
p5_logp_mofe_last_selected_kan_conloss,250,50509,1002.8000000000,1002.8000000000,1,,1,987.6000000000,1036.7500000000,49.1500000000,1184.2000000000,paper_101/ablation/results/50509.out
p5_logp_mofe_last_selected_kan_conloss,251,50509,974.1000000000,974.1000000000,1,,1,987.6000000000,1036.7500000000,49.1500000000,1184.2000000000,paper_101/ablation/results/50509.out
p5_logp_mofe_last_selected_kan_conloss,252,50509,972.6000000000,972.6000000000,1,,1,987.6000000000,1036.7500000000,49.1500000000,1184.2000000000,paper_101/ablation/results/50509.out
p5_logp_mofe_last_selected_kan_conloss,253,50509,974.1000000000,974.1000000000,1,,1,987.6000000000,1036.7500000000,49.1500000000,1184.2000000000,paper_101/ablation/results/50509.out
p5_logp_mofe_last_selected_kan_conloss,254,50509,971.8000000000,971.8000000000,1,,1,987.6000000000,1036.7500000000,49.1500000000,1184.2000000000,paper_101/ablation/results/50509.out
p5_logp_mofe_last_selected_kan_conloss,255,50509,972.4000000000,972.4000000000,1,,1,987.6000000000,1036.7500000000,49.1500000000,1184.2000000000,paper_101/ablation/results/50509.out
p5_logp_mofe_last_selected_kan_conloss,256,50509,1016.4000000000,1016.4000000000,1,,1,987.6000000000,1036.7500000000,49.1500000000,1184.2000000000,paper_101/ablation/results/50509.out
p5_logp_mofe_last_selected_kan_conloss,257,50509,966.6000000000,966.6000000000,1,,1,987.6000000000,1036.7500000000,49.1500000000,1184.2000000000,paper_101/ablation/results/50509.out
p5_logp_mofe_last_selected_kan_conloss,258,50509,973.4000000000,973.4000000000,1,,1,987.6000000000,1036.7500000000,49.1500000000,1184.2000000000,paper_101/ablation/results/50509.out
p5_logp_mofe_last_selected_kan_conloss,259,50509,973.0000000000,973.0000000000,1,,1,987.6000000000,1036.7500000000,49.1500000000,1184.2000000000,paper_101/ablation/results/50509.out
p5_logp_mofe_last_selected_kan_conloss,260,50509,1003.7000000000,1003.7000000000,1,,1,987.6000000000,1036.7500000000,49.1500000000,1184.2000000000,paper_101/ablation/results/50509.out
p5_logp_mofe_last_selected_kan_conloss,261,50509,1053.0000000000,1053.0000000000,1,,1,987.6000000000,1036.7500000000,49.1500000000,1184.2000000000,paper_101/ablation/results/50509.out
p5_logp_mofe_last_selected_kan_conloss,262,50509,1072.9000000000,1072.9000000000,1,,1,987.6000000000,1036.7500000000,49.1500000000,1184.2000000000,paper_101/ablation/results/50509.out
p5_logp_mofe_last_selected_kan_conloss,263,50509,1029.4000000000,1029.4000000000,1,,1,987.6000000000,1036.7500000000,49.1500000000,1184.2000000000,paper_101/ablation/results/50509.out
p5_logp_mofe_last_selected_kan_conloss,264,50509,1018.2000000000,1018.2000000000,1,,1,987.6000000000,1036.7500000000,49.1500000000,1184.2000000000,paper_101/ablation/results/50509.out
p5_logp_mofe_last_selected_kan_conloss,265,50509,1006.2000000000,1006.2000000000,1,,1,987.6000000000,1036.7500000000,49.1500000000,1184.2000000000,paper_101/ablation/results/50509.out
p5_logp_mofe_last_selected_kan_conloss,266,50509,1016.2000000000,1016.2000000000,1,,1,987.6000000000,1036.7500000000,49.1500000000,1184.2000000000,paper_101/ablation/results/50509.out
p5_logp_mofe_last_selected_kan_conloss,267,50509,1005.1000000000,1005.1000000000,1,,1,987.6000000000,1036.7500000000,49.1500000000,1184.2000000000,paper_101/ablation/results/50509.out
p5_logp_mofe_last_selected_kan_conloss,268,50509,1056.7000000000,1056.7000000000,1,,1,987.6000000000,1036.7500000000,49.1500000000,1184.2000000000,paper_101/ablation/results/50509.out
p5_logp_mofe_last_selected_kan_conloss,269,50509,1006.9000000000,1006.9000000000,1,,1,987.6000000000,1036.7500000000,49.1500000000,1184.2000000000,paper_101/ablation/results/50509.out
p5_logp_mofe_last_selected_kan_conloss,270,50509,1012.9000000000,1012.9000000000,1,,1,987.6000000000,1036.7500000000,49.1500000000,1184.2000000000,paper_101/ablation/results/50509.out
p5_logp_mofe_last_selected_kan_conloss,271,50509,1009.0000000000,1009.0000000000,1,,1,987.6000000000,1036.7500000000,49.1500000000,1184.2000000000,paper_101/ablation/results/50509.out
p5_logp_mofe_last_selected_kan_conloss,272,50509,1004.3000000000,1004.3000000000,1,,1,987.6000000000,1036.7500000000,49.1500000000,1184.2000000000,paper_101/ablation/results/50509.out
p5_logp_mofe_last_selected_kan_conloss,273,50509,1016.3000000000,1016.3000000000,1,,1,987.6000000000,1036.7500000000,49.1500000000,1184.2000000000,paper_101/ablation/results/50509.out
p5_logp_mofe_last_selected_kan_conloss,274,50509,1005.4000000000,1005.4000000000,1,,1,987.6000000000,1036.7500000000,49.1500000000,1184.2000000000,paper_101/ablation/results/50509.out
p5_logp_mofe_last_selected_kan_conloss,275,50509,1017.0000000000,1017.0000000000,1,,1,987.6000000000,1036.7500000000,49.1500000000,1184.2000000000,paper_101/ablation/results/50509.out
p5_logp_mofe_last_selected_kan_conloss,276,50509,1004.9000000000,1004.9000000000,1,,1,987.6000000000,1036.7500000000,49.1500000000,1184.2000000000,paper_101/ablation/results/50509.out
p5_logp_mofe_last_selected_kan_conloss,277,50509,1015.8000000000,1015.8000000000,1,,1,987.6000000000,1036.7500000000,49.1500000000,1184.2000000000,paper_101/ablation/results/50509.out
p5_logp_mofe_last_selected_kan_conloss,278,50509,1005.7000000000,1005.7000000000,1,,1,987.6000000000,1036.7500000000,49.1500000000,1184.2000000000,paper_101/ablation/results/50509.out
p5_logp_mofe_last_selected_kan_conloss,279,50509,1015.0000000000,1015.0000000000,1,,1,987.6000000000,1036.7500000000,49.1500000000,1184.2000000000,paper_101/ablation/results/50509.out
p5_logp_mofe_last_selected_kan_conloss,280,50509,1007.1000000000,1007.1000000000,1,,1,987.6000000000,1036.7500000000,49.1500000000,1184.2000000000,paper_101/ablation/results/50509.out
p5_logp_mofe_last_selected_kan_conloss,281,50509,1015.8000000000,1015.8000000000,1,,1,987.6000000000,1036.7500000000,49.1500000000,1184.2000000000,paper_101/ablation/results/50509.out
p5_logp_mofe_last_selected_kan_conloss,282,50509,1006.1000000000,1006.1000000000,1,,1,987.6000000000,1036.7500000000,49.1500000000,1184.2000000000,paper_101/ablation/results/50509.out
p5_logp_mofe_last_selected_kan_conloss,283,50509,1004.0000000000,1004.0000000000,1,,1,987.6000000000,1036.7500000000,49.1500000000,1184.2000000000,paper_101/ablation/results/50509.out
p5_logp_mofe_last_selected_kan_conloss,284,50509,1015.9000000000,1015.9000000000,1,,1,987.6000000000,1036.7500000000,49.1500000000,1184.2000000000,paper_101/ablation/results/50509.out
p5_logp_mofe_last_selected_kan_conloss,285,50509,1008.6000000000,1008.6000000000,1,,1,987.6000000000,1036.7500000000,49.1500000000,1184.2000000000,paper_101/ablation/results/50509.out
p5_logp_mofe_last_selected_kan_conloss,286,50509,1038.0000000000,1038.0000000000,1,,1,987.6000000000,1036.7500000000,49.1500000000,1184.2000000000,paper_101/ablation/results/50509.out
p5_logp_mofe_last_selected_kan_conloss,287,50509,1032.8000000000,1032.8000000000,1,,1,987.6000000000,1036.7500000000,49.1500000000,1184.2000000000,paper_101/ablation/results/50509.out
p5_logp_mofe_last_selected_kan_conloss,288,50509,1036.0000000000,1036.0000000000,1,,1,987.6000000000,1036.7500000000,49.1500000000,1184.2000000000,paper_101/ablation/results/50509.out
p5_logp_mofe_last_selected_kan_conloss,289,50509,1034.0000000000,1034.0000000000,1,,1,987.6000000000,1036.7500000000,49.1500000000,1184.2000000000,paper_101/ablation/results/50509.out
p5_logp_mofe_last_selected_kan_conloss,290,50509,1037.6000000000,1037.6000000000,1,,1,987.6000000000,1036.7500000000,49.1500000000,1184.2000000000,paper_101/ablation/results/50509.out
p5_logp_mofe_last_selected_kan_conloss,291,50509,1026.4000000000,1026.4000000000,1,,1,987.6000000000,1036.7500000000,49.1500000000,1184.2000000000,paper_101/ablation/results/50509.out
p5_logp_mofe_last_selected_kan_conloss,292,50509,1038.6000000000,1038.6000000000,1,,1,987.6000000000,1036.7500000000,49.1500000000,1184.2000000000,paper_101/ablation/results/50509.out
p5_logp_mofe_last_selected_kan_conloss,293,50509,1032.2000000000,1032.2000000000,1,,1,987.6000000000,1036.7500000000,49.1500000000,1184.2000000000,paper_101/ablation/results/50509.out
p5_logp_mofe_last_selected_kan_conloss,294,50509,1035.7000000000,1035.7000000000,1,,1,987.6000000000,1036.7500000000,49.1500000000,1184.2000000000,paper_101/ablation/results/50509.out
p5_logp_mofe_last_selected_kan_conloss,295,50509,1036.0000000000,1036.0000000000,1,,1,987.6000000000,1036.7500000000,49.1500000000,1184.2000000000,paper_101/ablation/results/50509.out
p5_logp_mofe_last_selected_kan_conloss,296,50509,1030.6000000000,1030.6000000000,1,,1,987.6000000000,1036.7500000000,49.1500000000,1184.2000000000,paper_101/ablation/results/50509.out
p5_logp_mofe_last_selected_kan_conloss,297,50509,1037.1000000000,1037.1000000000,1,,1,987.6000000000,1036.7500000000,49.1500000000,1184.2000000000,paper_101/ablation/results/50509.out
p5_logp_mofe_last_selected_kan_conloss,298,50509,1033.0000000000,1033.0000000000,1,,1,987.6000000000,1036.7500000000,49.1500000000,1184.2000000000,paper_101/ablation/results/50509.out
p5_logp_mofe_last_selected_kan_conloss,299,50509,1038.8000000000,1038.8000000000,1,,1,987.6000000000,1036.7500000000,49.1500000000,1184.2000000000,paper_101/ablation/results/50509.out
p5_logp_mofe_last_selected_kan_conloss,300,50509,1032.5000000000,1032.5000000000,1,,1,987.6000000000,1036.7500000000,49.1500000000,1184.2000000000,paper_101/ablation/results/50509.out
p5_tpsa_mofe_last_selected_kan,1,50506,1037.2000000000,,0,segment_startup,1,1022.7500000000,1042.0000000000,19.2500000000,1099.7500000000,paper_101/ablation/results/50506.out
p5_tpsa_mofe_last_selected_kan,2,50506,1006.1000000000,1006.1000000000,1,,1,1022.7500000000,1042.0000000000,19.2500000000,1099.7500000000,paper_101/ablation/results/50506.out
p5_tpsa_mofe_last_selected_kan,3,50506,1008.9000000000,1008.9000000000,1,,1,1022.7500000000,1042.0000000000,19.2500000000,1099.7500000000,paper_101/ablation/results/50506.out
p5_tpsa_mofe_last_selected_kan,4,50506,1008.0000000000,1008.0000000000,1,,1,1022.7500000000,1042.0000000000,19.2500000000,1099.7500000000,paper_101/ablation/results/50506.out
p5_tpsa_mofe_last_selected_kan,5,50506,1012.0000000000,1012.0000000000,1,,1,1022.7500000000,1042.0000000000,19.2500000000,1099.7500000000,paper_101/ablation/results/50506.out
p5_tpsa_mofe_last_selected_kan,6,50506,1009.5000000000,1009.5000000000,1,,1,1022.7500000000,1042.0000000000,19.2500000000,1099.7500000000,paper_101/ablation/results/50506.out
p5_tpsa_mofe_last_selected_kan,7,50506,1010.2000000000,1010.2000000000,1,,1,1022.7500000000,1042.0000000000,19.2500000000,1099.7500000000,paper_101/ablation/results/50506.out
p5_tpsa_mofe_last_selected_kan,8,50506,1015.5000000000,1015.5000000000,1,,1,1022.7500000000,1042.0000000000,19.2500000000,1099.7500000000,paper_101/ablation/results/50506.out
p5_tpsa_mofe_last_selected_kan,9,50506,1011.5000000000,1011.5000000000,1,,1,1022.7500000000,1042.0000000000,19.2500000000,1099.7500000000,paper_101/ablation/results/50506.out
p5_tpsa_mofe_last_selected_kan,10,50506,1011.9000000000,1011.9000000000,1,,1,1022.7500000000,1042.0000000000,19.2500000000,1099.7500000000,paper_101/ablation/results/50506.out
p5_tpsa_mofe_last_selected_kan,11,50506,1024.1000000000,1024.1000000000,1,,1,1022.7500000000,1042.0000000000,19.2500000000,1099.7500000000,paper_101/ablation/results/50506.out
p5_tpsa_mofe_last_selected_kan,12,50506,1029.7000000000,1029.7000000000,1,,1,1022.7500000000,1042.0000000000,19.2500000000,1099.7500000000,paper_101/ablation/results/50506.out
p5_tpsa_mofe_last_selected_kan,13,50506,1056.0000000000,1056.0000000000,1,,1,1022.7500000000,1042.0000000000,19.2500000000,1099.7500000000,paper_101/ablation/results/50506.out
p5_tpsa_mofe_last_selected_kan,14,50506,1053.4000000000,1053.4000000000,1,,1,1022.7500000000,1042.0000000000,19.2500000000,1099.7500000000,paper_101/ablation/results/50506.out
p5_tpsa_mofe_last_selected_kan,15,50506,1049.8000000000,1049.8000000000,1,,1,1022.7500000000,1042.0000000000,19.2500000000,1099.7500000000,paper_101/ablation/results/50506.out
p5_tpsa_mofe_last_selected_kan,16,50506,1049.7000000000,1049.7000000000,1,,1,1022.7500000000,1042.0000000000,19.2500000000,1099.7500000000,paper_101/ablation/results/50506.out
p5_tpsa_mofe_last_selected_kan,17,50506,1051.4000000000,1051.4000000000,1,,1,1022.7500000000,1042.0000000000,19.2500000000,1099.7500000000,paper_101/ablation/results/50506.out
p5_tpsa_mofe_last_selected_kan,18,50506,1050.4000000000,1050.4000000000,1,,1,1022.7500000000,1042.0000000000,19.2500000000,1099.7500000000,paper_101/ablation/results/50506.out
p5_tpsa_mofe_last_selected_kan,19,50506,1064.9000000000,1064.9000000000,1,,1,1022.7500000000,1042.0000000000,19.2500000000,1099.7500000000,paper_101/ablation/results/50506.out
p5_tpsa_mofe_last_selected_kan,20,50506,1091.0000000000,1091.0000000000,1,,1,1022.7500000000,1042.0000000000,19.2500000000,1099.7500000000,paper_101/ablation/results/50506.out
p5_tpsa_mofe_last_selected_kan,21,50506,1091.2000000000,1091.2000000000,1,,1,1022.7500000000,1042.0000000000,19.2500000000,1099.7500000000,paper_101/ablation/results/50506.out
p5_tpsa_mofe_last_selected_kan,22,50506,1087.8000000000,1087.8000000000,1,,1,1022.7500000000,1042.0000000000,19.2500000000,1099.7500000000,paper_101/ablation/results/50506.out
p5_tpsa_mofe_last_selected_kan,23,50506,1092.4000000000,1092.4000000000,1,,1,1022.7500000000,1042.0000000000,19.2500000000,1099.7500000000,paper_101/ablation/results/50506.out
p5_tpsa_mofe_last_selected_kan,24,50506,1091.1000000000,1091.1000000000,1,,1,1022.7500000000,1042.0000000000,19.2500000000,1099.7500000000,paper_101/ablation/results/50506.out
p5_tpsa_mofe_last_selected_kan,25,50506,1073.8000000000,1073.8000000000,1,,1,1022.7500000000,1042.0000000000,19.2500000000,1099.7500000000,paper_101/ablation/results/50506.out
p5_tpsa_mofe_last_selected_kan,26,50506,1049.5000000000,1049.5000000000,1,,1,1022.7500000000,1042.0000000000,19.2500000000,1099.7500000000,paper_101/ablation/results/50506.out
p5_tpsa_mofe_last_selected_kan,27,50506,1057.7000000000,1057.7000000000,1,,1,1022.7500000000,1042.0000000000,19.2500000000,1099.7500000000,paper_101/ablation/results/50506.out
p5_tpsa_mofe_last_selected_kan,28,50506,1065.3000000000,1065.3000000000,1,,1,1022.7500000000,1042.0000000000,19.2500000000,1099.7500000000,paper_101/ablation/results/50506.out
p5_tpsa_mofe_last_selected_kan,29,50506,1063.6000000000,1063.6000000000,1,,1,1022.7500000000,1042.0000000000,19.2500000000,1099.7500000000,paper_101/ablation/results/50506.out
p5_tpsa_mofe_last_selected_kan,30,50506,1061.9000000000,1061.9000000000,1,,1,1022.7500000000,1042.0000000000,19.2500000000,1099.7500000000,paper_101/ablation/results/50506.out
p5_tpsa_mofe_last_selected_kan,31,50506,1062.1000000000,1062.1000000000,1,,1,1022.7500000000,1042.0000000000,19.2500000000,1099.7500000000,paper_101/ablation/results/50506.out
p5_tpsa_mofe_last_selected_kan,32,50506,1058.5000000000,1058.5000000000,1,,1,1022.7500000000,1042.0000000000,19.2500000000,1099.7500000000,paper_101/ablation/results/50506.out
p5_tpsa_mofe_last_selected_kan,33,50506,1060.3000000000,1060.3000000000,1,,1,1022.7500000000,1042.0000000000,19.2500000000,1099.7500000000,paper_101/ablation/results/50506.out
p5_tpsa_mofe_last_selected_kan,34,50506,1061.2000000000,1061.2000000000,1,,1,1022.7500000000,1042.0000000000,19.2500000000,1099.7500000000,paper_101/ablation/results/50506.out
p5_tpsa_mofe_last_selected_kan,35,50506,1072.3000000000,1072.3000000000,1,,1,1022.7500000000,1042.0000000000,19.2500000000,1099.7500000000,paper_101/ablation/results/50506.out
p5_tpsa_mofe_last_selected_kan,36,50506,1060.1000000000,1060.1000000000,1,,1,1022.7500000000,1042.0000000000,19.2500000000,1099.7500000000,paper_101/ablation/results/50506.out
p5_tpsa_mofe_last_selected_kan,37,50506,1058.2000000000,1058.2000000000,1,,1,1022.7500000000,1042.0000000000,19.2500000000,1099.7500000000,paper_101/ablation/results/50506.out
p5_tpsa_mofe_last_selected_kan,38,50506,1064.1000000000,1064.1000000000,1,,1,1022.7500000000,1042.0000000000,19.2500000000,1099.7500000000,paper_101/ablation/results/50506.out
p5_tpsa_mofe_last_selected_kan,39,50506,1064.6000000000,1064.6000000000,1,,1,1022.7500000000,1042.0000000000,19.2500000000,1099.7500000000,paper_101/ablation/results/50506.out
p5_tpsa_mofe_last_selected_kan,40,50506,1063.7000000000,1063.7000000000,1,,1,1022.7500000000,1042.0000000000,19.2500000000,1099.7500000000,paper_101/ablation/results/50506.out
p5_tpsa_mofe_last_selected_kan,41,50506,1064.8000000000,1064.8000000000,1,,1,1022.7500000000,1042.0000000000,19.2500000000,1099.7500000000,paper_101/ablation/results/50506.out
p5_tpsa_mofe_last_selected_kan,42,50506,1067.3000000000,1067.3000000000,1,,1,1022.7500000000,1042.0000000000,19.2500000000,1099.7500000000,paper_101/ablation/results/50506.out
p5_tpsa_mofe_last_selected_kan,43,50506,1067.3000000000,1067.3000000000,1,,1,1022.7500000000,1042.0000000000,19.2500000000,1099.7500000000,paper_101/ablation/results/50506.out
p5_tpsa_mofe_last_selected_kan,44,50506,1061.9000000000,1061.9000000000,1,,1,1022.7500000000,1042.0000000000,19.2500000000,1099.7500000000,paper_101/ablation/results/50506.out
p5_tpsa_mofe_last_selected_kan,45,50506,1050.1000000000,1050.1000000000,1,,1,1022.7500000000,1042.0000000000,19.2500000000,1099.7500000000,paper_101/ablation/results/50506.out
p5_tpsa_mofe_last_selected_kan,46,50506,1048.8000000000,1048.8000000000,1,,1,1022.7500000000,1042.0000000000,19.2500000000,1099.7500000000,paper_101/ablation/results/50506.out
p5_tpsa_mofe_last_selected_kan,47,50506,1049.5000000000,1049.5000000000,1,,1,1022.7500000000,1042.0000000000,19.2500000000,1099.7500000000,paper_101/ablation/results/50506.out
p5_tpsa_mofe_last_selected_kan,48,50506,1051.3000000000,1051.3000000000,1,,1,1022.7500000000,1042.0000000000,19.2500000000,1099.7500000000,paper_101/ablation/results/50506.out
p5_tpsa_mofe_last_selected_kan,49,50506,1051.9000000000,1051.9000000000,1,,1,1022.7500000000,1042.0000000000,19.2500000000,1099.7500000000,paper_101/ablation/results/50506.out
p5_tpsa_mofe_last_selected_kan,50,50506,1026.5000000000,1026.5000000000,1,,1,1022.7500000000,1042.0000000000,19.2500000000,1099.7500000000,paper_101/ablation/results/50506.out
p5_tpsa_mofe_last_selected_kan,51,50506,1010.1000000000,1010.1000000000,1,,1,1022.7500000000,1042.0000000000,19.2500000000,1099.7500000000,paper_101/ablation/results/50506.out
p5_tpsa_mofe_last_selected_kan,52,50506,1010.3000000000,1010.3000000000,1,,1,1022.7500000000,1042.0000000000,19.2500000000,1099.7500000000,paper_101/ablation/results/50506.out
p5_tpsa_mofe_last_selected_kan,53,50506,1010.5000000000,1010.5000000000,1,,1,1022.7500000000,1042.0000000000,19.2500000000,1099.7500000000,paper_101/ablation/results/50506.out
p5_tpsa_mofe_last_selected_kan,54,50506,1009.9000000000,1009.9000000000,1,,1,1022.7500000000,1042.0000000000,19.2500000000,1099.7500000000,paper_101/ablation/results/50506.out
p5_tpsa_mofe_last_selected_kan,55,50506,1009.8000000000,1009.8000000000,1,,1,1022.7500000000,1042.0000000000,19.2500000000,1099.7500000000,paper_101/ablation/results/50506.out
p5_tpsa_mofe_last_selected_kan,56,50506,1010.5000000000,1010.5000000000,1,,1,1022.7500000000,1042.0000000000,19.2500000000,1099.7500000000,paper_101/ablation/results/50506.out
p5_tpsa_mofe_last_selected_kan,57,50506,1009.9000000000,1009.9000000000,1,,1,1022.7500000000,1042.0000000000,19.2500000000,1099.7500000000,paper_101/ablation/results/50506.out
p5_tpsa_mofe_last_selected_kan,58,50506,1009.7000000000,1009.7000000000,1,,1,1022.7500000000,1042.0000000000,19.2500000000,1099.7500000000,paper_101/ablation/results/50506.out
p5_tpsa_mofe_last_selected_kan,59,50506,1010.0000000000,1010.0000000000,1,,1,1022.7500000000,1042.0000000000,19.2500000000,1099.7500000000,paper_101/ablation/results/50506.out
p5_tpsa_mofe_last_selected_kan,60,50506,1009.8000000000,1009.8000000000,1,,1,1022.7500000000,1042.0000000000,19.2500000000,1099.7500000000,paper_101/ablation/results/50506.out
p5_tpsa_mofe_last_selected_kan,61,50506,1009.3000000000,1009.3000000000,1,,1,1022.7500000000,1042.0000000000,19.2500000000,1099.7500000000,paper_101/ablation/results/50506.out
p5_tpsa_mofe_last_selected_kan,62,50506,1009.6000000000,1009.6000000000,1,,1,1022.7500000000,1042.0000000000,19.2500000000,1099.7500000000,paper_101/ablation/results/50506.out
p5_tpsa_mofe_last_selected_kan,63,50506,1009.9000000000,1009.9000000000,1,,1,1022.7500000000,1042.0000000000,19.2500000000,1099.7500000000,paper_101/ablation/results/50506.out
p5_tpsa_mofe_last_selected_kan,64,50506,1039.1000000000,1039.1000000000,1,,1,1022.7500000000,1042.0000000000,19.2500000000,1099.7500000000,paper_101/ablation/results/50506.out
p5_tpsa_mofe_last_selected_kan,65,50506,1059.8000000000,1059.8000000000,1,,1,1022.7500000000,1042.0000000000,19.2500000000,1099.7500000000,paper_101/ablation/results/50506.out
p5_tpsa_mofe_last_selected_kan,66,50506,1060.6000000000,1060.6000000000,1,,1,1022.7500000000,1042.0000000000,19.2500000000,1099.7500000000,paper_101/ablation/results/50506.out
p5_tpsa_mofe_last_selected_kan,67,50506,1062.5000000000,1062.5000000000,1,,1,1022.7500000000,1042.0000000000,19.2500000000,1099.7500000000,paper_101/ablation/results/50506.out
p5_tpsa_mofe_last_selected_kan,68,50506,1061.9000000000,1061.9000000000,1,,1,1022.7500000000,1042.0000000000,19.2500000000,1099.7500000000,paper_101/ablation/results/50506.out
p5_tpsa_mofe_last_selected_kan,69,50506,1061.5000000000,1061.5000000000,1,,1,1022.7500000000,1042.0000000000,19.2500000000,1099.7500000000,paper_101/ablation/results/50506.out
p5_tpsa_mofe_last_selected_kan,70,50506,1057.9000000000,1057.9000000000,1,,1,1022.7500000000,1042.0000000000,19.2500000000,1099.7500000000,paper_101/ablation/results/50506.out
p5_tpsa_mofe_last_selected_kan,71,50506,1058.9000000000,1058.9000000000,1,,1,1022.7500000000,1042.0000000000,19.2500000000,1099.7500000000,paper_101/ablation/results/50506.out
p5_tpsa_mofe_last_selected_kan,72,50506,1061.8000000000,1061.8000000000,1,,1,1022.7500000000,1042.0000000000,19.2500000000,1099.7500000000,paper_101/ablation/results/50506.out
p5_tpsa_mofe_last_selected_kan,73,50506,1060.3000000000,1060.3000000000,1,,1,1022.7500000000,1042.0000000000,19.2500000000,1099.7500000000,paper_101/ablation/results/50506.out
p5_tpsa_mofe_last_selected_kan,74,50506,1016.6000000000,1016.6000000000,1,,1,1022.7500000000,1042.0000000000,19.2500000000,1099.7500000000,paper_101/ablation/results/50506.out
p5_tpsa_mofe_last_selected_kan,75,50506,1008.2000000000,1008.2000000000,1,,1,1022.7500000000,1042.0000000000,19.2500000000,1099.7500000000,paper_101/ablation/results/50506.out
p5_tpsa_mofe_last_selected_kan,76,50506,1013.6000000000,1013.6000000000,1,,1,1022.7500000000,1042.0000000000,19.2500000000,1099.7500000000,paper_101/ablation/results/50506.out
p5_tpsa_mofe_last_selected_kan,77,50506,1050.6000000000,1050.6000000000,1,,1,1022.7500000000,1042.0000000000,19.2500000000,1099.7500000000,paper_101/ablation/results/50506.out
p5_tpsa_mofe_last_selected_kan,78,50506,1048.9000000000,1048.9000000000,1,,1,1022.7500000000,1042.0000000000,19.2500000000,1099.7500000000,paper_101/ablation/results/50506.out
p5_tpsa_mofe_last_selected_kan,79,50506,1050.8000000000,1050.8000000000,1,,1,1022.7500000000,1042.0000000000,19.2500000000,1099.7500000000,paper_101/ablation/results/50506.out
p5_tpsa_mofe_last_selected_kan,80,50506,1051.2000000000,1051.2000000000,1,,1,1022.7500000000,1042.0000000000,19.2500000000,1099.7500000000,paper_101/ablation/results/50506.out
p5_tpsa_mofe_last_selected_kan,81,50506,1051.8000000000,1051.8000000000,1,,1,1022.7500000000,1042.0000000000,19.2500000000,1099.7500000000,paper_101/ablation/results/50506.out
p5_tpsa_mofe_last_selected_kan,82,50506,1051.0000000000,1051.0000000000,1,,1,1022.7500000000,1042.0000000000,19.2500000000,1099.7500000000,paper_101/ablation/results/50506.out
p5_tpsa_mofe_last_selected_kan,83,50506,1052.9000000000,1052.9000000000,1,,1,1022.7500000000,1042.0000000000,19.2500000000,1099.7500000000,paper_101/ablation/results/50506.out
p5_tpsa_mofe_last_selected_kan,84,50506,1050.7000000000,1050.7000000000,1,,1,1022.7500000000,1042.0000000000,19.2500000000,1099.7500000000,paper_101/ablation/results/50506.out
p5_tpsa_mofe_last_selected_kan,85,50506,1052.4000000000,1052.4000000000,1,,1,1022.7500000000,1042.0000000000,19.2500000000,1099.7500000000,paper_101/ablation/results/50506.out
p5_tpsa_mofe_last_selected_kan,86,50506,1053.1000000000,1053.1000000000,1,,1,1022.7500000000,1042.0000000000,19.2500000000,1099.7500000000,paper_101/ablation/results/50506.out
p5_tpsa_mofe_last_selected_kan,87,50506,1040.0000000000,1040.0000000000,1,,1,1022.7500000000,1042.0000000000,19.2500000000,1099.7500000000,paper_101/ablation/results/50506.out
p5_tpsa_mofe_last_selected_kan,88,50506,1027.7000000000,1027.7000000000,1,,1,1022.7500000000,1042.0000000000,19.2500000000,1099.7500000000,paper_101/ablation/results/50506.out
p5_tpsa_mofe_last_selected_kan,89,50506,1027.0000000000,1027.0000000000,1,,1,1022.7500000000,1042.0000000000,19.2500000000,1099.7500000000,paper_101/ablation/results/50506.out
p5_tpsa_mofe_last_selected_kan,90,50506,1031.8000000000,1031.8000000000,1,,1,1022.7500000000,1042.0000000000,19.2500000000,1099.7500000000,paper_101/ablation/results/50506.out
p5_tpsa_mofe_last_selected_kan,91,50506,1052.1000000000,1052.1000000000,1,,1,1022.7500000000,1042.0000000000,19.2500000000,1099.7500000000,paper_101/ablation/results/50506.out
p5_tpsa_mofe_last_selected_kan,92,50506,1038.1000000000,1038.1000000000,1,,1,1022.7500000000,1042.0000000000,19.2500000000,1099.7500000000,paper_101/ablation/results/50506.out
p5_tpsa_mofe_last_selected_kan,93,50506,1039.9000000000,1039.9000000000,1,,1,1022.7500000000,1042.0000000000,19.2500000000,1099.7500000000,paper_101/ablation/results/50506.out
p5_tpsa_mofe_last_selected_kan,94,50506,1050.8000000000,1050.8000000000,1,,1,1022.7500000000,1042.0000000000,19.2500000000,1099.7500000000,paper_101/ablation/results/50506.out
p5_tpsa_mofe_last_selected_kan,95,50506,1050.4000000000,1050.4000000000,1,,1,1022.7500000000,1042.0000000000,19.2500000000,1099.7500000000,paper_101/ablation/results/50506.out
p5_tpsa_mofe_last_selected_kan,96,50506,1041.9000000000,1041.9000000000,1,,1,1022.7500000000,1042.0000000000,19.2500000000,1099.7500000000,paper_101/ablation/results/50506.out
p5_tpsa_mofe_last_selected_kan,97,50506,1019.9000000000,1019.9000000000,1,,1,1022.7500000000,1042.0000000000,19.2500000000,1099.7500000000,paper_101/ablation/results/50506.out
p5_tpsa_mofe_last_selected_kan,98,50506,1020.7000000000,1020.7000000000,1,,1,1022.7500000000,1042.0000000000,19.2500000000,1099.7500000000,paper_101/ablation/results/50506.out
p5_tpsa_mofe_last_selected_kan,99,50506,1022.0000000000,1022.0000000000,1,,1,1022.7500000000,1042.0000000000,19.2500000000,1099.7500000000,paper_101/ablation/results/50506.out
p5_tpsa_mofe_last_selected_kan,100,50506,1022.1000000000,1022.1000000000,1,,1,1022.7500000000,1042.0000000000,19.2500000000,1099.7500000000,paper_101/ablation/results/50506.out
p5_tpsa_mofe_last_selected_kan,101,50506,1022.2000000000,1022.2000000000,1,,1,1022.7500000000,1042.0000000000,19.2500000000,1099.7500000000,paper_101/ablation/results/50506.out
p5_tpsa_mofe_last_selected_kan,102,50506,1020.3000000000,1020.3000000000,1,,1,1022.7500000000,1042.0000000000,19.2500000000,1099.7500000000,paper_101/ablation/results/50506.out
p5_tpsa_mofe_last_selected_kan,103,50506,1020.9000000000,1020.9000000000,1,,1,1022.7500000000,1042.0000000000,19.2500000000,1099.7500000000,paper_101/ablation/results/50506.out
p5_tpsa_mofe_last_selected_kan,104,50506,1024.0000000000,1024.0000000000,1,,1,1022.7500000000,1042.0000000000,19.2500000000,1099.7500000000,paper_101/ablation/results/50506.out
p5_tpsa_mofe_last_selected_kan,105,50506,1021.8000000000,1021.8000000000,1,,1,1022.7500000000,1042.0000000000,19.2500000000,1099.7500000000,paper_101/ablation/results/50506.out
p5_tpsa_mofe_last_selected_kan,106,50506,1021.7000000000,1021.7000000000,1,,1,1022.7500000000,1042.0000000000,19.2500000000,1099.7500000000,paper_101/ablation/results/50506.out
p5_tpsa_mofe_last_selected_kan,107,50506,1023.2000000000,1023.2000000000,1,,1,1022.7500000000,1042.0000000000,19.2500000000,1099.7500000000,paper_101/ablation/results/50506.out
p5_tpsa_mofe_last_selected_kan,108,50506,1021.9000000000,1021.9000000000,1,,1,1022.7500000000,1042.0000000000,19.2500000000,1099.7500000000,paper_101/ablation/results/50506.out
p5_tpsa_mofe_last_selected_kan,109,50506,1023.9000000000,1023.9000000000,1,,1,1022.7500000000,1042.0000000000,19.2500000000,1099.7500000000,paper_101/ablation/results/50506.out
p5_tpsa_mofe_last_selected_kan,110,50506,1022.8000000000,1022.8000000000,1,,1,1022.7500000000,1042.0000000000,19.2500000000,1099.7500000000,paper_101/ablation/results/50506.out
p5_tpsa_mofe_last_selected_kan,111,50506,1023.0000000000,1023.0000000000,1,,1,1022.7500000000,1042.0000000000,19.2500000000,1099.7500000000,paper_101/ablation/results/50506.out
p5_tpsa_mofe_last_selected_kan,112,50506,1021.6000000000,1021.6000000000,1,,1,1022.7500000000,1042.0000000000,19.2500000000,1099.7500000000,paper_101/ablation/results/50506.out
p5_tpsa_mofe_last_selected_kan,113,50506,1024.2000000000,1024.2000000000,1,,1,1022.7500000000,1042.0000000000,19.2500000000,1099.7500000000,paper_101/ablation/results/50506.out
p5_tpsa_mofe_last_selected_kan,114,50506,1022.5000000000,1022.5000000000,1,,1,1022.7500000000,1042.0000000000,19.2500000000,1099.7500000000,paper_101/ablation/results/50506.out
p5_tpsa_mofe_last_selected_kan,115,50506,1023.5000000000,1023.5000000000,1,,1,1022.7500000000,1042.0000000000,19.2500000000,1099.7500000000,paper_101/ablation/results/50506.out
p5_tpsa_mofe_last_selected_kan,116,50506,1023.2000000000,1023.2000000000,1,,1,1022.7500000000,1042.0000000000,19.2500000000,1099.7500000000,paper_101/ablation/results/50506.out
p5_tpsa_mofe_last_selected_kan,117,50506,1022.1000000000,1022.1000000000,1,,1,1022.7500000000,1042.0000000000,19.2500000000,1099.7500000000,paper_101/ablation/results/50506.out
p5_tpsa_mofe_last_selected_kan,118,50506,1021.5000000000,1021.5000000000,1,,1,1022.7500000000,1042.0000000000,19.2500000000,1099.7500000000,paper_101/ablation/results/50506.out
p5_tpsa_mofe_last_selected_kan,119,50506,1020.2000000000,1020.2000000000,1,,1,1022.7500000000,1042.0000000000,19.2500000000,1099.7500000000,paper_101/ablation/results/50506.out
p5_tpsa_mofe_last_selected_kan,120,50506,1021.3000000000,1021.3000000000,1,,1,1022.7500000000,1042.0000000000,19.2500000000,1099.7500000000,paper_101/ablation/results/50506.out
p5_tpsa_mofe_last_selected_kan,121,50506,1022.8000000000,1022.8000000000,1,,1,1022.7500000000,1042.0000000000,19.2500000000,1099.7500000000,paper_101/ablation/results/50506.out
p5_tpsa_mofe_last_selected_kan,122,50506,1020.8000000000,1020.8000000000,1,,1,1022.7500000000,1042.0000000000,19.2500000000,1099.7500000000,paper_101/ablation/results/50506.out
p5_tpsa_mofe_last_selected_kan,123,50506,1022.0000000000,1022.0000000000,1,,1,1022.7500000000,1042.0000000000,19.2500000000,1099.7500000000,paper_101/ablation/results/50506.out
p5_tpsa_mofe_last_selected_kan,124,50506,1022.7000000000,1022.7000000000,1,,1,1022.7500000000,1042.0000000000,19.2500000000,1099.7500000000,paper_101/ablation/results/50506.out
p5_tpsa_mofe_last_selected_kan,125,50506,1019.9000000000,1019.9000000000,1,,1,1022.7500000000,1042.0000000000,19.2500000000,1099.7500000000,paper_101/ablation/results/50506.out
p5_tpsa_mofe_last_selected_kan,126,50506,1022.5000000000,1022.5000000000,1,,1,1022.7500000000,1042.0000000000,19.2500000000,1099.7500000000,paper_101/ablation/results/50506.out
p5_tpsa_mofe_last_selected_kan,127,50506,1023.6000000000,1023.6000000000,1,,1,1022.7500000000,1042.0000000000,19.2500000000,1099.7500000000,paper_101/ablation/results/50506.out
p5_tpsa_mofe_last_selected_kan,128,50506,1021.8000000000,1021.8000000000,1,,1,1022.7500000000,1042.0000000000,19.2500000000,1099.7500000000,paper_101/ablation/results/50506.out
p5_tpsa_mofe_last_selected_kan,129,50506,1028.0000000000,1028.0000000000,1,,1,1022.7500000000,1042.0000000000,19.2500000000,1099.7500000000,paper_101/ablation/results/50506.out
p5_tpsa_mofe_last_selected_kan,130,50506,1029.5000000000,1029.5000000000,1,,1,1022.7500000000,1042.0000000000,19.2500000000,1099.7500000000,paper_101/ablation/results/50506.out
p5_tpsa_mofe_last_selected_kan,131,50506,1031.7000000000,1031.7000000000,1,,1,1022.7500000000,1042.0000000000,19.2500000000,1099.7500000000,paper_101/ablation/results/50506.out
p5_tpsa_mofe_last_selected_kan,132,50506,1031.2000000000,1031.2000000000,1,,1,1022.7500000000,1042.0000000000,19.2500000000,1099.7500000000,paper_101/ablation/results/50506.out
p5_tpsa_mofe_last_selected_kan,133,50506,1030.6000000000,1030.6000000000,1,,1,1022.7500000000,1042.0000000000,19.2500000000,1099.7500000000,paper_101/ablation/results/50506.out
p5_tpsa_mofe_last_selected_kan,134,50506,1031.1000000000,1031.1000000000,1,,1,1022.7500000000,1042.0000000000,19.2500000000,1099.7500000000,paper_101/ablation/results/50506.out
p5_tpsa_mofe_last_selected_kan,135,50506,1026.2000000000,1026.2000000000,1,,1,1022.7500000000,1042.0000000000,19.2500000000,1099.7500000000,paper_101/ablation/results/50506.out
p5_tpsa_mofe_last_selected_kan,136,50506,1020.4000000000,1020.4000000000,1,,1,1022.7500000000,1042.0000000000,19.2500000000,1099.7500000000,paper_101/ablation/results/50506.out
p5_tpsa_mofe_last_selected_kan,137,50506,1010.0000000000,1010.0000000000,1,,1,1022.7500000000,1042.0000000000,19.2500000000,1099.7500000000,paper_101/ablation/results/50506.out
p5_tpsa_mofe_last_selected_kan,138,50506,1009.0000000000,1009.0000000000,1,,1,1022.7500000000,1042.0000000000,19.2500000000,1099.7500000000,paper_101/ablation/results/50506.out
p5_tpsa_mofe_last_selected_kan,139,50506,1009.6000000000,1009.6000000000,1,,1,1022.7500000000,1042.0000000000,19.2500000000,1099.7500000000,paper_101/ablation/results/50506.out
p5_tpsa_mofe_last_selected_kan,140,50506,1010.1000000000,1010.1000000000,1,,1,1022.7500000000,1042.0000000000,19.2500000000,1099.7500000000,paper_101/ablation/results/50506.out
p5_tpsa_mofe_last_selected_kan,141,50506,1009.0000000000,1009.0000000000,1,,1,1022.7500000000,1042.0000000000,19.2500000000,1099.7500000000,paper_101/ablation/results/50506.out
p5_tpsa_mofe_last_selected_kan,142,50506,1009.5000000000,1009.5000000000,1,,1,1022.7500000000,1042.0000000000,19.2500000000,1099.7500000000,paper_101/ablation/results/50506.out
p5_tpsa_mofe_last_selected_kan,143,50506,1010.4000000000,1010.4000000000,1,,1,1022.7500000000,1042.0000000000,19.2500000000,1099.7500000000,paper_101/ablation/results/50506.out
p5_tpsa_mofe_last_selected_kan,144,50506,1010.3000000000,1010.3000000000,1,,1,1022.7500000000,1042.0000000000,19.2500000000,1099.7500000000,paper_101/ablation/results/50506.out
p5_tpsa_mofe_last_selected_kan,145,50506,1010.3000000000,1010.3000000000,1,,1,1022.7500000000,1042.0000000000,19.2500000000,1099.7500000000,paper_101/ablation/results/50506.out
p5_tpsa_mofe_last_selected_kan,146,50506,1009.3000000000,1009.3000000000,1,,1,1022.7500000000,1042.0000000000,19.2500000000,1099.7500000000,paper_101/ablation/results/50506.out
p5_tpsa_mofe_last_selected_kan,147,50506,1009.8000000000,1009.8000000000,1,,1,1022.7500000000,1042.0000000000,19.2500000000,1099.7500000000,paper_101/ablation/results/50506.out
p5_tpsa_mofe_last_selected_kan,148,50506,1010.3000000000,1010.3000000000,1,,1,1022.7500000000,1042.0000000000,19.2500000000,1099.7500000000,paper_101/ablation/results/50506.out
p5_tpsa_mofe_last_selected_kan,149,50506,1009.8000000000,1009.8000000000,1,,1,1022.7500000000,1042.0000000000,19.2500000000,1099.7500000000,paper_101/ablation/results/50506.out
p5_tpsa_mofe_last_selected_kan,150,50506,1009.0000000000,1009.0000000000,1,,1,1022.7500000000,1042.0000000000,19.2500000000,1099.7500000000,paper_101/ablation/results/50506.out
p5_tpsa_mofe_last_selected_kan,151,50506,1008.9000000000,1008.9000000000,1,,1,1022.7500000000,1042.0000000000,19.2500000000,1099.7500000000,paper_101/ablation/results/50506.out
p5_tpsa_mofe_last_selected_kan,152,50506,1009.0000000000,1009.0000000000,1,,1,1022.7500000000,1042.0000000000,19.2500000000,1099.7500000000,paper_101/ablation/results/50506.out
p5_tpsa_mofe_last_selected_kan,153,50506,1009.4000000000,1009.4000000000,1,,1,1022.7500000000,1042.0000000000,19.2500000000,1099.7500000000,paper_101/ablation/results/50506.out
p5_tpsa_mofe_last_selected_kan,154,50506,1009.3000000000,1009.3000000000,1,,1,1022.7500000000,1042.0000000000,19.2500000000,1099.7500000000,paper_101/ablation/results/50506.out
p5_tpsa_mofe_last_selected_kan,155,50506,1009.4000000000,1009.4000000000,1,,1,1022.7500000000,1042.0000000000,19.2500000000,1099.7500000000,paper_101/ablation/results/50506.out
p5_tpsa_mofe_last_selected_kan,156,50506,1009.5000000000,1009.5000000000,1,,1,1022.7500000000,1042.0000000000,19.2500000000,1099.7500000000,paper_101/ablation/results/50506.out
p5_tpsa_mofe_last_selected_kan,157,50506,1010.0000000000,1010.0000000000,1,,1,1022.7500000000,1042.0000000000,19.2500000000,1099.7500000000,paper_101/ablation/results/50506.out
p5_tpsa_mofe_last_selected_kan,158,50506,1031.9000000000,1031.9000000000,1,,1,1022.7500000000,1042.0000000000,19.2500000000,1099.7500000000,paper_101/ablation/results/50506.out
p5_tpsa_mofe_last_selected_kan,159,50506,1040.5000000000,1040.5000000000,1,,1,1022.7500000000,1042.0000000000,19.2500000000,1099.7500000000,paper_101/ablation/results/50506.out
p5_tpsa_mofe_last_selected_kan,160,50506,1040.2000000000,1040.2000000000,1,,1,1022.7500000000,1042.0000000000,19.2500000000,1099.7500000000,paper_101/ablation/results/50506.out
p5_tpsa_mofe_last_selected_kan,161,50506,1040.5000000000,1040.5000000000,1,,1,1022.7500000000,1042.0000000000,19.2500000000,1099.7500000000,paper_101/ablation/results/50506.out
p5_tpsa_mofe_last_selected_kan,162,50506,1038.7000000000,1038.7000000000,1,,1,1022.7500000000,1042.0000000000,19.2500000000,1099.7500000000,paper_101/ablation/results/50506.out
p5_tpsa_mofe_last_selected_kan,163,50506,1039.7000000000,1039.7000000000,1,,1,1022.7500000000,1042.0000000000,19.2500000000,1099.7500000000,paper_101/ablation/results/50506.out
p5_tpsa_mofe_last_selected_kan,164,50506,1040.0000000000,1040.0000000000,1,,1,1022.7500000000,1042.0000000000,19.2500000000,1099.7500000000,paper_101/ablation/results/50506.out
p5_tpsa_mofe_last_selected_kan,165,50506,1035.6000000000,1035.6000000000,1,,1,1022.7500000000,1042.0000000000,19.2500000000,1099.7500000000,paper_101/ablation/results/50506.out
p5_tpsa_mofe_last_selected_kan,166,50506,1034.3000000000,1034.3000000000,1,,1,1022.7500000000,1042.0000000000,19.2500000000,1099.7500000000,paper_101/ablation/results/50506.out
p5_tpsa_mofe_last_selected_kan,167,50506,1040.2000000000,1040.2000000000,1,,1,1022.7500000000,1042.0000000000,19.2500000000,1099.7500000000,paper_101/ablation/results/50506.out
p5_tpsa_mofe_last_selected_kan,168,50506,1040.4000000000,1040.4000000000,1,,1,1022.7500000000,1042.0000000000,19.2500000000,1099.7500000000,paper_101/ablation/results/50506.out
p5_tpsa_mofe_last_selected_kan,169,50506,1040.2000000000,1040.2000000000,1,,1,1022.7500000000,1042.0000000000,19.2500000000,1099.7500000000,paper_101/ablation/results/50506.out
p5_tpsa_mofe_last_selected_kan,170,50506,1040.3000000000,1040.3000000000,1,,1,1022.7500000000,1042.0000000000,19.2500000000,1099.7500000000,paper_101/ablation/results/50506.out
p5_tpsa_mofe_last_selected_kan,171,50506,1041.7000000000,1041.7000000000,1,,1,1022.7500000000,1042.0000000000,19.2500000000,1099.7500000000,paper_101/ablation/results/50506.out
p5_tpsa_mofe_last_selected_kan,172,50506,1039.6000000000,1039.6000000000,1,,1,1022.7500000000,1042.0000000000,19.2500000000,1099.7500000000,paper_101/ablation/results/50506.out
p5_tpsa_mofe_last_selected_kan,173,50506,1038.0000000000,1038.0000000000,1,,1,1022.7500000000,1042.0000000000,19.2500000000,1099.7500000000,paper_101/ablation/results/50506.out
p5_tpsa_mofe_last_selected_kan,174,50506,1040.8000000000,1040.8000000000,1,,1,1022.7500000000,1042.0000000000,19.2500000000,1099.7500000000,paper_101/ablation/results/50506.out
p5_tpsa_mofe_last_selected_kan,175,50506,1041.9000000000,1041.9000000000,1,,1,1022.7500000000,1042.0000000000,19.2500000000,1099.7500000000,paper_101/ablation/results/50506.out
p5_tpsa_mofe_last_selected_kan,176,50506,1042.4000000000,1042.4000000000,1,,1,1022.7500000000,1042.0000000000,19.2500000000,1099.7500000000,paper_101/ablation/results/50506.out
p5_tpsa_mofe_last_selected_kan,177,50506,1041.7000000000,1041.7000000000,1,,1,1022.7500000000,1042.0000000000,19.2500000000,1099.7500000000,paper_101/ablation/results/50506.out
p5_tpsa_mofe_last_selected_kan,178,50506,1043.2000000000,1043.2000000000,1,,1,1022.7500000000,1042.0000000000,19.2500000000,1099.7500000000,paper_101/ablation/results/50506.out
p5_tpsa_mofe_last_selected_kan,179,50506,1041.9000000000,1041.9000000000,1,,1,1022.7500000000,1042.0000000000,19.2500000000,1099.7500000000,paper_101/ablation/results/50506.out
p5_tpsa_mofe_last_selected_kan,180,50506,1013.0000000000,1013.0000000000,1,,1,1022.7500000000,1042.0000000000,19.2500000000,1099.7500000000,paper_101/ablation/results/50506.out
p5_tpsa_mofe_last_selected_kan,181,50506,1009.6000000000,1009.6000000000,1,,1,1022.7500000000,1042.0000000000,19.2500000000,1099.7500000000,paper_101/ablation/results/50506.out
p5_tpsa_mofe_last_selected_kan,182,50506,1010.0000000000,1010.0000000000,1,,1,1022.7500000000,1042.0000000000,19.2500000000,1099.7500000000,paper_101/ablation/results/50506.out
p5_tpsa_mofe_last_selected_kan,183,50506,1010.0000000000,1010.0000000000,1,,1,1022.7500000000,1042.0000000000,19.2500000000,1099.7500000000,paper_101/ablation/results/50506.out
p5_tpsa_mofe_last_selected_kan,184,50506,1010.7000000000,1010.7000000000,1,,1,1022.7500000000,1042.0000000000,19.2500000000,1099.7500000000,paper_101/ablation/results/50506.out
p5_tpsa_mofe_last_selected_kan,185,50506,1010.7000000000,1010.7000000000,1,,1,1022.7500000000,1042.0000000000,19.2500000000,1099.7500000000,paper_101/ablation/results/50506.out
p5_tpsa_mofe_last_selected_kan,186,50506,1031.3000000000,1031.3000000000,1,,1,1022.7500000000,1042.0000000000,19.2500000000,1099.7500000000,paper_101/ablation/results/50506.out
p5_tpsa_mofe_last_selected_kan,187,50506,1027.9000000000,1027.9000000000,1,,1,1022.7500000000,1042.0000000000,19.2500000000,1099.7500000000,paper_101/ablation/results/50506.out
p5_tpsa_mofe_last_selected_kan,188,50506,1032.2000000000,1032.2000000000,1,,1,1022.7500000000,1042.0000000000,19.2500000000,1099.7500000000,paper_101/ablation/results/50506.out
p5_tpsa_mofe_last_selected_kan,189,50506,1027.2000000000,1027.2000000000,1,,1,1022.7500000000,1042.0000000000,19.2500000000,1099.7500000000,paper_101/ablation/results/50506.out
p5_tpsa_mofe_last_selected_kan,190,50506,1030.2000000000,1030.2000000000,1,,1,1022.7500000000,1042.0000000000,19.2500000000,1099.7500000000,paper_101/ablation/results/50506.out
p5_tpsa_mofe_last_selected_kan,191,50506,1033.8000000000,1033.8000000000,1,,1,1022.7500000000,1042.0000000000,19.2500000000,1099.7500000000,paper_101/ablation/results/50506.out
p5_tpsa_mofe_last_selected_kan,192,50506,1036.2000000000,1036.2000000000,1,,1,1022.7500000000,1042.0000000000,19.2500000000,1099.7500000000,paper_101/ablation/results/50506.out
p5_tpsa_mofe_last_selected_kan,193,50506,1037.9000000000,1037.9000000000,1,,1,1022.7500000000,1042.0000000000,19.2500000000,1099.7500000000,paper_101/ablation/results/50506.out
p5_tpsa_mofe_last_selected_kan,194,50506,1036.8000000000,1036.8000000000,1,,1,1022.7500000000,1042.0000000000,19.2500000000,1099.7500000000,paper_101/ablation/results/50506.out
p5_tpsa_mofe_last_selected_kan,195,50506,1038.1000000000,1038.1000000000,1,,1,1022.7500000000,1042.0000000000,19.2500000000,1099.7500000000,paper_101/ablation/results/50506.out
p5_tpsa_mofe_last_selected_kan,196,50506,1040.5000000000,1040.5000000000,1,,1,1022.7500000000,1042.0000000000,19.2500000000,1099.7500000000,paper_101/ablation/results/50506.out
p5_tpsa_mofe_last_selected_kan,197,50506,1039.4000000000,1039.4000000000,1,,1,1022.7500000000,1042.0000000000,19.2500000000,1099.7500000000,paper_101/ablation/results/50506.out
p5_tpsa_mofe_last_selected_kan,198,50506,1037.8000000000,1037.8000000000,1,,1,1022.7500000000,1042.0000000000,19.2500000000,1099.7500000000,paper_101/ablation/results/50506.out
p5_tpsa_mofe_last_selected_kan,199,50506,1033.0000000000,1033.0000000000,1,,1,1022.7500000000,1042.0000000000,19.2500000000,1099.7500000000,paper_101/ablation/results/50506.out
p5_tpsa_mofe_last_selected_kan,200,50506,1033.2000000000,1033.2000000000,1,,1,1022.7500000000,1042.0000000000,19.2500000000,1099.7500000000,paper_101/ablation/results/50506.out
p5_tpsa_mofe_last_selected_kan,201,50506,1030.6000000000,1030.6000000000,1,,1,1022.7500000000,1042.0000000000,19.2500000000,1099.7500000000,paper_101/ablation/results/50506.out
p5_tpsa_mofe_last_selected_kan,202,50506,1032.0000000000,1032.0000000000,1,,1,1022.7500000000,1042.0000000000,19.2500000000,1099.7500000000,paper_101/ablation/results/50506.out
p5_tpsa_mofe_last_selected_kan,203,50506,1033.0000000000,1033.0000000000,1,,1,1022.7500000000,1042.0000000000,19.2500000000,1099.7500000000,paper_101/ablation/results/50506.out
p5_tpsa_mofe_last_selected_kan,204,50506,1032.0000000000,1032.0000000000,1,,1,1022.7500000000,1042.0000000000,19.2500000000,1099.7500000000,paper_101/ablation/results/50506.out
p5_tpsa_mofe_last_selected_kan,205,50506,1031.6000000000,1031.6000000000,1,,1,1022.7500000000,1042.0000000000,19.2500000000,1099.7500000000,paper_101/ablation/results/50506.out
p5_tpsa_mofe_last_selected_kan,206,50506,1032.0000000000,1032.0000000000,1,,1,1022.7500000000,1042.0000000000,19.2500000000,1099.7500000000,paper_101/ablation/results/50506.out
p5_tpsa_mofe_last_selected_kan,207,50506,1033.0000000000,1033.0000000000,1,,1,1022.7500000000,1042.0000000000,19.2500000000,1099.7500000000,paper_101/ablation/results/50506.out
p5_tpsa_mofe_last_selected_kan,208,50506,1030.6000000000,1030.6000000000,1,,1,1022.7500000000,1042.0000000000,19.2500000000,1099.7500000000,paper_101/ablation/results/50506.out
p5_tpsa_mofe_last_selected_kan,209,50506,1033.6000000000,1033.6000000000,1,,1,1022.7500000000,1042.0000000000,19.2500000000,1099.7500000000,paper_101/ablation/results/50506.out
p5_tpsa_mofe_last_selected_kan,210,50506,1032.7000000000,1032.7000000000,1,,1,1022.7500000000,1042.0000000000,19.2500000000,1099.7500000000,paper_101/ablation/results/50506.out
p5_tpsa_mofe_last_selected_kan,211,50506,1032.0000000000,1032.0000000000,1,,1,1022.7500000000,1042.0000000000,19.2500000000,1099.7500000000,paper_101/ablation/results/50506.out
p5_tpsa_mofe_last_selected_kan,212,50506,1030.9000000000,1030.9000000000,1,,1,1022.7500000000,1042.0000000000,19.2500000000,1099.7500000000,paper_101/ablation/results/50506.out
p5_tpsa_mofe_last_selected_kan,213,50506,1032.1000000000,1032.1000000000,1,,1,1022.7500000000,1042.0000000000,19.2500000000,1099.7500000000,paper_101/ablation/results/50506.out
p5_tpsa_mofe_last_selected_kan,214,50506,1029.7000000000,1029.7000000000,1,,1,1022.7500000000,1042.0000000000,19.2500000000,1099.7500000000,paper_101/ablation/results/50506.out
p5_tpsa_mofe_last_selected_kan,215,50506,1030.8000000000,1030.8000000000,1,,1,1022.7500000000,1042.0000000000,19.2500000000,1099.7500000000,paper_101/ablation/results/50506.out
p5_tpsa_mofe_last_selected_kan,216,50506,1030.0000000000,1030.0000000000,1,,1,1022.7500000000,1042.0000000000,19.2500000000,1099.7500000000,paper_101/ablation/results/50506.out
p5_tpsa_mofe_last_selected_kan,217,50506,1031.1000000000,1031.1000000000,1,,1,1022.7500000000,1042.0000000000,19.2500000000,1099.7500000000,paper_101/ablation/results/50506.out
p5_tpsa_mofe_last_selected_kan,218,50506,1031.3000000000,1031.3000000000,1,,1,1022.7500000000,1042.0000000000,19.2500000000,1099.7500000000,paper_101/ablation/results/50506.out
p5_tpsa_mofe_last_selected_kan,219,50506,1033.9000000000,1033.9000000000,1,,1,1022.7500000000,1042.0000000000,19.2500000000,1099.7500000000,paper_101/ablation/results/50506.out
p5_tpsa_mofe_last_selected_kan,220,50506,1026.0000000000,1026.0000000000,1,,1,1022.7500000000,1042.0000000000,19.2500000000,1099.7500000000,paper_101/ablation/results/50506.out
p5_tpsa_mofe_last_selected_kan,221,50506,1026.4000000000,1026.4000000000,1,,1,1022.7500000000,1042.0000000000,19.2500000000,1099.7500000000,paper_101/ablation/results/50506.out
p5_tpsa_mofe_last_selected_kan,222,50506,1026.9000000000,1026.9000000000,1,,1,1022.7500000000,1042.0000000000,19.2500000000,1099.7500000000,paper_101/ablation/results/50506.out
p5_tpsa_mofe_last_selected_kan,223,50506,1027.4000000000,1027.4000000000,1,,1,1022.7500000000,1042.0000000000,19.2500000000,1099.7500000000,paper_101/ablation/results/50506.out
p5_tpsa_mofe_last_selected_kan,224,50506,1025.7000000000,1025.7000000000,1,,1,1022.7500000000,1042.0000000000,19.2500000000,1099.7500000000,paper_101/ablation/results/50506.out
p5_tpsa_mofe_last_selected_kan,225,50506,1024.9000000000,1024.9000000000,1,,1,1022.7500000000,1042.0000000000,19.2500000000,1099.7500000000,paper_101/ablation/results/50506.out
p5_tpsa_mofe_last_selected_kan,226,50506,1024.4000000000,1024.4000000000,1,,1,1022.7500000000,1042.0000000000,19.2500000000,1099.7500000000,paper_101/ablation/results/50506.out
p5_tpsa_mofe_last_selected_kan,227,50506,1025.7000000000,1025.7000000000,1,,1,1022.7500000000,1042.0000000000,19.2500000000,1099.7500000000,paper_101/ablation/results/50506.out
p5_tpsa_mofe_last_selected_kan,228,50506,1027.1000000000,1027.1000000000,1,,1,1022.7500000000,1042.0000000000,19.2500000000,1099.7500000000,paper_101/ablation/results/50506.out
p5_tpsa_mofe_last_selected_kan,229,50506,1026.8000000000,1026.8000000000,1,,1,1022.7500000000,1042.0000000000,19.2500000000,1099.7500000000,paper_101/ablation/results/50506.out
p5_tpsa_mofe_last_selected_kan,230,50506,1024.5000000000,1024.5000000000,1,,1,1022.7500000000,1042.0000000000,19.2500000000,1099.7500000000,paper_101/ablation/results/50506.out
p5_tpsa_mofe_last_selected_kan,231,50506,1040.1000000000,1040.1000000000,1,,1,1022.7500000000,1042.0000000000,19.2500000000,1099.7500000000,paper_101/ablation/results/50506.out
p5_tpsa_mofe_last_selected_kan,232,50506,1053.7000000000,1053.7000000000,1,,1,1022.7500000000,1042.0000000000,19.2500000000,1099.7500000000,paper_101/ablation/results/50506.out
p5_tpsa_mofe_last_selected_kan,233,50506,1057.6000000000,1057.6000000000,1,,1,1022.7500000000,1042.0000000000,19.2500000000,1099.7500000000,paper_101/ablation/results/50506.out
p5_tpsa_mofe_last_selected_kan,234,50506,1053.7000000000,1053.7000000000,1,,1,1022.7500000000,1042.0000000000,19.2500000000,1099.7500000000,paper_101/ablation/results/50506.out
p5_tpsa_mofe_last_selected_kan,235,50506,1040.0000000000,1040.0000000000,1,,1,1022.7500000000,1042.0000000000,19.2500000000,1099.7500000000,paper_101/ablation/results/50506.out
p5_tpsa_mofe_last_selected_kan,236,50506,1026.2000000000,1026.2000000000,1,,1,1022.7500000000,1042.0000000000,19.2500000000,1099.7500000000,paper_101/ablation/results/50506.out
p5_tpsa_mofe_last_selected_kan,237,50506,1025.9000000000,1025.9000000000,1,,1,1022.7500000000,1042.0000000000,19.2500000000,1099.7500000000,paper_101/ablation/results/50506.out
p5_tpsa_mofe_last_selected_kan,238,50506,1025.4000000000,1025.4000000000,1,,1,1022.7500000000,1042.0000000000,19.2500000000,1099.7500000000,paper_101/ablation/results/50506.out
p5_tpsa_mofe_last_selected_kan,239,50506,1031.3000000000,1031.3000000000,1,,1,1022.7500000000,1042.0000000000,19.2500000000,1099.7500000000,paper_101/ablation/results/50506.out
p5_tpsa_mofe_last_selected_kan,240,50506,1027.4000000000,1027.4000000000,1,,1,1022.7500000000,1042.0000000000,19.2500000000,1099.7500000000,paper_101/ablation/results/50506.out
p5_tpsa_mofe_last_selected_kan,241,50506,1026.6000000000,1026.6000000000,1,,1,1022.7500000000,1042.0000000000,19.2500000000,1099.7500000000,paper_101/ablation/results/50506.out
p5_tpsa_mofe_last_selected_kan,242,50506,1024.1000000000,1024.1000000000,1,,1,1022.7500000000,1042.0000000000,19.2500000000,1099.7500000000,paper_101/ablation/results/50506.out
p5_tpsa_mofe_last_selected_kan,243,50506,1025.0000000000,1025.0000000000,1,,1,1022.7500000000,1042.0000000000,19.2500000000,1099.7500000000,paper_101/ablation/results/50506.out
p5_tpsa_mofe_last_selected_kan,244,50506,1049.1000000000,1049.1000000000,1,,1,1022.7500000000,1042.0000000000,19.2500000000,1099.7500000000,paper_101/ablation/results/50506.out
p5_tpsa_mofe_last_selected_kan,245,50506,1064.7000000000,1064.7000000000,1,,1,1022.7500000000,1042.0000000000,19.2500000000,1099.7500000000,paper_101/ablation/results/50506.out
p5_tpsa_mofe_last_selected_kan,246,50506,1026.9000000000,1026.9000000000,1,,1,1022.7500000000,1042.0000000000,19.2500000000,1099.7500000000,paper_101/ablation/results/50506.out
p5_tpsa_mofe_last_selected_kan,247,50506,1027.0000000000,1027.0000000000,1,,1,1022.7500000000,1042.0000000000,19.2500000000,1099.7500000000,paper_101/ablation/results/50506.out
p5_tpsa_mofe_last_selected_kan,248,50506,1029.3000000000,1029.3000000000,1,,1,1022.7500000000,1042.0000000000,19.2500000000,1099.7500000000,paper_101/ablation/results/50506.out
p5_tpsa_mofe_last_selected_kan,249,50506,1027.9000000000,1027.9000000000,1,,1,1022.7500000000,1042.0000000000,19.2500000000,1099.7500000000,paper_101/ablation/results/50506.out
p5_tpsa_mofe_last_selected_kan,250,50506,1028.0000000000,1028.0000000000,1,,1,1022.7500000000,1042.0000000000,19.2500000000,1099.7500000000,paper_101/ablation/results/50506.out
p5_tpsa_mofe_last_selected_kan,251,50506,1028.9000000000,1028.9000000000,1,,1,1022.7500000000,1042.0000000000,19.2500000000,1099.7500000000,paper_101/ablation/results/50506.out
p5_tpsa_mofe_last_selected_kan,252,50506,1028.2000000000,1028.2000000000,1,,1,1022.7500000000,1042.0000000000,19.2500000000,1099.7500000000,paper_101/ablation/results/50506.out
p5_tpsa_mofe_last_selected_kan,253,50506,1027.0000000000,1027.0000000000,1,,1,1022.7500000000,1042.0000000000,19.2500000000,1099.7500000000,paper_101/ablation/results/50506.out
p5_tpsa_mofe_last_selected_kan,254,50506,1026.2000000000,1026.2000000000,1,,1,1022.7500000000,1042.0000000000,19.2500000000,1099.7500000000,paper_101/ablation/results/50506.out
p5_tpsa_mofe_last_selected_kan,255,50506,1026.6000000000,1026.6000000000,1,,1,1022.7500000000,1042.0000000000,19.2500000000,1099.7500000000,paper_101/ablation/results/50506.out
p5_tpsa_mofe_last_selected_kan,256,50506,1036.1000000000,1036.1000000000,1,,1,1022.7500000000,1042.0000000000,19.2500000000,1099.7500000000,paper_101/ablation/results/50506.out
p5_tpsa_mofe_last_selected_kan,257,50506,1057.3000000000,1057.3000000000,1,,1,1022.7500000000,1042.0000000000,19.2500000000,1099.7500000000,paper_101/ablation/results/50506.out
p5_tpsa_mofe_last_selected_kan,258,50506,1055.5000000000,1055.5000000000,1,,1,1022.7500000000,1042.0000000000,19.2500000000,1099.7500000000,paper_101/ablation/results/50506.out
p5_tpsa_mofe_last_selected_kan,259,50506,1042.8000000000,1042.8000000000,1,,1,1022.7500000000,1042.0000000000,19.2500000000,1099.7500000000,paper_101/ablation/results/50506.out
p5_tpsa_mofe_last_selected_kan,260,50506,1033.5000000000,1033.5000000000,1,,1,1022.7500000000,1042.0000000000,19.2500000000,1099.7500000000,paper_101/ablation/results/50506.out
p5_tpsa_mofe_last_selected_kan,261,50506,1034.9000000000,1034.9000000000,1,,1,1022.7500000000,1042.0000000000,19.2500000000,1099.7500000000,paper_101/ablation/results/50506.out
p5_tpsa_mofe_last_selected_kan,262,50506,1033.3000000000,1033.3000000000,1,,1,1022.7500000000,1042.0000000000,19.2500000000,1099.7500000000,paper_101/ablation/results/50506.out
p5_tpsa_mofe_last_selected_kan,263,50506,1040.0000000000,1040.0000000000,1,,1,1022.7500000000,1042.0000000000,19.2500000000,1099.7500000000,paper_101/ablation/results/50506.out
p5_tpsa_mofe_last_selected_kan,264,50506,1041.8000000000,1041.8000000000,1,,1,1022.7500000000,1042.0000000000,19.2500000000,1099.7500000000,paper_101/ablation/results/50506.out
p5_tpsa_mofe_last_selected_kan,265,50506,1038.3000000000,1038.3000000000,1,,1,1022.7500000000,1042.0000000000,19.2500000000,1099.7500000000,paper_101/ablation/results/50506.out
p5_tpsa_mofe_last_selected_kan,266,50506,1045.7000000000,1045.7000000000,1,,1,1022.7500000000,1042.0000000000,19.2500000000,1099.7500000000,paper_101/ablation/results/50506.out
p5_tpsa_mofe_last_selected_kan,267,50506,1036.9000000000,1036.9000000000,1,,1,1022.7500000000,1042.0000000000,19.2500000000,1099.7500000000,paper_101/ablation/results/50506.out
p5_tpsa_mofe_last_selected_kan,268,50506,1042.3000000000,1042.3000000000,1,,1,1022.7500000000,1042.0000000000,19.2500000000,1099.7500000000,paper_101/ablation/results/50506.out
p5_tpsa_mofe_last_selected_kan,269,50506,1028.4000000000,1028.4000000000,1,,1,1022.7500000000,1042.0000000000,19.2500000000,1099.7500000000,paper_101/ablation/results/50506.out
p5_tpsa_mofe_last_selected_kan,270,50506,1027.5000000000,1027.5000000000,1,,1,1022.7500000000,1042.0000000000,19.2500000000,1099.7500000000,paper_101/ablation/results/50506.out
p5_tpsa_mofe_last_selected_kan,271,50506,1028.2000000000,1028.2000000000,1,,1,1022.7500000000,1042.0000000000,19.2500000000,1099.7500000000,paper_101/ablation/results/50506.out
p5_tpsa_mofe_last_selected_kan,272,50506,1034.4000000000,1034.4000000000,1,,1,1022.7500000000,1042.0000000000,19.2500000000,1099.7500000000,paper_101/ablation/results/50506.out
p5_tpsa_mofe_last_selected_kan,273,50506,1036.1000000000,1036.1000000000,1,,1,1022.7500000000,1042.0000000000,19.2500000000,1099.7500000000,paper_101/ablation/results/50506.out
p5_tpsa_mofe_last_selected_kan,274,50506,1034.2000000000,1034.2000000000,1,,1,1022.7500000000,1042.0000000000,19.2500000000,1099.7500000000,paper_101/ablation/results/50506.out
p5_tpsa_mofe_last_selected_kan,275,50506,1036.3000000000,1036.3000000000,1,,1,1022.7500000000,1042.0000000000,19.2500000000,1099.7500000000,paper_101/ablation/results/50506.out
p5_tpsa_mofe_last_selected_kan,276,50506,1033.0000000000,1033.0000000000,1,,1,1022.7500000000,1042.0000000000,19.2500000000,1099.7500000000,paper_101/ablation/results/50506.out
p5_tpsa_mofe_last_selected_kan,277,50506,1034.2000000000,1034.2000000000,1,,1,1022.7500000000,1042.0000000000,19.2500000000,1099.7500000000,paper_101/ablation/results/50506.out
p5_tpsa_mofe_last_selected_kan,278,50506,1031.6000000000,1031.6000000000,1,,1,1022.7500000000,1042.0000000000,19.2500000000,1099.7500000000,paper_101/ablation/results/50506.out
p5_tpsa_mofe_last_selected_kan,279,50506,1036.2000000000,1036.2000000000,1,,1,1022.7500000000,1042.0000000000,19.2500000000,1099.7500000000,paper_101/ablation/results/50506.out
p5_tpsa_mofe_last_selected_kan,280,50506,1034.5000000000,1034.5000000000,1,,1,1022.7500000000,1042.0000000000,19.2500000000,1099.7500000000,paper_101/ablation/results/50506.out
p5_tpsa_mofe_last_selected_kan,281,50506,1043.0000000000,1043.0000000000,1,,1,1022.7500000000,1042.0000000000,19.2500000000,1099.7500000000,paper_101/ablation/results/50506.out
p5_tpsa_mofe_last_selected_kan,282,50506,1046.0000000000,1046.0000000000,1,,1,1022.7500000000,1042.0000000000,19.2500000000,1099.7500000000,paper_101/ablation/results/50506.out
p5_tpsa_mofe_last_selected_kan,283,50506,1042.1000000000,1042.1000000000,1,,1,1022.7500000000,1042.0000000000,19.2500000000,1099.7500000000,paper_101/ablation/results/50506.out
p5_tpsa_mofe_last_selected_kan,284,50506,1039.6000000000,1039.6000000000,1,,1,1022.7500000000,1042.0000000000,19.2500000000,1099.7500000000,paper_101/ablation/results/50506.out
p5_tpsa_mofe_last_selected_kan,285,50506,1041.2000000000,1041.2000000000,1,,1,1022.7500000000,1042.0000000000,19.2500000000,1099.7500000000,paper_101/ablation/results/50506.out
p5_tpsa_mofe_last_selected_kan,286,50506,1039.7000000000,1039.7000000000,1,,1,1022.7500000000,1042.0000000000,19.2500000000,1099.7500000000,paper_101/ablation/results/50506.out
p5_tpsa_mofe_last_selected_kan,287,50506,1038.7000000000,1038.7000000000,1,,1,1022.7500000000,1042.0000000000,19.2500000000,1099.7500000000,paper_101/ablation/results/50506.out
p5_tpsa_mofe_last_selected_kan,288,50506,1037.9000000000,1037.9000000000,1,,1,1022.7500000000,1042.0000000000,19.2500000000,1099.7500000000,paper_101/ablation/results/50506.out
p5_tpsa_mofe_last_selected_kan,289,50506,1036.3000000000,1036.3000000000,1,,1,1022.7500000000,1042.0000000000,19.2500000000,1099.7500000000,paper_101/ablation/results/50506.out
p5_tpsa_mofe_last_selected_kan,290,50506,1037.4000000000,1037.4000000000,1,,1,1022.7500000000,1042.0000000000,19.2500000000,1099.7500000000,paper_101/ablation/results/50506.out
p5_tpsa_mofe_last_selected_kan,291,50506,1037.3000000000,1037.3000000000,1,,1,1022.7500000000,1042.0000000000,19.2500000000,1099.7500000000,paper_101/ablation/results/50506.out
p5_tpsa_mofe_last_selected_kan,292,50506,1037.0000000000,1037.0000000000,1,,1,1022.7500000000,1042.0000000000,19.2500000000,1099.7500000000,paper_101/ablation/results/50506.out
p5_tpsa_mofe_last_selected_kan,293,50506,1038.0000000000,1038.0000000000,1,,1,1022.7500000000,1042.0000000000,19.2500000000,1099.7500000000,paper_101/ablation/results/50506.out
p5_tpsa_mofe_last_selected_kan,294,50506,1039.3000000000,1039.3000000000,1,,1,1022.7500000000,1042.0000000000,19.2500000000,1099.7500000000,paper_101/ablation/results/50506.out
p5_tpsa_mofe_last_selected_kan,295,50506,1039.1000000000,1039.1000000000,1,,1,1022.7500000000,1042.0000000000,19.2500000000,1099.7500000000,paper_101/ablation/results/50506.out
p5_tpsa_mofe_last_selected_kan,296,50506,1040.0000000000,1040.0000000000,1,,1,1022.7500000000,1042.0000000000,19.2500000000,1099.7500000000,paper_101/ablation/results/50506.out
p5_tpsa_mofe_last_selected_kan,297,50506,1038.5000000000,1038.5000000000,1,,1,1022.7500000000,1042.0000000000,19.2500000000,1099.7500000000,paper_101/ablation/results/50506.out
p5_tpsa_mofe_last_selected_kan,298,50506,1036.8000000000,1036.8000000000,1,,1,1022.7500000000,1042.0000000000,19.2500000000,1099.7500000000,paper_101/ablation/results/50506.out
p5_tpsa_mofe_last_selected_kan,299,50506,1041.6000000000,1041.6000000000,1,,1,1022.7500000000,1042.0000000000,19.2500000000,1099.7500000000,paper_101/ablation/results/50506.out
p5_tpsa_mofe_last_selected_kan,300,50506,1046.2000000000,1046.2000000000,1,,1,1022.7500000000,1042.0000000000,19.2500000000,1099.7500000000,paper_101/ablation/results/50506.out
p5_tpsa_mofe_last_selected_kan_conloss,1,50508,1037.1000000000,,0,segment_startup,1,1022.7500000000,1042.3000000000,19.5500000000,1100.9500000000,paper_101/ablation/results/50508.out
p5_tpsa_mofe_last_selected_kan_conloss,2,50508,1005.9000000000,1005.9000000000,1,,1,1022.7500000000,1042.3000000000,19.5500000000,1100.9500000000,paper_101/ablation/results/50508.out
p5_tpsa_mofe_last_selected_kan_conloss,3,50508,1009.2000000000,1009.2000000000,1,,1,1022.7500000000,1042.3000000000,19.5500000000,1100.9500000000,paper_101/ablation/results/50508.out
p5_tpsa_mofe_last_selected_kan_conloss,4,50508,1008.1000000000,1008.1000000000,1,,1,1022.7500000000,1042.3000000000,19.5500000000,1100.9500000000,paper_101/ablation/results/50508.out
p5_tpsa_mofe_last_selected_kan_conloss,5,50508,1012.1000000000,1012.1000000000,1,,1,1022.7500000000,1042.3000000000,19.5500000000,1100.9500000000,paper_101/ablation/results/50508.out
p5_tpsa_mofe_last_selected_kan_conloss,6,50508,1009.4000000000,1009.4000000000,1,,1,1022.7500000000,1042.3000000000,19.5500000000,1100.9500000000,paper_101/ablation/results/50508.out
p5_tpsa_mofe_last_selected_kan_conloss,7,50508,1010.3000000000,1010.3000000000,1,,1,1022.7500000000,1042.3000000000,19.5500000000,1100.9500000000,paper_101/ablation/results/50508.out
p5_tpsa_mofe_last_selected_kan_conloss,8,50508,1015.6000000000,1015.6000000000,1,,1,1022.7500000000,1042.3000000000,19.5500000000,1100.9500000000,paper_101/ablation/results/50508.out
p5_tpsa_mofe_last_selected_kan_conloss,9,50508,1011.5000000000,1011.5000000000,1,,1,1022.7500000000,1042.3000000000,19.5500000000,1100.9500000000,paper_101/ablation/results/50508.out
p5_tpsa_mofe_last_selected_kan_conloss,10,50508,1011.8000000000,1011.8000000000,1,,1,1022.7500000000,1042.3000000000,19.5500000000,1100.9500000000,paper_101/ablation/results/50508.out
p5_tpsa_mofe_last_selected_kan_conloss,11,50508,1024.2000000000,1024.2000000000,1,,1,1022.7500000000,1042.3000000000,19.5500000000,1100.9500000000,paper_101/ablation/results/50508.out
p5_tpsa_mofe_last_selected_kan_conloss,12,50508,1029.7000000000,1029.7000000000,1,,1,1022.7500000000,1042.3000000000,19.5500000000,1100.9500000000,paper_101/ablation/results/50508.out
p5_tpsa_mofe_last_selected_kan_conloss,13,50508,1056.1000000000,1056.1000000000,1,,1,1022.7500000000,1042.3000000000,19.5500000000,1100.9500000000,paper_101/ablation/results/50508.out
p5_tpsa_mofe_last_selected_kan_conloss,14,50508,1053.6000000000,1053.6000000000,1,,1,1022.7500000000,1042.3000000000,19.5500000000,1100.9500000000,paper_101/ablation/results/50508.out
p5_tpsa_mofe_last_selected_kan_conloss,15,50508,1049.7000000000,1049.7000000000,1,,1,1022.7500000000,1042.3000000000,19.5500000000,1100.9500000000,paper_101/ablation/results/50508.out
p5_tpsa_mofe_last_selected_kan_conloss,16,50508,1049.8000000000,1049.8000000000,1,,1,1022.7500000000,1042.3000000000,19.5500000000,1100.9500000000,paper_101/ablation/results/50508.out
p5_tpsa_mofe_last_selected_kan_conloss,17,50508,1051.3000000000,1051.3000000000,1,,1,1022.7500000000,1042.3000000000,19.5500000000,1100.9500000000,paper_101/ablation/results/50508.out
p5_tpsa_mofe_last_selected_kan_conloss,18,50508,1050.3000000000,1050.3000000000,1,,1,1022.7500000000,1042.3000000000,19.5500000000,1100.9500000000,paper_101/ablation/results/50508.out
p5_tpsa_mofe_last_selected_kan_conloss,19,50508,1064.9000000000,1064.9000000000,1,,1,1022.7500000000,1042.3000000000,19.5500000000,1100.9500000000,paper_101/ablation/results/50508.out
p5_tpsa_mofe_last_selected_kan_conloss,20,50508,1090.9000000000,1090.9000000000,1,,1,1022.7500000000,1042.3000000000,19.5500000000,1100.9500000000,paper_101/ablation/results/50508.out
p5_tpsa_mofe_last_selected_kan_conloss,21,50508,1091.2000000000,1091.2000000000,1,,1,1022.7500000000,1042.3000000000,19.5500000000,1100.9500000000,paper_101/ablation/results/50508.out
p5_tpsa_mofe_last_selected_kan_conloss,22,50508,1087.7000000000,1087.7000000000,1,,1,1022.7500000000,1042.3000000000,19.5500000000,1100.9500000000,paper_101/ablation/results/50508.out
p5_tpsa_mofe_last_selected_kan_conloss,23,50508,1092.2000000000,1092.2000000000,1,,1,1022.7500000000,1042.3000000000,19.5500000000,1100.9500000000,paper_101/ablation/results/50508.out
p5_tpsa_mofe_last_selected_kan_conloss,24,50508,1091.2000000000,1091.2000000000,1,,1,1022.7500000000,1042.3000000000,19.5500000000,1100.9500000000,paper_101/ablation/results/50508.out
p5_tpsa_mofe_last_selected_kan_conloss,25,50508,1073.8000000000,1073.8000000000,1,,1,1022.7500000000,1042.3000000000,19.5500000000,1100.9500000000,paper_101/ablation/results/50508.out
p5_tpsa_mofe_last_selected_kan_conloss,26,50508,1049.6000000000,1049.6000000000,1,,1,1022.7500000000,1042.3000000000,19.5500000000,1100.9500000000,paper_101/ablation/results/50508.out
p5_tpsa_mofe_last_selected_kan_conloss,27,50508,1057.4000000000,1057.4000000000,1,,1,1022.7500000000,1042.3000000000,19.5500000000,1100.9500000000,paper_101/ablation/results/50508.out
p5_tpsa_mofe_last_selected_kan_conloss,28,50508,1065.5000000000,1065.5000000000,1,,1,1022.7500000000,1042.3000000000,19.5500000000,1100.9500000000,paper_101/ablation/results/50508.out
p5_tpsa_mofe_last_selected_kan_conloss,29,50508,1063.4000000000,1063.4000000000,1,,1,1022.7500000000,1042.3000000000,19.5500000000,1100.9500000000,paper_101/ablation/results/50508.out
p5_tpsa_mofe_last_selected_kan_conloss,30,50508,1062.1000000000,1062.1000000000,1,,1,1022.7500000000,1042.3000000000,19.5500000000,1100.9500000000,paper_101/ablation/results/50508.out
p5_tpsa_mofe_last_selected_kan_conloss,31,50508,1062.2000000000,1062.2000000000,1,,1,1022.7500000000,1042.3000000000,19.5500000000,1100.9500000000,paper_101/ablation/results/50508.out
p5_tpsa_mofe_last_selected_kan_conloss,32,50508,1058.4000000000,1058.4000000000,1,,1,1022.7500000000,1042.3000000000,19.5500000000,1100.9500000000,paper_101/ablation/results/50508.out
p5_tpsa_mofe_last_selected_kan_conloss,33,50508,1060.4000000000,1060.4000000000,1,,1,1022.7500000000,1042.3000000000,19.5500000000,1100.9500000000,paper_101/ablation/results/50508.out
p5_tpsa_mofe_last_selected_kan_conloss,34,50508,1061.1000000000,1061.1000000000,1,,1,1022.7500000000,1042.3000000000,19.5500000000,1100.9500000000,paper_101/ablation/results/50508.out
p5_tpsa_mofe_last_selected_kan_conloss,35,50508,1072.2000000000,1072.2000000000,1,,1,1022.7500000000,1042.3000000000,19.5500000000,1100.9500000000,paper_101/ablation/results/50508.out
p5_tpsa_mofe_last_selected_kan_conloss,36,50508,1060.1000000000,1060.1000000000,1,,1,1022.7500000000,1042.3000000000,19.5500000000,1100.9500000000,paper_101/ablation/results/50508.out
p5_tpsa_mofe_last_selected_kan_conloss,37,50508,1058.5000000000,1058.5000000000,1,,1,1022.7500000000,1042.3000000000,19.5500000000,1100.9500000000,paper_101/ablation/results/50508.out
p5_tpsa_mofe_last_selected_kan_conloss,38,50508,1063.9000000000,1063.9000000000,1,,1,1022.7500000000,1042.3000000000,19.5500000000,1100.9500000000,paper_101/ablation/results/50508.out
p5_tpsa_mofe_last_selected_kan_conloss,39,50508,1064.6000000000,1064.6000000000,1,,1,1022.7500000000,1042.3000000000,19.5500000000,1100.9500000000,paper_101/ablation/results/50508.out
p5_tpsa_mofe_last_selected_kan_conloss,40,50508,1063.4000000000,1063.4000000000,1,,1,1022.7500000000,1042.3000000000,19.5500000000,1100.9500000000,paper_101/ablation/results/50508.out
p5_tpsa_mofe_last_selected_kan_conloss,41,50508,1065.0000000000,1065.0000000000,1,,1,1022.7500000000,1042.3000000000,19.5500000000,1100.9500000000,paper_101/ablation/results/50508.out
p5_tpsa_mofe_last_selected_kan_conloss,42,50508,1067.3000000000,1067.3000000000,1,,1,1022.7500000000,1042.3000000000,19.5500000000,1100.9500000000,paper_101/ablation/results/50508.out
p5_tpsa_mofe_last_selected_kan_conloss,43,50508,1067.1000000000,1067.1000000000,1,,1,1022.7500000000,1042.3000000000,19.5500000000,1100.9500000000,paper_101/ablation/results/50508.out
p5_tpsa_mofe_last_selected_kan_conloss,44,50508,1061.9000000000,1061.9000000000,1,,1,1022.7500000000,1042.3000000000,19.5500000000,1100.9500000000,paper_101/ablation/results/50508.out
p5_tpsa_mofe_last_selected_kan_conloss,45,50508,1050.2000000000,1050.2000000000,1,,1,1022.7500000000,1042.3000000000,19.5500000000,1100.9500000000,paper_101/ablation/results/50508.out
p5_tpsa_mofe_last_selected_kan_conloss,46,50508,1048.6000000000,1048.6000000000,1,,1,1022.7500000000,1042.3000000000,19.5500000000,1100.9500000000,paper_101/ablation/results/50508.out
p5_tpsa_mofe_last_selected_kan_conloss,47,50508,1049.4000000000,1049.4000000000,1,,1,1022.7500000000,1042.3000000000,19.5500000000,1100.9500000000,paper_101/ablation/results/50508.out
p5_tpsa_mofe_last_selected_kan_conloss,48,50508,1051.4000000000,1051.4000000000,1,,1,1022.7500000000,1042.3000000000,19.5500000000,1100.9500000000,paper_101/ablation/results/50508.out
p5_tpsa_mofe_last_selected_kan_conloss,49,50508,1051.9000000000,1051.9000000000,1,,1,1022.7500000000,1042.3000000000,19.5500000000,1100.9500000000,paper_101/ablation/results/50508.out
p5_tpsa_mofe_last_selected_kan_conloss,50,50508,1026.5000000000,1026.5000000000,1,,1,1022.7500000000,1042.3000000000,19.5500000000,1100.9500000000,paper_101/ablation/results/50508.out
p5_tpsa_mofe_last_selected_kan_conloss,51,50508,1010.2000000000,1010.2000000000,1,,1,1022.7500000000,1042.3000000000,19.5500000000,1100.9500000000,paper_101/ablation/results/50508.out
p5_tpsa_mofe_last_selected_kan_conloss,52,50508,1010.3000000000,1010.3000000000,1,,1,1022.7500000000,1042.3000000000,19.5500000000,1100.9500000000,paper_101/ablation/results/50508.out
p5_tpsa_mofe_last_selected_kan_conloss,53,50508,1010.5000000000,1010.5000000000,1,,1,1022.7500000000,1042.3000000000,19.5500000000,1100.9500000000,paper_101/ablation/results/50508.out
p5_tpsa_mofe_last_selected_kan_conloss,54,50508,1009.9000000000,1009.9000000000,1,,1,1022.7500000000,1042.3000000000,19.5500000000,1100.9500000000,paper_101/ablation/results/50508.out
p5_tpsa_mofe_last_selected_kan_conloss,55,50508,1009.8000000000,1009.8000000000,1,,1,1022.7500000000,1042.3000000000,19.5500000000,1100.9500000000,paper_101/ablation/results/50508.out
p5_tpsa_mofe_last_selected_kan_conloss,56,50508,1010.4000000000,1010.4000000000,1,,1,1022.7500000000,1042.3000000000,19.5500000000,1100.9500000000,paper_101/ablation/results/50508.out
p5_tpsa_mofe_last_selected_kan_conloss,57,50508,1009.9000000000,1009.9000000000,1,,1,1022.7500000000,1042.3000000000,19.5500000000,1100.9500000000,paper_101/ablation/results/50508.out
p5_tpsa_mofe_last_selected_kan_conloss,58,50508,1009.7000000000,1009.7000000000,1,,1,1022.7500000000,1042.3000000000,19.5500000000,1100.9500000000,paper_101/ablation/results/50508.out
p5_tpsa_mofe_last_selected_kan_conloss,59,50508,1010.0000000000,1010.0000000000,1,,1,1022.7500000000,1042.3000000000,19.5500000000,1100.9500000000,paper_101/ablation/results/50508.out
p5_tpsa_mofe_last_selected_kan_conloss,60,50508,1009.8000000000,1009.8000000000,1,,1,1022.7500000000,1042.3000000000,19.5500000000,1100.9500000000,paper_101/ablation/results/50508.out
p5_tpsa_mofe_last_selected_kan_conloss,61,50508,1009.3000000000,1009.3000000000,1,,1,1022.7500000000,1042.3000000000,19.5500000000,1100.9500000000,paper_101/ablation/results/50508.out
p5_tpsa_mofe_last_selected_kan_conloss,62,50508,1009.6000000000,1009.6000000000,1,,1,1022.7500000000,1042.3000000000,19.5500000000,1100.9500000000,paper_101/ablation/results/50508.out
p5_tpsa_mofe_last_selected_kan_conloss,63,50508,1009.9000000000,1009.9000000000,1,,1,1022.7500000000,1042.3000000000,19.5500000000,1100.9500000000,paper_101/ablation/results/50508.out
p5_tpsa_mofe_last_selected_kan_conloss,64,50508,1039.0000000000,1039.0000000000,1,,1,1022.7500000000,1042.3000000000,19.5500000000,1100.9500000000,paper_101/ablation/results/50508.out
p5_tpsa_mofe_last_selected_kan_conloss,65,50508,1059.8000000000,1059.8000000000,1,,1,1022.7500000000,1042.3000000000,19.5500000000,1100.9500000000,paper_101/ablation/results/50508.out
p5_tpsa_mofe_last_selected_kan_conloss,66,50508,1060.6000000000,1060.6000000000,1,,1,1022.7500000000,1042.3000000000,19.5500000000,1100.9500000000,paper_101/ablation/results/50508.out
p5_tpsa_mofe_last_selected_kan_conloss,67,50508,1062.5000000000,1062.5000000000,1,,1,1022.7500000000,1042.3000000000,19.5500000000,1100.9500000000,paper_101/ablation/results/50508.out
p5_tpsa_mofe_last_selected_kan_conloss,68,50508,1062.0000000000,1062.0000000000,1,,1,1022.7500000000,1042.3000000000,19.5500000000,1100.9500000000,paper_101/ablation/results/50508.out
p5_tpsa_mofe_last_selected_kan_conloss,69,50508,1061.5000000000,1061.5000000000,1,,1,1022.7500000000,1042.3000000000,19.5500000000,1100.9500000000,paper_101/ablation/results/50508.out
p5_tpsa_mofe_last_selected_kan_conloss,70,50508,1057.9000000000,1057.9000000000,1,,1,1022.7500000000,1042.3000000000,19.5500000000,1100.9500000000,paper_101/ablation/results/50508.out
p5_tpsa_mofe_last_selected_kan_conloss,71,50508,1058.8000000000,1058.8000000000,1,,1,1022.7500000000,1042.3000000000,19.5500000000,1100.9500000000,paper_101/ablation/results/50508.out
p5_tpsa_mofe_last_selected_kan_conloss,72,50508,1061.8000000000,1061.8000000000,1,,1,1022.7500000000,1042.3000000000,19.5500000000,1100.9500000000,paper_101/ablation/results/50508.out
p5_tpsa_mofe_last_selected_kan_conloss,73,50508,1060.2000000000,1060.2000000000,1,,1,1022.7500000000,1042.3000000000,19.5500000000,1100.9500000000,paper_101/ablation/results/50508.out
p5_tpsa_mofe_last_selected_kan_conloss,74,50508,1016.8000000000,1016.8000000000,1,,1,1022.7500000000,1042.3000000000,19.5500000000,1100.9500000000,paper_101/ablation/results/50508.out
p5_tpsa_mofe_last_selected_kan_conloss,75,50508,1008.6000000000,1008.6000000000,1,,1,1022.7500000000,1042.3000000000,19.5500000000,1100.9500000000,paper_101/ablation/results/50508.out
p5_tpsa_mofe_last_selected_kan_conloss,76,50508,1013.6000000000,1013.6000000000,1,,1,1022.7500000000,1042.3000000000,19.5500000000,1100.9500000000,paper_101/ablation/results/50508.out
p5_tpsa_mofe_last_selected_kan_conloss,77,50508,1050.2000000000,1050.2000000000,1,,1,1022.7500000000,1042.3000000000,19.5500000000,1100.9500000000,paper_101/ablation/results/50508.out
p5_tpsa_mofe_last_selected_kan_conloss,78,50508,1048.9000000000,1048.9000000000,1,,1,1022.7500000000,1042.3000000000,19.5500000000,1100.9500000000,paper_101/ablation/results/50508.out
p5_tpsa_mofe_last_selected_kan_conloss,79,50508,1050.8000000000,1050.8000000000,1,,1,1022.7500000000,1042.3000000000,19.5500000000,1100.9500000000,paper_101/ablation/results/50508.out
p5_tpsa_mofe_last_selected_kan_conloss,80,50508,1051.2000000000,1051.2000000000,1,,1,1022.7500000000,1042.3000000000,19.5500000000,1100.9500000000,paper_101/ablation/results/50508.out
p5_tpsa_mofe_last_selected_kan_conloss,81,50508,1051.8000000000,1051.8000000000,1,,1,1022.7500000000,1042.3000000000,19.5500000000,1100.9500000000,paper_101/ablation/results/50508.out
p5_tpsa_mofe_last_selected_kan_conloss,82,50508,1051.0000000000,1051.0000000000,1,,1,1022.7500000000,1042.3000000000,19.5500000000,1100.9500000000,paper_101/ablation/results/50508.out
p5_tpsa_mofe_last_selected_kan_conloss,83,50508,1053.0000000000,1053.0000000000,1,,1,1022.7500000000,1042.3000000000,19.5500000000,1100.9500000000,paper_101/ablation/results/50508.out
p5_tpsa_mofe_last_selected_kan_conloss,84,50508,1050.8000000000,1050.8000000000,1,,1,1022.7500000000,1042.3000000000,19.5500000000,1100.9500000000,paper_101/ablation/results/50508.out
p5_tpsa_mofe_last_selected_kan_conloss,85,50508,1052.4000000000,1052.4000000000,1,,1,1022.7500000000,1042.3000000000,19.5500000000,1100.9500000000,paper_101/ablation/results/50508.out
p5_tpsa_mofe_last_selected_kan_conloss,86,50508,1053.0000000000,1053.0000000000,1,,1,1022.7500000000,1042.3000000000,19.5500000000,1100.9500000000,paper_101/ablation/results/50508.out
p5_tpsa_mofe_last_selected_kan_conloss,87,50508,1040.0000000000,1040.0000000000,1,,1,1022.7500000000,1042.3000000000,19.5500000000,1100.9500000000,paper_101/ablation/results/50508.out
p5_tpsa_mofe_last_selected_kan_conloss,88,50508,1027.7000000000,1027.7000000000,1,,1,1022.7500000000,1042.3000000000,19.5500000000,1100.9500000000,paper_101/ablation/results/50508.out
p5_tpsa_mofe_last_selected_kan_conloss,89,50508,1027.0000000000,1027.0000000000,1,,1,1022.7500000000,1042.3000000000,19.5500000000,1100.9500000000,paper_101/ablation/results/50508.out
p5_tpsa_mofe_last_selected_kan_conloss,90,50508,1031.7000000000,1031.7000000000,1,,1,1022.7500000000,1042.3000000000,19.5500000000,1100.9500000000,paper_101/ablation/results/50508.out
p5_tpsa_mofe_last_selected_kan_conloss,91,50508,1052.1000000000,1052.1000000000,1,,1,1022.7500000000,1042.3000000000,19.5500000000,1100.9500000000,paper_101/ablation/results/50508.out
p5_tpsa_mofe_last_selected_kan_conloss,92,50508,1038.0000000000,1038.0000000000,1,,1,1022.7500000000,1042.3000000000,19.5500000000,1100.9500000000,paper_101/ablation/results/50508.out
p5_tpsa_mofe_last_selected_kan_conloss,93,50508,1040.0000000000,1040.0000000000,1,,1,1022.7500000000,1042.3000000000,19.5500000000,1100.9500000000,paper_101/ablation/results/50508.out
p5_tpsa_mofe_last_selected_kan_conloss,94,50508,1050.8000000000,1050.8000000000,1,,1,1022.7500000000,1042.3000000000,19.5500000000,1100.9500000000,paper_101/ablation/results/50508.out
p5_tpsa_mofe_last_selected_kan_conloss,95,50508,1050.1000000000,1050.1000000000,1,,1,1022.7500000000,1042.3000000000,19.5500000000,1100.9500000000,paper_101/ablation/results/50508.out
p5_tpsa_mofe_last_selected_kan_conloss,96,50508,1042.4000000000,1042.4000000000,1,,1,1022.7500000000,1042.3000000000,19.5500000000,1100.9500000000,paper_101/ablation/results/50508.out
p5_tpsa_mofe_last_selected_kan_conloss,97,50508,1019.7000000000,1019.7000000000,1,,1,1022.7500000000,1042.3000000000,19.5500000000,1100.9500000000,paper_101/ablation/results/50508.out
p5_tpsa_mofe_last_selected_kan_conloss,98,50508,1020.7000000000,1020.7000000000,1,,1,1022.7500000000,1042.3000000000,19.5500000000,1100.9500000000,paper_101/ablation/results/50508.out
p5_tpsa_mofe_last_selected_kan_conloss,99,50508,1022.1000000000,1022.1000000000,1,,1,1022.7500000000,1042.3000000000,19.5500000000,1100.9500000000,paper_101/ablation/results/50508.out
p5_tpsa_mofe_last_selected_kan_conloss,100,50508,1022.2000000000,1022.2000000000,1,,1,1022.7500000000,1042.3000000000,19.5500000000,1100.9500000000,paper_101/ablation/results/50508.out
p5_tpsa_mofe_last_selected_kan_conloss,101,50508,1022.5000000000,1022.5000000000,1,,1,1022.7500000000,1042.3000000000,19.5500000000,1100.9500000000,paper_101/ablation/results/50508.out
p5_tpsa_mofe_last_selected_kan_conloss,102,50508,1020.0000000000,1020.0000000000,1,,1,1022.7500000000,1042.3000000000,19.5500000000,1100.9500000000,paper_101/ablation/results/50508.out
p5_tpsa_mofe_last_selected_kan_conloss,103,50508,1020.9000000000,1020.9000000000,1,,1,1022.7500000000,1042.3000000000,19.5500000000,1100.9500000000,paper_101/ablation/results/50508.out
p5_tpsa_mofe_last_selected_kan_conloss,104,50508,1024.0000000000,1024.0000000000,1,,1,1022.7500000000,1042.3000000000,19.5500000000,1100.9500000000,paper_101/ablation/results/50508.out
p5_tpsa_mofe_last_selected_kan_conloss,105,50508,1021.8000000000,1021.8000000000,1,,1,1022.7500000000,1042.3000000000,19.5500000000,1100.9500000000,paper_101/ablation/results/50508.out
p5_tpsa_mofe_last_selected_kan_conloss,106,50508,1021.7000000000,1021.7000000000,1,,1,1022.7500000000,1042.3000000000,19.5500000000,1100.9500000000,paper_101/ablation/results/50508.out
p5_tpsa_mofe_last_selected_kan_conloss,107,50508,1023.2000000000,1023.2000000000,1,,1,1022.7500000000,1042.3000000000,19.5500000000,1100.9500000000,paper_101/ablation/results/50508.out
p5_tpsa_mofe_last_selected_kan_conloss,108,50508,1022.0000000000,1022.0000000000,1,,1,1022.7500000000,1042.3000000000,19.5500000000,1100.9500000000,paper_101/ablation/results/50508.out
p5_tpsa_mofe_last_selected_kan_conloss,109,50508,1023.8000000000,1023.8000000000,1,,1,1022.7500000000,1042.3000000000,19.5500000000,1100.9500000000,paper_101/ablation/results/50508.out
p5_tpsa_mofe_last_selected_kan_conloss,110,50508,1022.9000000000,1022.9000000000,1,,1,1022.7500000000,1042.3000000000,19.5500000000,1100.9500000000,paper_101/ablation/results/50508.out
p5_tpsa_mofe_last_selected_kan_conloss,111,50508,1023.0000000000,1023.0000000000,1,,1,1022.7500000000,1042.3000000000,19.5500000000,1100.9500000000,paper_101/ablation/results/50508.out
p5_tpsa_mofe_last_selected_kan_conloss,112,50508,1021.6000000000,1021.6000000000,1,,1,1022.7500000000,1042.3000000000,19.5500000000,1100.9500000000,paper_101/ablation/results/50508.out
p5_tpsa_mofe_last_selected_kan_conloss,113,50508,1024.2000000000,1024.2000000000,1,,1,1022.7500000000,1042.3000000000,19.5500000000,1100.9500000000,paper_101/ablation/results/50508.out
p5_tpsa_mofe_last_selected_kan_conloss,114,50508,1022.5000000000,1022.5000000000,1,,1,1022.7500000000,1042.3000000000,19.5500000000,1100.9500000000,paper_101/ablation/results/50508.out
p5_tpsa_mofe_last_selected_kan_conloss,115,50508,1023.4000000000,1023.4000000000,1,,1,1022.7500000000,1042.3000000000,19.5500000000,1100.9500000000,paper_101/ablation/results/50508.out
p5_tpsa_mofe_last_selected_kan_conloss,116,50508,1023.2000000000,1023.2000000000,1,,1,1022.7500000000,1042.3000000000,19.5500000000,1100.9500000000,paper_101/ablation/results/50508.out
p5_tpsa_mofe_last_selected_kan_conloss,117,50508,1022.1000000000,1022.1000000000,1,,1,1022.7500000000,1042.3000000000,19.5500000000,1100.9500000000,paper_101/ablation/results/50508.out
p5_tpsa_mofe_last_selected_kan_conloss,118,50508,1021.5000000000,1021.5000000000,1,,1,1022.7500000000,1042.3000000000,19.5500000000,1100.9500000000,paper_101/ablation/results/50508.out
p5_tpsa_mofe_last_selected_kan_conloss,119,50508,1020.2000000000,1020.2000000000,1,,1,1022.7500000000,1042.3000000000,19.5500000000,1100.9500000000,paper_101/ablation/results/50508.out
p5_tpsa_mofe_last_selected_kan_conloss,120,50508,1021.3000000000,1021.3000000000,1,,1,1022.7500000000,1042.3000000000,19.5500000000,1100.9500000000,paper_101/ablation/results/50508.out
p5_tpsa_mofe_last_selected_kan_conloss,121,50508,1022.8000000000,1022.8000000000,1,,1,1022.7500000000,1042.3000000000,19.5500000000,1100.9500000000,paper_101/ablation/results/50508.out
p5_tpsa_mofe_last_selected_kan_conloss,122,50508,1020.8000000000,1020.8000000000,1,,1,1022.7500000000,1042.3000000000,19.5500000000,1100.9500000000,paper_101/ablation/results/50508.out
p5_tpsa_mofe_last_selected_kan_conloss,123,50508,1022.0000000000,1022.0000000000,1,,1,1022.7500000000,1042.3000000000,19.5500000000,1100.9500000000,paper_101/ablation/results/50508.out
p5_tpsa_mofe_last_selected_kan_conloss,124,50508,1022.7000000000,1022.7000000000,1,,1,1022.7500000000,1042.3000000000,19.5500000000,1100.9500000000,paper_101/ablation/results/50508.out
p5_tpsa_mofe_last_selected_kan_conloss,125,50508,1019.9000000000,1019.9000000000,1,,1,1022.7500000000,1042.3000000000,19.5500000000,1100.9500000000,paper_101/ablation/results/50508.out
p5_tpsa_mofe_last_selected_kan_conloss,126,50508,1022.5000000000,1022.5000000000,1,,1,1022.7500000000,1042.3000000000,19.5500000000,1100.9500000000,paper_101/ablation/results/50508.out
p5_tpsa_mofe_last_selected_kan_conloss,127,50508,1023.6000000000,1023.6000000000,1,,1,1022.7500000000,1042.3000000000,19.5500000000,1100.9500000000,paper_101/ablation/results/50508.out
p5_tpsa_mofe_last_selected_kan_conloss,128,50508,1021.6000000000,1021.6000000000,1,,1,1022.7500000000,1042.3000000000,19.5500000000,1100.9500000000,paper_101/ablation/results/50508.out
p5_tpsa_mofe_last_selected_kan_conloss,129,50508,1028.2000000000,1028.2000000000,1,,1,1022.7500000000,1042.3000000000,19.5500000000,1100.9500000000,paper_101/ablation/results/50508.out
p5_tpsa_mofe_last_selected_kan_conloss,130,50508,1029.5000000000,1029.5000000000,1,,1,1022.7500000000,1042.3000000000,19.5500000000,1100.9500000000,paper_101/ablation/results/50508.out
p5_tpsa_mofe_last_selected_kan_conloss,131,50508,1031.7000000000,1031.7000000000,1,,1,1022.7500000000,1042.3000000000,19.5500000000,1100.9500000000,paper_101/ablation/results/50508.out
p5_tpsa_mofe_last_selected_kan_conloss,132,50508,1031.5000000000,1031.5000000000,1,,1,1022.7500000000,1042.3000000000,19.5500000000,1100.9500000000,paper_101/ablation/results/50508.out
p5_tpsa_mofe_last_selected_kan_conloss,133,50508,1030.4000000000,1030.4000000000,1,,1,1022.7500000000,1042.3000000000,19.5500000000,1100.9500000000,paper_101/ablation/results/50508.out
p5_tpsa_mofe_last_selected_kan_conloss,134,50508,1030.9000000000,1030.9000000000,1,,1,1022.7500000000,1042.3000000000,19.5500000000,1100.9500000000,paper_101/ablation/results/50508.out
p5_tpsa_mofe_last_selected_kan_conloss,135,50508,1026.4000000000,1026.4000000000,1,,1,1022.7500000000,1042.3000000000,19.5500000000,1100.9500000000,paper_101/ablation/results/50508.out
p5_tpsa_mofe_last_selected_kan_conloss,136,50508,1020.4000000000,1020.4000000000,1,,1,1022.7500000000,1042.3000000000,19.5500000000,1100.9500000000,paper_101/ablation/results/50508.out
p5_tpsa_mofe_last_selected_kan_conloss,137,50508,1010.0000000000,1010.0000000000,1,,1,1022.7500000000,1042.3000000000,19.5500000000,1100.9500000000,paper_101/ablation/results/50508.out
p5_tpsa_mofe_last_selected_kan_conloss,138,50508,1009.0000000000,1009.0000000000,1,,1,1022.7500000000,1042.3000000000,19.5500000000,1100.9500000000,paper_101/ablation/results/50508.out
p5_tpsa_mofe_last_selected_kan_conloss,139,50508,1009.6000000000,1009.6000000000,1,,1,1022.7500000000,1042.3000000000,19.5500000000,1100.9500000000,paper_101/ablation/results/50508.out
p5_tpsa_mofe_last_selected_kan_conloss,140,50508,1010.1000000000,1010.1000000000,1,,1,1022.7500000000,1042.3000000000,19.5500000000,1100.9500000000,paper_101/ablation/results/50508.out
p5_tpsa_mofe_last_selected_kan_conloss,141,50508,1009.0000000000,1009.0000000000,1,,1,1022.7500000000,1042.3000000000,19.5500000000,1100.9500000000,paper_101/ablation/results/50508.out
p5_tpsa_mofe_last_selected_kan_conloss,142,50508,1009.5000000000,1009.5000000000,1,,1,1022.7500000000,1042.3000000000,19.5500000000,1100.9500000000,paper_101/ablation/results/50508.out
p5_tpsa_mofe_last_selected_kan_conloss,143,50508,1010.4000000000,1010.4000000000,1,,1,1022.7500000000,1042.3000000000,19.5500000000,1100.9500000000,paper_101/ablation/results/50508.out
p5_tpsa_mofe_last_selected_kan_conloss,144,50508,1010.3000000000,1010.3000000000,1,,1,1022.7500000000,1042.3000000000,19.5500000000,1100.9500000000,paper_101/ablation/results/50508.out
p5_tpsa_mofe_last_selected_kan_conloss,145,50508,1010.3000000000,1010.3000000000,1,,1,1022.7500000000,1042.3000000000,19.5500000000,1100.9500000000,paper_101/ablation/results/50508.out
p5_tpsa_mofe_last_selected_kan_conloss,146,50508,1009.3000000000,1009.3000000000,1,,1,1022.7500000000,1042.3000000000,19.5500000000,1100.9500000000,paper_101/ablation/results/50508.out
p5_tpsa_mofe_last_selected_kan_conloss,147,50508,1009.8000000000,1009.8000000000,1,,1,1022.7500000000,1042.3000000000,19.5500000000,1100.9500000000,paper_101/ablation/results/50508.out
p5_tpsa_mofe_last_selected_kan_conloss,148,50508,1010.3000000000,1010.3000000000,1,,1,1022.7500000000,1042.3000000000,19.5500000000,1100.9500000000,paper_101/ablation/results/50508.out
p5_tpsa_mofe_last_selected_kan_conloss,149,50508,1009.8000000000,1009.8000000000,1,,1,1022.7500000000,1042.3000000000,19.5500000000,1100.9500000000,paper_101/ablation/results/50508.out
p5_tpsa_mofe_last_selected_kan_conloss,150,50508,1009.0000000000,1009.0000000000,1,,1,1022.7500000000,1042.3000000000,19.5500000000,1100.9500000000,paper_101/ablation/results/50508.out
p5_tpsa_mofe_last_selected_kan_conloss,151,50508,1009.0000000000,1009.0000000000,1,,1,1022.7500000000,1042.3000000000,19.5500000000,1100.9500000000,paper_101/ablation/results/50508.out
p5_tpsa_mofe_last_selected_kan_conloss,152,50508,1009.0000000000,1009.0000000000,1,,1,1022.7500000000,1042.3000000000,19.5500000000,1100.9500000000,paper_101/ablation/results/50508.out
p5_tpsa_mofe_last_selected_kan_conloss,153,50508,1009.4000000000,1009.4000000000,1,,1,1022.7500000000,1042.3000000000,19.5500000000,1100.9500000000,paper_101/ablation/results/50508.out
p5_tpsa_mofe_last_selected_kan_conloss,154,50508,1009.3000000000,1009.3000000000,1,,1,1022.7500000000,1042.3000000000,19.5500000000,1100.9500000000,paper_101/ablation/results/50508.out
p5_tpsa_mofe_last_selected_kan_conloss,155,50508,1009.4000000000,1009.4000000000,1,,1,1022.7500000000,1042.3000000000,19.5500000000,1100.9500000000,paper_101/ablation/results/50508.out
p5_tpsa_mofe_last_selected_kan_conloss,156,50508,1009.5000000000,1009.5000000000,1,,1,1022.7500000000,1042.3000000000,19.5500000000,1100.9500000000,paper_101/ablation/results/50508.out
p5_tpsa_mofe_last_selected_kan_conloss,157,50508,1010.0000000000,1010.0000000000,1,,1,1022.7500000000,1042.3000000000,19.5500000000,1100.9500000000,paper_101/ablation/results/50508.out
p5_tpsa_mofe_last_selected_kan_conloss,158,50508,1031.9000000000,1031.9000000000,1,,1,1022.7500000000,1042.3000000000,19.5500000000,1100.9500000000,paper_101/ablation/results/50508.out
p5_tpsa_mofe_last_selected_kan_conloss,159,50508,1040.6000000000,1040.6000000000,1,,1,1022.7500000000,1042.3000000000,19.5500000000,1100.9500000000,paper_101/ablation/results/50508.out
p5_tpsa_mofe_last_selected_kan_conloss,160,50508,1040.2000000000,1040.2000000000,1,,1,1022.7500000000,1042.3000000000,19.5500000000,1100.9500000000,paper_101/ablation/results/50508.out
p5_tpsa_mofe_last_selected_kan_conloss,161,50508,1040.5000000000,1040.5000000000,1,,1,1022.7500000000,1042.3000000000,19.5500000000,1100.9500000000,paper_101/ablation/results/50508.out
p5_tpsa_mofe_last_selected_kan_conloss,162,50508,1038.7000000000,1038.7000000000,1,,1,1022.7500000000,1042.3000000000,19.5500000000,1100.9500000000,paper_101/ablation/results/50508.out
p5_tpsa_mofe_last_selected_kan_conloss,163,50508,1039.7000000000,1039.7000000000,1,,1,1022.7500000000,1042.3000000000,19.5500000000,1100.9500000000,paper_101/ablation/results/50508.out
p5_tpsa_mofe_last_selected_kan_conloss,164,50508,1039.8000000000,1039.8000000000,1,,1,1022.7500000000,1042.3000000000,19.5500000000,1100.9500000000,paper_101/ablation/results/50508.out
p5_tpsa_mofe_last_selected_kan_conloss,165,50508,1035.8000000000,1035.8000000000,1,,1,1022.7500000000,1042.3000000000,19.5500000000,1100.9500000000,paper_101/ablation/results/50508.out
p5_tpsa_mofe_last_selected_kan_conloss,166,50508,1034.3000000000,1034.3000000000,1,,1,1022.7500000000,1042.3000000000,19.5500000000,1100.9500000000,paper_101/ablation/results/50508.out
p5_tpsa_mofe_last_selected_kan_conloss,167,50508,1040.2000000000,1040.2000000000,1,,1,1022.7500000000,1042.3000000000,19.5500000000,1100.9500000000,paper_101/ablation/results/50508.out
p5_tpsa_mofe_last_selected_kan_conloss,168,50508,1040.4000000000,1040.4000000000,1,,1,1022.7500000000,1042.3000000000,19.5500000000,1100.9500000000,paper_101/ablation/results/50508.out
p5_tpsa_mofe_last_selected_kan_conloss,169,50508,1040.2000000000,1040.2000000000,1,,1,1022.7500000000,1042.3000000000,19.5500000000,1100.9500000000,paper_101/ablation/results/50508.out
p5_tpsa_mofe_last_selected_kan_conloss,170,50508,1040.3000000000,1040.3000000000,1,,1,1022.7500000000,1042.3000000000,19.5500000000,1100.9500000000,paper_101/ablation/results/50508.out
p5_tpsa_mofe_last_selected_kan_conloss,171,50508,1041.6000000000,1041.6000000000,1,,1,1022.7500000000,1042.3000000000,19.5500000000,1100.9500000000,paper_101/ablation/results/50508.out
p5_tpsa_mofe_last_selected_kan_conloss,172,50508,1039.6000000000,1039.6000000000,1,,1,1022.7500000000,1042.3000000000,19.5500000000,1100.9500000000,paper_101/ablation/results/50508.out
p5_tpsa_mofe_last_selected_kan_conloss,173,50508,1038.0000000000,1038.0000000000,1,,1,1022.7500000000,1042.3000000000,19.5500000000,1100.9500000000,paper_101/ablation/results/50508.out
p5_tpsa_mofe_last_selected_kan_conloss,174,50508,1040.4000000000,1040.4000000000,1,,1,1022.7500000000,1042.3000000000,19.5500000000,1100.9500000000,paper_101/ablation/results/50508.out
p5_tpsa_mofe_last_selected_kan_conloss,175,50508,1042.2000000000,1042.2000000000,1,,1,1022.7500000000,1042.3000000000,19.5500000000,1100.9500000000,paper_101/ablation/results/50508.out
p5_tpsa_mofe_last_selected_kan_conloss,176,50508,1042.4000000000,1042.4000000000,1,,1,1022.7500000000,1042.3000000000,19.5500000000,1100.9500000000,paper_101/ablation/results/50508.out
p5_tpsa_mofe_last_selected_kan_conloss,177,50508,1041.9000000000,1041.9000000000,1,,1,1022.7500000000,1042.3000000000,19.5500000000,1100.9500000000,paper_101/ablation/results/50508.out
p5_tpsa_mofe_last_selected_kan_conloss,178,50508,1043.0000000000,1043.0000000000,1,,1,1022.7500000000,1042.3000000000,19.5500000000,1100.9500000000,paper_101/ablation/results/50508.out
p5_tpsa_mofe_last_selected_kan_conloss,179,50508,1042.0000000000,1042.0000000000,1,,1,1022.7500000000,1042.3000000000,19.5500000000,1100.9500000000,paper_101/ablation/results/50508.out
p5_tpsa_mofe_last_selected_kan_conloss,180,50508,1012.9000000000,1012.9000000000,1,,1,1022.7500000000,1042.3000000000,19.5500000000,1100.9500000000,paper_101/ablation/results/50508.out
p5_tpsa_mofe_last_selected_kan_conloss,181,50508,1009.6000000000,1009.6000000000,1,,1,1022.7500000000,1042.3000000000,19.5500000000,1100.9500000000,paper_101/ablation/results/50508.out
p5_tpsa_mofe_last_selected_kan_conloss,182,50508,1010.0000000000,1010.0000000000,1,,1,1022.7500000000,1042.3000000000,19.5500000000,1100.9500000000,paper_101/ablation/results/50508.out
p5_tpsa_mofe_last_selected_kan_conloss,183,50508,1009.9000000000,1009.9000000000,1,,1,1022.7500000000,1042.3000000000,19.5500000000,1100.9500000000,paper_101/ablation/results/50508.out
p5_tpsa_mofe_last_selected_kan_conloss,184,50508,1010.7000000000,1010.7000000000,1,,1,1022.7500000000,1042.3000000000,19.5500000000,1100.9500000000,paper_101/ablation/results/50508.out
p5_tpsa_mofe_last_selected_kan_conloss,185,50508,1010.7000000000,1010.7000000000,1,,1,1022.7500000000,1042.3000000000,19.5500000000,1100.9500000000,paper_101/ablation/results/50508.out
p5_tpsa_mofe_last_selected_kan_conloss,186,50508,1031.1000000000,1031.1000000000,1,,1,1022.7500000000,1042.3000000000,19.5500000000,1100.9500000000,paper_101/ablation/results/50508.out
p5_tpsa_mofe_last_selected_kan_conloss,187,50508,1028.1000000000,1028.1000000000,1,,1,1022.7500000000,1042.3000000000,19.5500000000,1100.9500000000,paper_101/ablation/results/50508.out
p5_tpsa_mofe_last_selected_kan_conloss,188,50508,1032.2000000000,1032.2000000000,1,,1,1022.7500000000,1042.3000000000,19.5500000000,1100.9500000000,paper_101/ablation/results/50508.out
p5_tpsa_mofe_last_selected_kan_conloss,189,50508,1027.1000000000,1027.1000000000,1,,1,1022.7500000000,1042.3000000000,19.5500000000,1100.9500000000,paper_101/ablation/results/50508.out
p5_tpsa_mofe_last_selected_kan_conloss,190,50508,1030.3000000000,1030.3000000000,1,,1,1022.7500000000,1042.3000000000,19.5500000000,1100.9500000000,paper_101/ablation/results/50508.out
p5_tpsa_mofe_last_selected_kan_conloss,191,50508,1033.8000000000,1033.8000000000,1,,1,1022.7500000000,1042.3000000000,19.5500000000,1100.9500000000,paper_101/ablation/results/50508.out
p5_tpsa_mofe_last_selected_kan_conloss,192,50508,1036.1000000000,1036.1000000000,1,,1,1022.7500000000,1042.3000000000,19.5500000000,1100.9500000000,paper_101/ablation/results/50508.out
p5_tpsa_mofe_last_selected_kan_conloss,193,50508,1037.9000000000,1037.9000000000,1,,1,1022.7500000000,1042.3000000000,19.5500000000,1100.9500000000,paper_101/ablation/results/50508.out
p5_tpsa_mofe_last_selected_kan_conloss,194,50508,1036.7000000000,1036.7000000000,1,,1,1022.7500000000,1042.3000000000,19.5500000000,1100.9500000000,paper_101/ablation/results/50508.out
p5_tpsa_mofe_last_selected_kan_conloss,195,50508,1038.5000000000,1038.5000000000,1,,1,1022.7500000000,1042.3000000000,19.5500000000,1100.9500000000,paper_101/ablation/results/50508.out
p5_tpsa_mofe_last_selected_kan_conloss,196,50508,1040.5000000000,1040.5000000000,1,,1,1022.7500000000,1042.3000000000,19.5500000000,1100.9500000000,paper_101/ablation/results/50508.out
p5_tpsa_mofe_last_selected_kan_conloss,197,50508,1039.4000000000,1039.4000000000,1,,1,1022.7500000000,1042.3000000000,19.5500000000,1100.9500000000,paper_101/ablation/results/50508.out
p5_tpsa_mofe_last_selected_kan_conloss,198,50508,1037.8000000000,1037.8000000000,1,,1,1022.7500000000,1042.3000000000,19.5500000000,1100.9500000000,paper_101/ablation/results/50508.out
p5_tpsa_mofe_last_selected_kan_conloss,199,50508,1033.0000000000,1033.0000000000,1,,1,1022.7500000000,1042.3000000000,19.5500000000,1100.9500000000,paper_101/ablation/results/50508.out
p5_tpsa_mofe_last_selected_kan_conloss,200,50508,1033.2000000000,1033.2000000000,1,,1,1022.7500000000,1042.3000000000,19.5500000000,1100.9500000000,paper_101/ablation/results/50508.out
p5_tpsa_mofe_last_selected_kan_conloss,201,50508,1030.8000000000,1030.8000000000,1,,1,1022.7500000000,1042.3000000000,19.5500000000,1100.9500000000,paper_101/ablation/results/50508.out
p5_tpsa_mofe_last_selected_kan_conloss,202,50508,1032.0000000000,1032.0000000000,1,,1,1022.7500000000,1042.3000000000,19.5500000000,1100.9500000000,paper_101/ablation/results/50508.out
p5_tpsa_mofe_last_selected_kan_conloss,203,50508,1033.0000000000,1033.0000000000,1,,1,1022.7500000000,1042.3000000000,19.5500000000,1100.9500000000,paper_101/ablation/results/50508.out
p5_tpsa_mofe_last_selected_kan_conloss,204,50508,1032.0000000000,1032.0000000000,1,,1,1022.7500000000,1042.3000000000,19.5500000000,1100.9500000000,paper_101/ablation/results/50508.out
p5_tpsa_mofe_last_selected_kan_conloss,205,50508,1031.8000000000,1031.8000000000,1,,1,1022.7500000000,1042.3000000000,19.5500000000,1100.9500000000,paper_101/ablation/results/50508.out
p5_tpsa_mofe_last_selected_kan_conloss,206,50508,1031.6000000000,1031.6000000000,1,,1,1022.7500000000,1042.3000000000,19.5500000000,1100.9500000000,paper_101/ablation/results/50508.out
p5_tpsa_mofe_last_selected_kan_conloss,207,50508,1033.0000000000,1033.0000000000,1,,1,1022.7500000000,1042.3000000000,19.5500000000,1100.9500000000,paper_101/ablation/results/50508.out
p5_tpsa_mofe_last_selected_kan_conloss,208,50508,1030.6000000000,1030.6000000000,1,,1,1022.7500000000,1042.3000000000,19.5500000000,1100.9500000000,paper_101/ablation/results/50508.out
p5_tpsa_mofe_last_selected_kan_conloss,209,50508,1033.5000000000,1033.5000000000,1,,1,1022.7500000000,1042.3000000000,19.5500000000,1100.9500000000,paper_101/ablation/results/50508.out
p5_tpsa_mofe_last_selected_kan_conloss,210,50508,1032.7000000000,1032.7000000000,1,,1,1022.7500000000,1042.3000000000,19.5500000000,1100.9500000000,paper_101/ablation/results/50508.out
p5_tpsa_mofe_last_selected_kan_conloss,211,50508,1031.9000000000,1031.9000000000,1,,1,1022.7500000000,1042.3000000000,19.5500000000,1100.9500000000,paper_101/ablation/results/50508.out
p5_tpsa_mofe_last_selected_kan_conloss,212,50508,1030.9000000000,1030.9000000000,1,,1,1022.7500000000,1042.3000000000,19.5500000000,1100.9500000000,paper_101/ablation/results/50508.out
p5_tpsa_mofe_last_selected_kan_conloss,213,50508,1032.1000000000,1032.1000000000,1,,1,1022.7500000000,1042.3000000000,19.5500000000,1100.9500000000,paper_101/ablation/results/50508.out
p5_tpsa_mofe_last_selected_kan_conloss,214,50508,1029.7000000000,1029.7000000000,1,,1,1022.7500000000,1042.3000000000,19.5500000000,1100.9500000000,paper_101/ablation/results/50508.out
p5_tpsa_mofe_last_selected_kan_conloss,215,50508,1030.8000000000,1030.8000000000,1,,1,1022.7500000000,1042.3000000000,19.5500000000,1100.9500000000,paper_101/ablation/results/50508.out
p5_tpsa_mofe_last_selected_kan_conloss,216,50508,1030.0000000000,1030.0000000000,1,,1,1022.7500000000,1042.3000000000,19.5500000000,1100.9500000000,paper_101/ablation/results/50508.out
p5_tpsa_mofe_last_selected_kan_conloss,217,50508,1031.2000000000,1031.2000000000,1,,1,1022.7500000000,1042.3000000000,19.5500000000,1100.9500000000,paper_101/ablation/results/50508.out
p5_tpsa_mofe_last_selected_kan_conloss,218,50508,1031.2000000000,1031.2000000000,1,,1,1022.7500000000,1042.3000000000,19.5500000000,1100.9500000000,paper_101/ablation/results/50508.out
p5_tpsa_mofe_last_selected_kan_conloss,219,50508,1033.9000000000,1033.9000000000,1,,1,1022.7500000000,1042.3000000000,19.5500000000,1100.9500000000,paper_101/ablation/results/50508.out
p5_tpsa_mofe_last_selected_kan_conloss,220,50508,1026.0000000000,1026.0000000000,1,,1,1022.7500000000,1042.3000000000,19.5500000000,1100.9500000000,paper_101/ablation/results/50508.out
p5_tpsa_mofe_last_selected_kan_conloss,221,50508,1026.5000000000,1026.5000000000,1,,1,1022.7500000000,1042.3000000000,19.5500000000,1100.9500000000,paper_101/ablation/results/50508.out
p5_tpsa_mofe_last_selected_kan_conloss,222,50508,1026.8000000000,1026.8000000000,1,,1,1022.7500000000,1042.3000000000,19.5500000000,1100.9500000000,paper_101/ablation/results/50508.out
p5_tpsa_mofe_last_selected_kan_conloss,223,50508,1027.2000000000,1027.2000000000,1,,1,1022.7500000000,1042.3000000000,19.5500000000,1100.9500000000,paper_101/ablation/results/50508.out
p5_tpsa_mofe_last_selected_kan_conloss,224,50508,1025.9000000000,1025.9000000000,1,,1,1022.7500000000,1042.3000000000,19.5500000000,1100.9500000000,paper_101/ablation/results/50508.out
p5_tpsa_mofe_last_selected_kan_conloss,225,50508,1025.1000000000,1025.1000000000,1,,1,1022.7500000000,1042.3000000000,19.5500000000,1100.9500000000,paper_101/ablation/results/50508.out
p5_tpsa_mofe_last_selected_kan_conloss,226,50508,1024.4000000000,1024.4000000000,1,,1,1022.7500000000,1042.3000000000,19.5500000000,1100.9500000000,paper_101/ablation/results/50508.out
p5_tpsa_mofe_last_selected_kan_conloss,227,50508,1025.7000000000,1025.7000000000,1,,1,1022.7500000000,1042.3000000000,19.5500000000,1100.9500000000,paper_101/ablation/results/50508.out
p5_tpsa_mofe_last_selected_kan_conloss,228,50508,1027.1000000000,1027.1000000000,1,,1,1022.7500000000,1042.3000000000,19.5500000000,1100.9500000000,paper_101/ablation/results/50508.out
p5_tpsa_mofe_last_selected_kan_conloss,229,50508,1027.0000000000,1027.0000000000,1,,1,1022.7500000000,1042.3000000000,19.5500000000,1100.9500000000,paper_101/ablation/results/50508.out
p5_tpsa_mofe_last_selected_kan_conloss,230,50508,1024.3000000000,1024.3000000000,1,,1,1022.7500000000,1042.3000000000,19.5500000000,1100.9500000000,paper_101/ablation/results/50508.out
p5_tpsa_mofe_last_selected_kan_conloss,231,50508,1040.1000000000,1040.1000000000,1,,1,1022.7500000000,1042.3000000000,19.5500000000,1100.9500000000,paper_101/ablation/results/50508.out
p5_tpsa_mofe_last_selected_kan_conloss,232,50508,1053.6000000000,1053.6000000000,1,,1,1022.7500000000,1042.3000000000,19.5500000000,1100.9500000000,paper_101/ablation/results/50508.out
p5_tpsa_mofe_last_selected_kan_conloss,233,50508,1057.6000000000,1057.6000000000,1,,1,1022.7500000000,1042.3000000000,19.5500000000,1100.9500000000,paper_101/ablation/results/50508.out
p5_tpsa_mofe_last_selected_kan_conloss,234,50508,1053.7000000000,1053.7000000000,1,,1,1022.7500000000,1042.3000000000,19.5500000000,1100.9500000000,paper_101/ablation/results/50508.out
p5_tpsa_mofe_last_selected_kan_conloss,235,50508,1040.3000000000,1040.3000000000,1,,1,1022.7500000000,1042.3000000000,19.5500000000,1100.9500000000,paper_101/ablation/results/50508.out
p5_tpsa_mofe_last_selected_kan_conloss,236,50508,1026.3000000000,1026.3000000000,1,,1,1022.7500000000,1042.3000000000,19.5500000000,1100.9500000000,paper_101/ablation/results/50508.out
p5_tpsa_mofe_last_selected_kan_conloss,237,50508,1025.3000000000,1025.3000000000,1,,1,1022.7500000000,1042.3000000000,19.5500000000,1100.9500000000,paper_101/ablation/results/50508.out
p5_tpsa_mofe_last_selected_kan_conloss,238,50508,1025.6000000000,1025.6000000000,1,,1,1022.7500000000,1042.3000000000,19.5500000000,1100.9500000000,paper_101/ablation/results/50508.out
p5_tpsa_mofe_last_selected_kan_conloss,239,50508,1031.2000000000,1031.2000000000,1,,1,1022.7500000000,1042.3000000000,19.5500000000,1100.9500000000,paper_101/ablation/results/50508.out
p5_tpsa_mofe_last_selected_kan_conloss,240,50508,1027.4000000000,1027.4000000000,1,,1,1022.7500000000,1042.3000000000,19.5500000000,1100.9500000000,paper_101/ablation/results/50508.out
p5_tpsa_mofe_last_selected_kan_conloss,241,50508,1026.7000000000,1026.7000000000,1,,1,1022.7500000000,1042.3000000000,19.5500000000,1100.9500000000,paper_101/ablation/results/50508.out
p5_tpsa_mofe_last_selected_kan_conloss,242,50508,1024.0000000000,1024.0000000000,1,,1,1022.7500000000,1042.3000000000,19.5500000000,1100.9500000000,paper_101/ablation/results/50508.out
p5_tpsa_mofe_last_selected_kan_conloss,243,50508,1025.0000000000,1025.0000000000,1,,1,1022.7500000000,1042.3000000000,19.5500000000,1100.9500000000,paper_101/ablation/results/50508.out
p5_tpsa_mofe_last_selected_kan_conloss,244,50508,1049.3000000000,1049.3000000000,1,,1,1022.7500000000,1042.3000000000,19.5500000000,1100.9500000000,paper_101/ablation/results/50508.out
p5_tpsa_mofe_last_selected_kan_conloss,245,50508,1064.7000000000,1064.7000000000,1,,1,1022.7500000000,1042.3000000000,19.5500000000,1100.9500000000,paper_101/ablation/results/50508.out
p5_tpsa_mofe_last_selected_kan_conloss,246,50508,1026.8000000000,1026.8000000000,1,,1,1022.7500000000,1042.3000000000,19.5500000000,1100.9500000000,paper_101/ablation/results/50508.out
p5_tpsa_mofe_last_selected_kan_conloss,247,50508,1027.2000000000,1027.2000000000,1,,1,1022.7500000000,1042.3000000000,19.5500000000,1100.9500000000,paper_101/ablation/results/50508.out
p5_tpsa_mofe_last_selected_kan_conloss,248,50508,1029.2000000000,1029.2000000000,1,,1,1022.7500000000,1042.3000000000,19.5500000000,1100.9500000000,paper_101/ablation/results/50508.out
p5_tpsa_mofe_last_selected_kan_conloss,249,50508,1027.8000000000,1027.8000000000,1,,1,1022.7500000000,1042.3000000000,19.5500000000,1100.9500000000,paper_101/ablation/results/50508.out
p5_tpsa_mofe_last_selected_kan_conloss,250,50508,1028.0000000000,1028.0000000000,1,,1,1022.7500000000,1042.3000000000,19.5500000000,1100.9500000000,paper_101/ablation/results/50508.out
p5_tpsa_mofe_last_selected_kan_conloss,251,50508,1028.9000000000,1028.9000000000,1,,1,1022.7500000000,1042.3000000000,19.5500000000,1100.9500000000,paper_101/ablation/results/50508.out
p5_tpsa_mofe_last_selected_kan_conloss,252,50508,1028.2000000000,1028.2000000000,1,,1,1022.7500000000,1042.3000000000,19.5500000000,1100.9500000000,paper_101/ablation/results/50508.out
p5_tpsa_mofe_last_selected_kan_conloss,253,50508,1027.0000000000,1027.0000000000,1,,1,1022.7500000000,1042.3000000000,19.5500000000,1100.9500000000,paper_101/ablation/results/50508.out
p5_tpsa_mofe_last_selected_kan_conloss,254,50508,1026.2000000000,1026.2000000000,1,,1,1022.7500000000,1042.3000000000,19.5500000000,1100.9500000000,paper_101/ablation/results/50508.out
p5_tpsa_mofe_last_selected_kan_conloss,255,50508,1026.2000000000,1026.2000000000,1,,1,1022.7500000000,1042.3000000000,19.5500000000,1100.9500000000,paper_101/ablation/results/50508.out
p5_tpsa_mofe_last_selected_kan_conloss,256,50508,1036.4000000000,1036.4000000000,1,,1,1022.7500000000,1042.3000000000,19.5500000000,1100.9500000000,paper_101/ablation/results/50508.out
p5_tpsa_mofe_last_selected_kan_conloss,257,50508,1057.7000000000,1057.7000000000,1,,1,1022.7500000000,1042.3000000000,19.5500000000,1100.9500000000,paper_101/ablation/results/50508.out
p5_tpsa_mofe_last_selected_kan_conloss,258,50508,1055.1000000000,1055.1000000000,1,,1,1022.7500000000,1042.3000000000,19.5500000000,1100.9500000000,paper_101/ablation/results/50508.out
p5_tpsa_mofe_last_selected_kan_conloss,259,50508,1042.8000000000,1042.8000000000,1,,1,1022.7500000000,1042.3000000000,19.5500000000,1100.9500000000,paper_101/ablation/results/50508.out
p5_tpsa_mofe_last_selected_kan_conloss,260,50508,1033.4000000000,1033.4000000000,1,,1,1022.7500000000,1042.3000000000,19.5500000000,1100.9500000000,paper_101/ablation/results/50508.out
p5_tpsa_mofe_last_selected_kan_conloss,261,50508,1034.9000000000,1034.9000000000,1,,1,1022.7500000000,1042.3000000000,19.5500000000,1100.9500000000,paper_101/ablation/results/50508.out
p5_tpsa_mofe_last_selected_kan_conloss,262,50508,1033.3000000000,1033.3000000000,1,,1,1022.7500000000,1042.3000000000,19.5500000000,1100.9500000000,paper_101/ablation/results/50508.out
p5_tpsa_mofe_last_selected_kan_conloss,263,50508,1040.2000000000,1040.2000000000,1,,1,1022.7500000000,1042.3000000000,19.5500000000,1100.9500000000,paper_101/ablation/results/50508.out
p5_tpsa_mofe_last_selected_kan_conloss,264,50508,1041.6000000000,1041.6000000000,1,,1,1022.7500000000,1042.3000000000,19.5500000000,1100.9500000000,paper_101/ablation/results/50508.out
p5_tpsa_mofe_last_selected_kan_conloss,265,50508,1038.3000000000,1038.3000000000,1,,1,1022.7500000000,1042.3000000000,19.5500000000,1100.9500000000,paper_101/ablation/results/50508.out
p5_tpsa_mofe_last_selected_kan_conloss,266,50508,1046.0000000000,1046.0000000000,1,,1,1022.7500000000,1042.3000000000,19.5500000000,1100.9500000000,paper_101/ablation/results/50508.out
p5_tpsa_mofe_last_selected_kan_conloss,267,50508,1036.6000000000,1036.6000000000,1,,1,1022.7500000000,1042.3000000000,19.5500000000,1100.9500000000,paper_101/ablation/results/50508.out
p5_tpsa_mofe_last_selected_kan_conloss,268,50508,1042.7000000000,1042.7000000000,1,,1,1022.7500000000,1042.3000000000,19.5500000000,1100.9500000000,paper_101/ablation/results/50508.out
p5_tpsa_mofe_last_selected_kan_conloss,269,50508,1028.2000000000,1028.2000000000,1,,1,1022.7500000000,1042.3000000000,19.5500000000,1100.9500000000,paper_101/ablation/results/50508.out
p5_tpsa_mofe_last_selected_kan_conloss,270,50508,1027.7000000000,1027.7000000000,1,,1,1022.7500000000,1042.3000000000,19.5500000000,1100.9500000000,paper_101/ablation/results/50508.out
p5_tpsa_mofe_last_selected_kan_conloss,271,50508,1027.9000000000,1027.9000000000,1,,1,1022.7500000000,1042.3000000000,19.5500000000,1100.9500000000,paper_101/ablation/results/50508.out
p5_tpsa_mofe_last_selected_kan_conloss,272,50508,1034.6000000000,1034.6000000000,1,,1,1022.7500000000,1042.3000000000,19.5500000000,1100.9500000000,paper_101/ablation/results/50508.out
p5_tpsa_mofe_last_selected_kan_conloss,273,50508,1035.9000000000,1035.9000000000,1,,1,1022.7500000000,1042.3000000000,19.5500000000,1100.9500000000,paper_101/ablation/results/50508.out
p5_tpsa_mofe_last_selected_kan_conloss,274,50508,1034.2000000000,1034.2000000000,1,,1,1022.7500000000,1042.3000000000,19.5500000000,1100.9500000000,paper_101/ablation/results/50508.out
p5_tpsa_mofe_last_selected_kan_conloss,275,50508,1036.7000000000,1036.7000000000,1,,1,1022.7500000000,1042.3000000000,19.5500000000,1100.9500000000,paper_101/ablation/results/50508.out
p5_tpsa_mofe_last_selected_kan_conloss,276,50508,1033.1000000000,1033.1000000000,1,,1,1022.7500000000,1042.3000000000,19.5500000000,1100.9500000000,paper_101/ablation/results/50508.out
p5_tpsa_mofe_last_selected_kan_conloss,277,50508,1033.7000000000,1033.7000000000,1,,1,1022.7500000000,1042.3000000000,19.5500000000,1100.9500000000,paper_101/ablation/results/50508.out
p5_tpsa_mofe_last_selected_kan_conloss,278,50508,1031.6000000000,1031.6000000000,1,,1,1022.7500000000,1042.3000000000,19.5500000000,1100.9500000000,paper_101/ablation/results/50508.out
p5_tpsa_mofe_last_selected_kan_conloss,279,50508,1036.2000000000,1036.2000000000,1,,1,1022.7500000000,1042.3000000000,19.5500000000,1100.9500000000,paper_101/ablation/results/50508.out
p5_tpsa_mofe_last_selected_kan_conloss,280,50508,1034.6000000000,1034.6000000000,1,,1,1022.7500000000,1042.3000000000,19.5500000000,1100.9500000000,paper_101/ablation/results/50508.out
p5_tpsa_mofe_last_selected_kan_conloss,281,50508,1042.7000000000,1042.7000000000,1,,1,1022.7500000000,1042.3000000000,19.5500000000,1100.9500000000,paper_101/ablation/results/50508.out
p5_tpsa_mofe_last_selected_kan_conloss,282,50508,1046.4000000000,1046.4000000000,1,,1,1022.7500000000,1042.3000000000,19.5500000000,1100.9500000000,paper_101/ablation/results/50508.out
p5_tpsa_mofe_last_selected_kan_conloss,283,50508,1042.0000000000,1042.0000000000,1,,1,1022.7500000000,1042.3000000000,19.5500000000,1100.9500000000,paper_101/ablation/results/50508.out
p5_tpsa_mofe_last_selected_kan_conloss,284,50508,1039.6000000000,1039.6000000000,1,,1,1022.7500000000,1042.3000000000,19.5500000000,1100.9500000000,paper_101/ablation/results/50508.out
p5_tpsa_mofe_last_selected_kan_conloss,285,50508,1041.2000000000,1041.2000000000,1,,1,1022.7500000000,1042.3000000000,19.5500000000,1100.9500000000,paper_101/ablation/results/50508.out
p5_tpsa_mofe_last_selected_kan_conloss,286,50508,1040.1000000000,1040.1000000000,1,,1,1022.7500000000,1042.3000000000,19.5500000000,1100.9500000000,paper_101/ablation/results/50508.out
p5_tpsa_mofe_last_selected_kan_conloss,287,50508,1038.4000000000,1038.4000000000,1,,1,1022.7500000000,1042.3000000000,19.5500000000,1100.9500000000,paper_101/ablation/results/50508.out
p5_tpsa_mofe_last_selected_kan_conloss,288,50508,1037.9000000000,1037.9000000000,1,,1,1022.7500000000,1042.3000000000,19.5500000000,1100.9500000000,paper_101/ablation/results/50508.out
p5_tpsa_mofe_last_selected_kan_conloss,289,50508,1036.3000000000,1036.3000000000,1,,1,1022.7500000000,1042.3000000000,19.5500000000,1100.9500000000,paper_101/ablation/results/50508.out
p5_tpsa_mofe_last_selected_kan_conloss,290,50508,1037.2000000000,1037.2000000000,1,,1,1022.7500000000,1042.3000000000,19.5500000000,1100.9500000000,paper_101/ablation/results/50508.out
p5_tpsa_mofe_last_selected_kan_conloss,291,50508,1037.4000000000,1037.4000000000,1,,1,1022.7500000000,1042.3000000000,19.5500000000,1100.9500000000,paper_101/ablation/results/50508.out
p5_tpsa_mofe_last_selected_kan_conloss,292,50508,1037.0000000000,1037.0000000000,1,,1,1022.7500000000,1042.3000000000,19.5500000000,1100.9500000000,paper_101/ablation/results/50508.out
p5_tpsa_mofe_last_selected_kan_conloss,293,50508,1038.0000000000,1038.0000000000,1,,1,1022.7500000000,1042.3000000000,19.5500000000,1100.9500000000,paper_101/ablation/results/50508.out
p5_tpsa_mofe_last_selected_kan_conloss,294,50508,1039.3000000000,1039.3000000000,1,,1,1022.7500000000,1042.3000000000,19.5500000000,1100.9500000000,paper_101/ablation/results/50508.out
p5_tpsa_mofe_last_selected_kan_conloss,295,50508,1039.1000000000,1039.1000000000,1,,1,1022.7500000000,1042.3000000000,19.5500000000,1100.9500000000,paper_101/ablation/results/50508.out
p5_tpsa_mofe_last_selected_kan_conloss,296,50508,1040.0000000000,1040.0000000000,1,,1,1022.7500000000,1042.3000000000,19.5500000000,1100.9500000000,paper_101/ablation/results/50508.out
p5_tpsa_mofe_last_selected_kan_conloss,297,50508,1038.5000000000,1038.5000000000,1,,1,1022.7500000000,1042.3000000000,19.5500000000,1100.9500000000,paper_101/ablation/results/50508.out
p5_tpsa_mofe_last_selected_kan_conloss,298,50508,1036.7000000000,1036.7000000000,1,,1,1022.7500000000,1042.3000000000,19.5500000000,1100.9500000000,paper_101/ablation/results/50508.out
p5_tpsa_mofe_last_selected_kan_conloss,299,50508,1041.6000000000,1041.6000000000,1,,1,1022.7500000000,1042.3000000000,19.5500000000,1100.9500000000,paper_101/ablation/results/50508.out
p5_tpsa_mofe_last_selected_kan_conloss,300,50508,1046.2000000000,1046.2000000000,1,,1,1022.7500000000,1042.3000000000,19.5500000000,1100.9500000000,paper_101/ablation/results/50508.out
