model,checkpoint,protocol,partition,ablation_role,dataset,fold,seed,auc,completion,source_csv,source_log
p3_base_vanilla_n8aligned,p3_base_vanilla,final_n8,none,Base,bbbp,1,42,0.9258623381,complete_fold,MoleSG/Downstream/Result/bbbp/best_test_result_p3_base_vanilla_n8aligned_bbbp_fold_1.csv,
p3_base_vanilla_n8aligned,p3_base_vanilla,final_n8,none,Base,bbbp,2,43,0.9674463938,complete_fold,MoleSG/Downstream/Result/bbbp/best_test_result_p3_base_vanilla_n8aligned_bbbp_fold_2.csv,
p3_base_vanilla_n8aligned,p3_base_vanilla,final_n8,none,Base,bbbp,3,44,0.9361504095,complete_fold,MoleSG/Downstream/Result/bbbp/best_test_result_p3_base_vanilla_n8aligned_bbbp_fold_3.csv,
p3_base_vanilla_n8aligned,p3_base_vanilla,final_n8,none,Base,bbbp,4,45,0.9467105263,complete_fold,MoleSG/Downstream/Result/bbbp/best_test_result_p3_base_vanilla_n8aligned_bbbp_fold_4.csv,
p3_base_vanilla_n8aligned,p3_base_vanilla,final_n8,none,Base,bbbp,5,46,0.9659151906,complete_fold,MoleSG/Downstream/Result/bbbp/best_test_result_p3_base_vanilla_n8aligned_bbbp_fold_5.csv,
p3_base_vanilla_n8aligned,p3_base_vanilla,final_n8,none,Base,tox21,1,42,0.7973640151,complete_fold,MoleSG/Downstream/Result/tox21/best_test_result_p3_base_vanilla_n8aligned_tox21_fold_1.csv,
p3_base_vanilla_n8aligned,p3_base_vanilla,final_n8,none,Base,tox21,2,43,0.8288278107,complete_fold,MoleSG/Downstream/Result/tox21/best_test_result_p3_base_vanilla_n8aligned_tox21_fold_2.csv,
p3_base_vanilla_n8aligned,p3_base_vanilla,final_n8,none,Base,tox21,3,44,0.7960604916,complete_fold,MoleSG/Downstream/Result/tox21/best_test_result_p3_base_vanilla_n8aligned_tox21_fold_3.csv,
p3_base_vanilla_n8aligned,p3_base_vanilla,final_n8,none,Base,tox21,4,45,0.8410059592,complete_fold,MoleSG/Downstream/Result/tox21/best_test_result_p3_base_vanilla_n8aligned_tox21_fold_4.csv,
p3_base_vanilla_n8aligned,p3_base_vanilla,final_n8,none,Base,tox21,5,46,0.8149295122,complete_fold,MoleSG/Downstream/Result/tox21/best_test_result_p3_base_vanilla_n8aligned_tox21_fold_5.csv,
p3_base_vanilla_n8aligned,p3_base_vanilla,final_n8,none,Base,toxcast,1,42,0.7058665428,complete_fold,MoleSG/Downstream/Result/toxcast/best_test_result_p3_base_vanilla_n8aligned_toxcast_fold_1.csv,
p3_base_vanilla_n8aligned,p3_base_vanilla,final_n8,none,Base,toxcast,2,43,0.7010196693,complete_fold,MoleSG/Downstream/Result/toxcast/best_test_result_p3_base_vanilla_n8aligned_toxcast_fold_2.csv,
p3_base_vanilla_n8aligned,p3_base_vanilla,final_n8,none,Base,toxcast,3,44,0.6708545306,complete_fold,MoleSG/Downstream/Result/toxcast/best_test_result_p3_base_vanilla_n8aligned_toxcast_fold_3.csv,
p3_base_vanilla_n8aligned,p3_base_vanilla,final_n8,none,Base,toxcast,4,45,0.7051096923,complete_fold,MoleSG/Downstream/Result/toxcast/best_test_result_p3_base_vanilla_n8aligned_toxcast_fold_4.csv,
p3_base_vanilla_n8aligned,p3_base_vanilla,final_n8,none,Base,toxcast,5,46,0.6951523150,complete_fold,MoleSG/Downstream/Result/toxcast/best_test_result_p3_base_vanilla_n8aligned_toxcast_fold_5.csv,
p3_base_vanilla_n8aligned,p3_base_vanilla,final_n8,none,Base,sider,1,42,0.5908625833,complete_fold,MoleSG/Downstream/Result/sider/best_test_result_p3_base_vanilla_n8aligned_sider_fold_1.csv,
p3_base_vanilla_n8aligned,p3_base_vanilla,final_n8,none,Base,sider,2,43,0.6599681120,complete_fold,MoleSG/Downstream/Result/sider/best_test_result_p3_base_vanilla_n8aligned_sider_fold_2.csv,
p3_base_vanilla_n8aligned,p3_base_vanilla,final_n8,none,Base,sider,3,44,0.6386584159,complete_fold,MoleSG/Downstream/Result/sider/best_test_result_p3_base_vanilla_n8aligned_sider_fold_3.csv,
p3_base_vanilla_n8aligned,p3_base_vanilla,final_n8,none,Base,sider,4,45,0.6431619744,complete_fold,MoleSG/Downstream/Result/sider/best_test_result_p3_base_vanilla_n8aligned_sider_fold_4.csv,
p3_base_vanilla_n8aligned,p3_base_vanilla,final_n8,none,Base,sider,5,46,0.6222885253,complete_fold,MoleSG/Downstream/Result/sider/best_test_result_p3_base_vanilla_n8aligned_sider_fold_5.csv,
p3_base_vanilla_n8aligned,p3_base_vanilla,final_n8,none,Base,clintox,1,42,0.7914221403,complete_fold,MoleSG/Downstream/Result/clintox/best_test_result_p3_base_vanilla_n8aligned_clintox_fold_1.csv,
p3_base_vanilla_n8aligned,p3_base_vanilla,final_n8,none,Base,clintox,2,43,0.8884522729,complete_fold,MoleSG/Downstream/Result/clintox/best_test_result_p3_base_vanilla_n8aligned_clintox_fold_2.csv,
p3_base_vanilla_n8aligned,p3_base_vanilla,final_n8,none,Base,clintox,3,44,0.9056936824,complete_fold,MoleSG/Downstream/Result/clintox/best_test_result_p3_base_vanilla_n8aligned_clintox_fold_3.csv,
p3_base_vanilla_n8aligned,p3_base_vanilla,final_n8,none,Base,clintox,4,45,0.8422579576,complete_fold,MoleSG/Downstream/Result/clintox/best_test_result_p3_base_vanilla_n8aligned_clintox_fold_4.csv,
p3_base_vanilla_n8aligned,p3_base_vanilla,final_n8,none,Base,clintox,5,46,0.8269885540,complete_fold,MoleSG/Downstream/Result/clintox/best_test_result_p3_base_vanilla_n8aligned_clintox_fold_5.csv,
p3_base_vanilla_n8aligned,p3_base_vanilla,final_n8,none,Base,bace,1,42,0.8843137255,complete_fold,MoleSG/Downstream/Result/bace/best_test_result_p3_base_vanilla_n8aligned_bace_fold_1.csv,
p3_base_vanilla_n8aligned,p3_base_vanilla,final_n8,none,Base,bace,2,43,0.8392307692,complete_fold,MoleSG/Downstream/Result/bace/best_test_result_p3_base_vanilla_n8aligned_bace_fold_2.csv,
p3_base_vanilla_n8aligned,p3_base_vanilla,final_n8,none,Base,bace,3,44,0.8940170940,complete_fold,MoleSG/Downstream/Result/bace/best_test_result_p3_base_vanilla_n8aligned_bace_fold_3.csv,
p3_base_vanilla_n8aligned,p3_base_vanilla,final_n8,none,Base,bace,4,45,0.8246153846,complete_fold,MoleSG/Downstream/Result/bace/best_test_result_p3_base_vanilla_n8aligned_bace_fold_4.csv,
p3_base_vanilla_n8aligned,p3_base_vanilla,final_n8,none,Base,bace,5,46,0.9479246244,complete_fold,MoleSG/Downstream/Result/bace/best_test_result_p3_base_vanilla_n8aligned_bace_fold_5.csv,
p3_base_vanilla_n8aligned,p3_base_vanilla,final_n8,none,Base,hiv,1,42,0.7597804495,complete_fold,MoleSG/Downstream/Result/hiv/best_test_result_p3_base_vanilla_n8aligned_hiv_fold_1.csv,
p3_base_vanilla_n8aligned,p3_base_vanilla,final_n8,none,Base,hiv,2,43,0.8422827277,complete_fold,MoleSG/Downstream/Result/hiv/best_test_result_p3_base_vanilla_n8aligned_hiv_fold_2.csv,
p3_base_vanilla_n8aligned,p3_base_vanilla,final_n8,none,Base,hiv,3,44,0.7847022025,complete_fold,MoleSG/Downstream/Result/hiv/best_test_result_p3_base_vanilla_n8aligned_hiv_fold_3.csv,
p3_base_vanilla_n8aligned,p3_base_vanilla,final_n8,none,Base,hiv,4,45,0.8116396043,complete_fold,MoleSG/Downstream/Result/hiv/best_test_result_p3_base_vanilla_n8aligned_hiv_fold_4.csv,
p3_base_vanilla_n8aligned,p3_base_vanilla,final_n8,none,Base,hiv,5,46,0.7836435575,complete_fold,MoleSG/Downstream/Result/hiv/best_test_result_p3_base_vanilla_n8aligned_hiv_fold_5.csv,
p3_base_vanilla_n8aligned,p3_base_vanilla,final_n8,none,Base,muv,1,42,0.7802487674,complete_fold,MoleSG/Downstream/Result/muv/best_test_result_p3_base_vanilla_n8aligned_muv_fold_1.csv,
p3_base_vanilla_n8aligned,p3_base_vanilla,final_n8,none,Base,muv,2,43,0.7690484405,complete_fold,MoleSG/Downstream/Result/muv/best_test_result_p3_base_vanilla_n8aligned_muv_fold_2.csv,
p3_base_vanilla_n8aligned,p3_base_vanilla,final_n8,none,Base,muv,3,44,0.7100758073,complete_fold,MoleSG/Downstream/Result/muv/best_test_result_p3_base_vanilla_n8aligned_muv_fold_3.csv,
p3_base_vanilla_n8aligned,p3_base_vanilla,final_n8,none,Base,muv,4,45,0.8371338794,complete_fold,MoleSG/Downstream/Result/muv/best_test_result_p3_base_vanilla_n8aligned_muv_fold_4.csv,
p3_base_vanilla_n8aligned,p3_base_vanilla,final_n8,none,Base,muv,5,46,0.7638290819,complete_fold,MoleSG/Downstream/Result/muv/best_test_result_p3_base_vanilla_n8aligned_muv_fold_5.csv,
p3_tpsa_mofe_last_ffn_n8aligned,p3_tpsa_mofe_last_ffn,final_n8,tpsa,I1,bbbp,1,42,0.9274231310,complete_fold,MoleSG/Downstream/Result/bbbp/best_test_result_p3_tpsa_mofe_last_ffn_n8aligned_bbbp_fold_1.csv,
p3_tpsa_mofe_last_ffn_n8aligned,p3_tpsa_mofe_last_ffn,final_n8,tpsa,I1,bbbp,2,43,0.9665367122,complete_fold,MoleSG/Downstream/Result/bbbp/best_test_result_p3_tpsa_mofe_last_ffn_n8aligned_bbbp_fold_2.csv,
p3_tpsa_mofe_last_ffn_n8aligned,p3_tpsa_mofe_last_ffn,final_n8,tpsa,I1,bbbp,3,44,0.9253536858,complete_fold,MoleSG/Downstream/Result/bbbp/best_test_result_p3_tpsa_mofe_last_ffn_n8aligned_bbbp_fold_3.csv,
p3_tpsa_mofe_last_ffn_n8aligned,p3_tpsa_mofe_last_ffn,final_n8,tpsa,I1,bbbp,4,45,0.9337171053,complete_fold,MoleSG/Downstream/Result/bbbp/best_test_result_p3_tpsa_mofe_last_ffn_n8aligned_bbbp_fold_4.csv,
p3_tpsa_mofe_last_ffn_n8aligned,p3_tpsa_mofe_last_ffn,final_n8,tpsa,I1,bbbp,5,46,0.9698067633,complete_fold,MoleSG/Downstream/Result/bbbp/best_test_result_p3_tpsa_mofe_last_ffn_n8aligned_bbbp_fold_5.csv,
p3_tpsa_mofe_last_ffn_n8aligned,p3_tpsa_mofe_last_ffn,final_n8,tpsa,I1,tox21,1,42,0.7806353746,complete_fold,MoleSG/Downstream/Result/tox21/best_test_result_p3_tpsa_mofe_last_ffn_n8aligned_tox21_fold_1.csv,
p3_tpsa_mofe_last_ffn_n8aligned,p3_tpsa_mofe_last_ffn,final_n8,tpsa,I1,tox21,2,43,0.8279396443,complete_fold,MoleSG/Downstream/Result/tox21/best_test_result_p3_tpsa_mofe_last_ffn_n8aligned_tox21_fold_2.csv,
p3_tpsa_mofe_last_ffn_n8aligned,p3_tpsa_mofe_last_ffn,final_n8,tpsa,I1,tox21,3,44,0.7906333202,complete_fold,MoleSG/Downstream/Result/tox21/best_test_result_p3_tpsa_mofe_last_ffn_n8aligned_tox21_fold_3.csv,
p3_tpsa_mofe_last_ffn_n8aligned,p3_tpsa_mofe_last_ffn,final_n8,tpsa,I1,tox21,4,45,0.8203803969,complete_fold,MoleSG/Downstream/Result/tox21/best_test_result_p3_tpsa_mofe_last_ffn_n8aligned_tox21_fold_4.csv,
p3_tpsa_mofe_last_ffn_n8aligned,p3_tpsa_mofe_last_ffn,final_n8,tpsa,I1,tox21,5,46,0.7984128160,complete_fold,MoleSG/Downstream/Result/tox21/best_test_result_p3_tpsa_mofe_last_ffn_n8aligned_tox21_fold_5.csv,
p3_tpsa_mofe_last_ffn_n8aligned,p3_tpsa_mofe_last_ffn,final_n8,tpsa,I1,toxcast,1,42,0.7189593382,complete_fold,MoleSG/Downstream/Result/toxcast/best_test_result_p3_tpsa_mofe_last_ffn_n8aligned_toxcast_fold_1.csv,
p3_tpsa_mofe_last_ffn_n8aligned,p3_tpsa_mofe_last_ffn,final_n8,tpsa,I1,toxcast,2,43,0.7049292338,complete_fold,MoleSG/Downstream/Result/toxcast/best_test_result_p3_tpsa_mofe_last_ffn_n8aligned_toxcast_fold_2.csv,
p3_tpsa_mofe_last_ffn_n8aligned,p3_tpsa_mofe_last_ffn,final_n8,tpsa,I1,toxcast,3,44,0.6694520096,complete_fold,MoleSG/Downstream/Result/toxcast/best_test_result_p3_tpsa_mofe_last_ffn_n8aligned_toxcast_fold_3.csv,
p3_tpsa_mofe_last_ffn_n8aligned,p3_tpsa_mofe_last_ffn,final_n8,tpsa,I1,toxcast,4,45,0.7024636838,complete_fold,MoleSG/Downstream/Result/toxcast/best_test_result_p3_tpsa_mofe_last_ffn_n8aligned_toxcast_fold_4.csv,
p3_tpsa_mofe_last_ffn_n8aligned,p3_tpsa_mofe_last_ffn,final_n8,tpsa,I1,toxcast,5,46,0.6662660561,complete_fold,MoleSG/Downstream/Result/toxcast/best_test_result_p3_tpsa_mofe_last_ffn_n8aligned_toxcast_fold_5.csv,
p3_tpsa_mofe_last_ffn_n8aligned,p3_tpsa_mofe_last_ffn,final_n8,tpsa,I1,sider,1,42,0.5812956031,complete_fold,MoleSG/Downstream/Result/sider/best_test_result_p3_tpsa_mofe_last_ffn_n8aligned_sider_fold_1.csv,
p3_tpsa_mofe_last_ffn_n8aligned,p3_tpsa_mofe_last_ffn,final_n8,tpsa,I1,sider,2,43,0.6503605383,complete_fold,MoleSG/Downstream/Result/sider/best_test_result_p3_tpsa_mofe_last_ffn_n8aligned_sider_fold_2.csv,
p3_tpsa_mofe_last_ffn_n8aligned,p3_tpsa_mofe_last_ffn,final_n8,tpsa,I1,sider,3,44,0.6409278996,complete_fold,MoleSG/Downstream/Result/sider/best_test_result_p3_tpsa_mofe_last_ffn_n8aligned_sider_fold_3.csv,
p3_tpsa_mofe_last_ffn_n8aligned,p3_tpsa_mofe_last_ffn,final_n8,tpsa,I1,sider,4,45,0.6320823211,complete_fold,MoleSG/Downstream/Result/sider/best_test_result_p3_tpsa_mofe_last_ffn_n8aligned_sider_fold_4.csv,
p3_tpsa_mofe_last_ffn_n8aligned,p3_tpsa_mofe_last_ffn,final_n8,tpsa,I1,sider,5,46,0.6124674569,complete_fold,MoleSG/Downstream/Result/sider/best_test_result_p3_tpsa_mofe_last_ffn_n8aligned_sider_fold_5.csv,
p3_tpsa_mofe_last_ffn_n8aligned,p3_tpsa_mofe_last_ffn,final_n8,tpsa,I1,clintox,1,42,0.8768801413,complete_fold,MoleSG/Downstream/Result/clintox/best_test_result_p3_tpsa_mofe_last_ffn_n8aligned_clintox_fold_1.csv,
p3_tpsa_mofe_last_ffn_n8aligned,p3_tpsa_mofe_last_ffn,final_n8,tpsa,I1,clintox,2,43,0.9384236453,complete_fold,MoleSG/Downstream/Result/clintox/best_test_result_p3_tpsa_mofe_last_ffn_n8aligned_clintox_fold_2.csv,
p3_tpsa_mofe_last_ffn_n8aligned,p3_tpsa_mofe_last_ffn,final_n8,tpsa,I1,clintox,3,44,0.9428065992,complete_fold,MoleSG/Downstream/Result/clintox/best_test_result_p3_tpsa_mofe_last_ffn_n8aligned_clintox_fold_3.csv,
p3_tpsa_mofe_last_ffn_n8aligned,p3_tpsa_mofe_last_ffn,final_n8,tpsa,I1,clintox,4,45,0.8977621766,complete_fold,MoleSG/Downstream/Result/clintox/best_test_result_p3_tpsa_mofe_last_ffn_n8aligned_clintox_fold_4.csv,
p3_tpsa_mofe_last_ffn_n8aligned,p3_tpsa_mofe_last_ffn,final_n8,tpsa,I1,clintox,5,46,0.8364815754,complete_fold,MoleSG/Downstream/Result/clintox/best_test_result_p3_tpsa_mofe_last_ffn_n8aligned_clintox_fold_5.csv,
p3_tpsa_mofe_last_ffn_n8aligned,p3_tpsa_mofe_last_ffn,final_n8,tpsa,I1,bace,1,42,0.8720588235,complete_fold,MoleSG/Downstream/Result/bace/best_test_result_p3_tpsa_mofe_last_ffn_n8aligned_bace_fold_1.csv,
p3_tpsa_mofe_last_ffn_n8aligned,p3_tpsa_mofe_last_ffn,final_n8,tpsa,I1,bace,2,43,0.8402564103,complete_fold,MoleSG/Downstream/Result/bace/best_test_result_p3_tpsa_mofe_last_ffn_n8aligned_bace_fold_2.csv,
p3_tpsa_mofe_last_ffn_n8aligned,p3_tpsa_mofe_last_ffn,final_n8,tpsa,I1,bace,3,44,0.8769230769,complete_fold,MoleSG/Downstream/Result/bace/best_test_result_p3_tpsa_mofe_last_ffn_n8aligned_bace_fold_3.csv,
p3_tpsa_mofe_last_ffn_n8aligned,p3_tpsa_mofe_last_ffn,final_n8,tpsa,I1,bace,4,45,0.8371794872,complete_fold,MoleSG/Downstream/Result/bace/best_test_result_p3_tpsa_mofe_last_ffn_n8aligned_bace_fold_4.csv,
p3_tpsa_mofe_last_ffn_n8aligned,p3_tpsa_mofe_last_ffn,final_n8,tpsa,I1,bace,5,46,0.9283167813,complete_fold,MoleSG/Downstream/Result/bace/best_test_result_p3_tpsa_mofe_last_ffn_n8aligned_bace_fold_5.csv,
p3_tpsa_mofe_last_ffn_n8aligned,p3_tpsa_mofe_last_ffn,final_n8,tpsa,I1,hiv,1,42,0.7678032718,complete_fold,MoleSG/Downstream/Result/hiv/best_test_result_p3_tpsa_mofe_last_ffn_n8aligned_hiv_fold_1.csv,
p3_tpsa_mofe_last_ffn_n8aligned,p3_tpsa_mofe_last_ffn,final_n8,tpsa,I1,hiv,2,43,0.8008399868,complete_fold,MoleSG/Downstream/Result/hiv/best_test_result_p3_tpsa_mofe_last_ffn_n8aligned_hiv_fold_2.csv,
p3_tpsa_mofe_last_ffn_n8aligned,p3_tpsa_mofe_last_ffn,final_n8,tpsa,I1,hiv,3,44,0.7847852937,complete_fold,MoleSG/Downstream/Result/hiv/best_test_result_p3_tpsa_mofe_last_ffn_n8aligned_hiv_fold_3.csv,
p3_tpsa_mofe_last_ffn_n8aligned,p3_tpsa_mofe_last_ffn,final_n8,tpsa,I1,hiv,4,45,0.7669958789,complete_fold,MoleSG/Downstream/Result/hiv/best_test_result_p3_tpsa_mofe_last_ffn_n8aligned_hiv_fold_4.csv,
p3_tpsa_mofe_last_ffn_n8aligned,p3_tpsa_mofe_last_ffn,final_n8,tpsa,I1,hiv,5,46,0.7393157532,complete_fold,MoleSG/Downstream/Result/hiv/best_test_result_p3_tpsa_mofe_last_ffn_n8aligned_hiv_fold_5.csv,
p3_tpsa_mofe_last_ffn_n8aligned,p3_tpsa_mofe_last_ffn,final_n8,tpsa,I1,muv,1,42,0.7020115633,complete_fold,MoleSG/Downstream/Result/muv/best_test_result_p3_tpsa_mofe_last_ffn_n8aligned_muv_fold_1.csv,
p3_tpsa_mofe_last_ffn_n8aligned,p3_tpsa_mofe_last_ffn,final_n8,tpsa,I1,muv,2,43,0.7713566264,complete_fold,MoleSG/Downstream/Result/muv/best_test_result_p3_tpsa_mofe_last_ffn_n8aligned_muv_fold_2.csv,
p3_tpsa_mofe_last_ffn_n8aligned,p3_tpsa_mofe_last_ffn,final_n8,tpsa,I1,muv,3,44,0.7093350894,complete_fold,MoleSG/Downstream/Result/muv/best_test_result_p3_tpsa_mofe_last_ffn_n8aligned_muv_fold_3.csv,
p3_tpsa_mofe_last_ffn_n8aligned,p3_tpsa_mofe_last_ffn,final_n8,tpsa,I1,muv,4,45,0.8062230081,complete_fold,MoleSG/Downstream/Result/muv/best_test_result_p3_tpsa_mofe_last_ffn_n8aligned_muv_fold_4.csv,
p3_tpsa_mofe_last_ffn_n8aligned,p3_tpsa_mofe_last_ffn,final_n8,tpsa,I1,muv,5,46,0.6810191797,complete_fold,MoleSG/Downstream/Result/muv/best_test_result_p3_tpsa_mofe_last_ffn_n8aligned_muv_fold_5.csv,
p3_logp_mofe_last_ffn_n8aligned,p3_logp_mofe_last_ffn,final_n8,logp,I1,bbbp,1,42,0.9356953332,complete_fold,MoleSG/Downstream/Result/bbbp/best_test_result_p3_logp_mofe_last_ffn_n8aligned_bbbp_fold_1.csv,
p3_logp_mofe_last_ffn_n8aligned,p3_logp_mofe_last_ffn,final_n8,logp,I1,bbbp,2,43,0.9370370370,complete_fold,MoleSG/Downstream/Result/bbbp/best_test_result_p3_logp_mofe_last_ffn_n8aligned_bbbp_fold_2.csv,
p3_logp_mofe_last_ffn_n8aligned,p3_logp_mofe_last_ffn,final_n8,logp,I1,bbbp,3,44,0.8899851080,complete_fold,MoleSG/Downstream/Result/bbbp/best_test_result_p3_logp_mofe_last_ffn_n8aligned_bbbp_fold_3.csv,
p3_logp_mofe_last_ffn_n8aligned,p3_logp_mofe_last_ffn,final_n8,logp,I1,bbbp,4,45,0.9251644737,complete_fold,MoleSG/Downstream/Result/bbbp/best_test_result_p3_logp_mofe_last_ffn_n8aligned_bbbp_fold_4.csv,
p3_logp_mofe_last_ffn_n8aligned,p3_logp_mofe_last_ffn,final_n8,logp,I1,bbbp,5,46,0.9604133119,complete_fold,MoleSG/Downstream/Result/bbbp/best_test_result_p3_logp_mofe_last_ffn_n8aligned_bbbp_fold_5.csv,
p3_logp_mofe_last_ffn_n8aligned,p3_logp_mofe_last_ffn,final_n8,logp,I1,tox21,1,42,0.7921456487,complete_fold,MoleSG/Downstream/Result/tox21/best_test_result_p3_logp_mofe_last_ffn_n8aligned_tox21_fold_1.csv,
p3_logp_mofe_last_ffn_n8aligned,p3_logp_mofe_last_ffn,final_n8,logp,I1,tox21,2,43,0.8186041941,complete_fold,MoleSG/Downstream/Result/tox21/best_test_result_p3_logp_mofe_last_ffn_n8aligned_tox21_fold_2.csv,
p3_logp_mofe_last_ffn_n8aligned,p3_logp_mofe_last_ffn,final_n8,logp,I1,tox21,3,44,0.7900309570,complete_fold,MoleSG/Downstream/Result/tox21/best_test_result_p3_logp_mofe_last_ffn_n8aligned_tox21_fold_3.csv,
p3_logp_mofe_last_ffn_n8aligned,p3_logp_mofe_last_ffn,final_n8,logp,I1,tox21,4,45,0.8225265440,complete_fold,MoleSG/Downstream/Result/tox21/best_test_result_p3_logp_mofe_last_ffn_n8aligned_tox21_fold_4.csv,
p3_logp_mofe_last_ffn_n8aligned,p3_logp_mofe_last_ffn,final_n8,logp,I1,tox21,5,46,0.8063741666,complete_fold,MoleSG/Downstream/Result/tox21/best_test_result_p3_logp_mofe_last_ffn_n8aligned_tox21_fold_5.csv,
p3_logp_mofe_last_ffn_n8aligned,p3_logp_mofe_last_ffn,final_n8,logp,I1,toxcast,1,42,0.7145284414,complete_fold,MoleSG/Downstream/Result/toxcast/best_test_result_p3_logp_mofe_last_ffn_n8aligned_toxcast_fold_1.csv,
p3_logp_mofe_last_ffn_n8aligned,p3_logp_mofe_last_ffn,final_n8,logp,I1,toxcast,2,43,0.6997449655,complete_fold,MoleSG/Downstream/Result/toxcast/best_test_result_p3_logp_mofe_last_ffn_n8aligned_toxcast_fold_2.csv,
p3_logp_mofe_last_ffn_n8aligned,p3_logp_mofe_last_ffn,final_n8,logp,I1,toxcast,3,44,0.6650004182,complete_fold,MoleSG/Downstream/Result/toxcast/best_test_result_p3_logp_mofe_last_ffn_n8aligned_toxcast_fold_3.csv,
p3_logp_mofe_last_ffn_n8aligned,p3_logp_mofe_last_ffn,final_n8,logp,I1,toxcast,4,45,0.7110031707,complete_fold,MoleSG/Downstream/Result/toxcast/best_test_result_p3_logp_mofe_last_ffn_n8aligned_toxcast_fold_4.csv,
p3_logp_mofe_last_ffn_n8aligned,p3_logp_mofe_last_ffn,final_n8,logp,I1,toxcast,5,46,0.6679053984,complete_fold,MoleSG/Downstream/Result/toxcast/best_test_result_p3_logp_mofe_last_ffn_n8aligned_toxcast_fold_5.csv,
p3_logp_mofe_last_ffn_n8aligned,p3_logp_mofe_last_ffn,final_n8,logp,I1,sider,1,42,0.6062384318,complete_fold,MoleSG/Downstream/Result/sider/best_test_result_p3_logp_mofe_last_ffn_n8aligned_sider_fold_1.csv,
p3_logp_mofe_last_ffn_n8aligned,p3_logp_mofe_last_ffn,final_n8,logp,I1,sider,2,43,0.6265603466,complete_fold,MoleSG/Downstream/Result/sider/best_test_result_p3_logp_mofe_last_ffn_n8aligned_sider_fold_2.csv,
p3_logp_mofe_last_ffn_n8aligned,p3_logp_mofe_last_ffn,final_n8,logp,I1,sider,3,44,0.6451547516,complete_fold,MoleSG/Downstream/Result/sider/best_test_result_p3_logp_mofe_last_ffn_n8aligned_sider_fold_3.csv,
p3_logp_mofe_last_ffn_n8aligned,p3_logp_mofe_last_ffn,final_n8,logp,I1,sider,4,45,0.6172583353,complete_fold,MoleSG/Downstream/Result/sider/best_test_result_p3_logp_mofe_last_ffn_n8aligned_sider_fold_4.csv,
p3_logp_mofe_last_ffn_n8aligned,p3_logp_mofe_last_ffn,final_n8,logp,I1,sider,5,46,0.6212514259,complete_fold,MoleSG/Downstream/Result/sider/best_test_result_p3_logp_mofe_last_ffn_n8aligned_sider_fold_5.csv,
p3_logp_mofe_last_ffn_n8aligned,p3_logp_mofe_last_ffn,final_n8,logp,I1,clintox,1,42,0.8369755522,complete_fold,MoleSG/Downstream/Result/clintox/best_test_result_p3_logp_mofe_last_ffn_n8aligned_clintox_fold_1.csv,
p3_logp_mofe_last_ffn_n8aligned,p3_logp_mofe_last_ffn,final_n8,logp,I1,clintox,2,43,0.8903265707,complete_fold,MoleSG/Downstream/Result/clintox/best_test_result_p3_logp_mofe_last_ffn_n8aligned_clintox_fold_2.csv,
p3_logp_mofe_last_ffn_n8aligned,p3_logp_mofe_last_ffn,final_n8,logp,I1,clintox,3,44,0.8679557222,complete_fold,MoleSG/Downstream/Result/clintox/best_test_result_p3_logp_mofe_last_ffn_n8aligned_clintox_fold_3.csv,
p3_logp_mofe_last_ffn_n8aligned,p3_logp_mofe_last_ffn,final_n8,logp,I1,clintox,4,45,0.9081661093,complete_fold,MoleSG/Downstream/Result/clintox/best_test_result_p3_logp_mofe_last_ffn_n8aligned_clintox_fold_4.csv,
p3_logp_mofe_last_ffn_n8aligned,p3_logp_mofe_last_ffn,final_n8,logp,I1,clintox,5,46,0.8916819601,complete_fold,MoleSG/Downstream/Result/clintox/best_test_result_p3_logp_mofe_last_ffn_n8aligned_clintox_fold_5.csv,
p3_logp_mofe_last_ffn_n8aligned,p3_logp_mofe_last_ffn,final_n8,logp,I1,bace,1,42,0.8355392157,complete_fold,MoleSG/Downstream/Result/bace/best_test_result_p3_logp_mofe_last_ffn_n8aligned_bace_fold_1.csv,
p3_logp_mofe_last_ffn_n8aligned,p3_logp_mofe_last_ffn,final_n8,logp,I1,bace,2,43,0.8179487179,complete_fold,MoleSG/Downstream/Result/bace/best_test_result_p3_logp_mofe_last_ffn_n8aligned_bace_fold_2.csv,
p3_logp_mofe_last_ffn_n8aligned,p3_logp_mofe_last_ffn,final_n8,logp,I1,bace,3,44,0.9052503053,complete_fold,MoleSG/Downstream/Result/bace/best_test_result_p3_logp_mofe_last_ffn_n8aligned_bace_fold_3.csv,
p3_logp_mofe_last_ffn_n8aligned,p3_logp_mofe_last_ffn,final_n8,logp,I1,bace,4,45,0.8348717949,complete_fold,MoleSG/Downstream/Result/bace/best_test_result_p3_logp_mofe_last_ffn_n8aligned_bace_fold_4.csv,
p3_logp_mofe_last_ffn_n8aligned,p3_logp_mofe_last_ffn,final_n8,logp,I1,bace,5,46,0.8465749936,complete_fold,MoleSG/Downstream/Result/bace/best_test_result_p3_logp_mofe_last_ffn_n8aligned_bace_fold_5.csv,
p3_logp_mofe_last_ffn_n8aligned,p3_logp_mofe_last_ffn,final_n8,logp,I1,hiv,1,42,0.7737988467,complete_fold,MoleSG/Downstream/Result/hiv/best_test_result_p3_logp_mofe_last_ffn_n8aligned_hiv_fold_1.csv,
p3_logp_mofe_last_ffn_n8aligned,p3_logp_mofe_last_ffn,final_n8,logp,I1,hiv,2,43,0.8409200825,complete_fold,MoleSG/Downstream/Result/hiv/best_test_result_p3_logp_mofe_last_ffn_n8aligned_hiv_fold_2.csv,
p3_logp_mofe_last_ffn_n8aligned,p3_logp_mofe_last_ffn,final_n8,logp,I1,hiv,3,44,0.7945069663,complete_fold,MoleSG/Downstream/Result/hiv/best_test_result_p3_logp_mofe_last_ffn_n8aligned_hiv_fold_3.csv,
p3_logp_mofe_last_ffn_n8aligned,p3_logp_mofe_last_ffn,final_n8,logp,I1,hiv,4,45,0.7490000080,complete_fold,MoleSG/Downstream/Result/hiv/best_test_result_p3_logp_mofe_last_ffn_n8aligned_hiv_fold_4.csv,
p3_logp_mofe_last_ffn_n8aligned,p3_logp_mofe_last_ffn,final_n8,logp,I1,hiv,5,46,0.7498604702,complete_fold,MoleSG/Downstream/Result/hiv/best_test_result_p3_logp_mofe_last_ffn_n8aligned_hiv_fold_5.csv,
p3_logp_mofe_last_ffn_n8aligned,p3_logp_mofe_last_ffn,final_n8,logp,I1,muv,1,42,0.7154046872,complete_fold,MoleSG/Downstream/Result/muv/best_test_result_p3_logp_mofe_last_ffn_n8aligned_muv_fold_1.csv,
p3_logp_mofe_last_ffn_n8aligned,p3_logp_mofe_last_ffn,final_n8,logp,I1,muv,2,43,0.7448103274,complete_fold,MoleSG/Downstream/Result/muv/best_test_result_p3_logp_mofe_last_ffn_n8aligned_muv_fold_2.csv,
p3_logp_mofe_last_ffn_n8aligned,p3_logp_mofe_last_ffn,final_n8,logp,I1,muv,3,44,0.7530047676,complete_fold,MoleSG/Downstream/Result/muv/best_test_result_p3_logp_mofe_last_ffn_n8aligned_muv_fold_3.csv,
p3_logp_mofe_last_ffn_n8aligned,p3_logp_mofe_last_ffn,final_n8,logp,I1,muv,4,45,0.7555256735,complete_fold,MoleSG/Downstream/Result/muv/best_test_result_p3_logp_mofe_last_ffn_n8aligned_muv_fold_4.csv,
p3_logp_mofe_last_ffn_n8aligned,p3_logp_mofe_last_ffn,final_n8,logp,I1,muv,5,46,0.7172742691,complete_fold,MoleSG/Downstream/Result/muv/best_test_result_p3_logp_mofe_last_ffn_n8aligned_muv_fold_5.csv,
p5_tpsa_mofe_last_selected_kan_n8aligned,p5_tpsa_mofe_last_selected_kan,final_n8,tpsa,I1+I2,bbbp,1,42,0.9227407523,complete_fold,MoleSG/Downstream/Result/bbbp/best_test_result_p5_tpsa_mofe_last_selected_kan_n8aligned_bbbp_fold_1.csv,
p5_tpsa_mofe_last_selected_kan_n8aligned,p5_tpsa_mofe_last_selected_kan,final_n8,tpsa,I1+I2,bbbp,2,43,0.9753736192,complete_fold,MoleSG/Downstream/Result/bbbp/best_test_result_p5_tpsa_mofe_last_selected_kan_n8aligned_bbbp_fold_2.csv,
p5_tpsa_mofe_last_selected_kan_n8aligned,p5_tpsa_mofe_last_selected_kan,final_n8,tpsa,I1+I2,bbbp,3,44,0.9238644825,complete_fold,MoleSG/Downstream/Result/bbbp/best_test_result_p5_tpsa_mofe_last_selected_kan_n8aligned_bbbp_fold_3.csv,
p5_tpsa_mofe_last_selected_kan_n8aligned,p5_tpsa_mofe_last_selected_kan,final_n8,tpsa,I1+I2,bbbp,4,45,0.9327302632,complete_fold,MoleSG/Downstream/Result/bbbp/best_test_result_p5_tpsa_mofe_last_selected_kan_n8aligned_bbbp_fold_4.csv,
p5_tpsa_mofe_last_selected_kan_n8aligned,p5_tpsa_mofe_last_selected_kan,final_n8,tpsa,I1+I2,bbbp,5,46,0.9653784219,complete_fold,MoleSG/Downstream/Result/bbbp/best_test_result_p5_tpsa_mofe_last_selected_kan_n8aligned_bbbp_fold_5.csv,
p5_tpsa_mofe_last_selected_kan_n8aligned,p5_tpsa_mofe_last_selected_kan,final_n8,tpsa,I1+I2,tox21,1,42,0.7957746541,complete_fold,MoleSG/Downstream/Result/tox21/best_test_result_p5_tpsa_mofe_last_selected_kan_n8aligned_tox21_fold_1.csv,
p5_tpsa_mofe_last_selected_kan_n8aligned,p5_tpsa_mofe_last_selected_kan,final_n8,tpsa,I1+I2,tox21,2,43,0.8179484091,complete_fold,MoleSG/Downstream/Result/tox21/best_test_result_p5_tpsa_mofe_last_selected_kan_n8aligned_tox21_fold_2.csv,
p5_tpsa_mofe_last_selected_kan_n8aligned,p5_tpsa_mofe_last_selected_kan,final_n8,tpsa,I1+I2,tox21,3,44,0.7895618131,complete_fold,MoleSG/Downstream/Result/tox21/best_test_result_p5_tpsa_mofe_last_selected_kan_n8aligned_tox21_fold_3.csv,
p5_tpsa_mofe_last_selected_kan_n8aligned,p5_tpsa_mofe_last_selected_kan,final_n8,tpsa,I1+I2,tox21,4,45,0.8214090379,complete_fold,MoleSG/Downstream/Result/tox21/best_test_result_p5_tpsa_mofe_last_selected_kan_n8aligned_tox21_fold_4.csv,
p5_tpsa_mofe_last_selected_kan_n8aligned,p5_tpsa_mofe_last_selected_kan,final_n8,tpsa,I1+I2,tox21,5,46,0.8241619152,complete_fold,MoleSG/Downstream/Result/tox21/best_test_result_p5_tpsa_mofe_last_selected_kan_n8aligned_tox21_fold_5.csv,
p5_tpsa_mofe_last_selected_kan_n8aligned,p5_tpsa_mofe_last_selected_kan,final_n8,tpsa,I1+I2,toxcast,1,42,0.7058929707,complete_fold,MoleSG/Downstream/Result/toxcast/best_test_result_p5_tpsa_mofe_last_selected_kan_n8aligned_toxcast_fold_1.csv,
p5_tpsa_mofe_last_selected_kan_n8aligned,p5_tpsa_mofe_last_selected_kan,final_n8,tpsa,I1+I2,toxcast,2,43,0.7011793311,complete_fold,MoleSG/Downstream/Result/toxcast/best_test_result_p5_tpsa_mofe_last_selected_kan_n8aligned_toxcast_fold_2.csv,
p5_tpsa_mofe_last_selected_kan_n8aligned,p5_tpsa_mofe_last_selected_kan,final_n8,tpsa,I1+I2,toxcast,3,44,0.6708143713,complete_fold,MoleSG/Downstream/Result/toxcast/best_test_result_p5_tpsa_mofe_last_selected_kan_n8aligned_toxcast_fold_3.csv,
p5_tpsa_mofe_last_selected_kan_n8aligned,p5_tpsa_mofe_last_selected_kan,final_n8,tpsa,I1+I2,toxcast,4,45,0.6779568872,complete_fold,MoleSG/Downstream/Result/toxcast/best_test_result_p5_tpsa_mofe_last_selected_kan_n8aligned_toxcast_fold_4.csv,
p5_tpsa_mofe_last_selected_kan_n8aligned,p5_tpsa_mofe_last_selected_kan,final_n8,tpsa,I1+I2,toxcast,5,46,0.6785446174,complete_fold,MoleSG/Downstream/Result/toxcast/best_test_result_p5_tpsa_mofe_last_selected_kan_n8aligned_toxcast_fold_5.csv,
p5_tpsa_mofe_last_selected_kan_n8aligned,p5_tpsa_mofe_last_selected_kan,final_n8,tpsa,I1+I2,sider,1,42,0.5511235254,complete_fold,MoleSG/Downstream/Result/sider/best_test_result_p5_tpsa_mofe_last_selected_kan_n8aligned_sider_fold_1.csv,
p5_tpsa_mofe_last_selected_kan_n8aligned,p5_tpsa_mofe_last_selected_kan,final_n8,tpsa,I1+I2,sider,2,43,0.6517018959,complete_fold,MoleSG/Downstream/Result/sider/best_test_result_p5_tpsa_mofe_last_selected_kan_n8aligned_sider_fold_2.csv,
p5_tpsa_mofe_last_selected_kan_n8aligned,p5_tpsa_mofe_last_selected_kan,final_n8,tpsa,I1+I2,sider,3,44,0.6432141309,complete_fold,MoleSG/Downstream/Result/sider/best_test_result_p5_tpsa_mofe_last_selected_kan_n8aligned_sider_fold_3.csv,
p5_tpsa_mofe_last_selected_kan_n8aligned,p5_tpsa_mofe_last_selected_kan,final_n8,tpsa,I1+I2,sider,4,45,0.6141596878,complete_fold,MoleSG/Downstream/Result/sider/best_test_result_p5_tpsa_mofe_last_selected_kan_n8aligned_sider_fold_4.csv,
p5_tpsa_mofe_last_selected_kan_n8aligned,p5_tpsa_mofe_last_selected_kan,final_n8,tpsa,I1+I2,sider,5,46,0.6211629277,complete_fold,MoleSG/Downstream/Result/sider/best_test_result_p5_tpsa_mofe_last_selected_kan_n8aligned_sider_fold_5.csv,
p5_tpsa_mofe_last_selected_kan_n8aligned,p5_tpsa_mofe_last_selected_kan,final_n8,tpsa,I1+I2,clintox,1,42,0.8838295850,complete_fold,MoleSG/Downstream/Result/clintox/best_test_result_p5_tpsa_mofe_last_selected_kan_n8aligned_clintox_fold_1.csv,
p5_tpsa_mofe_last_selected_kan_n8aligned,p5_tpsa_mofe_last_selected_kan,final_n8,tpsa,I1+I2,clintox,2,43,0.8922494815,complete_fold,MoleSG/Downstream/Result/clintox/best_test_result_p5_tpsa_mofe_last_selected_kan_n8aligned_clintox_fold_2.csv,
p5_tpsa_mofe_last_selected_kan_n8aligned,p5_tpsa_mofe_last_selected_kan,final_n8,tpsa,I1+I2,clintox,3,44,0.9202085793,complete_fold,MoleSG/Downstream/Result/clintox/best_test_result_p5_tpsa_mofe_last_selected_kan_n8aligned_clintox_fold_3.csv,
p5_tpsa_mofe_last_selected_kan_n8aligned,p5_tpsa_mofe_last_selected_kan,final_n8,tpsa,I1+I2,clintox,4,45,0.8828364664,complete_fold,MoleSG/Downstream/Result/clintox/best_test_result_p5_tpsa_mofe_last_selected_kan_n8aligned_clintox_fold_4.csv,
p5_tpsa_mofe_last_selected_kan_n8aligned,p5_tpsa_mofe_last_selected_kan,final_n8,tpsa,I1+I2,clintox,5,46,0.8292201938,complete_fold,MoleSG/Downstream/Result/clintox/best_test_result_p5_tpsa_mofe_last_selected_kan_n8aligned_clintox_fold_5.csv,
p5_tpsa_mofe_last_selected_kan_n8aligned,p5_tpsa_mofe_last_selected_kan,final_n8,tpsa,I1+I2,bace,1,42,0.8901960784,complete_fold,MoleSG/Downstream/Result/bace/best_test_result_p5_tpsa_mofe_last_selected_kan_n8aligned_bace_fold_1.csv,
p5_tpsa_mofe_last_selected_kan_n8aligned,p5_tpsa_mofe_last_selected_kan,final_n8,tpsa,I1+I2,bace,2,43,0.8343589744,complete_fold,MoleSG/Downstream/Result/bace/best_test_result_p5_tpsa_mofe_last_selected_kan_n8aligned_bace_fold_2.csv,
p5_tpsa_mofe_last_selected_kan_n8aligned,p5_tpsa_mofe_last_selected_kan,final_n8,tpsa,I1+I2,bace,3,44,0.8976800977,complete_fold,MoleSG/Downstream/Result/bace/best_test_result_p5_tpsa_mofe_last_selected_kan_n8aligned_bace_fold_3.csv,
p5_tpsa_mofe_last_selected_kan_n8aligned,p5_tpsa_mofe_last_selected_kan,final_n8,tpsa,I1+I2,bace,4,45,0.8246153846,complete_fold,MoleSG/Downstream/Result/bace/best_test_result_p5_tpsa_mofe_last_selected_kan_n8aligned_bace_fold_4.csv,
p5_tpsa_mofe_last_selected_kan_n8aligned,p5_tpsa_mofe_last_selected_kan,final_n8,tpsa,I1+I2,bace,5,46,0.9344283168,complete_fold,MoleSG/Downstream/Result/bace/best_test_result_p5_tpsa_mofe_last_selected_kan_n8aligned_bace_fold_5.csv,
p5_tpsa_mofe_last_selected_kan_n8aligned,p5_tpsa_mofe_last_selected_kan,final_n8,tpsa,I1+I2,hiv,1,42,0.7719550522,complete_fold,MoleSG/Downstream/Result/hiv/best_test_result_p5_tpsa_mofe_last_selected_kan_n8aligned_hiv_fold_1.csv,
p5_tpsa_mofe_last_selected_kan_n8aligned,p5_tpsa_mofe_last_selected_kan,final_n8,tpsa,I1+I2,hiv,2,43,0.8355696213,complete_fold,MoleSG/Downstream/Result/hiv/best_test_result_p5_tpsa_mofe_last_selected_kan_n8aligned_hiv_fold_2.csv,
p5_tpsa_mofe_last_selected_kan_n8aligned,p5_tpsa_mofe_last_selected_kan,final_n8,tpsa,I1+I2,hiv,3,44,0.7857274636,complete_fold,MoleSG/Downstream/Result/hiv/best_test_result_p5_tpsa_mofe_last_selected_kan_n8aligned_hiv_fold_3.csv,
p5_tpsa_mofe_last_selected_kan_n8aligned,p5_tpsa_mofe_last_selected_kan,final_n8,tpsa,I1+I2,hiv,4,45,0.7721883445,complete_fold,MoleSG/Downstream/Result/hiv/best_test_result_p5_tpsa_mofe_last_selected_kan_n8aligned_hiv_fold_4.csv,
p5_tpsa_mofe_last_selected_kan_n8aligned,p5_tpsa_mofe_last_selected_kan,final_n8,tpsa,I1+I2,hiv,5,46,0.7590987622,complete_fold,MoleSG/Downstream/Result/hiv/best_test_result_p5_tpsa_mofe_last_selected_kan_n8aligned_hiv_fold_5.csv,
p5_tpsa_mofe_last_selected_kan_n8aligned,p5_tpsa_mofe_last_selected_kan,final_n8,tpsa,I1+I2,muv,1,42,0.7615798950,complete_fold,MoleSG/Downstream/Result/muv/best_test_result_p5_tpsa_mofe_last_selected_kan_n8aligned_muv_fold_1.csv,
p5_tpsa_mofe_last_selected_kan_n8aligned,p5_tpsa_mofe_last_selected_kan,final_n8,tpsa,I1+I2,muv,2,43,0.7184819167,complete_fold,MoleSG/Downstream/Result/muv/best_test_result_p5_tpsa_mofe_last_selected_kan_n8aligned_muv_fold_2.csv,
p5_tpsa_mofe_last_selected_kan_n8aligned,p5_tpsa_mofe_last_selected_kan,final_n8,tpsa,I1+I2,muv,3,44,0.7109853401,complete_fold,MoleSG/Downstream/Result/muv/best_test_result_p5_tpsa_mofe_last_selected_kan_n8aligned_muv_fold_3.csv,
p5_tpsa_mofe_last_selected_kan_n8aligned,p5_tpsa_mofe_last_selected_kan,final_n8,tpsa,I1+I2,muv,4,45,0.8027107735,complete_fold,MoleSG/Downstream/Result/muv/best_test_result_p5_tpsa_mofe_last_selected_kan_n8aligned_muv_fold_4.csv,
p5_tpsa_mofe_last_selected_kan_n8aligned,p5_tpsa_mofe_last_selected_kan,final_n8,tpsa,I1+I2,muv,5,46,0.7068858854,complete_fold,MoleSG/Downstream/Result/muv/best_test_result_p5_tpsa_mofe_last_selected_kan_n8aligned_muv_fold_5.csv,
p5_logp_mofe_last_selected_kan_n8aligned,p5_logp_mofe_last_selected_kan,final_n8,logp,I1+I2,bbbp,1,42,0.9371000468,complete_fold,MoleSG/Downstream/Result/bbbp/best_test_result_p5_logp_mofe_last_selected_kan_n8aligned_bbbp_fold_1.csv,
p5_logp_mofe_last_selected_kan_n8aligned,p5_logp_mofe_last_selected_kan,final_n8,logp,I1+I2,bbbp,2,43,0.9421052632,complete_fold,MoleSG/Downstream/Result/bbbp/best_test_result_p5_logp_mofe_last_selected_kan_n8aligned_bbbp_fold_2.csv,
p5_logp_mofe_last_selected_kan_n8aligned,p5_logp_mofe_last_selected_kan,final_n8,logp,I1+I2,bbbp,3,44,0.9301935964,complete_fold,MoleSG/Downstream/Result/bbbp/best_test_result_p5_logp_mofe_last_selected_kan_n8aligned_bbbp_fold_3.csv,
p5_logp_mofe_last_selected_kan_n8aligned,p5_logp_mofe_last_selected_kan,final_n8,logp,I1+I2,bbbp,4,45,0.9302631579,complete_fold,MoleSG/Downstream/Result/bbbp/best_test_result_p5_logp_mofe_last_selected_kan_n8aligned_bbbp_fold_4.csv,
p5_logp_mofe_last_selected_kan_n8aligned,p5_logp_mofe_last_selected_kan,final_n8,logp,I1+I2,bbbp,5,46,0.9488727858,complete_fold,MoleSG/Downstream/Result/bbbp/best_test_result_p5_logp_mofe_last_selected_kan_n8aligned_bbbp_fold_5.csv,
p5_logp_mofe_last_selected_kan_n8aligned,p5_logp_mofe_last_selected_kan,final_n8,logp,I1+I2,tox21,1,42,0.8017038185,complete_fold,MoleSG/Downstream/Result/tox21/best_test_result_p5_logp_mofe_last_selected_kan_n8aligned_tox21_fold_1.csv,
p5_logp_mofe_last_selected_kan_n8aligned,p5_logp_mofe_last_selected_kan,final_n8,logp,I1+I2,tox21,2,43,0.8313318198,complete_fold,MoleSG/Downstream/Result/tox21/best_test_result_p5_logp_mofe_last_selected_kan_n8aligned_tox21_fold_2.csv,
p5_logp_mofe_last_selected_kan_n8aligned,p5_logp_mofe_last_selected_kan,final_n8,logp,I1+I2,tox21,3,44,0.8007778892,complete_fold,MoleSG/Downstream/Result/tox21/best_test_result_p5_logp_mofe_last_selected_kan_n8aligned_tox21_fold_3.csv,
p5_logp_mofe_last_selected_kan_n8aligned,p5_logp_mofe_last_selected_kan,final_n8,logp,I1+I2,tox21,4,45,0.8306410073,complete_fold,MoleSG/Downstream/Result/tox21/best_test_result_p5_logp_mofe_last_selected_kan_n8aligned_tox21_fold_4.csv,
p5_logp_mofe_last_selected_kan_n8aligned,p5_logp_mofe_last_selected_kan,final_n8,logp,I1+I2,tox21,5,46,0.8084442427,complete_fold,MoleSG/Downstream/Result/tox21/best_test_result_p5_logp_mofe_last_selected_kan_n8aligned_tox21_fold_5.csv,
p5_logp_mofe_last_selected_kan_n8aligned,p5_logp_mofe_last_selected_kan,final_n8,logp,I1+I2,toxcast,1,42,0.7094630002,complete_fold,MoleSG/Downstream/Result/toxcast/best_test_result_p5_logp_mofe_last_selected_kan_n8aligned_toxcast_fold_1.csv,
p5_logp_mofe_last_selected_kan_n8aligned,p5_logp_mofe_last_selected_kan,final_n8,logp,I1+I2,toxcast,2,43,0.7037071673,complete_fold,MoleSG/Downstream/Result/toxcast/best_test_result_p5_logp_mofe_last_selected_kan_n8aligned_toxcast_fold_2.csv,
p5_logp_mofe_last_selected_kan_n8aligned,p5_logp_mofe_last_selected_kan,final_n8,logp,I1+I2,toxcast,3,44,0.6769949285,complete_fold,MoleSG/Downstream/Result/toxcast/best_test_result_p5_logp_mofe_last_selected_kan_n8aligned_toxcast_fold_3.csv,
p5_logp_mofe_last_selected_kan_n8aligned,p5_logp_mofe_last_selected_kan,final_n8,logp,I1+I2,toxcast,4,45,0.7028001154,complete_fold,MoleSG/Downstream/Result/toxcast/best_test_result_p5_logp_mofe_last_selected_kan_n8aligned_toxcast_fold_4.csv,
p5_logp_mofe_last_selected_kan_n8aligned,p5_logp_mofe_last_selected_kan,final_n8,logp,I1+I2,toxcast,5,46,0.6787270515,complete_fold,MoleSG/Downstream/Result/toxcast/best_test_result_p5_logp_mofe_last_selected_kan_n8aligned_toxcast_fold_5.csv,
p5_logp_mofe_last_selected_kan_n8aligned,p5_logp_mofe_last_selected_kan,final_n8,logp,I1+I2,sider,1,42,0.5759895863,complete_fold,MoleSG/Downstream/Result/sider/best_test_result_p5_logp_mofe_last_selected_kan_n8aligned_sider_fold_1.csv,
p5_logp_mofe_last_selected_kan_n8aligned,p5_logp_mofe_last_selected_kan,final_n8,logp,I1+I2,sider,2,43,0.6051300761,complete_fold,MoleSG/Downstream/Result/sider/best_test_result_p5_logp_mofe_last_selected_kan_n8aligned_sider_fold_2.csv,
p5_logp_mofe_last_selected_kan_n8aligned,p5_logp_mofe_last_selected_kan,final_n8,logp,I1+I2,sider,3,44,0.6529997832,complete_fold,MoleSG/Downstream/Result/sider/best_test_result_p5_logp_mofe_last_selected_kan_n8aligned_sider_fold_3.csv,
p5_logp_mofe_last_selected_kan_n8aligned,p5_logp_mofe_last_selected_kan,final_n8,logp,I1+I2,sider,4,45,0.6244754924,complete_fold,MoleSG/Downstream/Result/sider/best_test_result_p5_logp_mofe_last_selected_kan_n8aligned_sider_fold_4.csv,
p5_logp_mofe_last_selected_kan_n8aligned,p5_logp_mofe_last_selected_kan,final_n8,logp,I1+I2,sider,5,46,0.6270806798,complete_fold,MoleSG/Downstream/Result/sider/best_test_result_p5_logp_mofe_last_selected_kan_n8aligned_sider_fold_5.csv,
p5_logp_mofe_last_selected_kan_n8aligned,p5_logp_mofe_last_selected_kan,final_n8,logp,I1+I2,clintox,1,42,0.8218091591,complete_fold,MoleSG/Downstream/Result/clintox/best_test_result_p5_logp_mofe_last_selected_kan_n8aligned_clintox_fold_1.csv,
p5_logp_mofe_last_selected_kan_n8aligned,p5_logp_mofe_last_selected_kan,final_n8,logp,I1+I2,clintox,2,43,0.8215555051,complete_fold,MoleSG/Downstream/Result/clintox/best_test_result_p5_logp_mofe_last_selected_kan_n8aligned_clintox_fold_2.csv,
p5_logp_mofe_last_selected_kan_n8aligned,p5_logp_mofe_last_selected_kan,final_n8,logp,I1+I2,clintox,3,44,0.8227828321,complete_fold,MoleSG/Downstream/Result/clintox/best_test_result_p5_logp_mofe_last_selected_kan_n8aligned_clintox_fold_3.csv,
p5_logp_mofe_last_selected_kan_n8aligned,p5_logp_mofe_last_selected_kan,final_n8,logp,I1+I2,clintox,4,45,0.8669074117,complete_fold,MoleSG/Downstream/Result/clintox/best_test_result_p5_logp_mofe_last_selected_kan_n8aligned_clintox_fold_4.csv,
p5_logp_mofe_last_selected_kan_n8aligned,p5_logp_mofe_last_selected_kan,final_n8,logp,I1+I2,clintox,5,46,0.8451666586,complete_fold,MoleSG/Downstream/Result/clintox/best_test_result_p5_logp_mofe_last_selected_kan_n8aligned_clintox_fold_5.csv,
p5_logp_mofe_last_selected_kan_n8aligned,p5_logp_mofe_last_selected_kan,final_n8,logp,I1+I2,bace,1,42,0.8411764706,complete_fold,MoleSG/Downstream/Result/bace/best_test_result_p5_logp_mofe_last_selected_kan_n8aligned_bace_fold_1.csv,
p5_logp_mofe_last_selected_kan_n8aligned,p5_logp_mofe_last_selected_kan,final_n8,logp,I1+I2,bace,2,43,0.8158974359,complete_fold,MoleSG/Downstream/Result/bace/best_test_result_p5_logp_mofe_last_selected_kan_n8aligned_bace_fold_2.csv,
p5_logp_mofe_last_selected_kan_n8aligned,p5_logp_mofe_last_selected_kan,final_n8,logp,I1+I2,bace,3,44,0.9032967033,complete_fold,MoleSG/Downstream/Result/bace/best_test_result_p5_logp_mofe_last_selected_kan_n8aligned_bace_fold_3.csv,
p5_logp_mofe_last_selected_kan_n8aligned,p5_logp_mofe_last_selected_kan,final_n8,logp,I1+I2,bace,4,45,0.8564102564,complete_fold,MoleSG/Downstream/Result/bace/best_test_result_p5_logp_mofe_last_selected_kan_n8aligned_bace_fold_4.csv,
p5_logp_mofe_last_selected_kan_n8aligned,p5_logp_mofe_last_selected_kan,final_n8,logp,I1+I2,bace,5,46,0.9079449962,complete_fold,MoleSG/Downstream/Result/bace/best_test_result_p5_logp_mofe_last_selected_kan_n8aligned_bace_fold_5.csv,
p5_logp_mofe_last_selected_kan_n8aligned,p5_logp_mofe_last_selected_kan,final_n8,logp,I1+I2,hiv,1,42,0.7340840696,complete_fold,MoleSG/Downstream/Result/hiv/best_test_result_p5_logp_mofe_last_selected_kan_n8aligned_hiv_fold_1.csv,
p5_logp_mofe_last_selected_kan_n8aligned,p5_logp_mofe_last_selected_kan,final_n8,logp,I1+I2,hiv,2,43,0.8572022501,complete_fold,MoleSG/Downstream/Result/hiv/best_test_result_p5_logp_mofe_last_selected_kan_n8aligned_hiv_fold_2.csv,
p5_logp_mofe_last_selected_kan_n8aligned,p5_logp_mofe_last_selected_kan,final_n8,logp,I1+I2,hiv,3,44,0.8042441305,complete_fold,MoleSG/Downstream/Result/hiv/best_test_result_p5_logp_mofe_last_selected_kan_n8aligned_hiv_fold_3.csv,
p5_logp_mofe_last_selected_kan_n8aligned,p5_logp_mofe_last_selected_kan,final_n8,logp,I1+I2,hiv,4,45,0.7640321719,complete_fold,MoleSG/Downstream/Result/hiv/best_test_result_p5_logp_mofe_last_selected_kan_n8aligned_hiv_fold_4.csv,
p5_logp_mofe_last_selected_kan_n8aligned,p5_logp_mofe_last_selected_kan,final_n8,logp,I1+I2,hiv,5,46,0.7449733738,complete_fold,MoleSG/Downstream/Result/hiv/best_test_result_p5_logp_mofe_last_selected_kan_n8aligned_hiv_fold_5.csv,
p5_logp_mofe_last_selected_kan_n8aligned,p5_logp_mofe_last_selected_kan,final_n8,logp,I1+I2,muv,1,42,0.7342495941,complete_fold,MoleSG/Downstream/Result/muv/best_test_result_p5_logp_mofe_last_selected_kan_n8aligned_muv_fold_1.csv,
p5_logp_mofe_last_selected_kan_n8aligned,p5_logp_mofe_last_selected_kan,final_n8,logp,I1+I2,muv,2,43,0.7514360474,complete_fold,MoleSG/Downstream/Result/muv/best_test_result_p5_logp_mofe_last_selected_kan_n8aligned_muv_fold_2.csv,
p5_logp_mofe_last_selected_kan_n8aligned,p5_logp_mofe_last_selected_kan,final_n8,logp,I1+I2,muv,3,44,0.7554737547,complete_fold,MoleSG/Downstream/Result/muv/best_test_result_p5_logp_mofe_last_selected_kan_n8aligned_muv_fold_3.csv,
p5_logp_mofe_last_selected_kan_n8aligned,p5_logp_mofe_last_selected_kan,final_n8,logp,I1+I2,muv,4,45,0.7295884950,complete_fold,MoleSG/Downstream/Result/muv/best_test_result_p5_logp_mofe_last_selected_kan_n8aligned_muv_fold_4.csv,
p5_logp_mofe_last_selected_kan_n8aligned,p5_logp_mofe_last_selected_kan,final_n8,logp,I1+I2,muv,5,46,0.7797490699,complete_fold,MoleSG/Downstream/Result/muv/best_test_result_p5_logp_mofe_last_selected_kan_n8aligned_muv_fold_5.csv,
p3_tpsa_mofe_last_ffn_conloss_n8aligned,p3_tpsa_mofe_last_ffn_conloss,final_n8,tpsa,I1+I3,bbbp,1,42,0.9361635711,complete_fold,MoleSG/Downstream/Result/bbbp/best_test_result_p3_tpsa_mofe_last_ffn_conloss_n8aligned_bbbp_fold_1.csv,
p3_tpsa_mofe_last_ffn_conloss_n8aligned,p3_tpsa_mofe_last_ffn_conloss,final_n8,tpsa,I1+I3,bbbp,2,43,0.9740740741,complete_fold,MoleSG/Downstream/Result/bbbp/best_test_result_p3_tpsa_mofe_last_ffn_conloss_n8aligned_bbbp_fold_2.csv,
p3_tpsa_mofe_last_ffn_conloss_n8aligned,p3_tpsa_mofe_last_ffn_conloss,final_n8,tpsa,I1+I3,bbbp,3,44,0.9182799702,complete_fold,MoleSG/Downstream/Result/bbbp/best_test_result_p3_tpsa_mofe_last_ffn_conloss_n8aligned_bbbp_fold_3.csv,
p3_tpsa_mofe_last_ffn_conloss_n8aligned,p3_tpsa_mofe_last_ffn_conloss,final_n8,tpsa,I1+I3,bbbp,4,45,0.9207236842,complete_fold,MoleSG/Downstream/Result/bbbp/best_test_result_p3_tpsa_mofe_last_ffn_conloss_n8aligned_bbbp_fold_4.csv,
p3_tpsa_mofe_last_ffn_conloss_n8aligned,p3_tpsa_mofe_last_ffn_conloss,final_n8,tpsa,I1+I3,bbbp,5,46,0.9685990338,complete_fold,MoleSG/Downstream/Result/bbbp/best_test_result_p3_tpsa_mofe_last_ffn_conloss_n8aligned_bbbp_fold_5.csv,
p3_tpsa_mofe_last_ffn_conloss_n8aligned,p3_tpsa_mofe_last_ffn_conloss,final_n8,tpsa,I1+I3,tox21,1,42,0.8014735668,complete_fold,MoleSG/Downstream/Result/tox21/best_test_result_p3_tpsa_mofe_last_ffn_conloss_n8aligned_tox21_fold_1.csv,
p3_tpsa_mofe_last_ffn_conloss_n8aligned,p3_tpsa_mofe_last_ffn_conloss,final_n8,tpsa,I1+I3,tox21,2,43,0.8286647647,complete_fold,MoleSG/Downstream/Result/tox21/best_test_result_p3_tpsa_mofe_last_ffn_conloss_n8aligned_tox21_fold_2.csv,
p3_tpsa_mofe_last_ffn_conloss_n8aligned,p3_tpsa_mofe_last_ffn_conloss,final_n8,tpsa,I1+I3,tox21,3,44,0.8010997945,complete_fold,MoleSG/Downstream/Result/tox21/best_test_result_p3_tpsa_mofe_last_ffn_conloss_n8aligned_tox21_fold_3.csv,
p3_tpsa_mofe_last_ffn_conloss_n8aligned,p3_tpsa_mofe_last_ffn_conloss,final_n8,tpsa,I1+I3,tox21,4,45,0.8089396148,complete_fold,MoleSG/Downstream/Result/tox21/best_test_result_p3_tpsa_mofe_last_ffn_conloss_n8aligned_tox21_fold_4.csv,
p3_tpsa_mofe_last_ffn_conloss_n8aligned,p3_tpsa_mofe_last_ffn_conloss,final_n8,tpsa,I1+I3,tox21,5,46,0.8125367780,complete_fold,MoleSG/Downstream/Result/tox21/best_test_result_p3_tpsa_mofe_last_ffn_conloss_n8aligned_tox21_fold_5.csv,
p3_tpsa_mofe_last_ffn_conloss_n8aligned,p3_tpsa_mofe_last_ffn_conloss,final_n8,tpsa,I1+I3,toxcast,1,42,0.7080674886,complete_fold,MoleSG/Downstream/Result/toxcast/best_test_result_p3_tpsa_mofe_last_ffn_conloss_n8aligned_toxcast_fold_1.csv,
p3_tpsa_mofe_last_ffn_conloss_n8aligned,p3_tpsa_mofe_last_ffn_conloss,final_n8,tpsa,I1+I3,toxcast,2,43,0.7146006197,complete_fold,MoleSG/Downstream/Result/toxcast/best_test_result_p3_tpsa_mofe_last_ffn_conloss_n8aligned_toxcast_fold_2.csv,
p3_tpsa_mofe_last_ffn_conloss_n8aligned,p3_tpsa_mofe_last_ffn_conloss,final_n8,tpsa,I1+I3,toxcast,3,44,0.6825691149,complete_fold,MoleSG/Downstream/Result/toxcast/best_test_result_p3_tpsa_mofe_last_ffn_conloss_n8aligned_toxcast_fold_3.csv,
p3_tpsa_mofe_last_ffn_conloss_n8aligned,p3_tpsa_mofe_last_ffn_conloss,final_n8,tpsa,I1+I3,toxcast,4,45,0.6996631873,complete_fold,MoleSG/Downstream/Result/toxcast/best_test_result_p3_tpsa_mofe_last_ffn_conloss_n8aligned_toxcast_fold_4.csv,
p3_tpsa_mofe_last_ffn_conloss_n8aligned,p3_tpsa_mofe_last_ffn_conloss,final_n8,tpsa,I1+I3,toxcast,5,46,0.6897465313,complete_fold,MoleSG/Downstream/Result/toxcast/best_test_result_p3_tpsa_mofe_last_ffn_conloss_n8aligned_toxcast_fold_5.csv,
p3_tpsa_mofe_last_ffn_conloss_n8aligned,p3_tpsa_mofe_last_ffn_conloss,final_n8,tpsa,I1+I3,sider,1,42,0.5787486039,complete_fold,MoleSG/Downstream/Result/sider/best_test_result_p3_tpsa_mofe_last_ffn_conloss_n8aligned_sider_fold_1.csv,
p3_tpsa_mofe_last_ffn_conloss_n8aligned,p3_tpsa_mofe_last_ffn_conloss,final_n8,tpsa,I1+I3,sider,2,43,0.6294203495,complete_fold,MoleSG/Downstream/Result/sider/best_test_result_p3_tpsa_mofe_last_ffn_conloss_n8aligned_sider_fold_2.csv,
p3_tpsa_mofe_last_ffn_conloss_n8aligned,p3_tpsa_mofe_last_ffn_conloss,final_n8,tpsa,I1+I3,sider,3,44,0.6815061303,complete_fold,MoleSG/Downstream/Result/sider/best_test_result_p3_tpsa_mofe_last_ffn_conloss_n8aligned_sider_fold_3.csv,
p3_tpsa_mofe_last_ffn_conloss_n8aligned,p3_tpsa_mofe_last_ffn_conloss,final_n8,tpsa,I1+I3,sider,4,45,0.6250419667,complete_fold,MoleSG/Downstream/Result/sider/best_test_result_p3_tpsa_mofe_last_ffn_conloss_n8aligned_sider_fold_4.csv,
p3_tpsa_mofe_last_ffn_conloss_n8aligned,p3_tpsa_mofe_last_ffn_conloss,final_n8,tpsa,I1+I3,sider,5,46,0.6222381001,complete_fold,MoleSG/Downstream/Result/sider/best_test_result_p3_tpsa_mofe_last_ffn_conloss_n8aligned_sider_fold_5.csv,
p3_tpsa_mofe_last_ffn_conloss_n8aligned,p3_tpsa_mofe_last_ffn_conloss,final_n8,tpsa,I1+I3,clintox,1,42,0.8928964974,complete_fold,MoleSG/Downstream/Result/clintox/best_test_result_p3_tpsa_mofe_last_ffn_conloss_n8aligned_clintox_fold_1.csv,
p3_tpsa_mofe_last_ffn_conloss_n8aligned,p3_tpsa_mofe_last_ffn_conloss,final_n8,tpsa,I1+I3,clintox,2,43,0.9438628900,complete_fold,MoleSG/Downstream/Result/clintox/best_test_result_p3_tpsa_mofe_last_ffn_conloss_n8aligned_clintox_fold_2.csv,
p3_tpsa_mofe_last_ffn_conloss_n8aligned,p3_tpsa_mofe_last_ffn_conloss,final_n8,tpsa,I1+I3,clintox,3,44,0.8376526919,complete_fold,MoleSG/Downstream/Result/clintox/best_test_result_p3_tpsa_mofe_last_ffn_conloss_n8aligned_clintox_fold_3.csv,
p3_tpsa_mofe_last_ffn_conloss_n8aligned,p3_tpsa_mofe_last_ffn_conloss,final_n8,tpsa,I1+I3,clintox,4,45,0.8548185042,complete_fold,MoleSG/Downstream/Result/clintox/best_test_result_p3_tpsa_mofe_last_ffn_conloss_n8aligned_clintox_fold_4.csv,
p3_tpsa_mofe_last_ffn_conloss_n8aligned,p3_tpsa_mofe_last_ffn_conloss,final_n8,tpsa,I1+I3,clintox,5,46,0.8190912859,complete_fold,MoleSG/Downstream/Result/clintox/best_test_result_p3_tpsa_mofe_last_ffn_conloss_n8aligned_clintox_fold_5.csv,
p3_tpsa_mofe_last_ffn_conloss_n8aligned,p3_tpsa_mofe_last_ffn_conloss,final_n8,tpsa,I1+I3,bace,1,42,0.8848039216,complete_fold,MoleSG/Downstream/Result/bace/best_test_result_p3_tpsa_mofe_last_ffn_conloss_n8aligned_bace_fold_1.csv,
p3_tpsa_mofe_last_ffn_conloss_n8aligned,p3_tpsa_mofe_last_ffn_conloss,final_n8,tpsa,I1+I3,bace,2,43,0.8394871795,complete_fold,MoleSG/Downstream/Result/bace/best_test_result_p3_tpsa_mofe_last_ffn_conloss_n8aligned_bace_fold_2.csv,
p3_tpsa_mofe_last_ffn_conloss_n8aligned,p3_tpsa_mofe_last_ffn_conloss,final_n8,tpsa,I1+I3,bace,3,44,0.9050061050,complete_fold,MoleSG/Downstream/Result/bace/best_test_result_p3_tpsa_mofe_last_ffn_conloss_n8aligned_bace_fold_3.csv,
p3_tpsa_mofe_last_ffn_conloss_n8aligned,p3_tpsa_mofe_last_ffn_conloss,final_n8,tpsa,I1+I3,bace,4,45,0.8384615385,complete_fold,MoleSG/Downstream/Result/bace/best_test_result_p3_tpsa_mofe_last_ffn_conloss_n8aligned_bace_fold_4.csv,
p3_tpsa_mofe_last_ffn_conloss_n8aligned,p3_tpsa_mofe_last_ffn_conloss,final_n8,tpsa,I1+I3,bace,5,46,0.9216959511,complete_fold,MoleSG/Downstream/Result/bace/best_test_result_p3_tpsa_mofe_last_ffn_conloss_n8aligned_bace_fold_5.csv,
p3_tpsa_mofe_last_ffn_conloss_n8aligned,p3_tpsa_mofe_last_ffn_conloss,final_n8,tpsa,I1+I3,hiv,1,42,0.7956983070,complete_fold,MoleSG/Downstream/Result/hiv/best_test_result_p3_tpsa_mofe_last_ffn_conloss_n8aligned_hiv_fold_1.csv,
p3_tpsa_mofe_last_ffn_conloss_n8aligned,p3_tpsa_mofe_last_ffn_conloss,final_n8,tpsa,I1+I3,hiv,2,43,0.8635623924,complete_fold,MoleSG/Downstream/Result/hiv/best_test_result_p3_tpsa_mofe_last_ffn_conloss_n8aligned_hiv_fold_2.csv,
p3_tpsa_mofe_last_ffn_conloss_n8aligned,p3_tpsa_mofe_last_ffn_conloss,final_n8,tpsa,I1+I3,hiv,3,44,0.7907974363,complete_fold,MoleSG/Downstream/Result/hiv/best_test_result_p3_tpsa_mofe_last_ffn_conloss_n8aligned_hiv_fold_3.csv,
p3_tpsa_mofe_last_ffn_conloss_n8aligned,p3_tpsa_mofe_last_ffn_conloss,final_n8,tpsa,I1+I3,hiv,4,45,0.8167810540,complete_fold,MoleSG/Downstream/Result/hiv/best_test_result_p3_tpsa_mofe_last_ffn_conloss_n8aligned_hiv_fold_4.csv,
p3_tpsa_mofe_last_ffn_conloss_n8aligned,p3_tpsa_mofe_last_ffn_conloss,final_n8,tpsa,I1+I3,hiv,5,46,0.7510966861,complete_fold,MoleSG/Downstream/Result/hiv/best_test_result_p3_tpsa_mofe_last_ffn_conloss_n8aligned_hiv_fold_5.csv,
p3_tpsa_mofe_last_ffn_conloss_n8aligned,p3_tpsa_mofe_last_ffn_conloss,final_n8,tpsa,I1+I3,muv,1,42,0.7092555457,complete_fold,MoleSG/Downstream/Result/muv/best_test_result_p3_tpsa_mofe_last_ffn_conloss_n8aligned_muv_fold_1.csv,
p3_tpsa_mofe_last_ffn_conloss_n8aligned,p3_tpsa_mofe_last_ffn_conloss,final_n8,tpsa,I1+I3,muv,2,43,0.7618536444,complete_fold,MoleSG/Downstream/Result/muv/best_test_result_p3_tpsa_mofe_last_ffn_conloss_n8aligned_muv_fold_2.csv,
p3_tpsa_mofe_last_ffn_conloss_n8aligned,p3_tpsa_mofe_last_ffn_conloss,final_n8,tpsa,I1+I3,muv,3,44,0.7876564928,complete_fold,MoleSG/Downstream/Result/muv/best_test_result_p3_tpsa_mofe_last_ffn_conloss_n8aligned_muv_fold_3.csv,
p3_tpsa_mofe_last_ffn_conloss_n8aligned,p3_tpsa_mofe_last_ffn_conloss,final_n8,tpsa,I1+I3,muv,4,45,0.7807908217,complete_fold,MoleSG/Downstream/Result/muv/best_test_result_p3_tpsa_mofe_last_ffn_conloss_n8aligned_muv_fold_4.csv,
p3_tpsa_mofe_last_ffn_conloss_n8aligned,p3_tpsa_mofe_last_ffn_conloss,final_n8,tpsa,I1+I3,muv,5,46,0.7341763331,complete_fold,MoleSG/Downstream/Result/muv/best_test_result_p3_tpsa_mofe_last_ffn_conloss_n8aligned_muv_fold_5.csv,
p3_logp_mofe_last_ffn_conloss_n8aligned,p3_logp_mofe_last_ffn_conloss,final_n8,logp,I1+I3,bbbp,1,42,0.9147807086,complete_fold,MoleSG/Downstream/Result/bbbp/best_test_result_p3_logp_mofe_last_ffn_conloss_n8aligned_bbbp_fold_1.csv,
p3_logp_mofe_last_ffn_conloss_n8aligned,p3_logp_mofe_last_ffn_conloss,final_n8,logp,I1+I3,bbbp,2,43,0.9313190383,complete_fold,MoleSG/Downstream/Result/bbbp/best_test_result_p3_logp_mofe_last_ffn_conloss_n8aligned_bbbp_fold_2.csv,
p3_logp_mofe_last_ffn_conloss_n8aligned,p3_logp_mofe_last_ffn_conloss,final_n8,logp,I1+I3,bbbp,3,44,0.9229337305,complete_fold,MoleSG/Downstream/Result/bbbp/best_test_result_p3_logp_mofe_last_ffn_conloss_n8aligned_bbbp_fold_3.csv,
p3_logp_mofe_last_ffn_conloss_n8aligned,p3_logp_mofe_last_ffn_conloss,final_n8,logp,I1+I3,bbbp,4,45,0.9475328947,complete_fold,MoleSG/Downstream/Result/bbbp/best_test_result_p3_logp_mofe_last_ffn_conloss_n8aligned_bbbp_fold_4.csv,
p3_logp_mofe_last_ffn_conloss_n8aligned,p3_logp_mofe_last_ffn_conloss,final_n8,logp,I1+I3,bbbp,5,46,0.9590713902,complete_fold,MoleSG/Downstream/Result/bbbp/best_test_result_p3_logp_mofe_last_ffn_conloss_n8aligned_bbbp_fold_5.csv,
p3_logp_mofe_last_ffn_conloss_n8aligned,p3_logp_mofe_last_ffn_conloss,final_n8,logp,I1+I3,tox21,1,42,0.7952189208,complete_fold,MoleSG/Downstream/Result/tox21/best_test_result_p3_logp_mofe_last_ffn_conloss_n8aligned_tox21_fold_1.csv,
p3_logp_mofe_last_ffn_conloss_n8aligned,p3_logp_mofe_last_ffn_conloss,final_n8,logp,I1+I3,tox21,2,43,0.8157970917,complete_fold,MoleSG/Downstream/Result/tox21/best_test_result_p3_logp_mofe_last_ffn_conloss_n8aligned_tox21_fold_2.csv,
p3_logp_mofe_last_ffn_conloss_n8aligned,p3_logp_mofe_last_ffn_conloss,final_n8,logp,I1+I3,tox21,3,44,0.7937226305,complete_fold,MoleSG/Downstream/Result/tox21/best_test_result_p3_logp_mofe_last_ffn_conloss_n8aligned_tox21_fold_3.csv,
p3_logp_mofe_last_ffn_conloss_n8aligned,p3_logp_mofe_last_ffn_conloss,final_n8,logp,I1+I3,tox21,4,45,0.8226615493,complete_fold,MoleSG/Downstream/Result/tox21/best_test_result_p3_logp_mofe_last_ffn_conloss_n8aligned_tox21_fold_4.csv,
p3_logp_mofe_last_ffn_conloss_n8aligned,p3_logp_mofe_last_ffn_conloss,final_n8,logp,I1+I3,tox21,5,46,0.8093890170,complete_fold,MoleSG/Downstream/Result/tox21/best_test_result_p3_logp_mofe_last_ffn_conloss_n8aligned_tox21_fold_5.csv,
p3_logp_mofe_last_ffn_conloss_n8aligned,p3_logp_mofe_last_ffn_conloss,final_n8,logp,I1+I3,toxcast,1,42,0.7070856235,complete_fold,MoleSG/Downstream/Result/toxcast/best_test_result_p3_logp_mofe_last_ffn_conloss_n8aligned_toxcast_fold_1.csv,
p3_logp_mofe_last_ffn_conloss_n8aligned,p3_logp_mofe_last_ffn_conloss,final_n8,logp,I1+I3,toxcast,2,43,0.6980128151,complete_fold,MoleSG/Downstream/Result/toxcast/best_test_result_p3_logp_mofe_last_ffn_conloss_n8aligned_toxcast_fold_2.csv,
p3_logp_mofe_last_ffn_conloss_n8aligned,p3_logp_mofe_last_ffn_conloss,final_n8,logp,I1+I3,toxcast,3,44,0.6538964182,complete_fold,MoleSG/Downstream/Result/toxcast/best_test_result_p3_logp_mofe_last_ffn_conloss_n8aligned_toxcast_fold_3.csv,
p3_logp_mofe_last_ffn_conloss_n8aligned,p3_logp_mofe_last_ffn_conloss,final_n8,logp,I1+I3,toxcast,4,45,0.6879093308,complete_fold,MoleSG/Downstream/Result/toxcast/best_test_result_p3_logp_mofe_last_ffn_conloss_n8aligned_toxcast_fold_4.csv,
p3_logp_mofe_last_ffn_conloss_n8aligned,p3_logp_mofe_last_ffn_conloss,final_n8,logp,I1+I3,toxcast,5,46,0.6757173734,complete_fold,MoleSG/Downstream/Result/toxcast/best_test_result_p3_logp_mofe_last_ffn_conloss_n8aligned_toxcast_fold_5.csv,
p3_logp_mofe_last_ffn_conloss_n8aligned,p3_logp_mofe_last_ffn_conloss,final_n8,logp,I1+I3,sider,1,42,0.5739649124,complete_fold,MoleSG/Downstream/Result/sider/best_test_result_p3_logp_mofe_last_ffn_conloss_n8aligned_sider_fold_1.csv,
p3_logp_mofe_last_ffn_conloss_n8aligned,p3_logp_mofe_last_ffn_conloss,final_n8,logp,I1+I3,sider,2,43,0.6496594340,complete_fold,MoleSG/Downstream/Result/sider/best_test_result_p3_logp_mofe_last_ffn_conloss_n8aligned_sider_fold_2.csv,
p3_logp_mofe_last_ffn_conloss_n8aligned,p3_logp_mofe_last_ffn_conloss,final_n8,logp,I1+I3,sider,3,44,0.6519715216,complete_fold,MoleSG/Downstream/Result/sider/best_test_result_p3_logp_mofe_last_ffn_conloss_n8aligned_sider_fold_3.csv,
p3_logp_mofe_last_ffn_conloss_n8aligned,p3_logp_mofe_last_ffn_conloss,final_n8,logp,I1+I3,sider,4,45,0.5913152622,complete_fold,MoleSG/Downstream/Result/sider/best_test_result_p3_logp_mofe_last_ffn_conloss_n8aligned_sider_fold_4.csv,
p3_logp_mofe_last_ffn_conloss_n8aligned,p3_logp_mofe_last_ffn_conloss,final_n8,logp,I1+I3,sider,5,46,0.6017523494,complete_fold,MoleSG/Downstream/Result/sider/best_test_result_p3_logp_mofe_last_ffn_conloss_n8aligned_sider_fold_5.csv,
p3_logp_mofe_last_ffn_conloss_n8aligned,p3_logp_mofe_last_ffn_conloss,final_n8,logp,I1+I3,clintox,1,42,0.9008921972,complete_fold,MoleSG/Downstream/Result/clintox/best_test_result_p3_logp_mofe_last_ffn_conloss_n8aligned_clintox_fold_1.csv,
p3_logp_mofe_last_ffn_conloss_n8aligned,p3_logp_mofe_last_ffn_conloss,final_n8,logp,I1+I3,clintox,2,43,0.8076171031,complete_fold,MoleSG/Downstream/Result/clintox/best_test_result_p3_logp_mofe_last_ffn_conloss_n8aligned_clintox_fold_2.csv,
p3_logp_mofe_last_ffn_conloss_n8aligned,p3_logp_mofe_last_ffn_conloss,final_n8,logp,I1+I3,clintox,3,44,0.8378726146,complete_fold,MoleSG/Downstream/Result/clintox/best_test_result_p3_logp_mofe_last_ffn_conloss_n8aligned_clintox_fold_3.csv,
p3_logp_mofe_last_ffn_conloss_n8aligned,p3_logp_mofe_last_ffn_conloss,final_n8,logp,I1+I3,clintox,4,45,0.8926457444,complete_fold,MoleSG/Downstream/Result/clintox/best_test_result_p3_logp_mofe_last_ffn_conloss_n8aligned_clintox_fold_4.csv,
p3_logp_mofe_last_ffn_conloss_n8aligned,p3_logp_mofe_last_ffn_conloss,final_n8,logp,I1+I3,clintox,5,46,0.8873716153,complete_fold,MoleSG/Downstream/Result/clintox/best_test_result_p3_logp_mofe_last_ffn_conloss_n8aligned_clintox_fold_5.csv,
p3_logp_mofe_last_ffn_conloss_n8aligned,p3_logp_mofe_last_ffn_conloss,final_n8,logp,I1+I3,bace,1,42,0.8453431373,complete_fold,MoleSG/Downstream/Result/bace/best_test_result_p3_logp_mofe_last_ffn_conloss_n8aligned_bace_fold_1.csv,
p3_logp_mofe_last_ffn_conloss_n8aligned,p3_logp_mofe_last_ffn_conloss,final_n8,logp,I1+I3,bace,2,43,0.8197435897,complete_fold,MoleSG/Downstream/Result/bace/best_test_result_p3_logp_mofe_last_ffn_conloss_n8aligned_bace_fold_2.csv,
p3_logp_mofe_last_ffn_conloss_n8aligned,p3_logp_mofe_last_ffn_conloss,final_n8,logp,I1+I3,bace,3,44,0.8757020757,complete_fold,MoleSG/Downstream/Result/bace/best_test_result_p3_logp_mofe_last_ffn_conloss_n8aligned_bace_fold_3.csv,
p3_logp_mofe_last_ffn_conloss_n8aligned,p3_logp_mofe_last_ffn_conloss,final_n8,logp,I1+I3,bace,4,45,0.8558974359,complete_fold,MoleSG/Downstream/Result/bace/best_test_result_p3_logp_mofe_last_ffn_conloss_n8aligned_bace_fold_4.csv,
p3_logp_mofe_last_ffn_conloss_n8aligned,p3_logp_mofe_last_ffn_conloss,final_n8,logp,I1+I3,bace,5,46,0.8758594347,complete_fold,MoleSG/Downstream/Result/bace/best_test_result_p3_logp_mofe_last_ffn_conloss_n8aligned_bace_fold_5.csv,
p3_logp_mofe_last_ffn_conloss_n8aligned,p3_logp_mofe_last_ffn_conloss,final_n8,logp,I1+I3,hiv,1,42,0.7640054258,complete_fold,MoleSG/Downstream/Result/hiv/best_test_result_p3_logp_mofe_last_ffn_conloss_n8aligned_hiv_fold_1.csv,
p3_logp_mofe_last_ffn_conloss_n8aligned,p3_logp_mofe_last_ffn_conloss,final_n8,logp,I1+I3,hiv,2,43,0.8432296218,complete_fold,MoleSG/Downstream/Result/hiv/best_test_result_p3_logp_mofe_last_ffn_conloss_n8aligned_hiv_fold_2.csv,
p3_logp_mofe_last_ffn_conloss_n8aligned,p3_logp_mofe_last_ffn_conloss,final_n8,logp,I1+I3,hiv,3,44,0.8136038633,complete_fold,MoleSG/Downstream/Result/hiv/best_test_result_p3_logp_mofe_last_ffn_conloss_n8aligned_hiv_fold_3.csv,
p3_logp_mofe_last_ffn_conloss_n8aligned,p3_logp_mofe_last_ffn_conloss,final_n8,logp,I1+I3,hiv,4,45,0.7731321392,complete_fold,MoleSG/Downstream/Result/hiv/best_test_result_p3_logp_mofe_last_ffn_conloss_n8aligned_hiv_fold_4.csv,
p3_logp_mofe_last_ffn_conloss_n8aligned,p3_logp_mofe_last_ffn_conloss,final_n8,logp,I1+I3,hiv,5,46,0.7492925752,complete_fold,MoleSG/Downstream/Result/hiv/best_test_result_p3_logp_mofe_last_ffn_conloss_n8aligned_hiv_fold_5.csv,
p3_logp_mofe_last_ffn_conloss_n8aligned,p3_logp_mofe_last_ffn_conloss,final_n8,logp,I1+I3,muv,1,42,0.7292709702,complete_fold,MoleSG/Downstream/Result/muv/best_test_result_p3_logp_mofe_last_ffn_conloss_n8aligned_muv_fold_1.csv,
p3_logp_mofe_last_ffn_conloss_n8aligned,p3_logp_mofe_last_ffn_conloss,final_n8,logp,I1+I3,muv,2,43,0.7717490042,complete_fold,MoleSG/Downstream/Result/muv/best_test_result_p3_logp_mofe_last_ffn_conloss_n8aligned_muv_fold_2.csv,
p3_logp_mofe_last_ffn_conloss_n8aligned,p3_logp_mofe_last_ffn_conloss,final_n8,logp,I1+I3,muv,3,44,0.7355090698,complete_fold,MoleSG/Downstream/Result/muv/best_test_result_p3_logp_mofe_last_ffn_conloss_n8aligned_muv_fold_3.csv,
p3_logp_mofe_last_ffn_conloss_n8aligned,p3_logp_mofe_last_ffn_conloss,final_n8,logp,I1+I3,muv,4,45,0.7688987554,complete_fold,MoleSG/Downstream/Result/muv/best_test_result_p3_logp_mofe_last_ffn_conloss_n8aligned_muv_fold_4.csv,
p3_logp_mofe_last_ffn_conloss_n8aligned,p3_logp_mofe_last_ffn_conloss,final_n8,logp,I1+I3,muv,5,46,0.7311258690,complete_fold,MoleSG/Downstream/Result/muv/best_test_result_p3_logp_mofe_last_ffn_conloss_n8aligned_muv_fold_5.csv,
p5_tpsa_mofe_last_selected_kan_conloss_n8aligned,p5_tpsa_mofe_last_selected_kan_conloss,final_n8,tpsa,I1+I2+I3,bbbp,1,42,0.9271109724,complete_fold,MoleSG/Downstream/Result/bbbp/best_test_result_p5_tpsa_mofe_last_selected_kan_conloss_n8aligned_bbbp_fold_1.csv,
p5_tpsa_mofe_last_selected_kan_conloss_n8aligned,p5_tpsa_mofe_last_selected_kan_conloss,final_n8,tpsa,I1+I2+I3,bbbp,2,43,0.9652371670,complete_fold,MoleSG/Downstream/Result/bbbp/best_test_result_p5_tpsa_mofe_last_selected_kan_conloss_n8aligned_bbbp_fold_2.csv,
p5_tpsa_mofe_last_selected_kan_conloss_n8aligned,p5_tpsa_mofe_last_selected_kan_conloss,final_n8,tpsa,I1+I2+I3,bbbp,3,44,0.9240506329,complete_fold,MoleSG/Downstream/Result/bbbp/best_test_result_p5_tpsa_mofe_last_selected_kan_conloss_n8aligned_bbbp_fold_3.csv,
p5_tpsa_mofe_last_selected_kan_conloss_n8aligned,p5_tpsa_mofe_last_selected_kan_conloss,final_n8,tpsa,I1+I2+I3,bbbp,4,45,0.9271381579,complete_fold,MoleSG/Downstream/Result/bbbp/best_test_result_p5_tpsa_mofe_last_selected_kan_conloss_n8aligned_bbbp_fold_4.csv,
p5_tpsa_mofe_last_selected_kan_conloss_n8aligned,p5_tpsa_mofe_last_selected_kan_conloss,final_n8,tpsa,I1+I2+I3,bbbp,5,46,0.9557165862,complete_fold,MoleSG/Downstream/Result/bbbp/best_test_result_p5_tpsa_mofe_last_selected_kan_conloss_n8aligned_bbbp_fold_5.csv,
p5_tpsa_mofe_last_selected_kan_conloss_n8aligned,p5_tpsa_mofe_last_selected_kan_conloss,final_n8,tpsa,I1+I2+I3,tox21,1,42,0.7809318424,complete_fold,MoleSG/Downstream/Result/tox21/best_test_result_p5_tpsa_mofe_last_selected_kan_conloss_n8aligned_tox21_fold_1.csv,
p5_tpsa_mofe_last_selected_kan_conloss_n8aligned,p5_tpsa_mofe_last_selected_kan_conloss,final_n8,tpsa,I1+I2+I3,tox21,2,43,0.8229954068,complete_fold,MoleSG/Downstream/Result/tox21/best_test_result_p5_tpsa_mofe_last_selected_kan_conloss_n8aligned_tox21_fold_2.csv,
p5_tpsa_mofe_last_selected_kan_conloss_n8aligned,p5_tpsa_mofe_last_selected_kan_conloss,final_n8,tpsa,I1+I2+I3,tox21,3,44,0.8063027366,complete_fold,MoleSG/Downstream/Result/tox21/best_test_result_p5_tpsa_mofe_last_selected_kan_conloss_n8aligned_tox21_fold_3.csv,
p5_tpsa_mofe_last_selected_kan_conloss_n8aligned,p5_tpsa_mofe_last_selected_kan_conloss,final_n8,tpsa,I1+I2+I3,tox21,4,45,0.8205503382,complete_fold,MoleSG/Downstream/Result/tox21/best_test_result_p5_tpsa_mofe_last_selected_kan_conloss_n8aligned_tox21_fold_4.csv,
p5_tpsa_mofe_last_selected_kan_conloss_n8aligned,p5_tpsa_mofe_last_selected_kan_conloss,final_n8,tpsa,I1+I2+I3,tox21,5,46,0.8188150848,complete_fold,MoleSG/Downstream/Result/tox21/best_test_result_p5_tpsa_mofe_last_selected_kan_conloss_n8aligned_tox21_fold_5.csv,
p5_tpsa_mofe_last_selected_kan_conloss_n8aligned,p5_tpsa_mofe_last_selected_kan_conloss,final_n8,tpsa,I1+I2+I3,toxcast,1,42,0.6983014605,complete_fold,MoleSG/Downstream/Result/toxcast/best_test_result_p5_tpsa_mofe_last_selected_kan_conloss_n8aligned_toxcast_fold_1.csv,
p5_tpsa_mofe_last_selected_kan_conloss_n8aligned,p5_tpsa_mofe_last_selected_kan_conloss,final_n8,tpsa,I1+I2+I3,toxcast,2,43,0.7177659181,complete_fold,MoleSG/Downstream/Result/toxcast/best_test_result_p5_tpsa_mofe_last_selected_kan_conloss_n8aligned_toxcast_fold_2.csv,
p5_tpsa_mofe_last_selected_kan_conloss_n8aligned,p5_tpsa_mofe_last_selected_kan_conloss,final_n8,tpsa,I1+I2+I3,toxcast,3,44,0.6621412708,complete_fold,MoleSG/Downstream/Result/toxcast/best_test_result_p5_tpsa_mofe_last_selected_kan_conloss_n8aligned_toxcast_fold_3.csv,
p5_tpsa_mofe_last_selected_kan_conloss_n8aligned,p5_tpsa_mofe_last_selected_kan_conloss,final_n8,tpsa,I1+I2+I3,toxcast,4,45,0.6909900218,complete_fold,MoleSG/Downstream/Result/toxcast/best_test_result_p5_tpsa_mofe_last_selected_kan_conloss_n8aligned_toxcast_fold_4.csv,
p5_tpsa_mofe_last_selected_kan_conloss_n8aligned,p5_tpsa_mofe_last_selected_kan_conloss,final_n8,tpsa,I1+I2+I3,toxcast,5,46,0.6731670772,complete_fold,MoleSG/Downstream/Result/toxcast/best_test_result_p5_tpsa_mofe_last_selected_kan_conloss_n8aligned_toxcast_fold_5.csv,
p5_tpsa_mofe_last_selected_kan_conloss_n8aligned,p5_tpsa_mofe_last_selected_kan_conloss,final_n8,tpsa,I1+I2+I3,sider,1,42,0.5542018648,complete_fold,MoleSG/Downstream/Result/sider/best_test_result_p5_tpsa_mofe_last_selected_kan_conloss_n8aligned_sider_fold_1.csv,
p5_tpsa_mofe_last_selected_kan_conloss_n8aligned,p5_tpsa_mofe_last_selected_kan_conloss,final_n8,tpsa,I1+I2+I3,sider,2,43,0.6423504540,complete_fold,MoleSG/Downstream/Result/sider/best_test_result_p5_tpsa_mofe_last_selected_kan_conloss_n8aligned_sider_fold_2.csv,
p5_tpsa_mofe_last_selected_kan_conloss_n8aligned,p5_tpsa_mofe_last_selected_kan_conloss,final_n8,tpsa,I1+I2+I3,sider,3,44,0.6252237169,complete_fold,MoleSG/Downstream/Result/sider/best_test_result_p5_tpsa_mofe_last_selected_kan_conloss_n8aligned_sider_fold_3.csv,
p5_tpsa_mofe_last_selected_kan_conloss_n8aligned,p5_tpsa_mofe_last_selected_kan_conloss,final_n8,tpsa,I1+I2+I3,sider,4,45,0.6170246838,complete_fold,MoleSG/Downstream/Result/sider/best_test_result_p5_tpsa_mofe_last_selected_kan_conloss_n8aligned_sider_fold_4.csv,
p5_tpsa_mofe_last_selected_kan_conloss_n8aligned,p5_tpsa_mofe_last_selected_kan_conloss,final_n8,tpsa,I1+I2+I3,sider,5,46,0.6216113974,complete_fold,MoleSG/Downstream/Result/sider/best_test_result_p5_tpsa_mofe_last_selected_kan_conloss_n8aligned_sider_fold_5.csv,
p5_tpsa_mofe_last_selected_kan_conloss_n8aligned,p5_tpsa_mofe_last_selected_kan_conloss,final_n8,tpsa,I1+I2+I3,clintox,1,42,0.8297112717,complete_fold,MoleSG/Downstream/Result/clintox/best_test_result_p5_tpsa_mofe_last_selected_kan_conloss_n8aligned_clintox_fold_1.csv,
p5_tpsa_mofe_last_selected_kan_conloss_n8aligned,p5_tpsa_mofe_last_selected_kan_conloss,final_n8,tpsa,I1+I2+I3,clintox,2,43,0.8983504019,complete_fold,MoleSG/Downstream/Result/clintox/best_test_result_p5_tpsa_mofe_last_selected_kan_conloss_n8aligned_clintox_fold_2.csv,
p5_tpsa_mofe_last_selected_kan_conloss_n8aligned,p5_tpsa_mofe_last_selected_kan_conloss,final_n8,tpsa,I1+I2+I3,clintox,3,44,0.8917845375,complete_fold,MoleSG/Downstream/Result/clintox/best_test_result_p5_tpsa_mofe_last_selected_kan_conloss_n8aligned_clintox_fold_3.csv,
p5_tpsa_mofe_last_selected_kan_conloss_n8aligned,p5_tpsa_mofe_last_selected_kan_conloss,final_n8,tpsa,I1+I2+I3,clintox,4,45,0.8582747088,complete_fold,MoleSG/Downstream/Result/clintox/best_test_result_p5_tpsa_mofe_last_selected_kan_conloss_n8aligned_clintox_fold_4.csv,
p5_tpsa_mofe_last_selected_kan_conloss_n8aligned,p5_tpsa_mofe_last_selected_kan_conloss,final_n8,tpsa,I1+I2+I3,clintox,5,46,0.8297615023,complete_fold,MoleSG/Downstream/Result/clintox/best_test_result_p5_tpsa_mofe_last_selected_kan_conloss_n8aligned_clintox_fold_5.csv,
p5_tpsa_mofe_last_selected_kan_conloss_n8aligned,p5_tpsa_mofe_last_selected_kan_conloss,final_n8,tpsa,I1+I2+I3,bace,1,42,0.8759803922,complete_fold,MoleSG/Downstream/Result/bace/best_test_result_p5_tpsa_mofe_last_selected_kan_conloss_n8aligned_bace_fold_1.csv,
p5_tpsa_mofe_last_selected_kan_conloss_n8aligned,p5_tpsa_mofe_last_selected_kan_conloss,final_n8,tpsa,I1+I2+I3,bace,2,43,0.8061538462,complete_fold,MoleSG/Downstream/Result/bace/best_test_result_p5_tpsa_mofe_last_selected_kan_conloss_n8aligned_bace_fold_2.csv,
p5_tpsa_mofe_last_selected_kan_conloss_n8aligned,p5_tpsa_mofe_last_selected_kan_conloss,final_n8,tpsa,I1+I2+I3,bace,3,44,0.9118437118,complete_fold,MoleSG/Downstream/Result/bace/best_test_result_p5_tpsa_mofe_last_selected_kan_conloss_n8aligned_bace_fold_3.csv,
p5_tpsa_mofe_last_selected_kan_conloss_n8aligned,p5_tpsa_mofe_last_selected_kan_conloss,final_n8,tpsa,I1+I2+I3,bace,4,45,0.8051282051,complete_fold,MoleSG/Downstream/Result/bace/best_test_result_p5_tpsa_mofe_last_selected_kan_conloss_n8aligned_bace_fold_4.csv,
p5_tpsa_mofe_last_selected_kan_conloss_n8aligned,p5_tpsa_mofe_last_selected_kan_conloss,final_n8,tpsa,I1+I2+I3,bace,5,46,0.8203463203,complete_fold,MoleSG/Downstream/Result/bace/best_test_result_p5_tpsa_mofe_last_selected_kan_conloss_n8aligned_bace_fold_5.csv,
p5_tpsa_mofe_last_selected_kan_conloss_n8aligned,p5_tpsa_mofe_last_selected_kan_conloss,final_n8,tpsa,I1+I2+I3,hiv,1,42,0.7449837672,complete_fold,MoleSG/Downstream/Result/hiv/best_test_result_p5_tpsa_mofe_last_selected_kan_conloss_n8aligned_hiv_fold_1.csv,
p5_tpsa_mofe_last_selected_kan_conloss_n8aligned,p5_tpsa_mofe_last_selected_kan_conloss,final_n8,tpsa,I1+I2+I3,hiv,2,43,0.8405688153,complete_fold,MoleSG/Downstream/Result/hiv/best_test_result_p5_tpsa_mofe_last_selected_kan_conloss_n8aligned_hiv_fold_2.csv,
p5_tpsa_mofe_last_selected_kan_conloss_n8aligned,p5_tpsa_mofe_last_selected_kan_conloss,final_n8,tpsa,I1+I2+I3,hiv,3,44,0.7863950100,complete_fold,MoleSG/Downstream/Result/hiv/best_test_result_p5_tpsa_mofe_last_selected_kan_conloss_n8aligned_hiv_fold_3.csv,
p5_tpsa_mofe_last_selected_kan_conloss_n8aligned,p5_tpsa_mofe_last_selected_kan_conloss,final_n8,tpsa,I1+I2+I3,hiv,4,45,0.7921594886,complete_fold,MoleSG/Downstream/Result/hiv/best_test_result_p5_tpsa_mofe_last_selected_kan_conloss_n8aligned_hiv_fold_4.csv,
p5_tpsa_mofe_last_selected_kan_conloss_n8aligned,p5_tpsa_mofe_last_selected_kan_conloss,final_n8,tpsa,I1+I2+I3,hiv,5,46,0.7617489389,complete_fold,MoleSG/Downstream/Result/hiv/best_test_result_p5_tpsa_mofe_last_selected_kan_conloss_n8aligned_hiv_fold_5.csv,
p5_tpsa_mofe_last_selected_kan_conloss_n8aligned,p5_tpsa_mofe_last_selected_kan_conloss,final_n8,tpsa,I1+I2+I3,muv,1,42,0.6835001217,complete_fold,MoleSG/Downstream/Result/muv/best_test_result_p5_tpsa_mofe_last_selected_kan_conloss_n8aligned_muv_fold_1.csv,
p5_tpsa_mofe_last_selected_kan_conloss_n8aligned,p5_tpsa_mofe_last_selected_kan_conloss,final_n8,tpsa,I1+I2+I3,muv,2,43,0.6807509839,complete_fold,MoleSG/Downstream/Result/muv/best_test_result_p5_tpsa_mofe_last_selected_kan_conloss_n8aligned_muv_fold_2.csv,
p5_tpsa_mofe_last_selected_kan_conloss_n8aligned,p5_tpsa_mofe_last_selected_kan_conloss,final_n8,tpsa,I1+I2+I3,muv,3,44,0.7578204472,complete_fold,MoleSG/Downstream/Result/muv/best_test_result_p5_tpsa_mofe_last_selected_kan_conloss_n8aligned_muv_fold_3.csv,
p5_tpsa_mofe_last_selected_kan_conloss_n8aligned,p5_tpsa_mofe_last_selected_kan_conloss,final_n8,tpsa,I1+I2+I3,muv,4,45,0.7270093543,complete_fold,MoleSG/Downstream/Result/muv/best_test_result_p5_tpsa_mofe_last_selected_kan_conloss_n8aligned_muv_fold_4.csv,
p5_tpsa_mofe_last_selected_kan_conloss_n8aligned,p5_tpsa_mofe_last_selected_kan_conloss,final_n8,tpsa,I1+I2+I3,muv,5,46,0.6842510875,complete_fold,MoleSG/Downstream/Result/muv/best_test_result_p5_tpsa_mofe_last_selected_kan_conloss_n8aligned_muv_fold_5.csv,
p5_logp_mofe_last_selected_kan_conloss_n8aligned,p5_logp_mofe_last_selected_kan_conloss,final_n8,logp,I1+I2+I3,bbbp,1,42,0.9205556423,complete_fold,MoleSG/Downstream/Result/bbbp/best_test_result_p5_logp_mofe_last_selected_kan_conloss_n8aligned_bbbp_fold_1.csv,
p5_logp_mofe_last_selected_kan_conloss_n8aligned,p5_logp_mofe_last_selected_kan_conloss,final_n8,logp,I1+I2+I3,bbbp,2,43,0.9747238467,complete_fold,MoleSG/Downstream/Result/bbbp/best_test_result_p5_logp_mofe_last_selected_kan_conloss_n8aligned_bbbp_fold_2.csv,
p5_logp_mofe_last_selected_kan_conloss_n8aligned,p5_logp_mofe_last_selected_kan_conloss,final_n8,logp,I1+I2+I3,bbbp,3,44,0.9268428891,complete_fold,MoleSG/Downstream/Result/bbbp/best_test_result_p5_logp_mofe_last_selected_kan_conloss_n8aligned_bbbp_fold_3.csv,
p5_logp_mofe_last_selected_kan_conloss_n8aligned,p5_logp_mofe_last_selected_kan_conloss,final_n8,logp,I1+I2+I3,bbbp,4,45,0.9564144737,complete_fold,MoleSG/Downstream/Result/bbbp/best_test_result_p5_logp_mofe_last_selected_kan_conloss_n8aligned_bbbp_fold_4.csv,
p5_logp_mofe_last_selected_kan_conloss_n8aligned,p5_logp_mofe_last_selected_kan_conloss,final_n8,logp,I1+I2+I3,bbbp,5,46,0.9550456253,complete_fold,MoleSG/Downstream/Result/bbbp/best_test_result_p5_logp_mofe_last_selected_kan_conloss_n8aligned_bbbp_fold_5.csv,
p5_logp_mofe_last_selected_kan_conloss_n8aligned,p5_logp_mofe_last_selected_kan_conloss,final_n8,logp,I1+I2+I3,tox21,1,42,0.7810862722,complete_fold,MoleSG/Downstream/Result/tox21/best_test_result_p5_logp_mofe_last_selected_kan_conloss_n8aligned_tox21_fold_1.csv,
p5_logp_mofe_last_selected_kan_conloss_n8aligned,p5_logp_mofe_last_selected_kan_conloss,final_n8,logp,I1+I2+I3,tox21,2,43,0.8076650156,complete_fold,MoleSG/Downstream/Result/tox21/best_test_result_p5_logp_mofe_last_selected_kan_conloss_n8aligned_tox21_fold_2.csv,
p5_logp_mofe_last_selected_kan_conloss_n8aligned,p5_logp_mofe_last_selected_kan_conloss,final_n8,logp,I1+I2+I3,tox21,3,44,0.7937583688,complete_fold,MoleSG/Downstream/Result/tox21/best_test_result_p5_logp_mofe_last_selected_kan_conloss_n8aligned_tox21_fold_3.csv,
p5_logp_mofe_last_selected_kan_conloss_n8aligned,p5_logp_mofe_last_selected_kan_conloss,final_n8,logp,I1+I2+I3,tox21,4,45,0.8233531033,complete_fold,MoleSG/Downstream/Result/tox21/best_test_result_p5_logp_mofe_last_selected_kan_conloss_n8aligned_tox21_fold_4.csv,
p5_logp_mofe_last_selected_kan_conloss_n8aligned,p5_logp_mofe_last_selected_kan_conloss,final_n8,logp,I1+I2+I3,tox21,5,46,0.8172349128,complete_fold,MoleSG/Downstream/Result/tox21/best_test_result_p5_logp_mofe_last_selected_kan_conloss_n8aligned_tox21_fold_5.csv,
p5_logp_mofe_last_selected_kan_conloss_n8aligned,p5_logp_mofe_last_selected_kan_conloss,final_n8,logp,I1+I2+I3,toxcast,1,42,0.7070115932,complete_fold,MoleSG/Downstream/Result/toxcast/best_test_result_p5_logp_mofe_last_selected_kan_conloss_n8aligned_toxcast_fold_1.csv,
p5_logp_mofe_last_selected_kan_conloss_n8aligned,p5_logp_mofe_last_selected_kan_conloss,final_n8,logp,I1+I2+I3,toxcast,2,43,0.6969183430,complete_fold,MoleSG/Downstream/Result/toxcast/best_test_result_p5_logp_mofe_last_selected_kan_conloss_n8aligned_toxcast_fold_2.csv,
p5_logp_mofe_last_selected_kan_conloss_n8aligned,p5_logp_mofe_last_selected_kan_conloss,final_n8,logp,I1+I2+I3,toxcast,3,44,0.6745761056,complete_fold,MoleSG/Downstream/Result/toxcast/best_test_result_p5_logp_mofe_last_selected_kan_conloss_n8aligned_toxcast_fold_3.csv,
p5_logp_mofe_last_selected_kan_conloss_n8aligned,p5_logp_mofe_last_selected_kan_conloss,final_n8,logp,I1+I2+I3,toxcast,4,45,0.7005434354,complete_fold,MoleSG/Downstream/Result/toxcast/best_test_result_p5_logp_mofe_last_selected_kan_conloss_n8aligned_toxcast_fold_4.csv,
p5_logp_mofe_last_selected_kan_conloss_n8aligned,p5_logp_mofe_last_selected_kan_conloss,final_n8,logp,I1+I2+I3,toxcast,5,46,0.6755745754,complete_fold,MoleSG/Downstream/Result/toxcast/best_test_result_p5_logp_mofe_last_selected_kan_conloss_n8aligned_toxcast_fold_5.csv,
p5_logp_mofe_last_selected_kan_conloss_n8aligned,p5_logp_mofe_last_selected_kan_conloss,final_n8,logp,I1+I2+I3,sider,1,42,0.5867168017,complete_fold,MoleSG/Downstream/Result/sider/best_test_result_p5_logp_mofe_last_selected_kan_conloss_n8aligned_sider_fold_1.csv,
p5_logp_mofe_last_selected_kan_conloss_n8aligned,p5_logp_mofe_last_selected_kan_conloss,final_n8,logp,I1+I2+I3,sider,2,43,0.6295262736,complete_fold,MoleSG/Downstream/Result/sider/best_test_result_p5_logp_mofe_last_selected_kan_conloss_n8aligned_sider_fold_2.csv,
p5_logp_mofe_last_selected_kan_conloss_n8aligned,p5_logp_mofe_last_selected_kan_conloss,final_n8,logp,I1+I2+I3,sider,3,44,0.6470535875,complete_fold,MoleSG/Downstream/Result/sider/best_test_result_p5_logp_mofe_last_selected_kan_conloss_n8aligned_sider_fold_3.csv,
p5_logp_mofe_last_selected_kan_conloss_n8aligned,p5_logp_mofe_last_selected_kan_conloss,final_n8,logp,I1+I2+I3,sider,4,45,0.6102963932,complete_fold,MoleSG/Downstream/Result/sider/best_test_result_p5_logp_mofe_last_selected_kan_conloss_n8aligned_sider_fold_4.csv,
p5_logp_mofe_last_selected_kan_conloss_n8aligned,p5_logp_mofe_last_selected_kan_conloss,final_n8,logp,I1+I2+I3,sider,5,46,0.6370882219,complete_fold,MoleSG/Downstream/Result/sider/best_test_result_p5_logp_mofe_last_selected_kan_conloss_n8aligned_sider_fold_5.csv,
p5_logp_mofe_last_selected_kan_conloss_n8aligned,p5_logp_mofe_last_selected_kan_conloss,final_n8,logp,I1+I2+I3,clintox,1,42,0.8577974871,complete_fold,MoleSG/Downstream/Result/clintox/best_test_result_p5_logp_mofe_last_selected_kan_conloss_n8aligned_clintox_fold_1.csv,
p5_logp_mofe_last_selected_kan_conloss_n8aligned,p5_logp_mofe_last_selected_kan_conloss,final_n8,logp,I1+I2+I3,clintox,2,43,0.8398582664,complete_fold,MoleSG/Downstream/Result/clintox/best_test_result_p5_logp_mofe_last_selected_kan_conloss_n8aligned_clintox_fold_2.csv,
p5_logp_mofe_last_selected_kan_conloss_n8aligned,p5_logp_mofe_last_selected_kan_conloss,final_n8,logp,I1+I2+I3,clintox,3,44,0.8148501825,complete_fold,MoleSG/Downstream/Result/clintox/best_test_result_p5_logp_mofe_last_selected_kan_conloss_n8aligned_clintox_fold_3.csv,
p5_logp_mofe_last_selected_kan_conloss_n8aligned,p5_logp_mofe_last_selected_kan_conloss,final_n8,logp,I1+I2+I3,clintox,4,45,0.8477095587,complete_fold,MoleSG/Downstream/Result/clintox/best_test_result_p5_logp_mofe_last_selected_kan_conloss_n8aligned_clintox_fold_4.csv,
p5_logp_mofe_last_selected_kan_conloss_n8aligned,p5_logp_mofe_last_selected_kan_conloss,final_n8,logp,I1+I2+I3,clintox,5,46,0.8646004379,complete_fold,MoleSG/Downstream/Result/clintox/best_test_result_p5_logp_mofe_last_selected_kan_conloss_n8aligned_clintox_fold_5.csv,
p5_logp_mofe_last_selected_kan_conloss_n8aligned,p5_logp_mofe_last_selected_kan_conloss,final_n8,logp,I1+I2+I3,bace,1,42,0.8431372549,complete_fold,MoleSG/Downstream/Result/bace/best_test_result_p5_logp_mofe_last_selected_kan_conloss_n8aligned_bace_fold_1.csv,
p5_logp_mofe_last_selected_kan_conloss_n8aligned,p5_logp_mofe_last_selected_kan_conloss,final_n8,logp,I1+I2+I3,bace,2,43,0.8028205128,complete_fold,MoleSG/Downstream/Result/bace/best_test_result_p5_logp_mofe_last_selected_kan_conloss_n8aligned_bace_fold_2.csv,
p5_logp_mofe_last_selected_kan_conloss_n8aligned,p5_logp_mofe_last_selected_kan_conloss,final_n8,logp,I1+I2+I3,bace,3,44,0.8713064713,complete_fold,MoleSG/Downstream/Result/bace/best_test_result_p5_logp_mofe_last_selected_kan_conloss_n8aligned_bace_fold_3.csv,
p5_logp_mofe_last_selected_kan_conloss_n8aligned,p5_logp_mofe_last_selected_kan_conloss,final_n8,logp,I1+I2+I3,bace,4,45,0.8458974359,complete_fold,MoleSG/Downstream/Result/bace/best_test_result_p5_logp_mofe_last_selected_kan_conloss_n8aligned_bace_fold_4.csv,
p5_logp_mofe_last_selected_kan_conloss_n8aligned,p5_logp_mofe_last_selected_kan_conloss,final_n8,logp,I1+I2+I3,bace,5,46,0.8806977336,complete_fold,MoleSG/Downstream/Result/bace/best_test_result_p5_logp_mofe_last_selected_kan_conloss_n8aligned_bace_fold_5.csv,
p5_logp_mofe_last_selected_kan_conloss_n8aligned,p5_logp_mofe_last_selected_kan_conloss,final_n8,logp,I1+I2+I3,hiv,1,42,0.7214869693,complete_fold,MoleSG/Downstream/Result/hiv/best_test_result_p5_logp_mofe_last_selected_kan_conloss_n8aligned_hiv_fold_1.csv,
p5_logp_mofe_last_selected_kan_conloss_n8aligned,p5_logp_mofe_last_selected_kan_conloss,final_n8,logp,I1+I2+I3,hiv,2,43,0.8525288692,complete_fold,MoleSG/Downstream/Result/hiv/best_test_result_p5_logp_mofe_last_selected_kan_conloss_n8aligned_hiv_fold_2.csv,
p5_logp_mofe_last_selected_kan_conloss_n8aligned,p5_logp_mofe_last_selected_kan_conloss,final_n8,logp,I1+I2+I3,hiv,3,44,0.7950674799,complete_fold,MoleSG/Downstream/Result/hiv/best_test_result_p5_logp_mofe_last_selected_kan_conloss_n8aligned_hiv_fold_3.csv,
p5_logp_mofe_last_selected_kan_conloss_n8aligned,p5_logp_mofe_last_selected_kan_conloss,final_n8,logp,I1+I2+I3,hiv,4,45,0.7821571769,complete_fold,MoleSG/Downstream/Result/hiv/best_test_result_p5_logp_mofe_last_selected_kan_conloss_n8aligned_hiv_fold_4.csv,
p5_logp_mofe_last_selected_kan_conloss_n8aligned,p5_logp_mofe_last_selected_kan_conloss,final_n8,logp,I1+I2+I3,hiv,5,46,0.7533700436,complete_fold,MoleSG/Downstream/Result/hiv/best_test_result_p5_logp_mofe_last_selected_kan_conloss_n8aligned_hiv_fold_5.csv,
p5_logp_mofe_last_selected_kan_conloss_n8aligned,p5_logp_mofe_last_selected_kan_conloss,final_n8,logp,I1+I2+I3,muv,1,42,0.6772792868,complete_fold,MoleSG/Downstream/Result/muv/best_test_result_p5_logp_mofe_last_selected_kan_conloss_n8aligned_muv_fold_1.csv,
p5_logp_mofe_last_selected_kan_conloss_n8aligned,p5_logp_mofe_last_selected_kan_conloss,final_n8,logp,I1+I2+I3,muv,2,43,0.7195660548,complete_fold,MoleSG/Downstream/Result/muv/best_test_result_p5_logp_mofe_last_selected_kan_conloss_n8aligned_muv_fold_2.csv,
p5_logp_mofe_last_selected_kan_conloss_n8aligned,p5_logp_mofe_last_selected_kan_conloss,final_n8,logp,I1+I2+I3,muv,3,44,0.7755316243,complete_fold,MoleSG/Downstream/Result/muv/best_test_result_p5_logp_mofe_last_selected_kan_conloss_n8aligned_muv_fold_3.csv,
p5_logp_mofe_last_selected_kan_conloss_n8aligned,p5_logp_mofe_last_selected_kan_conloss,final_n8,logp,I1+I2+I3,muv,4,45,0.6844831300,complete_fold,MoleSG/Downstream/Result/muv/best_test_result_p5_logp_mofe_last_selected_kan_conloss_n8aligned_muv_fold_4.csv,
p5_logp_mofe_last_selected_kan_conloss_n8aligned,p5_logp_mofe_last_selected_kan_conloss,final_n8,logp,I1+I2+I3,muv,5,46,0.7406169797,complete_fold,MoleSG/Downstream/Result/muv/best_test_result_p5_logp_mofe_last_selected_kan_conloss_n8aligned_muv_fold_5.csv,
p3_tpsa_mofe_last_all_kan_n8aligned,p3_tpsa_mofe_last_all_kan,final_n8,tpsa,all-KAN,bbbp,1,42,0.9210238801,complete_fold,MoleSG/Downstream/Result/bbbp/best_test_result_p3_tpsa_mofe_last_all_kan_n8aligned_bbbp_fold_1.csv,
p3_tpsa_mofe_last_all_kan_n8aligned,p3_tpsa_mofe_last_all_kan,final_n8,tpsa,all-KAN,bbbp,2,43,0.9752436647,complete_fold,MoleSG/Downstream/Result/bbbp/best_test_result_p3_tpsa_mofe_last_all_kan_n8aligned_bbbp_fold_2.csv,
p3_tpsa_mofe_last_all_kan_n8aligned,p3_tpsa_mofe_last_all_kan,final_n8,tpsa,all-KAN,bbbp,3,44,0.8914743112,complete_fold,MoleSG/Downstream/Result/bbbp/best_test_result_p3_tpsa_mofe_last_all_kan_n8aligned_bbbp_fold_3.csv,
p3_tpsa_mofe_last_all_kan_n8aligned,p3_tpsa_mofe_last_all_kan,final_n8,tpsa,all-KAN,bbbp,4,45,0.9315789474,complete_fold,MoleSG/Downstream/Result/bbbp/best_test_result_p3_tpsa_mofe_last_all_kan_n8aligned_bbbp_fold_4.csv,
p3_tpsa_mofe_last_all_kan_n8aligned,p3_tpsa_mofe_last_all_kan,final_n8,tpsa,all-KAN,bbbp,5,46,0.9641706924,complete_fold,MoleSG/Downstream/Result/bbbp/best_test_result_p3_tpsa_mofe_last_all_kan_n8aligned_bbbp_fold_5.csv,
p3_tpsa_mofe_last_all_kan_n8aligned,p3_tpsa_mofe_last_all_kan,final_n8,tpsa,all-KAN,tox21,1,42,0.7909262205,complete_fold,MoleSG/Downstream/Result/tox21/best_test_result_p3_tpsa_mofe_last_all_kan_n8aligned_tox21_fold_1.csv,
p3_tpsa_mofe_last_all_kan_n8aligned,p3_tpsa_mofe_last_all_kan,final_n8,tpsa,all-KAN,tox21,2,43,0.8198633466,complete_fold,MoleSG/Downstream/Result/tox21/best_test_result_p3_tpsa_mofe_last_all_kan_n8aligned_tox21_fold_2.csv,
p3_tpsa_mofe_last_all_kan_n8aligned,p3_tpsa_mofe_last_all_kan,final_n8,tpsa,all-KAN,tox21,3,44,0.7887005903,complete_fold,MoleSG/Downstream/Result/tox21/best_test_result_p3_tpsa_mofe_last_all_kan_n8aligned_tox21_fold_3.csv,
p3_tpsa_mofe_last_all_kan_n8aligned,p3_tpsa_mofe_last_all_kan,final_n8,tpsa,all-KAN,tox21,4,45,0.8258468852,complete_fold,MoleSG/Downstream/Result/tox21/best_test_result_p3_tpsa_mofe_last_all_kan_n8aligned_tox21_fold_4.csv,
p3_tpsa_mofe_last_all_kan_n8aligned,p3_tpsa_mofe_last_all_kan,final_n8,tpsa,all-KAN,tox21,5,46,0.7671316002,complete_fold,MoleSG/Downstream/Result/tox21/best_test_result_p3_tpsa_mofe_last_all_kan_n8aligned_tox21_fold_5.csv,
p3_tpsa_mofe_last_all_kan_n8aligned,p3_tpsa_mofe_last_all_kan,final_n8,tpsa,all-KAN,toxcast,1,42,0.7187057531,complete_fold,MoleSG/Downstream/Result/toxcast/best_test_result_p3_tpsa_mofe_last_all_kan_n8aligned_toxcast_fold_1.csv,
p3_tpsa_mofe_last_all_kan_n8aligned,p3_tpsa_mofe_last_all_kan,final_n8,tpsa,all-KAN,toxcast,2,43,0.7157127931,complete_fold,MoleSG/Downstream/Result/toxcast/best_test_result_p3_tpsa_mofe_last_all_kan_n8aligned_toxcast_fold_2.csv,
p3_tpsa_mofe_last_all_kan_n8aligned,p3_tpsa_mofe_last_all_kan,final_n8,tpsa,all-KAN,toxcast,3,44,0.6501382076,complete_fold,MoleSG/Downstream/Result/toxcast/best_test_result_p3_tpsa_mofe_last_all_kan_n8aligned_toxcast_fold_3.csv,
p3_tpsa_mofe_last_all_kan_n8aligned,p3_tpsa_mofe_last_all_kan,final_n8,tpsa,all-KAN,toxcast,4,45,0.6923194742,complete_fold,MoleSG/Downstream/Result/toxcast/best_test_result_p3_tpsa_mofe_last_all_kan_n8aligned_toxcast_fold_4.csv,
p3_tpsa_mofe_last_all_kan_n8aligned,p3_tpsa_mofe_last_all_kan,final_n8,tpsa,all-KAN,toxcast,5,46,0.6690038792,complete_fold,MoleSG/Downstream/Result/toxcast/best_test_result_p3_tpsa_mofe_last_all_kan_n8aligned_toxcast_fold_5.csv,
p3_tpsa_mofe_last_all_kan_n8aligned,p3_tpsa_mofe_last_all_kan,final_n8,tpsa,all-KAN,sider,1,42,0.5769985186,complete_fold,MoleSG/Downstream/Result/sider/best_test_result_p3_tpsa_mofe_last_all_kan_n8aligned_sider_fold_1.csv,
p3_tpsa_mofe_last_all_kan_n8aligned,p3_tpsa_mofe_last_all_kan,final_n8,tpsa,all-KAN,sider,2,43,0.6491329248,complete_fold,MoleSG/Downstream/Result/sider/best_test_result_p3_tpsa_mofe_last_all_kan_n8aligned_sider_fold_2.csv,
p3_tpsa_mofe_last_all_kan_n8aligned,p3_tpsa_mofe_last_all_kan,final_n8,tpsa,all-KAN,sider,3,44,0.6203931755,complete_fold,MoleSG/Downstream/Result/sider/best_test_result_p3_tpsa_mofe_last_all_kan_n8aligned_sider_fold_3.csv,
p3_tpsa_mofe_last_all_kan_n8aligned,p3_tpsa_mofe_last_all_kan,final_n8,tpsa,all-KAN,sider,4,45,0.6333744668,complete_fold,MoleSG/Downstream/Result/sider/best_test_result_p3_tpsa_mofe_last_all_kan_n8aligned_sider_fold_4.csv,
p3_tpsa_mofe_last_all_kan_n8aligned,p3_tpsa_mofe_last_all_kan,final_n8,tpsa,all-KAN,sider,5,46,0.5932486738,complete_fold,MoleSG/Downstream/Result/sider/best_test_result_p3_tpsa_mofe_last_all_kan_n8aligned_sider_fold_5.csv,
p3_tpsa_mofe_last_all_kan_n8aligned,p3_tpsa_mofe_last_all_kan,final_n8,tpsa,all-KAN,clintox,1,42,0.8424348010,complete_fold,MoleSG/Downstream/Result/clintox/best_test_result_p3_tpsa_mofe_last_all_kan_n8aligned_clintox_fold_1.csv,
p3_tpsa_mofe_last_all_kan_n8aligned,p3_tpsa_mofe_last_all_kan,final_n8,tpsa,all-KAN,clintox,2,43,0.8897810258,complete_fold,MoleSG/Downstream/Result/clintox/best_test_result_p3_tpsa_mofe_last_all_kan_n8aligned_clintox_fold_2.csv,
p3_tpsa_mofe_last_all_kan_n8aligned,p3_tpsa_mofe_last_all_kan,final_n8,tpsa,all-KAN,clintox,3,44,0.8919002863,complete_fold,MoleSG/Downstream/Result/clintox/best_test_result_p3_tpsa_mofe_last_all_kan_n8aligned_clintox_fold_3.csv,
p3_tpsa_mofe_last_all_kan_n8aligned,p3_tpsa_mofe_last_all_kan,final_n8,tpsa,all-KAN,clintox,4,45,0.9256069081,complete_fold,MoleSG/Downstream/Result/clintox/best_test_result_p3_tpsa_mofe_last_all_kan_n8aligned_clintox_fold_4.csv,
p3_tpsa_mofe_last_all_kan_n8aligned,p3_tpsa_mofe_last_all_kan,final_n8,tpsa,all-KAN,clintox,5,46,0.8844266155,complete_fold,MoleSG/Downstream/Result/clintox/best_test_result_p3_tpsa_mofe_last_all_kan_n8aligned_clintox_fold_5.csv,
p3_tpsa_mofe_last_all_kan_n8aligned,p3_tpsa_mofe_last_all_kan,final_n8,tpsa,all-KAN,bace,1,42,0.8914215686,complete_fold,MoleSG/Downstream/Result/bace/best_test_result_p3_tpsa_mofe_last_all_kan_n8aligned_bace_fold_1.csv,
p3_tpsa_mofe_last_all_kan_n8aligned,p3_tpsa_mofe_last_all_kan,final_n8,tpsa,all-KAN,bace,2,43,0.8197435897,complete_fold,MoleSG/Downstream/Result/bace/best_test_result_p3_tpsa_mofe_last_all_kan_n8aligned_bace_fold_2.csv,
p3_tpsa_mofe_last_all_kan_n8aligned,p3_tpsa_mofe_last_all_kan,final_n8,tpsa,all-KAN,bace,3,44,0.8974358974,complete_fold,MoleSG/Downstream/Result/bace/best_test_result_p3_tpsa_mofe_last_all_kan_n8aligned_bace_fold_3.csv,
p3_tpsa_mofe_last_all_kan_n8aligned,p3_tpsa_mofe_last_all_kan,final_n8,tpsa,all-KAN,bace,4,45,0.8366666667,complete_fold,MoleSG/Downstream/Result/bace/best_test_result_p3_tpsa_mofe_last_all_kan_n8aligned_bace_fold_4.csv,
p3_tpsa_mofe_last_all_kan_n8aligned,p3_tpsa_mofe_last_all_kan,final_n8,tpsa,all-KAN,bace,5,46,0.9000509295,complete_fold,MoleSG/Downstream/Result/bace/best_test_result_p3_tpsa_mofe_last_all_kan_n8aligned_bace_fold_5.csv,
p3_tpsa_mofe_last_all_kan_n8aligned,p3_tpsa_mofe_last_all_kan,final_n8,tpsa,all-KAN,hiv,1,42,0.7816261711,complete_fold,MoleSG/Downstream/Result/hiv/best_test_result_p3_tpsa_mofe_last_all_kan_n8aligned_hiv_fold_1.csv,
p3_tpsa_mofe_last_all_kan_n8aligned,p3_tpsa_mofe_last_all_kan,final_n8,tpsa,all-KAN,hiv,2,43,0.8263161914,complete_fold,MoleSG/Downstream/Result/hiv/best_test_result_p3_tpsa_mofe_last_all_kan_n8aligned_hiv_fold_2.csv,
p3_tpsa_mofe_last_all_kan_n8aligned,p3_tpsa_mofe_last_all_kan,final_n8,tpsa,all-KAN,hiv,3,44,0.7756044182,complete_fold,MoleSG/Downstream/Result/hiv/best_test_result_p3_tpsa_mofe_last_all_kan_n8aligned_hiv_fold_3.csv,
p3_tpsa_mofe_last_all_kan_n8aligned,p3_tpsa_mofe_last_all_kan,final_n8,tpsa,all-KAN,hiv,4,45,0.7687128839,complete_fold,MoleSG/Downstream/Result/hiv/best_test_result_p3_tpsa_mofe_last_all_kan_n8aligned_hiv_fold_4.csv,
p3_tpsa_mofe_last_all_kan_n8aligned,p3_tpsa_mofe_last_all_kan,final_n8,tpsa,all-KAN,hiv,5,46,0.7466468422,complete_fold,MoleSG/Downstream/Result/hiv/best_test_result_p3_tpsa_mofe_last_all_kan_n8aligned_hiv_fold_5.csv,
p3_tpsa_mofe_last_all_kan_n8aligned,p3_tpsa_mofe_last_all_kan,final_n8,tpsa,all-KAN,muv,1,42,0.7348780292,complete_fold,MoleSG/Downstream/Result/muv/best_test_result_p3_tpsa_mofe_last_all_kan_n8aligned_muv_fold_1.csv,
p3_tpsa_mofe_last_all_kan_n8aligned,p3_tpsa_mofe_last_all_kan,final_n8,tpsa,all-KAN,muv,2,43,0.7566304242,complete_fold,MoleSG/Downstream/Result/muv/best_test_result_p3_tpsa_mofe_last_all_kan_n8aligned_muv_fold_2.csv,
p3_tpsa_mofe_last_all_kan_n8aligned,p3_tpsa_mofe_last_all_kan,final_n8,tpsa,all-KAN,muv,3,44,0.7714453579,complete_fold,MoleSG/Downstream/Result/muv/best_test_result_p3_tpsa_mofe_last_all_kan_n8aligned_muv_fold_3.csv,
p3_tpsa_mofe_last_all_kan_n8aligned,p3_tpsa_mofe_last_all_kan,final_n8,tpsa,all-KAN,muv,4,45,0.7520135870,complete_fold,MoleSG/Downstream/Result/muv/best_test_result_p3_tpsa_mofe_last_all_kan_n8aligned_muv_fold_4.csv,
p3_tpsa_mofe_last_all_kan_n8aligned,p3_tpsa_mofe_last_all_kan,final_n8,tpsa,all-KAN,muv,5,46,0.6814542123,complete_fold,MoleSG/Downstream/Result/muv/best_test_result_p3_tpsa_mofe_last_all_kan_n8aligned_muv_fold_5.csv,
p3_logp_mofe_last_all_kan_n8aligned,p3_logp_mofe_last_all_kan,final_n8,logp,all-KAN,bbbp,1,42,0.9397533947,complete_fold,MoleSG/Downstream/Result/bbbp/best_test_result_p3_logp_mofe_last_all_kan_n8aligned_bbbp_fold_1.csv,
p3_logp_mofe_last_all_kan_n8aligned,p3_logp_mofe_last_all_kan,final_n8,logp,all-KAN,bbbp,2,43,0.9505523067,complete_fold,MoleSG/Downstream/Result/bbbp/best_test_result_p3_logp_mofe_last_all_kan_n8aligned_bbbp_fold_2.csv,
p3_logp_mofe_last_all_kan_n8aligned,p3_logp_mofe_last_all_kan,final_n8,logp,all-KAN,bbbp,3,44,0.8963142219,complete_fold,MoleSG/Downstream/Result/bbbp/best_test_result_p3_logp_mofe_last_all_kan_n8aligned_bbbp_fold_3.csv,
p3_logp_mofe_last_all_kan_n8aligned,p3_logp_mofe_last_all_kan,final_n8,logp,all-KAN,bbbp,4,45,0.9126644737,complete_fold,MoleSG/Downstream/Result/bbbp/best_test_result_p3_logp_mofe_last_all_kan_n8aligned_bbbp_fold_4.csv,
p3_logp_mofe_last_all_kan_n8aligned,p3_logp_mofe_last_all_kan,final_n8,logp,all-KAN,bbbp,5,46,0.9522275899,complete_fold,MoleSG/Downstream/Result/bbbp/best_test_result_p3_logp_mofe_last_all_kan_n8aligned_bbbp_fold_5.csv,
p3_logp_mofe_last_all_kan_n8aligned,p3_logp_mofe_last_all_kan,final_n8,logp,all-KAN,tox21,1,42,0.7900261340,complete_fold,MoleSG/Downstream/Result/tox21/best_test_result_p3_logp_mofe_last_all_kan_n8aligned_tox21_fold_1.csv,
p3_logp_mofe_last_all_kan_n8aligned,p3_logp_mofe_last_all_kan,final_n8,logp,all-KAN,tox21,2,43,0.8065585591,complete_fold,MoleSG/Downstream/Result/tox21/best_test_result_p3_logp_mofe_last_all_kan_n8aligned_tox21_fold_2.csv,
p3_logp_mofe_last_all_kan_n8aligned,p3_logp_mofe_last_all_kan,final_n8,logp,all-KAN,tox21,3,44,0.7744700429,complete_fold,MoleSG/Downstream/Result/tox21/best_test_result_p3_logp_mofe_last_all_kan_n8aligned_tox21_fold_3.csv,
p3_logp_mofe_last_all_kan_n8aligned,p3_logp_mofe_last_all_kan,final_n8,logp,all-KAN,tox21,4,45,0.8209757189,complete_fold,MoleSG/Downstream/Result/tox21/best_test_result_p3_logp_mofe_last_all_kan_n8aligned_tox21_fold_4.csv,
p3_logp_mofe_last_all_kan_n8aligned,p3_logp_mofe_last_all_kan,final_n8,logp,all-KAN,tox21,5,46,0.7873392748,complete_fold,MoleSG/Downstream/Result/tox21/best_test_result_p3_logp_mofe_last_all_kan_n8aligned_tox21_fold_5.csv,
p3_logp_mofe_last_all_kan_n8aligned,p3_logp_mofe_last_all_kan,final_n8,logp,all-KAN,toxcast,1,42,0.7140915792,complete_fold,MoleSG/Downstream/Result/toxcast/best_test_result_p3_logp_mofe_last_all_kan_n8aligned_toxcast_fold_1.csv,
p3_logp_mofe_last_all_kan_n8aligned,p3_logp_mofe_last_all_kan,final_n8,logp,all-KAN,toxcast,2,43,0.6923715902,complete_fold,MoleSG/Downstream/Result/toxcast/best_test_result_p3_logp_mofe_last_all_kan_n8aligned_toxcast_fold_2.csv,
p3_logp_mofe_last_all_kan_n8aligned,p3_logp_mofe_last_all_kan,final_n8,logp,all-KAN,toxcast,3,44,0.6819628775,complete_fold,MoleSG/Downstream/Result/toxcast/best_test_result_p3_logp_mofe_last_all_kan_n8aligned_toxcast_fold_3.csv,
p3_logp_mofe_last_all_kan_n8aligned,p3_logp_mofe_last_all_kan,final_n8,logp,all-KAN,toxcast,4,45,0.7014129594,complete_fold,MoleSG/Downstream/Result/toxcast/best_test_result_p3_logp_mofe_last_all_kan_n8aligned_toxcast_fold_4.csv,
p3_logp_mofe_last_all_kan_n8aligned,p3_logp_mofe_last_all_kan,final_n8,logp,all-KAN,toxcast,5,46,0.6774738414,complete_fold,MoleSG/Downstream/Result/toxcast/best_test_result_p3_logp_mofe_last_all_kan_n8aligned_toxcast_fold_5.csv,
p3_logp_mofe_last_all_kan_n8aligned,p3_logp_mofe_last_all_kan,final_n8,logp,all-KAN,sider,1,42,0.6016911993,complete_fold,MoleSG/Downstream/Result/sider/best_test_result_p3_logp_mofe_last_all_kan_n8aligned_sider_fold_1.csv,
p3_logp_mofe_last_all_kan_n8aligned,p3_logp_mofe_last_all_kan,final_n8,logp,all-KAN,sider,2,43,0.5884039846,complete_fold,MoleSG/Downstream/Result/sider/best_test_result_p3_logp_mofe_last_all_kan_n8aligned_sider_fold_2.csv,
p3_logp_mofe_last_all_kan_n8aligned,p3_logp_mofe_last_all_kan,final_n8,logp,all-KAN,sider,3,44,0.6659562262,complete_fold,MoleSG/Downstream/Result/sider/best_test_result_p3_logp_mofe_last_all_kan_n8aligned_sider_fold_3.csv,
p3_logp_mofe_last_all_kan_n8aligned,p3_logp_mofe_last_all_kan,final_n8,logp,all-KAN,sider,4,45,0.6237869560,complete_fold,MoleSG/Downstream/Result/sider/best_test_result_p3_logp_mofe_last_all_kan_n8aligned_sider_fold_4.csv,
p3_logp_mofe_last_all_kan_n8aligned,p3_logp_mofe_last_all_kan,final_n8,logp,all-KAN,sider,5,46,0.5965797427,complete_fold,MoleSG/Downstream/Result/sider/best_test_result_p3_logp_mofe_last_all_kan_n8aligned_sider_fold_5.csv,
p3_logp_mofe_last_all_kan_n8aligned,p3_logp_mofe_last_all_kan,final_n8,logp,all-KAN,clintox,1,42,0.9144748083,complete_fold,MoleSG/Downstream/Result/clintox/best_test_result_p3_logp_mofe_last_all_kan_n8aligned_clintox_fold_1.csv,
p3_logp_mofe_last_all_kan_n8aligned,p3_logp_mofe_last_all_kan,final_n8,logp,all-KAN,clintox,2,43,0.9114407787,complete_fold,MoleSG/Downstream/Result/clintox/best_test_result_p3_logp_mofe_last_all_kan_n8aligned_clintox_fold_2.csv,
p3_logp_mofe_last_all_kan_n8aligned,p3_logp_mofe_last_all_kan,final_n8,logp,all-KAN,clintox,3,44,0.8802405260,complete_fold,MoleSG/Downstream/Result/clintox/best_test_result_p3_logp_mofe_last_all_kan_n8aligned_clintox_fold_3.csv,
p3_logp_mofe_last_all_kan_n8aligned,p3_logp_mofe_last_all_kan,final_n8,logp,all-KAN,clintox,4,45,0.8844217314,complete_fold,MoleSG/Downstream/Result/clintox/best_test_result_p3_logp_mofe_last_all_kan_n8aligned_clintox_fold_4.csv,
p3_logp_mofe_last_all_kan_n8aligned,p3_logp_mofe_last_all_kan,final_n8,logp,all-KAN,clintox,5,46,0.8819092292,complete_fold,MoleSG/Downstream/Result/clintox/best_test_result_p3_logp_mofe_last_all_kan_n8aligned_clintox_fold_5.csv,
p3_logp_mofe_last_all_kan_n8aligned,p3_logp_mofe_last_all_kan,final_n8,logp,all-KAN,bace,1,42,0.7985294118,complete_fold,MoleSG/Downstream/Result/bace/best_test_result_p3_logp_mofe_last_all_kan_n8aligned_bace_fold_1.csv,
p3_logp_mofe_last_all_kan_n8aligned,p3_logp_mofe_last_all_kan,final_n8,logp,all-KAN,bace,2,43,0.8064102564,complete_fold,MoleSG/Downstream/Result/bace/best_test_result_p3_logp_mofe_last_all_kan_n8aligned_bace_fold_2.csv,
p3_logp_mofe_last_all_kan_n8aligned,p3_logp_mofe_last_all_kan,final_n8,logp,all-KAN,bace,3,44,0.9269841270,complete_fold,MoleSG/Downstream/Result/bace/best_test_result_p3_logp_mofe_last_all_kan_n8aligned_bace_fold_3.csv,
p3_logp_mofe_last_all_kan_n8aligned,p3_logp_mofe_last_all_kan,final_n8,logp,all-KAN,bace,4,45,0.8269230769,complete_fold,MoleSG/Downstream/Result/bace/best_test_result_p3_logp_mofe_last_all_kan_n8aligned_bace_fold_4.csv,
p3_logp_mofe_last_all_kan_n8aligned,p3_logp_mofe_last_all_kan,final_n8,logp,all-KAN,bace,5,46,0.8964858671,complete_fold,MoleSG/Downstream/Result/bace/best_test_result_p3_logp_mofe_last_all_kan_n8aligned_bace_fold_5.csv,
p3_logp_mofe_last_all_kan_n8aligned,p3_logp_mofe_last_all_kan,final_n8,logp,all-KAN,hiv,1,42,0.7317918347,complete_fold,MoleSG/Downstream/Result/hiv/best_test_result_p3_logp_mofe_last_all_kan_n8aligned_hiv_fold_1.csv,
p3_logp_mofe_last_all_kan_n8aligned,p3_logp_mofe_last_all_kan,final_n8,logp,all-KAN,hiv,2,43,0.8241135594,complete_fold,MoleSG/Downstream/Result/hiv/best_test_result_p3_logp_mofe_last_all_kan_n8aligned_hiv_fold_2.csv,
p3_logp_mofe_last_all_kan_n8aligned,p3_logp_mofe_last_all_kan,final_n8,logp,all-KAN,hiv,3,44,0.7715005570,complete_fold,MoleSG/Downstream/Result/hiv/best_test_result_p3_logp_mofe_last_all_kan_n8aligned_hiv_fold_3.csv,
p3_logp_mofe_last_all_kan_n8aligned,p3_logp_mofe_last_all_kan,final_n8,logp,all-KAN,hiv,4,45,0.7463360196,complete_fold,MoleSG/Downstream/Result/hiv/best_test_result_p3_logp_mofe_last_all_kan_n8aligned_hiv_fold_4.csv,
p3_logp_mofe_last_all_kan_n8aligned,p3_logp_mofe_last_all_kan,final_n8,logp,all-KAN,hiv,5,46,0.7278725356,complete_fold,MoleSG/Downstream/Result/hiv/best_test_result_p3_logp_mofe_last_all_kan_n8aligned_hiv_fold_5.csv,
p3_logp_mofe_last_all_kan_n8aligned,p3_logp_mofe_last_all_kan,final_n8,logp,all-KAN,muv,1,42,0.7038846687,complete_fold,MoleSG/Downstream/Result/muv/best_test_result_p3_logp_mofe_last_all_kan_n8aligned_muv_fold_1.csv,
p3_logp_mofe_last_all_kan_n8aligned,p3_logp_mofe_last_all_kan,final_n8,logp,all-KAN,muv,2,43,0.7807155465,complete_fold,MoleSG/Downstream/Result/muv/best_test_result_p3_logp_mofe_last_all_kan_n8aligned_muv_fold_2.csv,
p3_logp_mofe_last_all_kan_n8aligned,p3_logp_mofe_last_all_kan,final_n8,logp,all-KAN,muv,3,44,0.7220372029,complete_fold,MoleSG/Downstream/Result/muv/best_test_result_p3_logp_mofe_last_all_kan_n8aligned_muv_fold_3.csv,
p3_logp_mofe_last_all_kan_n8aligned,p3_logp_mofe_last_all_kan,final_n8,logp,all-KAN,muv,4,45,0.6662220675,complete_fold,MoleSG/Downstream/Result/muv/best_test_result_p3_logp_mofe_last_all_kan_n8aligned_muv_fold_4.csv,
p3_logp_mofe_last_all_kan_n8aligned,p3_logp_mofe_last_all_kan,final_n8,logp,all-KAN,muv,5,46,0.7179470193,complete_fold,MoleSG/Downstream/Result/muv/best_test_result_p3_logp_mofe_last_all_kan_n8aligned_muv_fold_5.csv,
p3_base_vanilla_n4aligned,p3_base_vanilla,depth_reference,none,N4 Base,bbbp,1,42,0.9388169190,complete_fold,MoleSG/Downstream/Result/bbbp/best_test_result_p3_base_vanilla_n4aligned_bbbp_fold_1.csv,
p3_base_vanilla_n4aligned,p3_base_vanilla,depth_reference,none,N4 Base,bbbp,2,43,0.9706952567,complete_fold,MoleSG/Downstream/Result/bbbp/best_test_result_p3_base_vanilla_n4aligned_bbbp_fold_2.csv,
p3_base_vanilla_n4aligned,p3_base_vanilla,depth_reference,none,N4 Base,bbbp,3,44,0.9279597915,complete_fold,MoleSG/Downstream/Result/bbbp/best_test_result_p3_base_vanilla_n4aligned_bbbp_fold_3.csv,
p3_base_vanilla_n4aligned,p3_base_vanilla,depth_reference,none,N4 Base,bbbp,4,45,0.9376644737,complete_fold,MoleSG/Downstream/Result/bbbp/best_test_result_p3_base_vanilla_n4aligned_bbbp_fold_4.csv,
p3_base_vanilla_n4aligned,p3_base_vanilla,depth_reference,none,N4 Base,bbbp,5,46,0.9600107354,complete_fold,MoleSG/Downstream/Result/bbbp/best_test_result_p3_base_vanilla_n4aligned_bbbp_fold_5.csv,
p3_base_vanilla_n4aligned,p3_base_vanilla,depth_reference,none,N4 Base,tox21,1,42,0.8059400890,complete_fold,MoleSG/Downstream/Result/tox21/best_test_result_p3_base_vanilla_n4aligned_tox21_fold_1.csv,
p3_base_vanilla_n4aligned,p3_base_vanilla,depth_reference,none,N4 Base,tox21,2,43,0.8389648236,complete_fold,MoleSG/Downstream/Result/tox21/best_test_result_p3_base_vanilla_n4aligned_tox21_fold_2.csv,
p3_base_vanilla_n4aligned,p3_base_vanilla,depth_reference,none,N4 Base,tox21,3,44,0.7988678481,complete_fold,MoleSG/Downstream/Result/tox21/best_test_result_p3_base_vanilla_n4aligned_tox21_fold_3.csv,
p3_base_vanilla_n4aligned,p3_base_vanilla,depth_reference,none,N4 Base,tox21,4,45,0.8397407646,complete_fold,MoleSG/Downstream/Result/tox21/best_test_result_p3_base_vanilla_n4aligned_tox21_fold_4.csv,
p3_base_vanilla_n4aligned,p3_base_vanilla,depth_reference,none,N4 Base,tox21,5,46,0.8049363540,complete_fold,MoleSG/Downstream/Result/tox21/best_test_result_p3_base_vanilla_n4aligned_tox21_fold_5.csv,
p3_base_vanilla_n4aligned,p3_base_vanilla,depth_reference,none,N4 Base,toxcast,1,42,0.7224135187,complete_fold,MoleSG/Downstream/Result/toxcast/best_test_result_p3_base_vanilla_n4aligned_toxcast_fold_1.csv,
p3_base_vanilla_n4aligned,p3_base_vanilla,depth_reference,none,N4 Base,toxcast,2,43,0.7094186966,complete_fold,MoleSG/Downstream/Result/toxcast/best_test_result_p3_base_vanilla_n4aligned_toxcast_fold_2.csv,
p3_base_vanilla_n4aligned,p3_base_vanilla,depth_reference,none,N4 Base,toxcast,3,44,0.6761862022,complete_fold,MoleSG/Downstream/Result/toxcast/best_test_result_p3_base_vanilla_n4aligned_toxcast_fold_3.csv,
p3_base_vanilla_n4aligned,p3_base_vanilla,depth_reference,none,N4 Base,toxcast,4,45,0.7043434276,complete_fold,MoleSG/Downstream/Result/toxcast/best_test_result_p3_base_vanilla_n4aligned_toxcast_fold_4.csv,
p3_base_vanilla_n4aligned,p3_base_vanilla,depth_reference,none,N4 Base,toxcast,5,46,0.6812724328,complete_fold,MoleSG/Downstream/Result/toxcast/best_test_result_p3_base_vanilla_n4aligned_toxcast_fold_5.csv,
p3_base_vanilla_n4aligned,p3_base_vanilla,depth_reference,none,N4 Base,sider,1,42,0.5789090777,complete_fold,MoleSG/Downstream/Result/sider/best_test_result_p3_base_vanilla_n4aligned_sider_fold_1.csv,
p3_base_vanilla_n4aligned,p3_base_vanilla,depth_reference,none,N4 Base,sider,2,43,0.6308528100,complete_fold,MoleSG/Downstream/Result/sider/best_test_result_p3_base_vanilla_n4aligned_sider_fold_2.csv,
p3_base_vanilla_n4aligned,p3_base_vanilla,depth_reference,none,N4 Base,sider,3,44,0.6237450355,complete_fold,MoleSG/Downstream/Result/sider/best_test_result_p3_base_vanilla_n4aligned_sider_fold_3.csv,
p3_base_vanilla_n4aligned,p3_base_vanilla,depth_reference,none,N4 Base,sider,4,45,0.6197849989,complete_fold,MoleSG/Downstream/Result/sider/best_test_result_p3_base_vanilla_n4aligned_sider_fold_4.csv,
p3_base_vanilla_n4aligned,p3_base_vanilla,depth_reference,none,N4 Base,sider,5,46,0.6166833666,complete_fold,MoleSG/Downstream/Result/sider/best_test_result_p3_base_vanilla_n4aligned_sider_fold_5.csv,
p3_base_vanilla_n4aligned,p3_base_vanilla,depth_reference,none,N4 Base,clintox,1,42,0.9051127365,complete_fold,MoleSG/Downstream/Result/clintox/best_test_result_p3_base_vanilla_n4aligned_clintox_fold_1.csv,
p3_base_vanilla_n4aligned,p3_base_vanilla,depth_reference,none,N4 Base,clintox,2,43,0.8924574367,complete_fold,MoleSG/Downstream/Result/clintox/best_test_result_p3_base_vanilla_n4aligned_clintox_fold_2.csv,
p3_base_vanilla_n4aligned,p3_base_vanilla,depth_reference,none,N4 Base,clintox,3,44,0.7988305515,complete_fold,MoleSG/Downstream/Result/clintox/best_test_result_p3_base_vanilla_n4aligned_clintox_fold_3.csv,
p3_base_vanilla_n4aligned,p3_base_vanilla,depth_reference,none,N4 Base,clintox,4,45,0.9366054953,complete_fold,MoleSG/Downstream/Result/clintox/best_test_result_p3_base_vanilla_n4aligned_clintox_fold_4.csv,
p3_base_vanilla_n4aligned,p3_base_vanilla,depth_reference,none,N4 Base,clintox,5,46,0.8304064442,complete_fold,MoleSG/Downstream/Result/clintox/best_test_result_p3_base_vanilla_n4aligned_clintox_fold_5.csv,
p3_base_vanilla_n4aligned,p3_base_vanilla,depth_reference,none,N4 Base,bace,1,42,0.8676470588,complete_fold,MoleSG/Downstream/Result/bace/best_test_result_p3_base_vanilla_n4aligned_bace_fold_1.csv,
p3_base_vanilla_n4aligned,p3_base_vanilla,depth_reference,none,N4 Base,bace,2,43,0.8271794872,complete_fold,MoleSG/Downstream/Result/bace/best_test_result_p3_base_vanilla_n4aligned_bace_fold_2.csv,
p3_base_vanilla_n4aligned,p3_base_vanilla,depth_reference,none,N4 Base,bace,3,44,0.8935286935,complete_fold,MoleSG/Downstream/Result/bace/best_test_result_p3_base_vanilla_n4aligned_bace_fold_3.csv,
p3_base_vanilla_n4aligned,p3_base_vanilla,depth_reference,none,N4 Base,bace,4,45,0.8564102564,complete_fold,MoleSG/Downstream/Result/bace/best_test_result_p3_base_vanilla_n4aligned_bace_fold_4.csv,
p3_base_vanilla_n4aligned,p3_base_vanilla,depth_reference,none,N4 Base,bace,5,46,0.9349376114,complete_fold,MoleSG/Downstream/Result/bace/best_test_result_p3_base_vanilla_n4aligned_bace_fold_5.csv,
p3_base_vanilla_n4aligned,p3_base_vanilla,depth_reference,none,N4 Base,hiv,1,42,0.7783332839,complete_fold,MoleSG/Downstream/Result/hiv/best_test_result_p3_base_vanilla_n4aligned_hiv_fold_1.csv,
p3_base_vanilla_n4aligned,p3_base_vanilla,depth_reference,none,N4 Base,hiv,2,43,0.8331972951,complete_fold,MoleSG/Downstream/Result/hiv/best_test_result_p3_base_vanilla_n4aligned_hiv_fold_2.csv,
p3_base_vanilla_n4aligned,p3_base_vanilla,depth_reference,none,N4 Base,hiv,3,44,0.8102900729,complete_fold,MoleSG/Downstream/Result/hiv/best_test_result_p3_base_vanilla_n4aligned_hiv_fold_3.csv,
p3_base_vanilla_n4aligned,p3_base_vanilla,depth_reference,none,N4 Base,hiv,4,45,0.8084351659,complete_fold,MoleSG/Downstream/Result/hiv/best_test_result_p3_base_vanilla_n4aligned_hiv_fold_4.csv,
p3_base_vanilla_n4aligned,p3_base_vanilla,depth_reference,none,N4 Base,hiv,5,46,0.7803499442,complete_fold,MoleSG/Downstream/Result/hiv/best_test_result_p3_base_vanilla_n4aligned_hiv_fold_5.csv,
p3_base_vanilla_n4aligned,p3_base_vanilla,depth_reference,none,N4 Base,muv,1,42,0.7557618798,complete_fold,MoleSG/Downstream/Result/muv/best_test_result_p3_base_vanilla_n4aligned_muv_fold_1.csv,
p3_base_vanilla_n4aligned,p3_base_vanilla,depth_reference,none,N4 Base,muv,2,43,0.7478418787,complete_fold,MoleSG/Downstream/Result/muv/best_test_result_p3_base_vanilla_n4aligned_muv_fold_2.csv,
p3_base_vanilla_n4aligned,p3_base_vanilla,depth_reference,none,N4 Base,muv,3,44,0.7546727742,complete_fold,MoleSG/Downstream/Result/muv/best_test_result_p3_base_vanilla_n4aligned_muv_fold_3.csv,
p3_base_vanilla_n4aligned,p3_base_vanilla,depth_reference,none,N4 Base,muv,4,45,0.7847310595,complete_fold,MoleSG/Downstream/Result/muv/best_test_result_p3_base_vanilla_n4aligned_muv_fold_4.csv,
p3_base_vanilla_n4aligned,p3_base_vanilla,depth_reference,none,N4 Base,muv,5,46,0.7161352685,complete_fold,MoleSG/Downstream/Result/muv/best_test_result_p3_base_vanilla_n4aligned_muv_fold_5.csv,
p2_mofe_ffn_logp_last,p2_mofe_ffn_logp_last,layer_screen,logp,last,bbbp,1,42,0.9391290776,complete_fold,MoleSG/Downstream/Result/bbbp/best_test_result_p2_mofe_ffn_logp_last_bbbp_fold_1.csv,
p2_mofe_ffn_logp_last,p2_mofe_ffn_logp_last,layer_screen,logp,last,bbbp,2,43,0.9693957115,complete_fold,MoleSG/Downstream/Result/bbbp/best_test_result_p2_mofe_ffn_logp_last_bbbp_fold_2.csv,
p2_mofe_ffn_logp_last,p2_mofe_ffn_logp_last,layer_screen,logp,last,bbbp,3,44,0.8920327625,complete_fold,MoleSG/Downstream/Result/bbbp/best_test_result_p2_mofe_ffn_logp_last_bbbp_fold_3.csv,
p2_mofe_ffn_logp_last,p2_mofe_ffn_logp_last,layer_screen,logp,last,bbbp,4,45,0.9223684211,complete_fold,MoleSG/Downstream/Result/bbbp/best_test_result_p2_mofe_ffn_logp_last_bbbp_fold_4.csv,
p2_mofe_ffn_logp_last,p2_mofe_ffn_logp_last,layer_screen,logp,last,bbbp,5,46,0.9628287708,complete_fold,MoleSG/Downstream/Result/bbbp/best_test_result_p2_mofe_ffn_logp_last_bbbp_fold_5.csv,
p2_mofe_ffn_logp_last,p2_mofe_ffn_logp_last,layer_screen,logp,last,tox21,1,42,0.8101331679,complete_fold,MoleSG/Downstream/Result/tox21/best_test_result_p2_mofe_ffn_logp_last_tox21_fold_1.csv,
p2_mofe_ffn_logp_last,p2_mofe_ffn_logp_last,layer_screen,logp,last,tox21,2,43,0.8313149292,complete_fold,MoleSG/Downstream/Result/tox21/best_test_result_p2_mofe_ffn_logp_last_tox21_fold_2.csv,
p2_mofe_ffn_logp_last,p2_mofe_ffn_logp_last,layer_screen,logp,last,tox21,3,44,0.7878283247,complete_fold,MoleSG/Downstream/Result/tox21/best_test_result_p2_mofe_ffn_logp_last_tox21_fold_3.csv,
p2_mofe_ffn_logp_last,p2_mofe_ffn_logp_last,layer_screen,logp,last,tox21,4,45,0.8190111650,complete_fold,MoleSG/Downstream/Result/tox21/best_test_result_p2_mofe_ffn_logp_last_tox21_fold_4.csv,
p2_mofe_ffn_logp_last,p2_mofe_ffn_logp_last,layer_screen,logp,last,tox21,5,46,0.7963432376,complete_fold,MoleSG/Downstream/Result/tox21/best_test_result_p2_mofe_ffn_logp_last_tox21_fold_5.csv,
p2_mofe_ffn_logp_last,p2_mofe_ffn_logp_last,layer_screen,logp,last,toxcast,1,42,0.7056137018,complete_fold,MoleSG/Downstream/Result/toxcast/best_test_result_p2_mofe_ffn_logp_last_toxcast_fold_1.csv,
p2_mofe_ffn_logp_last,p2_mofe_ffn_logp_last,layer_screen,logp,last,toxcast,2,43,0.6889103980,complete_fold,MoleSG/Downstream/Result/toxcast/best_test_result_p2_mofe_ffn_logp_last_toxcast_fold_2.csv,
p2_mofe_ffn_logp_last,p2_mofe_ffn_logp_last,layer_screen,logp,last,toxcast,3,44,0.6716069950,complete_fold,MoleSG/Downstream/Result/toxcast/best_test_result_p2_mofe_ffn_logp_last_toxcast_fold_3.csv,
p2_mofe_ffn_logp_last,p2_mofe_ffn_logp_last,layer_screen,logp,last,toxcast,4,45,0.7039933837,complete_fold,MoleSG/Downstream/Result/toxcast/best_test_result_p2_mofe_ffn_logp_last_toxcast_fold_4.csv,
p2_mofe_ffn_logp_last,p2_mofe_ffn_logp_last,layer_screen,logp,last,toxcast,5,46,0.6786572844,complete_fold,MoleSG/Downstream/Result/toxcast/best_test_result_p2_mofe_ffn_logp_last_toxcast_fold_5.csv,
p2_mofe_ffn_logp_last,p2_mofe_ffn_logp_last,layer_screen,logp,last,sider,1,42,0.5958542358,complete_fold,MoleSG/Downstream/Result/sider/best_test_result_p2_mofe_ffn_logp_last_sider_fold_1.csv,
p2_mofe_ffn_logp_last,p2_mofe_ffn_logp_last,layer_screen,logp,last,sider,2,43,0.5895167691,complete_fold,MoleSG/Downstream/Result/sider/best_test_result_p2_mofe_ffn_logp_last_sider_fold_2.csv,
p2_mofe_ffn_logp_last,p2_mofe_ffn_logp_last,layer_screen,logp,last,sider,3,44,0.6340262499,complete_fold,MoleSG/Downstream/Result/sider/best_test_result_p2_mofe_ffn_logp_last_sider_fold_3.csv,
p2_mofe_ffn_logp_last,p2_mofe_ffn_logp_last,layer_screen,logp,last,sider,4,45,0.6075144455,complete_fold,MoleSG/Downstream/Result/sider/best_test_result_p2_mofe_ffn_logp_last_sider_fold_4.csv,
p2_mofe_ffn_logp_last,p2_mofe_ffn_logp_last,layer_screen,logp,last,sider,5,46,0.5817705223,complete_fold,MoleSG/Downstream/Result/sider/best_test_result_p2_mofe_ffn_logp_last_sider_fold_5.csv,
p2_mofe_ffn_logp_last,p2_mofe_ffn_logp_last,layer_screen,logp,last,clintox,1,42,0.9075306438,complete_fold,MoleSG/Downstream/Result/clintox/best_test_result_p2_mofe_ffn_logp_last_clintox_fold_1.csv,
p2_mofe_ffn_logp_last,p2_mofe_ffn_logp_last,layer_screen,logp,last,clintox,2,43,0.8585742373,complete_fold,MoleSG/Downstream/Result/clintox/best_test_result_p2_mofe_ffn_logp_last_clintox_fold_2.csv,
p2_mofe_ffn_logp_last,p2_mofe_ffn_logp_last,layer_screen,logp,last,clintox,3,44,0.8180602820,complete_fold,MoleSG/Downstream/Result/clintox/best_test_result_p2_mofe_ffn_logp_last_clintox_fold_3.csv,
p2_mofe_ffn_logp_last,p2_mofe_ffn_logp_last,layer_screen,logp,last,clintox,4,45,0.9005614981,complete_fold,MoleSG/Downstream/Result/clintox/best_test_result_p2_mofe_ffn_logp_last_clintox_fold_4.csv,
p2_mofe_ffn_logp_last,p2_mofe_ffn_logp_last,layer_screen,logp,last,clintox,5,46,0.9042467562,complete_fold,MoleSG/Downstream/Result/clintox/best_test_result_p2_mofe_ffn_logp_last_clintox_fold_5.csv,
p2_mofe_ffn_logp_last,p2_mofe_ffn_logp_last,layer_screen,logp,last,bace,1,42,0.8061274510,complete_fold,MoleSG/Downstream/Result/bace/best_test_result_p2_mofe_ffn_logp_last_bace_fold_1.csv,
p2_mofe_ffn_logp_last,p2_mofe_ffn_logp_last,layer_screen,logp,last,bace,2,43,0.7994871795,complete_fold,MoleSG/Downstream/Result/bace/best_test_result_p2_mofe_ffn_logp_last_bace_fold_2.csv,
p2_mofe_ffn_logp_last,p2_mofe_ffn_logp_last,layer_screen,logp,last,bace,3,44,0.8578754579,complete_fold,MoleSG/Downstream/Result/bace/best_test_result_p2_mofe_ffn_logp_last_bace_fold_3.csv,
p2_mofe_ffn_logp_last,p2_mofe_ffn_logp_last,layer_screen,logp,last,bace,4,45,0.8253846154,complete_fold,MoleSG/Downstream/Result/bace/best_test_result_p2_mofe_ffn_logp_last_bace_fold_4.csv,
p2_mofe_ffn_logp_last,p2_mofe_ffn_logp_last,layer_screen,logp,last,bace,5,46,0.8649096002,complete_fold,MoleSG/Downstream/Result/bace/best_test_result_p2_mofe_ffn_logp_last_bace_fold_5.csv,
p2_mofe_ffn_logp_last,p2_mofe_ffn_logp_last,layer_screen,logp,last,hiv,1,42,0.7268830793,complete_fold,MoleSG/Downstream/Result/hiv/best_test_result_p2_mofe_ffn_logp_last_hiv_fold_1.csv,
p2_mofe_ffn_logp_last,p2_mofe_ffn_logp_last,layer_screen,logp,last,hiv,2,43,0.8161362306,complete_fold,MoleSG/Downstream/Result/hiv/best_test_result_p2_mofe_ffn_logp_last_hiv_fold_2.csv,
p2_mofe_ffn_logp_last,p2_mofe_ffn_logp_last,layer_screen,logp,last,hiv,3,44,0.7931803234,complete_fold,MoleSG/Downstream/Result/hiv/best_test_result_p2_mofe_ffn_logp_last_hiv_fold_3.csv,
p2_mofe_ffn_logp_last,p2_mofe_ffn_logp_last,layer_screen,logp,last,hiv,4,45,0.7426788148,complete_fold,MoleSG/Downstream/Result/hiv/best_test_result_p2_mofe_ffn_logp_last_hiv_fold_4.csv,
p2_mofe_ffn_logp_last,p2_mofe_ffn_logp_last,layer_screen,logp,last,hiv,5,46,0.7460025169,complete_fold,MoleSG/Downstream/Result/hiv/best_test_result_p2_mofe_ffn_logp_last_hiv_fold_5.csv,
p2_mofe_ffn_logp_last,p2_mofe_ffn_logp_last,layer_screen,logp,last,muv,1,42,0.6717936978,complete_fold,MoleSG/Downstream/Result/muv/best_test_result_p2_mofe_ffn_logp_last_muv_fold_1.csv,
p2_mofe_ffn_logp_last,p2_mofe_ffn_logp_last,layer_screen,logp,last,muv,2,43,0.7168612265,complete_fold,MoleSG/Downstream/Result/muv/best_test_result_p2_mofe_ffn_logp_last_muv_fold_2.csv,
p2_mofe_ffn_logp_last,p2_mofe_ffn_logp_last,layer_screen,logp,last,muv,3,44,0.7886378356,complete_fold,MoleSG/Downstream/Result/muv/best_test_result_p2_mofe_ffn_logp_last_muv_fold_3.csv,
p2_mofe_ffn_logp_last,p2_mofe_ffn_logp_last,layer_screen,logp,last,muv,4,45,0.7644227514,complete_fold,MoleSG/Downstream/Result/muv/best_test_result_p2_mofe_ffn_logp_last_muv_fold_4.csv,
p2_mofe_ffn_logp_last,p2_mofe_ffn_logp_last,layer_screen,logp,last,muv,5,46,0.7423329156,complete_fold,MoleSG/Downstream/Result/muv/best_test_result_p2_mofe_ffn_logp_last_muv_fold_5.csv,
p2_mofe_ffn_logp_odd,p2_mofe_ffn_logp_odd,layer_screen,logp,odd,bbbp,1,42,0.9168097393,complete_fold,MoleSG/Downstream/Result/bbbp/best_test_result_p2_mofe_ffn_logp_odd_bbbp_fold_1.csv,
p2_mofe_ffn_logp_odd,p2_mofe_ffn_logp_odd,layer_screen,logp,odd,bbbp,2,43,0.9417153996,complete_fold,MoleSG/Downstream/Result/bbbp/best_test_result_p2_mofe_ffn_logp_odd_bbbp_fold_2.csv,
p2_mofe_ffn_logp_odd,p2_mofe_ffn_logp_odd,layer_screen,logp,odd,bbbp,3,44,0.9065524944,complete_fold,MoleSG/Downstream/Result/bbbp/best_test_result_p2_mofe_ffn_logp_odd_bbbp_fold_3.csv,
p2_mofe_ffn_logp_odd,p2_mofe_ffn_logp_odd,layer_screen,logp,odd,bbbp,4,45,0.9373355263,complete_fold,MoleSG/Downstream/Result/bbbp/best_test_result_p2_mofe_ffn_logp_odd_bbbp_fold_4.csv,
p2_mofe_ffn_logp_odd,p2_mofe_ffn_logp_odd,layer_screen,logp,odd,bbbp,5,46,0.9366612990,complete_fold,MoleSG/Downstream/Result/bbbp/best_test_result_p2_mofe_ffn_logp_odd_bbbp_fold_5.csv,
p2_mofe_ffn_logp_odd,p2_mofe_ffn_logp_odd,layer_screen,logp,odd,tox21,1,42,0.7703450719,complete_fold,MoleSG/Downstream/Result/tox21/best_test_result_p2_mofe_ffn_logp_odd_tox21_fold_1.csv,
p2_mofe_ffn_logp_odd,p2_mofe_ffn_logp_odd,layer_screen,logp,odd,tox21,2,43,0.7910329864,complete_fold,MoleSG/Downstream/Result/tox21/best_test_result_p2_mofe_ffn_logp_odd_tox21_fold_2.csv,
p2_mofe_ffn_logp_odd,p2_mofe_ffn_logp_odd,layer_screen,logp,odd,tox21,3,44,0.7771316195,complete_fold,MoleSG/Downstream/Result/tox21/best_test_result_p2_mofe_ffn_logp_odd_tox21_fold_3.csv,
p2_mofe_ffn_logp_odd,p2_mofe_ffn_logp_odd,layer_screen,logp,odd,tox21,4,45,0.8041541683,complete_fold,MoleSG/Downstream/Result/tox21/best_test_result_p2_mofe_ffn_logp_odd_tox21_fold_4.csv,
p2_mofe_ffn_logp_odd,p2_mofe_ffn_logp_odd,layer_screen,logp,odd,tox21,5,46,0.7701586379,complete_fold,MoleSG/Downstream/Result/tox21/best_test_result_p2_mofe_ffn_logp_odd_tox21_fold_5.csv,
p2_mofe_ffn_logp_odd,p2_mofe_ffn_logp_odd,layer_screen,logp,odd,toxcast,1,42,0.7054254966,complete_fold,MoleSG/Downstream/Result/toxcast/best_test_result_p2_mofe_ffn_logp_odd_toxcast_fold_1.csv,
p2_mofe_ffn_logp_odd,p2_mofe_ffn_logp_odd,layer_screen,logp,odd,toxcast,2,43,0.6871909278,complete_fold,MoleSG/Downstream/Result/toxcast/best_test_result_p2_mofe_ffn_logp_odd_toxcast_fold_2.csv,
p2_mofe_ffn_logp_odd,p2_mofe_ffn_logp_odd,layer_screen,logp,odd,toxcast,3,44,0.6595026403,complete_fold,MoleSG/Downstream/Result/toxcast/best_test_result_p2_mofe_ffn_logp_odd_toxcast_fold_3.csv,
p2_mofe_ffn_logp_odd,p2_mofe_ffn_logp_odd,layer_screen,logp,odd,toxcast,4,45,0.6902630467,complete_fold,MoleSG/Downstream/Result/toxcast/best_test_result_p2_mofe_ffn_logp_odd_toxcast_fold_4.csv,
p2_mofe_ffn_logp_odd,p2_mofe_ffn_logp_odd,layer_screen,logp,odd,toxcast,5,46,0.6787739234,complete_fold,MoleSG/Downstream/Result/toxcast/best_test_result_p2_mofe_ffn_logp_odd_toxcast_fold_5.csv,
p2_mofe_ffn_logp_odd,p2_mofe_ffn_logp_odd,layer_screen,logp,odd,sider,1,42,0.5820220708,complete_fold,MoleSG/Downstream/Result/sider/best_test_result_p2_mofe_ffn_logp_odd_sider_fold_1.csv,
p2_mofe_ffn_logp_odd,p2_mofe_ffn_logp_odd,layer_screen,logp,odd,sider,2,43,0.6124495382,complete_fold,MoleSG/Downstream/Result/sider/best_test_result_p2_mofe_ffn_logp_odd_sider_fold_2.csv,
p2_mofe_ffn_logp_odd,p2_mofe_ffn_logp_odd,layer_screen,logp,odd,sider,3,44,0.6124546921,complete_fold,MoleSG/Downstream/Result/sider/best_test_result_p2_mofe_ffn_logp_odd_sider_fold_3.csv,
p2_mofe_ffn_logp_odd,p2_mofe_ffn_logp_odd,layer_screen,logp,odd,sider,4,45,0.6275749185,complete_fold,MoleSG/Downstream/Result/sider/best_test_result_p2_mofe_ffn_logp_odd_sider_fold_4.csv,
p2_mofe_ffn_logp_odd,p2_mofe_ffn_logp_odd,layer_screen,logp,odd,sider,5,46,0.6275516853,complete_fold,MoleSG/Downstream/Result/sider/best_test_result_p2_mofe_ffn_logp_odd_sider_fold_5.csv,
p2_mofe_ffn_logp_odd,p2_mofe_ffn_logp_odd,layer_screen,logp,odd,clintox,1,42,0.8901887100,complete_fold,MoleSG/Downstream/Result/clintox/best_test_result_p2_mofe_ffn_logp_odd_clintox_fold_1.csv,
p2_mofe_ffn_logp_odd,p2_mofe_ffn_logp_odd,layer_screen,logp,odd,clintox,2,43,0.8392019920,complete_fold,MoleSG/Downstream/Result/clintox/best_test_result_p2_mofe_ffn_logp_odd_clintox_fold_2.csv,
p2_mofe_ffn_logp_odd,p2_mofe_ffn_logp_odd,layer_screen,logp,odd,clintox,3,44,0.9247536480,complete_fold,MoleSG/Downstream/Result/clintox/best_test_result_p2_mofe_ffn_logp_odd_clintox_fold_3.csv,
p2_mofe_ffn_logp_odd,p2_mofe_ffn_logp_odd,layer_screen,logp,odd,clintox,4,45,0.8756893188,complete_fold,MoleSG/Downstream/Result/clintox/best_test_result_p2_mofe_ffn_logp_odd_clintox_fold_4.csv,
p2_mofe_ffn_logp_odd,p2_mofe_ffn_logp_odd,layer_screen,logp,odd,clintox,5,46,0.8986445153,complete_fold,MoleSG/Downstream/Result/clintox/best_test_result_p2_mofe_ffn_logp_odd_clintox_fold_5.csv,
p2_mofe_ffn_logp_odd,p2_mofe_ffn_logp_odd,layer_screen,logp,odd,bace,1,42,0.7990196078,complete_fold,MoleSG/Downstream/Result/bace/best_test_result_p2_mofe_ffn_logp_odd_bace_fold_1.csv,
p2_mofe_ffn_logp_odd,p2_mofe_ffn_logp_odd,layer_screen,logp,odd,bace,2,43,0.7666666667,complete_fold,MoleSG/Downstream/Result/bace/best_test_result_p2_mofe_ffn_logp_odd_bace_fold_2.csv,
p2_mofe_ffn_logp_odd,p2_mofe_ffn_logp_odd,layer_screen,logp,odd,bace,3,44,0.8881562882,complete_fold,MoleSG/Downstream/Result/bace/best_test_result_p2_mofe_ffn_logp_odd_bace_fold_3.csv,
p2_mofe_ffn_logp_odd,p2_mofe_ffn_logp_odd,layer_screen,logp,odd,bace,4,45,0.8094871795,complete_fold,MoleSG/Downstream/Result/bace/best_test_result_p2_mofe_ffn_logp_odd_bace_fold_4.csv,
p2_mofe_ffn_logp_odd,p2_mofe_ffn_logp_odd,layer_screen,logp,odd,bace,5,46,0.8470842883,complete_fold,MoleSG/Downstream/Result/bace/best_test_result_p2_mofe_ffn_logp_odd_bace_fold_5.csv,
p2_mofe_ffn_logp_odd,p2_mofe_ffn_logp_odd,layer_screen,logp,odd,hiv,1,42,0.7315101696,complete_fold,MoleSG/Downstream/Result/hiv/best_test_result_p2_mofe_ffn_logp_odd_hiv_fold_1.csv,
p2_mofe_ffn_logp_odd,p2_mofe_ffn_logp_odd,layer_screen,logp,odd,hiv,2,43,0.8146081334,complete_fold,MoleSG/Downstream/Result/hiv/best_test_result_p2_mofe_ffn_logp_odd_hiv_fold_2.csv,
p2_mofe_ffn_logp_odd,p2_mofe_ffn_logp_odd,layer_screen,logp,odd,hiv,3,44,0.7785745772,complete_fold,MoleSG/Downstream/Result/hiv/best_test_result_p2_mofe_ffn_logp_odd_hiv_fold_3.csv,
p2_mofe_ffn_logp_odd,p2_mofe_ffn_logp_odd,layer_screen,logp,odd,hiv,4,45,0.7277088266,complete_fold,MoleSG/Downstream/Result/hiv/best_test_result_p2_mofe_ffn_logp_odd_hiv_fold_4.csv,
p2_mofe_ffn_logp_odd,p2_mofe_ffn_logp_odd,layer_screen,logp,odd,hiv,5,46,0.7567116480,complete_fold,MoleSG/Downstream/Result/hiv/best_test_result_p2_mofe_ffn_logp_odd_hiv_fold_5.csv,
p2_mofe_ffn_logp_odd,p2_mofe_ffn_logp_odd,layer_screen,logp,odd,muv,1,42,0.6696358362,complete_fold,MoleSG/Downstream/Result/muv/best_test_result_p2_mofe_ffn_logp_odd_muv_fold_1.csv,
p2_mofe_ffn_logp_odd,p2_mofe_ffn_logp_odd,layer_screen,logp,odd,muv,2,43,0.7786118256,complete_fold,MoleSG/Downstream/Result/muv/best_test_result_p2_mofe_ffn_logp_odd_muv_fold_2.csv,
p2_mofe_ffn_logp_odd,p2_mofe_ffn_logp_odd,layer_screen,logp,odd,muv,3,44,0.7262598597,complete_fold,MoleSG/Downstream/Result/muv/best_test_result_p2_mofe_ffn_logp_odd_muv_fold_3.csv,
p2_mofe_ffn_logp_odd,p2_mofe_ffn_logp_odd,layer_screen,logp,odd,muv,4,45,0.7522012718,complete_fold,MoleSG/Downstream/Result/muv/best_test_result_p2_mofe_ffn_logp_odd_muv_fold_4.csv,
p2_mofe_ffn_logp_odd,p2_mofe_ffn_logp_odd,layer_screen,logp,odd,muv,5,46,0.7042099712,complete_fold,MoleSG/Downstream/Result/muv/best_test_result_p2_mofe_ffn_logp_odd_muv_fold_5.csv,
p2_mofe_ffn_logp_even,p2_mofe_ffn_logp_even,layer_screen,logp,even,bbbp,1,42,0.9235211487,complete_fold,MoleSG/Downstream/Result/bbbp/best_test_result_p2_mofe_ffn_logp_even_bbbp_fold_1.csv,
p2_mofe_ffn_logp_even,p2_mofe_ffn_logp_even,layer_screen,logp,even,bbbp,2,43,0.9397660819,complete_fold,MoleSG/Downstream/Result/bbbp/best_test_result_p2_mofe_ffn_logp_even_bbbp_fold_2.csv,
p2_mofe_ffn_logp_even,p2_mofe_ffn_logp_even,layer_screen,logp,even,bbbp,3,44,0.8836559940,complete_fold,MoleSG/Downstream/Result/bbbp/best_test_result_p2_mofe_ffn_logp_even_bbbp_fold_3.csv,
p2_mofe_ffn_logp_even,p2_mofe_ffn_logp_even,layer_screen,logp,even,bbbp,4,45,0.9398026316,complete_fold,MoleSG/Downstream/Result/bbbp/best_test_result_p2_mofe_ffn_logp_even_bbbp_fold_4.csv,
p2_mofe_ffn_logp_even,p2_mofe_ffn_logp_even,layer_screen,logp,even,bbbp,5,46,0.9507514761,complete_fold,MoleSG/Downstream/Result/bbbp/best_test_result_p2_mofe_ffn_logp_even_bbbp_fold_5.csv,
p2_mofe_ffn_logp_even,p2_mofe_ffn_logp_even,layer_screen,logp,even,tox21,1,42,0.7898049993,complete_fold,MoleSG/Downstream/Result/tox21/best_test_result_p2_mofe_ffn_logp_even_tox21_fold_1.csv,
p2_mofe_ffn_logp_even,p2_mofe_ffn_logp_even,layer_screen,logp,even,tox21,2,43,0.7937791548,complete_fold,MoleSG/Downstream/Result/tox21/best_test_result_p2_mofe_ffn_logp_even_tox21_fold_2.csv,
p2_mofe_ffn_logp_even,p2_mofe_ffn_logp_even,layer_screen,logp,even,tox21,3,44,0.7770295391,complete_fold,MoleSG/Downstream/Result/tox21/best_test_result_p2_mofe_ffn_logp_even_tox21_fold_3.csv,
p2_mofe_ffn_logp_even,p2_mofe_ffn_logp_even,layer_screen,logp,even,tox21,4,45,0.8094928442,complete_fold,MoleSG/Downstream/Result/tox21/best_test_result_p2_mofe_ffn_logp_even_tox21_fold_4.csv,
p2_mofe_ffn_logp_even,p2_mofe_ffn_logp_even,layer_screen,logp,even,tox21,5,46,0.7750564388,complete_fold,MoleSG/Downstream/Result/tox21/best_test_result_p2_mofe_ffn_logp_even_tox21_fold_5.csv,
p2_mofe_ffn_logp_even,p2_mofe_ffn_logp_even,layer_screen,logp,even,toxcast,1,42,0.6967326149,complete_fold,MoleSG/Downstream/Result/toxcast/best_test_result_p2_mofe_ffn_logp_even_toxcast_fold_1.csv,
p2_mofe_ffn_logp_even,p2_mofe_ffn_logp_even,layer_screen,logp,even,toxcast,2,43,0.6883478298,complete_fold,MoleSG/Downstream/Result/toxcast/best_test_result_p2_mofe_ffn_logp_even_toxcast_fold_2.csv,
p2_mofe_ffn_logp_even,p2_mofe_ffn_logp_even,layer_screen,logp,even,toxcast,3,44,0.6460212212,complete_fold,MoleSG/Downstream/Result/toxcast/best_test_result_p2_mofe_ffn_logp_even_toxcast_fold_3.csv,
p2_mofe_ffn_logp_even,p2_mofe_ffn_logp_even,layer_screen,logp,even,toxcast,4,45,0.6773795521,complete_fold,MoleSG/Downstream/Result/toxcast/best_test_result_p2_mofe_ffn_logp_even_toxcast_fold_4.csv,
p2_mofe_ffn_logp_even,p2_mofe_ffn_logp_even,layer_screen,logp,even,toxcast,5,46,0.6745207574,complete_fold,MoleSG/Downstream/Result/toxcast/best_test_result_p2_mofe_ffn_logp_even_toxcast_fold_5.csv,
p2_mofe_ffn_logp_even,p2_mofe_ffn_logp_even,layer_screen,logp,even,sider,1,42,0.5789477351,complete_fold,MoleSG/Downstream/Result/sider/best_test_result_p2_mofe_ffn_logp_even_sider_fold_1.csv,
p2_mofe_ffn_logp_even,p2_mofe_ffn_logp_even,layer_screen,logp,even,sider,2,43,0.6417887989,complete_fold,MoleSG/Downstream/Result/sider/best_test_result_p2_mofe_ffn_logp_even_sider_fold_2.csv,
p2_mofe_ffn_logp_even,p2_mofe_ffn_logp_even,layer_screen,logp,even,sider,3,44,0.6259789068,complete_fold,MoleSG/Downstream/Result/sider/best_test_result_p2_mofe_ffn_logp_even_sider_fold_3.csv,
p2_mofe_ffn_logp_even,p2_mofe_ffn_logp_even,layer_screen,logp,even,sider,4,45,0.6257008397,complete_fold,MoleSG/Downstream/Result/sider/best_test_result_p2_mofe_ffn_logp_even_sider_fold_4.csv,
p2_mofe_ffn_logp_even,p2_mofe_ffn_logp_even,layer_screen,logp,even,sider,5,46,0.5901833793,complete_fold,MoleSG/Downstream/Result/sider/best_test_result_p2_mofe_ffn_logp_even_sider_fold_5.csv,
p2_mofe_ffn_logp_even,p2_mofe_ffn_logp_even,layer_screen,logp,even,clintox,1,42,0.9395844732,complete_fold,MoleSG/Downstream/Result/clintox/best_test_result_p2_mofe_ffn_logp_even_clintox_fold_1.csv,
p2_mofe_ffn_logp_even,p2_mofe_ffn_logp_even,layer_screen,logp,even,clintox,2,43,0.7586801054,complete_fold,MoleSG/Downstream/Result/clintox/best_test_result_p2_mofe_ffn_logp_even_clintox_fold_2.csv,
p2_mofe_ffn_logp_even,p2_mofe_ffn_logp_even,layer_screen,logp,even,clintox,3,44,0.9191938483,complete_fold,MoleSG/Downstream/Result/clintox/best_test_result_p2_mofe_ffn_logp_even_clintox_fold_3.csv,
p2_mofe_ffn_logp_even,p2_mofe_ffn_logp_even,layer_screen,logp,even,clintox,4,45,0.8460111291,complete_fold,MoleSG/Downstream/Result/clintox/best_test_result_p2_mofe_ffn_logp_even_clintox_fold_4.csv,
p2_mofe_ffn_logp_even,p2_mofe_ffn_logp_even,layer_screen,logp,even,clintox,5,46,0.7997712016,complete_fold,MoleSG/Downstream/Result/clintox/best_test_result_p2_mofe_ffn_logp_even_clintox_fold_5.csv,
p2_mofe_ffn_logp_even,p2_mofe_ffn_logp_even,layer_screen,logp,even,bace,1,42,0.7852941176,complete_fold,MoleSG/Downstream/Result/bace/best_test_result_p2_mofe_ffn_logp_even_bace_fold_1.csv,
p2_mofe_ffn_logp_even,p2_mofe_ffn_logp_even,layer_screen,logp,even,bace,2,43,0.7471794872,complete_fold,MoleSG/Downstream/Result/bace/best_test_result_p2_mofe_ffn_logp_even_bace_fold_2.csv,
p2_mofe_ffn_logp_even,p2_mofe_ffn_logp_even,layer_screen,logp,even,bace,3,44,0.9042735043,complete_fold,MoleSG/Downstream/Result/bace/best_test_result_p2_mofe_ffn_logp_even_bace_fold_3.csv,
p2_mofe_ffn_logp_even,p2_mofe_ffn_logp_even,layer_screen,logp,even,bace,4,45,0.8361538462,complete_fold,MoleSG/Downstream/Result/bace/best_test_result_p2_mofe_ffn_logp_even_bace_fold_4.csv,
p2_mofe_ffn_logp_even,p2_mofe_ffn_logp_even,layer_screen,logp,even,bace,5,46,0.8287496817,complete_fold,MoleSG/Downstream/Result/bace/best_test_result_p2_mofe_ffn_logp_even_bace_fold_5.csv,
p2_mofe_ffn_logp_even,p2_mofe_ffn_logp_even,layer_screen,logp,even,hiv,1,42,0.7349494485,complete_fold,MoleSG/Downstream/Result/hiv/best_test_result_p2_mofe_ffn_logp_even_hiv_fold_1.csv,
p2_mofe_ffn_logp_even,p2_mofe_ffn_logp_even,layer_screen,logp,even,hiv,2,43,0.8299204982,complete_fold,MoleSG/Downstream/Result/hiv/best_test_result_p2_mofe_ffn_logp_even_hiv_fold_2.csv,
p2_mofe_ffn_logp_even,p2_mofe_ffn_logp_even,layer_screen,logp,even,hiv,3,44,0.7608733310,complete_fold,MoleSG/Downstream/Result/hiv/best_test_result_p2_mofe_ffn_logp_even_hiv_fold_3.csv,
p2_mofe_ffn_logp_even,p2_mofe_ffn_logp_even,layer_screen,logp,even,hiv,4,45,0.7324724394,complete_fold,MoleSG/Downstream/Result/hiv/best_test_result_p2_mofe_ffn_logp_even_hiv_fold_4.csv,
p2_mofe_ffn_logp_even,p2_mofe_ffn_logp_even,layer_screen,logp,even,hiv,5,46,0.7409207898,complete_fold,MoleSG/Downstream/Result/hiv/best_test_result_p2_mofe_ffn_logp_even_hiv_fold_5.csv,
p2_mofe_ffn_logp_even,p2_mofe_ffn_logp_even,layer_screen,logp,even,muv,1,42,0.6928426049,complete_fold,MoleSG/Downstream/Result/muv/best_test_result_p2_mofe_ffn_logp_even_muv_fold_1.csv,
p2_mofe_ffn_logp_even,p2_mofe_ffn_logp_even,layer_screen,logp,even,muv,2,43,0.7593496447,complete_fold,MoleSG/Downstream/Result/muv/best_test_result_p2_mofe_ffn_logp_even_muv_fold_2.csv,
p2_mofe_ffn_logp_even,p2_mofe_ffn_logp_even,layer_screen,logp,even,muv,3,44,0.7241695925,complete_fold,MoleSG/Downstream/Result/muv/best_test_result_p2_mofe_ffn_logp_even_muv_fold_3.csv,
p2_mofe_ffn_logp_even,p2_mofe_ffn_logp_even,layer_screen,logp,even,muv,4,45,0.7447392884,complete_fold,MoleSG/Downstream/Result/muv/best_test_result_p2_mofe_ffn_logp_even_muv_fold_4.csv,
p2_mofe_ffn_logp_even,p2_mofe_ffn_logp_even,layer_screen,logp,even,muv,5,46,0.8037747854,complete_fold,MoleSG/Downstream/Result/muv/best_test_result_p2_mofe_ffn_logp_even_muv_fold_5.csv,
pt_smoe_top1,pt_smoe_top1,routed_control,learned,top1,bbbp,1,42,0.9313251132,complete_fold,MoleSG/Downstream/Result/bbbp/best_test_result_pt_smoe_top1_bbbp_fold_1.csv,
pt_smoe_top1,pt_smoe_top1,routed_control,learned,top1,bbbp,2,43,0.9648473034,complete_fold,MoleSG/Downstream/Result/bbbp/best_test_result_pt_smoe_top1_bbbp_fold_2.csv,
pt_smoe_top1,pt_smoe_top1,routed_control,learned,top1,bbbp,3,44,0.9287043931,complete_fold,MoleSG/Downstream/Result/bbbp/best_test_result_pt_smoe_top1_bbbp_fold_3.csv,
pt_smoe_top1,pt_smoe_top1,routed_control,learned,top1,bbbp,4,45,0.9473684211,complete_fold,MoleSG/Downstream/Result/bbbp/best_test_result_pt_smoe_top1_bbbp_fold_4.csv,
pt_smoe_top1,pt_smoe_top1,routed_control,learned,top1,bbbp,5,46,0.9746376812,complete_fold,MoleSG/Downstream/Result/bbbp/best_test_result_pt_smoe_top1_bbbp_fold_5.csv,
pt_smoe_top1,pt_smoe_top1,routed_control,learned,top1,tox21,1,42,0.7859910681,complete_fold,MoleSG/Downstream/Result/tox21/best_test_result_pt_smoe_top1_tox21_fold_1.csv,
pt_smoe_top1,pt_smoe_top1,routed_control,learned,top1,tox21,2,43,0.8180203013,complete_fold,MoleSG/Downstream/Result/tox21/best_test_result_pt_smoe_top1_tox21_fold_2.csv,
pt_smoe_top1,pt_smoe_top1,routed_control,learned,top1,tox21,3,44,0.8019313918,complete_fold,MoleSG/Downstream/Result/tox21/best_test_result_pt_smoe_top1_tox21_fold_3.csv,
pt_smoe_top1,pt_smoe_top1,routed_control,learned,top1,tox21,4,45,0.8237992651,complete_fold,MoleSG/Downstream/Result/tox21/best_test_result_pt_smoe_top1_tox21_fold_4.csv,
pt_smoe_top1,pt_smoe_top1,routed_control,learned,top1,tox21,5,46,0.7968242722,complete_fold,MoleSG/Downstream/Result/tox21/best_test_result_pt_smoe_top1_tox21_fold_5.csv,
pt_smoe_top1,pt_smoe_top1,routed_control,learned,top1,toxcast,1,42,0.7114255980,complete_fold,MoleSG/Downstream/Result/toxcast/best_test_result_pt_smoe_top1_toxcast_fold_1.csv,
pt_smoe_top1,pt_smoe_top1,routed_control,learned,top1,toxcast,2,43,0.7022559014,complete_fold,MoleSG/Downstream/Result/toxcast/best_test_result_pt_smoe_top1_toxcast_fold_2.csv,
pt_smoe_top1,pt_smoe_top1,routed_control,learned,top1,toxcast,3,44,0.6700296480,complete_fold,MoleSG/Downstream/Result/toxcast/best_test_result_pt_smoe_top1_toxcast_fold_3.csv,
pt_smoe_top1,pt_smoe_top1,routed_control,learned,top1,toxcast,4,45,0.7106140524,complete_fold,MoleSG/Downstream/Result/toxcast/best_test_result_pt_smoe_top1_toxcast_fold_4.csv,
pt_smoe_top1,pt_smoe_top1,routed_control,learned,top1,toxcast,5,46,0.6908884907,complete_fold,MoleSG/Downstream/Result/toxcast/best_test_result_pt_smoe_top1_toxcast_fold_5.csv,
pt_smoe_top1,pt_smoe_top1,routed_control,learned,top1,sider,1,42,0.5941692649,complete_fold,MoleSG/Downstream/Result/sider/best_test_result_pt_smoe_top1_sider_fold_1.csv,
pt_smoe_top1,pt_smoe_top1,routed_control,learned,top1,sider,2,43,0.6362376262,complete_fold,MoleSG/Downstream/Result/sider/best_test_result_pt_smoe_top1_sider_fold_2.csv,
pt_smoe_top1,pt_smoe_top1,routed_control,learned,top1,sider,3,44,0.6595552424,complete_fold,MoleSG/Downstream/Result/sider/best_test_result_pt_smoe_top1_sider_fold_3.csv,
pt_smoe_top1,pt_smoe_top1,routed_control,learned,top1,sider,4,45,0.6370268290,complete_fold,MoleSG/Downstream/Result/sider/best_test_result_pt_smoe_top1_sider_fold_4.csv,
pt_smoe_top1,pt_smoe_top1,routed_control,learned,top1,sider,5,46,0.5967753992,complete_fold,MoleSG/Downstream/Result/sider/best_test_result_pt_smoe_top1_sider_fold_5.csv,
pt_smoe_top1,pt_smoe_top1,routed_control,learned,top1,clintox,1,42,0.9398901911,complete_fold,MoleSG/Downstream/Result/clintox/best_test_result_pt_smoe_top1_clintox_fold_1.csv,
pt_smoe_top1,pt_smoe_top1,routed_control,learned,top1,clintox,2,43,0.9274722366,complete_fold,MoleSG/Downstream/Result/clintox/best_test_result_pt_smoe_top1_clintox_fold_2.csv,
pt_smoe_top1,pt_smoe_top1,routed_control,learned,top1,clintox,3,44,0.8065162704,complete_fold,MoleSG/Downstream/Result/clintox/best_test_result_pt_smoe_top1_clintox_fold_3.csv,
pt_smoe_top1,pt_smoe_top1,routed_control,learned,top1,clintox,4,45,0.8609120920,complete_fold,MoleSG/Downstream/Result/clintox/best_test_result_pt_smoe_top1_clintox_fold_4.csv,
pt_smoe_top1,pt_smoe_top1,routed_control,learned,top1,clintox,5,46,0.8758019012,complete_fold,MoleSG/Downstream/Result/clintox/best_test_result_pt_smoe_top1_clintox_fold_5.csv,
pt_smoe_top1,pt_smoe_top1,routed_control,learned,top1,bace,1,42,0.8779411765,complete_fold,MoleSG/Downstream/Result/bace/best_test_result_pt_smoe_top1_bace_fold_1.csv,
pt_smoe_top1,pt_smoe_top1,routed_control,learned,top1,bace,2,43,0.8297435897,complete_fold,MoleSG/Downstream/Result/bace/best_test_result_pt_smoe_top1_bace_fold_2.csv,
pt_smoe_top1,pt_smoe_top1,routed_control,learned,top1,bace,3,44,0.9194139194,complete_fold,MoleSG/Downstream/Result/bace/best_test_result_pt_smoe_top1_bace_fold_3.csv,
pt_smoe_top1,pt_smoe_top1,routed_control,learned,top1,bace,4,45,0.8441025641,complete_fold,MoleSG/Downstream/Result/bace/best_test_result_pt_smoe_top1_bace_fold_4.csv,
pt_smoe_top1,pt_smoe_top1,routed_control,learned,top1,bace,5,46,0.9043799338,complete_fold,MoleSG/Downstream/Result/bace/best_test_result_pt_smoe_top1_bace_fold_5.csv,
pt_smoe_top1,pt_smoe_top1,routed_control,learned,top1,hiv,1,42,0.7669239949,complete_fold,MoleSG/Downstream/Result/hiv/best_test_result_pt_smoe_top1_hiv_fold_1.csv,
pt_smoe_top1,pt_smoe_top1,routed_control,learned,top1,hiv,2,43,0.8556563351,complete_fold,MoleSG/Downstream/Result/hiv/best_test_result_pt_smoe_top1_hiv_fold_2.csv,
pt_smoe_top1,pt_smoe_top1,routed_control,learned,top1,hiv,3,44,0.8119983720,complete_fold,MoleSG/Downstream/Result/hiv/best_test_result_pt_smoe_top1_hiv_fold_3.csv,
pt_smoe_top1,pt_smoe_top1,routed_control,learned,top1,muv,1,42,0.7346488461,complete_fold,MoleSG/Downstream/Result/muv/best_test_result_pt_smoe_top1_muv_fold_1.csv,
pt_smoe_top1,pt_smoe_top1,routed_control,learned,top1,muv,2,43,0.7812751652,complete_fold,MoleSG/Downstream/Result/muv/best_test_result_pt_smoe_top1_muv_fold_2.csv,
pt_smoe_top1,pt_smoe_top1,routed_control,learned,top1,muv,3,44,0.7936948141,complete_fold,MoleSG/Downstream/Result/muv/best_test_result_pt_smoe_top1_muv_fold_3.csv,
pt_smoe_top1,pt_smoe_top1,routed_control,learned,top1,muv,4,45,0.7660151277,complete_fold,MoleSG/Downstream/Result/muv/best_test_result_pt_smoe_top1_muv_fold_4.csv,
pt_smoe_top1,pt_smoe_top1,routed_control,learned,top1,muv,5,46,0.6994062809,complete_fold,MoleSG/Downstream/Result/muv/best_test_result_pt_smoe_top1_muv_fold_5.csv,
pt_smoe_top2,pt_smoe_top2,routed_control,learned,top2,bbbp,1,42,0.9324176682,complete_fold,MoleSG/Downstream/Result/bbbp/best_test_result_pt_smoe_top2_bbbp_fold_1.csv,
pt_smoe_top2,pt_smoe_top2,routed_control,learned,top2,bbbp,2,43,0.9678362573,complete_fold,MoleSG/Downstream/Result/bbbp/best_test_result_pt_smoe_top2_bbbp_fold_2.csv,
pt_smoe_top2,pt_smoe_top2,routed_control,learned,top2,bbbp,3,44,0.9087862993,complete_fold,MoleSG/Downstream/Result/bbbp/best_test_result_pt_smoe_top2_bbbp_fold_3.csv,
pt_smoe_top2,pt_smoe_top2,routed_control,learned,top2,bbbp,4,45,0.9348684211,complete_fold,MoleSG/Downstream/Result/bbbp/best_test_result_pt_smoe_top2_bbbp_fold_4.csv,
pt_smoe_top2,pt_smoe_top2,routed_control,learned,top2,bbbp,5,46,0.9590713902,complete_fold,MoleSG/Downstream/Result/bbbp/best_test_result_pt_smoe_top2_bbbp_fold_5.csv,
pt_smoe_top2,pt_smoe_top2,routed_control,learned,top2,tox21,1,42,0.8141550024,complete_fold,MoleSG/Downstream/Result/tox21/best_test_result_pt_smoe_top2_tox21_fold_1.csv,
pt_smoe_top2,pt_smoe_top2,routed_control,learned,top2,tox21,2,43,0.8207096625,complete_fold,MoleSG/Downstream/Result/tox21/best_test_result_pt_smoe_top2_tox21_fold_2.csv,
pt_smoe_top2,pt_smoe_top2,routed_control,learned,top2,tox21,3,44,0.7916999634,complete_fold,MoleSG/Downstream/Result/tox21/best_test_result_pt_smoe_top2_tox21_fold_3.csv,
pt_smoe_top2,pt_smoe_top2,routed_control,learned,top2,tox21,4,45,0.8301344088,complete_fold,MoleSG/Downstream/Result/tox21/best_test_result_pt_smoe_top2_tox21_fold_4.csv,
pt_smoe_top2,pt_smoe_top2,routed_control,learned,top2,tox21,5,46,0.8087630644,complete_fold,MoleSG/Downstream/Result/tox21/best_test_result_pt_smoe_top2_tox21_fold_5.csv,
pt_smoe_top2,pt_smoe_top2,routed_control,learned,top2,toxcast,1,42,0.7068836674,complete_fold,MoleSG/Downstream/Result/toxcast/best_test_result_pt_smoe_top2_toxcast_fold_1.csv,
pt_smoe_top2,pt_smoe_top2,routed_control,learned,top2,toxcast,2,43,0.6966058279,complete_fold,MoleSG/Downstream/Result/toxcast/best_test_result_pt_smoe_top2_toxcast_fold_2.csv,
pt_smoe_top2,pt_smoe_top2,routed_control,learned,top2,toxcast,3,44,0.6748571991,complete_fold,MoleSG/Downstream/Result/toxcast/best_test_result_pt_smoe_top2_toxcast_fold_3.csv,
pt_smoe_top2,pt_smoe_top2,routed_control,learned,top2,toxcast,4,45,0.6965236371,complete_fold,MoleSG/Downstream/Result/toxcast/best_test_result_pt_smoe_top2_toxcast_fold_4.csv,
pt_smoe_top2,pt_smoe_top2,routed_control,learned,top2,toxcast,5,46,0.6769218098,complete_fold,MoleSG/Downstream/Result/toxcast/best_test_result_pt_smoe_top2_toxcast_fold_5.csv,
pt_smoe_top2,pt_smoe_top2,routed_control,learned,top2,sider,1,42,0.6246771471,complete_fold,MoleSG/Downstream/Result/sider/best_test_result_pt_smoe_top2_sider_fold_1.csv,
pt_smoe_top2,pt_smoe_top2,routed_control,learned,top2,sider,2,43,0.6789779167,complete_fold,MoleSG/Downstream/Result/sider/best_test_result_pt_smoe_top2_sider_fold_2.csv,
pt_smoe_top2,pt_smoe_top2,routed_control,learned,top2,sider,3,44,0.6373942590,complete_fold,MoleSG/Downstream/Result/sider/best_test_result_pt_smoe_top2_sider_fold_3.csv,
pt_smoe_top2,pt_smoe_top2,routed_control,learned,top2,sider,4,45,0.6314142222,complete_fold,MoleSG/Downstream/Result/sider/best_test_result_pt_smoe_top2_sider_fold_4.csv,
pt_smoe_top2,pt_smoe_top2,routed_control,learned,top2,sider,5,46,0.5987880148,complete_fold,MoleSG/Downstream/Result/sider/best_test_result_pt_smoe_top2_sider_fold_5.csv,
pt_smoe_top2,pt_smoe_top2,routed_control,learned,top2,clintox,1,42,0.8936475941,complete_fold,MoleSG/Downstream/Result/clintox/best_test_result_pt_smoe_top2_clintox_fold_1.csv,
pt_smoe_top2,pt_smoe_top2,routed_control,learned,top2,clintox,2,43,0.9194484055,complete_fold,MoleSG/Downstream/Result/clintox/best_test_result_pt_smoe_top2_clintox_fold_2.csv,
pt_smoe_top2,pt_smoe_top2,routed_control,learned,top2,clintox,3,44,0.8048533463,complete_fold,MoleSG/Downstream/Result/clintox/best_test_result_pt_smoe_top2_clintox_fold_3.csv,
pt_smoe_top2,pt_smoe_top2,routed_control,learned,top2,clintox,4,45,0.8805695710,complete_fold,MoleSG/Downstream/Result/clintox/best_test_result_pt_smoe_top2_clintox_fold_4.csv,
pt_smoe_top2,pt_smoe_top2,routed_control,learned,top2,clintox,5,46,0.8682618162,complete_fold,MoleSG/Downstream/Result/clintox/best_test_result_pt_smoe_top2_clintox_fold_5.csv,
pt_smoe_top2,pt_smoe_top2,routed_control,learned,top2,bace,1,42,0.8610294118,complete_fold,MoleSG/Downstream/Result/bace/best_test_result_pt_smoe_top2_bace_fold_1.csv,
pt_smoe_top2,pt_smoe_top2,routed_control,learned,top2,bace,2,43,0.8202564103,complete_fold,MoleSG/Downstream/Result/bace/best_test_result_pt_smoe_top2_bace_fold_2.csv,
pt_smoe_top2,pt_smoe_top2,routed_control,learned,top2,bace,3,44,0.9076923077,complete_fold,MoleSG/Downstream/Result/bace/best_test_result_pt_smoe_top2_bace_fold_3.csv,
pt_smoe_top2,pt_smoe_top2,routed_control,learned,top2,bace,4,45,0.8094871795,complete_fold,MoleSG/Downstream/Result/bace/best_test_result_pt_smoe_top2_bace_fold_4.csv,
pt_smoe_top2,pt_smoe_top2,routed_control,learned,top2,bace,5,46,0.9290807232,complete_fold,MoleSG/Downstream/Result/bace/best_test_result_pt_smoe_top2_bace_fold_5.csv,
pt_smoe_top2,pt_smoe_top2,routed_control,learned,top2,hiv,1,42,0.7747383480,complete_fold,MoleSG/Downstream/Result/hiv/best_test_result_pt_smoe_top2_hiv_fold_1.csv,
pt_smoe_top2,pt_smoe_top2,routed_control,learned,top2,hiv,2,43,0.8499520614,complete_fold,MoleSG/Downstream/Result/hiv/best_test_result_pt_smoe_top2_hiv_fold_2.csv,
pt_smoe_top2,pt_smoe_top2,routed_control,learned,top2,hiv,3,44,0.8099084166,complete_fold,MoleSG/Downstream/Result/hiv/best_test_result_pt_smoe_top2_hiv_fold_3.csv,
pt_smoe_top2,pt_smoe_top2,routed_control,learned,top2,hiv,4,45,0.8084128465,complete_fold,MoleSG/Downstream/Result/hiv/best_test_result_pt_smoe_top2_hiv_fold_4.csv,
pt_smoe_top2,pt_smoe_top2,routed_control,learned,top2,hiv,5,46,0.7781121357,complete_fold,MoleSG/Downstream/Result/hiv/best_test_result_pt_smoe_top2_hiv_fold_5.csv,
pt_smoe_top2,pt_smoe_top2,routed_control,learned,top2,muv,1,42,0.7265224250,complete_fold,MoleSG/Downstream/Result/muv/best_test_result_pt_smoe_top2_muv_fold_1.csv,
pt_smoe_top2,pt_smoe_top2,routed_control,learned,top2,muv,2,43,0.7968020083,complete_fold,MoleSG/Downstream/Result/muv/best_test_result_pt_smoe_top2_muv_fold_2.csv,
pt_smoe_top2,pt_smoe_top2,routed_control,learned,top2,muv,3,44,0.7716799815,complete_fold,MoleSG/Downstream/Result/muv/best_test_result_pt_smoe_top2_muv_fold_3.csv,
pt_smoe_top2,pt_smoe_top2,routed_control,learned,top2,muv,4,45,0.7668319894,complete_fold,MoleSG/Downstream/Result/muv/best_test_result_pt_smoe_top2_muv_fold_4.csv,
pt_smoe_top2,pt_smoe_top2,routed_control,learned,top2,muv,5,46,0.7375307263,complete_fold,MoleSG/Downstream/Result/muv/best_test_result_pt_smoe_top2_muv_fold_5.csv,
pt_smoe_top3,pt_smoe_top3,routed_control,learned,top3,bbbp,1,42,0.9277352895,complete_fold,MoleSG/Downstream/Result/bbbp/best_test_result_pt_smoe_top3_bbbp_fold_1.csv,
pt_smoe_top3,pt_smoe_top3,routed_control,learned,top3,bbbp,2,43,0.9718648473,complete_fold,MoleSG/Downstream/Result/bbbp/best_test_result_pt_smoe_top3_bbbp_fold_2.csv,
pt_smoe_top3,pt_smoe_top3,routed_control,learned,top3,bbbp,3,44,0.8951973194,complete_fold,MoleSG/Downstream/Result/bbbp/best_test_result_pt_smoe_top3_bbbp_fold_3.csv,
pt_smoe_top3,pt_smoe_top3,routed_control,learned,top3,bbbp,4,45,0.9610197368,complete_fold,MoleSG/Downstream/Result/bbbp/best_test_result_pt_smoe_top3_bbbp_fold_4.csv,
pt_smoe_top3,pt_smoe_top3,routed_control,learned,top3,bbbp,5,46,0.9629629630,complete_fold,MoleSG/Downstream/Result/bbbp/best_test_result_pt_smoe_top3_bbbp_fold_5.csv,
pt_smoe_top3,pt_smoe_top3,routed_control,learned,top3,tox21,1,42,0.7977772919,complete_fold,MoleSG/Downstream/Result/tox21/best_test_result_pt_smoe_top3_tox21_fold_1.csv,
pt_smoe_top3,pt_smoe_top3,routed_control,learned,top3,tox21,2,43,0.8090158715,complete_fold,MoleSG/Downstream/Result/tox21/best_test_result_pt_smoe_top3_tox21_fold_2.csv,
pt_smoe_top3,pt_smoe_top3,routed_control,learned,top3,tox21,3,44,0.7890314381,complete_fold,MoleSG/Downstream/Result/tox21/best_test_result_pt_smoe_top3_tox21_fold_3.csv,
pt_smoe_top3,pt_smoe_top3,routed_control,learned,top3,tox21,4,45,0.8367084488,complete_fold,MoleSG/Downstream/Result/tox21/best_test_result_pt_smoe_top3_tox21_fold_4.csv,
pt_smoe_top3,pt_smoe_top3,routed_control,learned,top3,tox21,5,46,0.8100015430,complete_fold,MoleSG/Downstream/Result/tox21/best_test_result_pt_smoe_top3_tox21_fold_5.csv,
pt_smoe_top3,pt_smoe_top3,routed_control,learned,top3,toxcast,1,42,0.7053077084,complete_fold,MoleSG/Downstream/Result/toxcast/best_test_result_pt_smoe_top3_toxcast_fold_1.csv,
pt_smoe_top3,pt_smoe_top3,routed_control,learned,top3,toxcast,2,43,0.7063014933,complete_fold,MoleSG/Downstream/Result/toxcast/best_test_result_pt_smoe_top3_toxcast_fold_2.csv,
pt_smoe_top3,pt_smoe_top3,routed_control,learned,top3,sider,1,42,0.6036682473,complete_fold,MoleSG/Downstream/Result/sider/best_test_result_pt_smoe_top3_sider_fold_1.csv,
pt_smoe_top3,pt_smoe_top3,routed_control,learned,top3,sider,2,43,0.6605112541,complete_fold,MoleSG/Downstream/Result/sider/best_test_result_pt_smoe_top3_sider_fold_2.csv,
pt_smoe_top3,pt_smoe_top3,routed_control,learned,top3,sider,3,44,0.6285012749,complete_fold,MoleSG/Downstream/Result/sider/best_test_result_pt_smoe_top3_sider_fold_3.csv,
pt_smoe_top3,pt_smoe_top3,routed_control,learned,top3,sider,4,45,0.6070151209,complete_fold,MoleSG/Downstream/Result/sider/best_test_result_pt_smoe_top3_sider_fold_4.csv,
pt_smoe_top3,pt_smoe_top3,routed_control,learned,top3,sider,5,46,0.6384198188,complete_fold,MoleSG/Downstream/Result/sider/best_test_result_pt_smoe_top3_sider_fold_5.csv,
pt_smoe_top3,pt_smoe_top3,routed_control,learned,top3,clintox,1,42,0.8943262207,complete_fold,MoleSG/Downstream/Result/clintox/best_test_result_pt_smoe_top3_clintox_fold_1.csv,
pt_smoe_top3,pt_smoe_top3,routed_control,learned,top3,clintox,2,43,0.9379564212,complete_fold,MoleSG/Downstream/Result/clintox/best_test_result_pt_smoe_top3_clintox_fold_2.csv,
pt_smoe_top3,pt_smoe_top3,routed_control,learned,top3,clintox,3,44,0.8049266539,complete_fold,MoleSG/Downstream/Result/clintox/best_test_result_pt_smoe_top3_clintox_fold_3.csv,
pt_smoe_top3,pt_smoe_top3,routed_control,learned,top3,clintox,4,45,0.9428235402,complete_fold,MoleSG/Downstream/Result/clintox/best_test_result_pt_smoe_top3_clintox_fold_4.csv,
pt_smoe_top3,pt_smoe_top3,routed_control,learned,top3,clintox,5,46,0.8175136434,complete_fold,MoleSG/Downstream/Result/clintox/best_test_result_pt_smoe_top3_clintox_fold_5.csv,
pt_smoe_top3,pt_smoe_top3,routed_control,learned,top3,bace,1,42,0.8647058824,complete_fold,MoleSG/Downstream/Result/bace/best_test_result_pt_smoe_top3_bace_fold_1.csv,
pt_smoe_top3,pt_smoe_top3,routed_control,learned,top3,bace,2,43,0.8292307692,complete_fold,MoleSG/Downstream/Result/bace/best_test_result_pt_smoe_top3_bace_fold_2.csv,
pt_smoe_top3,pt_smoe_top3,routed_control,learned,top3,bace,3,44,0.9123321123,complete_fold,MoleSG/Downstream/Result/bace/best_test_result_pt_smoe_top3_bace_fold_3.csv,
pt_smoe_top3,pt_smoe_top3,routed_control,learned,top3,bace,4,45,0.8489743590,complete_fold,MoleSG/Downstream/Result/bace/best_test_result_pt_smoe_top3_bace_fold_4.csv,
pt_smoe_top3,pt_smoe_top3,routed_control,learned,top3,bace,5,46,0.9303539598,complete_fold,MoleSG/Downstream/Result/bace/best_test_result_pt_smoe_top3_bace_fold_5.csv,
pt_smoe_top3,pt_smoe_top3,routed_control,learned,top3,hiv,1,42,0.7801103682,complete_fold,MoleSG/Downstream/Result/hiv/best_test_result_pt_smoe_top3_hiv_fold_1.csv,
pt_smoe_top3,pt_smoe_top3,routed_control,learned,top3,muv,1,42,0.7193960763,complete_fold,MoleSG/Downstream/Result/muv/best_test_result_pt_smoe_top3_muv_fold_1.csv,
pt_smoe_top3,pt_smoe_top3,routed_control,learned,top3,muv,2,43,0.8174738888,complete_fold,MoleSG/Downstream/Result/muv/best_test_result_pt_smoe_top3_muv_fold_2.csv,
pt_smoe_top3,pt_smoe_top3,routed_control,learned,top3,muv,3,44,0.7772866103,complete_fold,MoleSG/Downstream/Result/muv/best_test_result_pt_smoe_top3_muv_fold_3.csv,
pt_smoe_top3,pt_smoe_top3,routed_control,learned,top3,muv,4,45,0.7933690333,complete_fold,MoleSG/Downstream/Result/muv/best_test_result_pt_smoe_top3_muv_fold_4.csv,
pt_smoe_top3,pt_smoe_top3,routed_control,learned,top3,muv,5,46,0.7626674932,complete_fold,MoleSG/Downstream/Result/muv/best_test_result_pt_smoe_top3_muv_fold_5.csv,
pt_smoe_top4,pt_smoe_top4,routed_control,learned,top4,bbbp,1,42,0.9294521617,complete_fold,MoleSG/Downstream/Result/bbbp/best_test_result_pt_smoe_top4_bbbp_fold_1.csv,
pt_smoe_top4,pt_smoe_top4,routed_control,learned,top4,bbbp,2,43,0.9710851202,complete_fold,MoleSG/Downstream/Result/bbbp/best_test_result_pt_smoe_top4_bbbp_fold_2.csv,
pt_smoe_top4,pt_smoe_top4,routed_control,learned,top4,bbbp,3,44,0.8953834698,complete_fold,MoleSG/Downstream/Result/bbbp/best_test_result_pt_smoe_top4_bbbp_fold_3.csv,
pt_smoe_top4,pt_smoe_top4,routed_control,learned,top4,bbbp,4,45,0.9425986842,complete_fold,MoleSG/Downstream/Result/bbbp/best_test_result_pt_smoe_top4_bbbp_fold_4.csv,
pt_smoe_top4,pt_smoe_top4,routed_control,learned,top4,bbbp,5,46,0.9582662373,complete_fold,MoleSG/Downstream/Result/bbbp/best_test_result_pt_smoe_top4_bbbp_fold_5.csv,
pt_smoe_top4,pt_smoe_top4,routed_control,learned,top4,sider,1,42,0.6113285146,complete_fold,MoleSG/Downstream/Result/sider/best_test_result_pt_smoe_top4_sider_fold_1.csv,
pt_smoe_top4,pt_smoe_top4,routed_control,learned,top4,sider,2,43,0.6421802805,complete_fold,MoleSG/Downstream/Result/sider/best_test_result_pt_smoe_top4_sider_fold_2.csv,
pt_smoe_top4,pt_smoe_top4,routed_control,learned,top4,sider,3,44,0.6469880967,complete_fold,MoleSG/Downstream/Result/sider/best_test_result_pt_smoe_top4_sider_fold_3.csv,
pt_smoe_top4,pt_smoe_top4,routed_control,learned,top4,sider,4,45,0.6256841873,complete_fold,MoleSG/Downstream/Result/sider/best_test_result_pt_smoe_top4_sider_fold_4.csv,
pt_smoe_top4,pt_smoe_top4,routed_control,learned,top4,sider,5,46,0.6287861153,complete_fold,MoleSG/Downstream/Result/sider/best_test_result_pt_smoe_top4_sider_fold_5.csv,
pt_smoe_top4,pt_smoe_top4,routed_control,learned,top4,clintox,1,42,0.8614699417,complete_fold,MoleSG/Downstream/Result/clintox/best_test_result_pt_smoe_top4_clintox_fold_1.csv,
pt_smoe_top4,pt_smoe_top4,routed_control,learned,top4,clintox,2,43,0.9116163253,complete_fold,MoleSG/Downstream/Result/clintox/best_test_result_pt_smoe_top4_clintox_fold_2.csv,
pt_smoe_top4,pt_smoe_top4,routed_control,learned,top4,clintox,3,44,0.8223622782,complete_fold,MoleSG/Downstream/Result/clintox/best_test_result_pt_smoe_top4_clintox_fold_3.csv,
pt_smoe_top4,pt_smoe_top4,routed_control,learned,top4,clintox,4,45,0.9354791354,complete_fold,MoleSG/Downstream/Result/clintox/best_test_result_pt_smoe_top4_clintox_fold_4.csv,
pt_smoe_top4,pt_smoe_top4,routed_control,learned,top4,clintox,5,46,0.8474284829,complete_fold,MoleSG/Downstream/Result/clintox/best_test_result_pt_smoe_top4_clintox_fold_5.csv,
pt_smoe_top4,pt_smoe_top4,routed_control,learned,top4,bace,1,42,0.8348039216,complete_fold,MoleSG/Downstream/Result/bace/best_test_result_pt_smoe_top4_bace_fold_1.csv,
pt_smoe_top4,pt_smoe_top4,routed_control,learned,top4,bace,2,43,0.8169230769,complete_fold,MoleSG/Downstream/Result/bace/best_test_result_pt_smoe_top4_bace_fold_2.csv,
pt_smoe_top4,pt_smoe_top4,routed_control,learned,top4,bace,3,44,0.9106227106,complete_fold,MoleSG/Downstream/Result/bace/best_test_result_pt_smoe_top4_bace_fold_3.csv,
pt_smoe_top4,pt_smoe_top4,routed_control,learned,top4,bace,4,45,0.8264102564,complete_fold,MoleSG/Downstream/Result/bace/best_test_result_pt_smoe_top4_bace_fold_4.csv,
pt_smoe_top4,pt_smoe_top4,routed_control,learned,top4,bace,5,46,0.9280621339,complete_fold,MoleSG/Downstream/Result/bace/best_test_result_pt_smoe_top4_bace_fold_5.csv,
pt_smoe_top4,pt_smoe_top4,routed_control,learned,top4,hiv,1,42,0.7781683616,complete_fold,MoleSG/Downstream/Result/hiv/best_test_result_pt_smoe_top4_hiv_fold_1.csv,
pt_smoe_top4,pt_smoe_top4,routed_control,learned,top4,hiv,2,43,0.8643888036,complete_fold,MoleSG/Downstream/Result/hiv/best_test_result_pt_smoe_top4_hiv_fold_2.csv,
pt_smoe_top4,pt_smoe_top4,routed_control,learned,top4,hiv,3,44,0.7956716517,complete_fold,MoleSG/Downstream/Result/hiv/best_test_result_pt_smoe_top4_hiv_fold_3.csv,
pt_smoe_top4,pt_smoe_top4,routed_control,learned,top4,hiv,4,45,0.8160939331,complete_fold,MoleSG/Downstream/Result/hiv/best_test_result_pt_smoe_top4_hiv_fold_4.csv,
pt_smoe_top4,pt_smoe_top4,routed_control,learned,top4,hiv,5,46,0.7848824395,complete_fold,MoleSG/Downstream/Result/hiv/best_test_result_pt_smoe_top4_hiv_fold_5.csv,
pt_smoe_top4,pt_smoe_top4,routed_control,learned,top4,muv,1,42,0.7246217558,complete_fold,MoleSG/Downstream/Result/muv/best_test_result_pt_smoe_top4_muv_fold_1.csv,
pt_smoe_top4,pt_smoe_top4,routed_control,learned,top4,muv,2,43,0.8135992864,complete_fold,MoleSG/Downstream/Result/muv/best_test_result_pt_smoe_top4_muv_fold_2.csv,
pt_smoe_top4,pt_smoe_top4,routed_control,learned,top4,muv,3,44,0.7817554989,complete_fold,MoleSG/Downstream/Result/muv/best_test_result_pt_smoe_top4_muv_fold_3.csv,
pt_smoe_top4,pt_smoe_top4,routed_control,learned,top4,muv,4,45,0.7887753411,complete_fold,MoleSG/Downstream/Result/muv/best_test_result_pt_smoe_top4_muv_fold_4.csv,
pt_smoe_top4,pt_smoe_top4,routed_control,learned,top4,muv,5,46,0.7189643072,complete_fold,MoleSG/Downstream/Result/muv/best_test_result_pt_smoe_top4_muv_fold_5.csv,
